ISO-10303-21;
HEADER;
/*Generated by software containing ST-Developer
 * from STEP Tools, Inc. (www.steptools.com) 
 */
/*OPTION: using custom renumber hook */
/*description */
/*implementation_level */
FILE_DESCRIPTION(('STEP AP242 Edition 2','STEP AP242 Edition 2''CAx-IF Rec.Pracs.---Representation and Presentation of Product Manufa
cturing Information (PMI)---4.0---2014-10-13','STEP AP242 Edition 2''CAx-IF Rec.Pracs.---Representation and Presentation of Product Manufa
cturing Information (PMI)---4.0---2014-10-13''CAx-IF Rec.Pracs.---3D Tessellated Geometry---0.4---2014-09-14','STEP AP242 Edition 2''CAx-IF Rec.Pracs.---Representation and Presentation of Product Manufa
cturing Information (PMI)---4.0---2014-10-13''CAx-IF Rec.Pracs.---3D Tessellated Geometry---0.4---2014-09-14''2;1','STEP AP242 Edition 2''CAx-IF Rec.Pracs.---Representation and Presentation of Product Manufa
cturing Information (PMI)---4.0---2014-10-13''CAx-IF Rec.Pracs.---3D Tessellated Geometry---0.4---2014-09-14''2;1''CAx-IF Rec.Pracs.---User Defined Attributes---1.5---2016-08-15'),'2;1');
/*name */
/*time_stamp */
/*author */
/*organization */
/*preprocessor_version */
/*originating_system */
/*authorisation */
FILE_NAME('/vol/tmp/translate-4304261438721361405/Gimble UI Bottom Plate - Part 1.step','2026-06-08T01:11:21',(''),(''),'ST-DEVELOPER v20','ONSHAPE BY PTC INC, 1.216','  ');
FILE_SCHEMA(('AP242_MANAGED_MODEL_BASED_3D_ENGINEERING_MIM_LF { 1 0 10303 442 3 1 4 }'));
ENDSEC;
DATA;
#10=SHAPE_REPRESENTATION_RELATIONSHIP('','',#1809,#11);
#11=ADVANCED_BREP_SHAPE_REPRESENTATION('',(#1807),#3019);
#12=TOROIDAL_SURFACE('',#1957,0.0117,0.001);
#13=TOROIDAL_SURFACE('',#1958,0.0127,0.001);
#14=TOROIDAL_SURFACE('',#1959,0.017775,0.001);
#15=TOROIDAL_SURFACE('',#1960,0.018775,0.001);
#16=TOROIDAL_SURFACE('',#1961,0.002,0.001);
#17=TOROIDAL_SURFACE('',#1968,0.002,0.001);
#18=TOROIDAL_SURFACE('',#1970,0.002,0.001);
#19=TOROIDAL_SURFACE('',#1976,0.002,0.001);
#20=CONICAL_SURFACE('',#1931,0.00125,0.785398163397446);
#21=CONICAL_SURFACE('',#1932,0.00125,0.785398163397446);
#22=CONICAL_SURFACE('',#1933,0.00225,0.785398163397448);
#23=CONICAL_SURFACE('',#1934,0.00225,0.785398163397448);
#24=CONICAL_SURFACE('',#1935,0.00225,0.785398163397449);
#25=CONICAL_SURFACE('',#1936,0.00225,0.785398163397449);
#26=CONICAL_SURFACE('',#1937,0.00125,0.785398163397449);
#27=CONICAL_SURFACE('',#1938,0.00125,0.785398163397449);
#28=CYLINDRICAL_SURFACE('',#1856,0.00125);
#29=CYLINDRICAL_SURFACE('',#1859,0.00125);
#30=CYLINDRICAL_SURFACE('',#1862,0.00125);
#31=CYLINDRICAL_SURFACE('',#1865,0.00125);
#32=CYLINDRICAL_SURFACE('',#1868,0.003);
#33=CYLINDRICAL_SURFACE('',#1870,0.003);
#34=CYLINDRICAL_SURFACE('',#1872,0.003);
#35=CYLINDRICAL_SURFACE('',#1874,0.003);
#36=CYLINDRICAL_SURFACE('',#1880,0.001525);
#37=CYLINDRICAL_SURFACE('',#1881,0.001525);
#38=CYLINDRICAL_SURFACE('',#1882,0.001525);
#39=CYLINDRICAL_SURFACE('',#1883,0.001525);
#40=CYLINDRICAL_SURFACE('',#1884,0.006);
#41=CYLINDRICAL_SURFACE('',#1943,0.0137);
#42=CYLINDRICAL_SURFACE('',#1945,0.0107);
#43=CYLINDRICAL_SURFACE('',#1950,0.016775);
#44=CYLINDRICAL_SURFACE('',#1952,0.019775);
#45=CYLINDRICAL_SURFACE('',#1964,0.001);
#46=CYLINDRICAL_SURFACE('',#1966,0.001);
#47=CYLINDRICAL_SURFACE('',#1972,0.001);
#48=CYLINDRICAL_SURFACE('',#1974,0.001);
#49=B_SPLINE_CURVE_WITH_KNOTS('',3,(#2494,#2495,#2496,#2497,#2498),.UNSPECIFIED.,.F.,.F.,(4,1,4),(0.,0.000795791775235574,0.00159158355047115),.UNSPECIFIED.);
#50=B_SPLINE_CURVE_WITH_KNOTS('',3,(#2502,#2503,#2504,#2505,#2506),.UNSPECIFIED.,.F.,.F.,(4,1,4),(0.,0.000791767538708729,0.00158353507741746),.UNSPECIFIED.);
#51=B_SPLINE_CURVE_WITH_KNOTS('',3,(#2514,#2515,#2516,#2517,#2518),.UNSPECIFIED.,.F.,.F.,(4,1,4),(0.,0.000787066566559395,0.00157413313311879),.UNSPECIFIED.);
#52=B_SPLINE_CURVE_WITH_KNOTS('',3,(#2522,#2523,#2524,#2525,#2526),.UNSPECIFIED.,.F.,.F.,(4,1,4),(0.,0.000785953320012841,0.00157190664002568),.UNSPECIFIED.);
#53=B_SPLINE_CURVE_WITH_KNOTS('',3,(#2567,#2568,#2569,#2570,#2571),.UNSPECIFIED.,.F.,.F.,(4,1,4),(0.,0.000795807279757338,0.00159161455951468),.UNSPECIFIED.);
#54=B_SPLINE_CURVE_WITH_KNOTS('',3,(#2598,#2599,#2600,#2601,#2602),.UNSPECIFIED.,.F.,.F.,(4,1,4),(0.,0.000785946659860966,0.00157189331972193),.UNSPECIFIED.);
#55=B_SPLINE_CURVE_WITH_KNOTS('',3,(#2606,#2607,#2608,#2609,#2610),.UNSPECIFIED.,.F.,.F.,(4,1,4),(0.,0.000787072945656909,0.00157414589131382),.UNSPECIFIED.);
#56=B_SPLINE_CURVE_WITH_KNOTS('',3,(#2618,#2619,#2620,#2621,#2622),.UNSPECIFIED.,.F.,.F.,(4,1,4),(0.,0.00079175660578312,0.00158351321156624),.UNSPECIFIED.);
#57=LINE('',#2491,#231);
#58=LINE('',#2500,#232);
#59=LINE('',#2508,#233);
#60=LINE('',#2510,#234);
#61=LINE('',#2512,#235);
#62=LINE('',#2520,#236);
#63=LINE('',#2528,#237);
#64=LINE('',#2530,#238);
#65=LINE('',#2534,#239);
#66=LINE('',#2538,#240);
#67=LINE('',#2540,#241);
#68=LINE('',#2542,#242);
#69=LINE('',#2544,#243);
#70=LINE('',#2546,#244);
#71=LINE('',#2548,#245);
#72=LINE('',#2550,#246);
#73=LINE('',#2552,#247);
#74=LINE('',#2554,#248);
#75=LINE('',#2557,#249);
#76=LINE('',#2559,#250);
#77=LINE('',#2562,#251);
#78=LINE('',#2564,#252);
#79=LINE('',#2573,#253);
#80=LINE('',#2575,#254);
#81=LINE('',#2577,#255);
#82=LINE('',#2579,#256);
#83=LINE('',#2581,#257);
#84=LINE('',#2583,#258);
#85=LINE('',#2585,#259);
#86=LINE('',#2587,#260);
#87=LINE('',#2589,#261);
#88=LINE('',#2593,#262);
#89=LINE('',#2596,#263);
#90=LINE('',#2604,#264);
#91=LINE('',#2612,#265);
#92=LINE('',#2614,#266);
#93=LINE('',#2616,#267);
#94=LINE('',#2628,#268);
#95=LINE('',#2631,#269);
#96=LINE('',#2633,#270);
#97=LINE('',#2635,#271);
#98=LINE('',#2637,#272);
#99=LINE('',#2639,#273);
#100=LINE('',#2641,#274);
#101=LINE('',#2643,#275);
#102=LINE('',#2645,#276);
#103=LINE('',#2647,#277);
#104=LINE('',#2648,#278);
#105=LINE('',#2651,#279);
#106=LINE('',#2653,#280);
#107=LINE('',#2655,#281);
#108=LINE('',#2657,#282);
#109=LINE('',#2659,#283);
#110=LINE('',#2661,#284);
#111=LINE('',#2663,#285);
#112=LINE('',#2664,#286);
#113=LINE('',#2667,#287);
#114=LINE('',#2669,#288);
#115=LINE('',#2671,#289);
#116=LINE('',#2673,#290);
#117=LINE('',#2675,#291);
#118=LINE('',#2677,#292);
#119=LINE('',#2679,#293);
#120=LINE('',#2681,#294);
#121=LINE('',#2684,#295);
#122=LINE('',#2686,#296);
#123=LINE('',#2688,#297);
#124=LINE('',#2690,#298);
#125=LINE('',#2693,#299);
#126=LINE('',#2695,#300);
#127=LINE('',#2697,#301);
#128=LINE('',#2699,#302);
#129=LINE('',#2704,#303);
#130=LINE('',#2708,#304);
#131=LINE('',#2712,#305);
#132=LINE('',#2727,#306);
#133=LINE('',#2729,#307);
#134=LINE('',#2731,#308);
#135=LINE('',#2733,#309);
#136=LINE('',#2735,#310);
#137=LINE('',#2737,#311);
#138=LINE('',#2739,#312);
#139=LINE('',#2741,#313);
#140=LINE('',#2743,#314);
#141=LINE('',#2746,#315);
#142=LINE('',#2748,#316);
#143=LINE('',#2750,#317);
#144=LINE('',#2751,#318);
#145=LINE('',#2753,#319);
#146=LINE('',#2754,#320);
#147=LINE('',#2756,#321);
#148=LINE('',#2759,#322);
#149=LINE('',#2761,#323);
#150=LINE('',#2763,#324);
#151=LINE('',#2765,#325);
#152=LINE('',#2768,#326);
#153=LINE('',#2770,#327);
#154=LINE('',#2772,#328);
#155=LINE('',#2778,#329);
#156=LINE('',#2781,#330);
#157=LINE('',#2783,#331);
#158=LINE('',#2785,#332);
#159=LINE('',#2787,#333);
#160=LINE('',#2790,#334);
#161=LINE('',#2792,#335);
#162=LINE('',#2794,#336);
#163=LINE('',#2796,#337);
#164=LINE('',#2799,#338);
#165=LINE('',#2801,#339);
#166=LINE('',#2803,#340);
#167=LINE('',#2809,#341);
#168=LINE('',#2812,#342);
#169=LINE('',#2814,#343);
#170=LINE('',#2816,#344);
#171=LINE('',#2848,#345);
#172=LINE('',#2850,#346);
#173=LINE('',#2861,#347);
#174=LINE('',#2864,#348);
#175=LINE('',#2866,#349);
#176=LINE('',#2868,#350);
#177=LINE('',#2874,#351);
#178=LINE('',#2877,#352);
#179=LINE('',#2879,#353);
#180=LINE('',#2881,#354);
#181=LINE('',#2883,#355);
#182=LINE('',#2884,#356);
#183=LINE('',#2886,#357);
#184=LINE('',#2887,#358);
#185=LINE('',#2889,#359);
#186=LINE('',#2890,#360);
#187=LINE('',#2892,#361);
#188=LINE('',#2894,#362);
#189=LINE('',#2896,#363);
#190=LINE('',#2897,#364);
#191=LINE('',#2899,#365);
#192=LINE('',#2901,#366);
#193=LINE('',#2903,#367);
#194=LINE('',#2904,#368);
#195=LINE('',#2906,#369);
#196=LINE('',#2908,#370);
#197=LINE('',#2910,#371);
#198=LINE('',#2912,#372);
#199=LINE('',#2914,#373);
#200=LINE('',#2916,#374);
#201=LINE('',#2918,#375);
#202=LINE('',#2920,#376);
#203=LINE('',#2922,#377);
#204=LINE('',#2924,#378);
#205=LINE('',#2927,#379);
#206=LINE('',#2928,#380);
#207=LINE('',#2930,#381);
#208=LINE('',#2931,#382);
#209=LINE('',#2933,#383);
#210=LINE('',#2934,#384);
#211=LINE('',#2936,#385);
#212=LINE('',#2938,#386);
#213=LINE('',#2940,#387);
#214=LINE('',#2941,#388);
#215=LINE('',#2943,#389);
#216=LINE('',#2945,#390);
#217=LINE('',#2947,#391);
#218=LINE('',#2948,#392);
#219=LINE('',#2950,#393);
#220=LINE('',#2952,#394);
#221=LINE('',#2954,#395);
#222=LINE('',#2956,#396);
#223=LINE('',#2958,#397);
#224=LINE('',#2960,#398);
#225=LINE('',#2962,#399);
#226=LINE('',#2964,#400);
#227=LINE('',#2966,#401);
#228=LINE('',#2968,#402);
#229=LINE('',#2979,#403);
#230=LINE('',#2981,#404);
#231=VECTOR('',#1985,1.);
#232=VECTOR('',#1986,1.);
#233=VECTOR('',#1987,1.);
#234=VECTOR('',#1988,1.);
#235=VECTOR('',#1989,1.);
#236=VECTOR('',#1990,1.);
#237=VECTOR('',#1991,1.);
#238=VECTOR('',#1992,1.);
#239=VECTOR('',#1995,1.);
#240=VECTOR('',#1998,1.);
#241=VECTOR('',#1999,1.);
#242=VECTOR('',#2000,1.);
#243=VECTOR('',#2001,1.);
#244=VECTOR('',#2002,1.);
#245=VECTOR('',#2003,1.);
#246=VECTOR('',#2004,1.);
#247=VECTOR('',#2005,1.);
#248=VECTOR('',#2008,1.);
#249=VECTOR('',#2009,1.);
#250=VECTOR('',#2010,1.);
#251=VECTOR('',#2013,1.);
#252=VECTOR('',#2016,1.);
#253=VECTOR('',#2017,1.);
#254=VECTOR('',#2018,1.);
#255=VECTOR('',#2019,1.);
#256=VECTOR('',#2020,1.);
#257=VECTOR('',#2021,1.);
#258=VECTOR('',#2022,1.);
#259=VECTOR('',#2023,1.);
#260=VECTOR('',#2024,1.);
#261=VECTOR('',#2025,1.);
#262=VECTOR('',#2028,1.);
#263=VECTOR('',#2031,1.);
#264=VECTOR('',#2032,1.);
#265=VECTOR('',#2033,1.);
#266=VECTOR('',#2034,1.);
#267=VECTOR('',#2035,1.);
#268=VECTOR('',#2042,1.);
#269=VECTOR('',#2043,1.);
#270=VECTOR('',#2044,1.);
#271=VECTOR('',#2045,1.);
#272=VECTOR('',#2046,1.);
#273=VECTOR('',#2047,1.);
#274=VECTOR('',#2048,1.);
#275=VECTOR('',#2049,1.);
#276=VECTOR('',#2050,1.);
#277=VECTOR('',#2051,1.);
#278=VECTOR('',#2052,1.);
#279=VECTOR('',#2053,1.);
#280=VECTOR('',#2054,1.);
#281=VECTOR('',#2055,1.);
#282=VECTOR('',#2056,1.);
#283=VECTOR('',#2057,1.);
#284=VECTOR('',#2058,1.);
#285=VECTOR('',#2059,1.);
#286=VECTOR('',#2060,1.);
#287=VECTOR('',#2061,1.);
#288=VECTOR('',#2062,1.);
#289=VECTOR('',#2063,1.);
#290=VECTOR('',#2064,1.);
#291=VECTOR('',#2065,1.);
#292=VECTOR('',#2066,1.);
#293=VECTOR('',#2067,1.);
#294=VECTOR('',#2070,1.);
#295=VECTOR('',#2071,1.);
#296=VECTOR('',#2072,1.);
#297=VECTOR('',#2073,1.);
#298=VECTOR('',#2076,1.);
#299=VECTOR('',#2077,1.);
#300=VECTOR('',#2078,1.);
#301=VECTOR('',#2079,1.);
#302=VECTOR('',#2082,1.);
#303=VECTOR('',#2085,1.);
#304=VECTOR('',#2088,1.);
#305=VECTOR('',#2091,1.);
#306=VECTOR('',#2110,1.);
#307=VECTOR('',#2111,1.);
#308=VECTOR('',#2112,1.);
#309=VECTOR('',#2115,1.);
#310=VECTOR('',#2116,1.);
#311=VECTOR('',#2117,1.);
#312=VECTOR('',#2120,1.);
#313=VECTOR('',#2121,1.);
#314=VECTOR('',#2122,1.);
#315=VECTOR('',#2127,1.);
#316=VECTOR('',#2130,1.);
#317=VECTOR('',#2133,1.);
#318=VECTOR('',#2134,1.);
#319=VECTOR('',#2137,1.);
#320=VECTOR('',#2138,1.);
#321=VECTOR('',#2141,1.);
#322=VECTOR('',#2142,1.);
#323=VECTOR('',#2143,1.);
#324=VECTOR('',#2144,1.);
#325=VECTOR('',#2147,1.);
#326=VECTOR('',#2148,1.);
#327=VECTOR('',#2149,1.);
#328=VECTOR('',#2150,1.);
#329=VECTOR('',#2157,1.);
#330=VECTOR('',#2158,1.);
#331=VECTOR('',#2159,1.);
#332=VECTOR('',#2160,1.);
#333=VECTOR('',#2163,1.);
#334=VECTOR('',#2164,1.);
#335=VECTOR('',#2165,1.);
#336=VECTOR('',#2166,1.);
#337=VECTOR('',#2169,1.);
#338=VECTOR('',#2170,1.);
#339=VECTOR('',#2171,1.);
#340=VECTOR('',#2172,1.);
#341=VECTOR('',#2179,1.);
#342=VECTOR('',#2180,1.);
#343=VECTOR('',#2181,1.);
#344=VECTOR('',#2182,1.);
#345=VECTOR('',#2229,1.);
#346=VECTOR('',#2232,1.);
#347=VECTOR('',#2249,1.);
#348=VECTOR('',#2250,1.);
#349=VECTOR('',#2251,1.);
#350=VECTOR('',#2252,1.);
#351=VECTOR('',#2259,1.);
#352=VECTOR('',#2260,1.);
#353=VECTOR('',#2261,1.);
#354=VECTOR('',#2262,1.);
#355=VECTOR('',#2265,1.);
#356=VECTOR('',#2266,1.);
#357=VECTOR('',#2269,1.);
#358=VECTOR('',#2270,1.);
#359=VECTOR('',#2273,1.);
#360=VECTOR('',#2274,1.);
#361=VECTOR('',#2277,1.);
#362=VECTOR('',#2280,1.);
#363=VECTOR('',#2283,1.);
#364=VECTOR('',#2284,1.);
#365=VECTOR('',#2287,1.);
#366=VECTOR('',#2290,1.);
#367=VECTOR('',#2293,1.);
#368=VECTOR('',#2294,1.);
#369=VECTOR('',#2297,1.);
#370=VECTOR('',#2300,1.);
#371=VECTOR('',#2303,1.);
#372=VECTOR('',#2306,1.);
#373=VECTOR('',#2309,1.);
#374=VECTOR('',#2312,1.);
#375=VECTOR('',#2315,1.);
#376=VECTOR('',#2318,1.);
#377=VECTOR('',#2321,1.);
#378=VECTOR('',#2324,1.);
#379=VECTOR('',#2329,1.);
#380=VECTOR('',#2330,1.);
#381=VECTOR('',#2333,1.);
#382=VECTOR('',#2334,1.);
#383=VECTOR('',#2337,1.);
#384=VECTOR('',#2338,1.);
#385=VECTOR('',#2341,1.);
#386=VECTOR('',#2344,1.);
#387=VECTOR('',#2347,1.);
#388=VECTOR('',#2348,1.);
#389=VECTOR('',#2351,1.);
#390=VECTOR('',#2354,1.);
#391=VECTOR('',#2357,1.);
#392=VECTOR('',#2358,1.);
#393=VECTOR('',#2361,1.);
#394=VECTOR('',#2364,1.);
#395=VECTOR('',#2367,1.);
#396=VECTOR('',#2370,1.);
#397=VECTOR('',#2373,1.);
#398=VECTOR('',#2376,1.);
#399=VECTOR('',#2379,1.);
#400=VECTOR('',#2382,1.);
#401=VECTOR('',#2385,1.);
#402=VECTOR('',#2388,1.);
#403=VECTOR('',#2409,1.);
#404=VECTOR('',#2412,1.);
#405=ORIENTED_EDGE('',*,*,#885,.F.);
#406=ORIENTED_EDGE('',*,*,#886,.T.);
#407=ORIENTED_EDGE('',*,*,#887,.F.);
#408=ORIENTED_EDGE('',*,*,#888,.T.);
#409=ORIENTED_EDGE('',*,*,#889,.F.);
#410=ORIENTED_EDGE('',*,*,#890,.T.);
#411=ORIENTED_EDGE('',*,*,#891,.T.);
#412=ORIENTED_EDGE('',*,*,#892,.F.);
#413=ORIENTED_EDGE('',*,*,#893,.F.);
#414=ORIENTED_EDGE('',*,*,#894,.T.);
#415=ORIENTED_EDGE('',*,*,#895,.F.);
#416=ORIENTED_EDGE('',*,*,#896,.T.);
#417=ORIENTED_EDGE('',*,*,#897,.T.);
#418=ORIENTED_EDGE('',*,*,#898,.F.);
#419=ORIENTED_EDGE('',*,*,#899,.T.);
#420=ORIENTED_EDGE('',*,*,#900,.T.);
#421=ORIENTED_EDGE('',*,*,#901,.T.);
#422=ORIENTED_EDGE('',*,*,#902,.T.);
#423=ORIENTED_EDGE('',*,*,#903,.F.);
#424=ORIENTED_EDGE('',*,*,#904,.F.);
#425=ORIENTED_EDGE('',*,*,#905,.T.);
#426=ORIENTED_EDGE('',*,*,#906,.F.);
#427=ORIENTED_EDGE('',*,*,#907,.T.);
#428=ORIENTED_EDGE('',*,*,#908,.F.);
#429=ORIENTED_EDGE('',*,*,#909,.T.);
#430=ORIENTED_EDGE('',*,*,#910,.T.);
#431=ORIENTED_EDGE('',*,*,#911,.T.);
#432=ORIENTED_EDGE('',*,*,#912,.T.);
#433=ORIENTED_EDGE('',*,*,#898,.T.);
#434=ORIENTED_EDGE('',*,*,#913,.F.);
#435=ORIENTED_EDGE('',*,*,#914,.T.);
#436=ORIENTED_EDGE('',*,*,#915,.F.);
#437=ORIENTED_EDGE('',*,*,#916,.T.);
#438=ORIENTED_EDGE('',*,*,#917,.T.);
#439=ORIENTED_EDGE('',*,*,#918,.T.);
#440=ORIENTED_EDGE('',*,*,#919,.T.);
#441=ORIENTED_EDGE('',*,*,#920,.T.);
#442=ORIENTED_EDGE('',*,*,#921,.T.);
#443=ORIENTED_EDGE('',*,*,#922,.T.);
#444=ORIENTED_EDGE('',*,*,#923,.F.);
#445=ORIENTED_EDGE('',*,*,#924,.T.);
#446=ORIENTED_EDGE('',*,*,#925,.T.);
#447=ORIENTED_EDGE('',*,*,#926,.T.);
#448=ORIENTED_EDGE('',*,*,#927,.F.);
#449=ORIENTED_EDGE('',*,*,#928,.T.);
#450=ORIENTED_EDGE('',*,*,#914,.F.);
#451=ORIENTED_EDGE('',*,*,#929,.F.);
#452=ORIENTED_EDGE('',*,*,#930,.T.);
#453=ORIENTED_EDGE('',*,*,#931,.F.);
#454=ORIENTED_EDGE('',*,*,#932,.T.);
#455=ORIENTED_EDGE('',*,*,#933,.T.);
#456=ORIENTED_EDGE('',*,*,#934,.F.);
#457=ORIENTED_EDGE('',*,*,#935,.F.);
#458=ORIENTED_EDGE('',*,*,#936,.T.);
#459=ORIENTED_EDGE('',*,*,#937,.T.);
#460=ORIENTED_EDGE('',*,*,#938,.F.);
#461=ORIENTED_EDGE('',*,*,#939,.T.);
#462=ORIENTED_EDGE('',*,*,#940,.T.);
#463=ORIENTED_EDGE('',*,*,#941,.T.);
#464=ORIENTED_EDGE('',*,*,#942,.F.);
#465=ORIENTED_EDGE('',*,*,#943,.T.);
#466=ORIENTED_EDGE('',*,*,#944,.F.);
#467=ORIENTED_EDGE('',*,*,#945,.F.);
#468=ORIENTED_EDGE('',*,*,#946,.T.);
#469=ORIENTED_EDGE('',*,*,#947,.T.);
#470=ORIENTED_EDGE('',*,*,#948,.T.);
#471=ORIENTED_EDGE('',*,*,#949,.T.);
#472=ORIENTED_EDGE('',*,*,#950,.F.);
#473=ORIENTED_EDGE('',*,*,#951,.T.);
#474=ORIENTED_EDGE('',*,*,#952,.F.);
#475=ORIENTED_EDGE('',*,*,#953,.T.);
#476=ORIENTED_EDGE('',*,*,#954,.F.);
#477=ORIENTED_EDGE('',*,*,#955,.T.);
#478=ORIENTED_EDGE('',*,*,#956,.F.);
#479=ORIENTED_EDGE('',*,*,#957,.T.);
#480=ORIENTED_EDGE('',*,*,#958,.F.);
#481=ORIENTED_EDGE('',*,*,#959,.T.);
#482=ORIENTED_EDGE('',*,*,#960,.F.);
#483=ORIENTED_EDGE('',*,*,#961,.T.);
#484=ORIENTED_EDGE('',*,*,#962,.F.);
#485=ORIENTED_EDGE('',*,*,#963,.T.);
#486=ORIENTED_EDGE('',*,*,#964,.F.);
#487=ORIENTED_EDGE('',*,*,#965,.T.);
#488=ORIENTED_EDGE('',*,*,#966,.T.);
#489=ORIENTED_EDGE('',*,*,#967,.T.);
#490=ORIENTED_EDGE('',*,*,#968,.T.);
#491=ORIENTED_EDGE('',*,*,#969,.T.);
#492=ORIENTED_EDGE('',*,*,#970,.T.);
#493=ORIENTED_EDGE('',*,*,#971,.T.);
#494=ORIENTED_EDGE('',*,*,#972,.T.);
#495=ORIENTED_EDGE('',*,*,#973,.T.);
#496=ORIENTED_EDGE('',*,*,#974,.T.);
#497=ORIENTED_EDGE('',*,*,#975,.T.);
#498=ORIENTED_EDGE('',*,*,#976,.T.);
#499=ORIENTED_EDGE('',*,*,#977,.T.);
#500=ORIENTED_EDGE('',*,*,#978,.T.);
#501=ORIENTED_EDGE('',*,*,#979,.T.);
#502=ORIENTED_EDGE('',*,*,#980,.T.);
#503=ORIENTED_EDGE('',*,*,#981,.T.);
#504=ORIENTED_EDGE('',*,*,#982,.F.);
#505=ORIENTED_EDGE('',*,*,#983,.F.);
#506=ORIENTED_EDGE('',*,*,#984,.T.);
#507=ORIENTED_EDGE('',*,*,#934,.T.);
#508=ORIENTED_EDGE('',*,*,#985,.T.);
#509=ORIENTED_EDGE('',*,*,#892,.T.);
#510=ORIENTED_EDGE('',*,*,#986,.F.);
#511=ORIENTED_EDGE('',*,*,#987,.T.);
#512=ORIENTED_EDGE('',*,*,#988,.T.);
#513=ORIENTED_EDGE('',*,*,#989,.T.);
#514=ORIENTED_EDGE('',*,*,#900,.F.);
#515=ORIENTED_EDGE('',*,*,#990,.T.);
#516=ORIENTED_EDGE('',*,*,#991,.T.);
#517=ORIENTED_EDGE('',*,*,#992,.T.);
#518=ORIENTED_EDGE('',*,*,#927,.T.);
#519=ORIENTED_EDGE('',*,*,#993,.T.);
#520=ORIENTED_EDGE('',*,*,#994,.T.);
#521=ORIENTED_EDGE('',*,*,#995,.T.);
#522=ORIENTED_EDGE('',*,*,#925,.F.);
#523=ORIENTED_EDGE('',*,*,#996,.F.);
#524=ORIENTED_EDGE('',*,*,#902,.F.);
#525=ORIENTED_EDGE('',*,*,#940,.F.);
#526=ORIENTED_EDGE('',*,*,#997,.T.);
#527=ORIENTED_EDGE('',*,*,#904,.T.);
#528=ORIENTED_EDGE('',*,*,#998,.T.);
#529=ORIENTED_EDGE('',*,*,#923,.T.);
#530=ORIENTED_EDGE('',*,*,#999,.T.);
#531=ORIENTED_EDGE('',*,*,#906,.T.);
#532=ORIENTED_EDGE('',*,*,#1000,.T.);
#533=ORIENTED_EDGE('',*,*,#948,.F.);
#534=ORIENTED_EDGE('',*,*,#1001,.T.);
#535=ORIENTED_EDGE('',*,*,#942,.T.);
#536=ORIENTED_EDGE('',*,*,#1002,.T.);
#537=ORIENTED_EDGE('',*,*,#921,.F.);
#538=ORIENTED_EDGE('',*,*,#1003,.T.);
#539=ORIENTED_EDGE('',*,*,#1004,.T.);
#540=ORIENTED_EDGE('',*,*,#1005,.T.);
#541=ORIENTED_EDGE('',*,*,#1006,.T.);
#542=ORIENTED_EDGE('',*,*,#1007,.T.);
#543=ORIENTED_EDGE('',*,*,#1008,.T.);
#544=ORIENTED_EDGE('',*,*,#1009,.T.);
#545=ORIENTED_EDGE('',*,*,#1010,.T.);
#546=ORIENTED_EDGE('',*,*,#1011,.T.);
#547=ORIENTED_EDGE('',*,*,#1012,.T.);
#548=ORIENTED_EDGE('',*,*,#1013,.T.);
#549=ORIENTED_EDGE('',*,*,#1014,.T.);
#550=ORIENTED_EDGE('',*,*,#1015,.T.);
#551=ORIENTED_EDGE('',*,*,#1016,.T.);
#552=ORIENTED_EDGE('',*,*,#1017,.T.);
#553=ORIENTED_EDGE('',*,*,#1018,.T.);
#554=ORIENTED_EDGE('',*,*,#1019,.T.);
#555=ORIENTED_EDGE('',*,*,#1020,.T.);
#556=ORIENTED_EDGE('',*,*,#1021,.T.);
#557=ORIENTED_EDGE('',*,*,#1022,.T.);
#558=ORIENTED_EDGE('',*,*,#1023,.T.);
#559=ORIENTED_EDGE('',*,*,#1024,.T.);
#560=ORIENTED_EDGE('',*,*,#1025,.T.);
#561=ORIENTED_EDGE('',*,*,#1026,.T.);
#562=ORIENTED_EDGE('',*,*,#1027,.T.);
#563=ORIENTED_EDGE('',*,*,#1028,.T.);
#564=ORIENTED_EDGE('',*,*,#1029,.T.);
#565=ORIENTED_EDGE('',*,*,#1030,.T.);
#566=ORIENTED_EDGE('',*,*,#1031,.T.);
#567=ORIENTED_EDGE('',*,*,#1032,.T.);
#568=ORIENTED_EDGE('',*,*,#1033,.T.);
#569=ORIENTED_EDGE('',*,*,#1034,.T.);
#570=ORIENTED_EDGE('',*,*,#1035,.T.);
#571=ORIENTED_EDGE('',*,*,#1036,.T.);
#572=ORIENTED_EDGE('',*,*,#1037,.T.);
#573=ORIENTED_EDGE('',*,*,#1038,.T.);
#574=ORIENTED_EDGE('',*,*,#1039,.T.);
#575=ORIENTED_EDGE('',*,*,#992,.F.);
#576=ORIENTED_EDGE('',*,*,#1040,.T.);
#577=ORIENTED_EDGE('',*,*,#910,.F.);
#578=ORIENTED_EDGE('',*,*,#928,.F.);
#579=ORIENTED_EDGE('',*,*,#995,.F.);
#580=ORIENTED_EDGE('',*,*,#1041,.T.);
#581=ORIENTED_EDGE('',*,*,#990,.F.);
#582=ORIENTED_EDGE('',*,*,#926,.F.);
#583=ORIENTED_EDGE('',*,*,#912,.F.);
#584=ORIENTED_EDGE('',*,*,#1042,.T.);
#585=ORIENTED_EDGE('',*,*,#987,.F.);
#586=ORIENTED_EDGE('',*,*,#899,.F.);
#587=ORIENTED_EDGE('',*,*,#989,.F.);
#588=ORIENTED_EDGE('',*,*,#1043,.T.);
#589=ORIENTED_EDGE('',*,*,#993,.F.);
#590=ORIENTED_EDGE('',*,*,#901,.F.);
#591=ORIENTED_EDGE('',*,*,#922,.F.);
#592=ORIENTED_EDGE('',*,*,#1002,.F.);
#593=ORIENTED_EDGE('',*,*,#941,.F.);
#594=ORIENTED_EDGE('',*,*,#999,.F.);
#595=ORIENTED_EDGE('',*,*,#905,.F.);
#596=ORIENTED_EDGE('',*,*,#997,.F.);
#597=ORIENTED_EDGE('',*,*,#939,.F.);
#598=ORIENTED_EDGE('',*,*,#1000,.F.);
#599=ORIENTED_EDGE('',*,*,#920,.F.);
#600=ORIENTED_EDGE('',*,*,#1044,.F.);
#601=ORIENTED_EDGE('',*,*,#943,.F.);
#602=ORIENTED_EDGE('',*,*,#1003,.F.);
#603=ORIENTED_EDGE('',*,*,#907,.F.);
#604=ORIENTED_EDGE('',*,*,#1001,.F.);
#605=ORIENTED_EDGE('',*,*,#947,.F.);
#606=ORIENTED_EDGE('',*,*,#1045,.F.);
#607=ORIENTED_EDGE('',*,*,#886,.F.);
#608=ORIENTED_EDGE('',*,*,#982,.T.);
#609=ORIENTED_EDGE('',*,*,#938,.T.);
#610=ORIENTED_EDGE('',*,*,#981,.F.);
#611=ORIENTED_EDGE('',*,*,#937,.F.);
#612=ORIENTED_EDGE('',*,*,#983,.T.);
#613=ORIENTED_EDGE('',*,*,#885,.T.);
#614=ORIENTED_EDGE('',*,*,#984,.F.);
#615=ORIENTED_EDGE('',*,*,#996,.T.);
#616=ORIENTED_EDGE('',*,*,#924,.F.);
#617=ORIENTED_EDGE('',*,*,#998,.F.);
#618=ORIENTED_EDGE('',*,*,#903,.T.);
#619=ORIENTED_EDGE('',*,*,#1046,.T.);
#620=ORIENTED_EDGE('',*,*,#1047,.T.);
#621=ORIENTED_EDGE('',*,*,#1048,.T.);
#622=ORIENTED_EDGE('',*,*,#1049,.T.);
#623=ORIENTED_EDGE('',*,*,#1050,.T.);
#624=ORIENTED_EDGE('',*,*,#1051,.T.);
#625=ORIENTED_EDGE('',*,*,#1052,.T.);
#626=ORIENTED_EDGE('',*,*,#1053,.T.);
#627=ORIENTED_EDGE('',*,*,#1054,.T.);
#628=ORIENTED_EDGE('',*,*,#1055,.T.);
#629=ORIENTED_EDGE('',*,*,#1056,.T.);
#630=ORIENTED_EDGE('',*,*,#1057,.T.);
#631=ORIENTED_EDGE('',*,*,#1058,.F.);
#632=ORIENTED_EDGE('',*,*,#969,.F.);
#633=ORIENTED_EDGE('',*,*,#1059,.F.);
#634=ORIENTED_EDGE('',*,*,#1020,.F.);
#635=ORIENTED_EDGE('',*,*,#1060,.F.);
#636=ORIENTED_EDGE('',*,*,#1058,.T.);
#637=ORIENTED_EDGE('',*,*,#1061,.F.);
#638=ORIENTED_EDGE('',*,*,#1062,.F.);
#639=ORIENTED_EDGE('',*,*,#1059,.T.);
#640=ORIENTED_EDGE('',*,*,#1063,.F.);
#641=ORIENTED_EDGE('',*,*,#1061,.T.);
#642=ORIENTED_EDGE('',*,*,#1019,.F.);
#643=ORIENTED_EDGE('',*,*,#1064,.F.);
#644=ORIENTED_EDGE('',*,*,#1054,.F.);
#645=ORIENTED_EDGE('',*,*,#1060,.T.);
#646=ORIENTED_EDGE('',*,*,#1057,.F.);
#647=ORIENTED_EDGE('',*,*,#1065,.F.);
#648=ORIENTED_EDGE('',*,*,#970,.F.);
#649=ORIENTED_EDGE('',*,*,#1066,.F.);
#650=ORIENTED_EDGE('',*,*,#971,.F.);
#651=ORIENTED_EDGE('',*,*,#1067,.F.);
#652=ORIENTED_EDGE('',*,*,#1022,.F.);
#653=ORIENTED_EDGE('',*,*,#1063,.T.);
#654=ORIENTED_EDGE('',*,*,#972,.F.);
#655=ORIENTED_EDGE('',*,*,#1068,.F.);
#656=ORIENTED_EDGE('',*,*,#1028,.F.);
#657=ORIENTED_EDGE('',*,*,#1062,.T.);
#658=ORIENTED_EDGE('',*,*,#1031,.F.);
#659=ORIENTED_EDGE('',*,*,#1069,.F.);
#660=ORIENTED_EDGE('',*,*,#1021,.F.);
#661=ORIENTED_EDGE('',*,*,#1070,.F.);
#662=ORIENTED_EDGE('',*,*,#959,.F.);
#663=ORIENTED_EDGE('',*,*,#1071,.F.);
#664=ORIENTED_EDGE('',*,*,#1018,.F.);
#665=ORIENTED_EDGE('',*,*,#958,.T.);
#666=ORIENTED_EDGE('',*,*,#1072,.F.);
#667=ORIENTED_EDGE('',*,*,#1064,.T.);
#668=ORIENTED_EDGE('',*,*,#1071,.T.);
#669=ORIENTED_EDGE('',*,*,#1067,.T.);
#670=ORIENTED_EDGE('',*,*,#1065,.T.);
#671=ORIENTED_EDGE('',*,*,#1073,.F.);
#672=ORIENTED_EDGE('',*,*,#1068,.T.);
#673=ORIENTED_EDGE('',*,*,#1066,.T.);
#674=ORIENTED_EDGE('',*,*,#1074,.F.);
#675=ORIENTED_EDGE('',*,*,#1070,.T.);
#676=ORIENTED_EDGE('',*,*,#1069,.T.);
#677=ORIENTED_EDGE('',*,*,#1075,.F.);
#678=ORIENTED_EDGE('',*,*,#960,.T.);
#679=ORIENTED_EDGE('',*,*,#1072,.T.);
#680=ORIENTED_EDGE('',*,*,#957,.F.);
#681=ORIENTED_EDGE('',*,*,#1076,.F.);
#682=ORIENTED_EDGE('',*,*,#1055,.F.);
#683=ORIENTED_EDGE('',*,*,#1073,.T.);
#684=ORIENTED_EDGE('',*,*,#1056,.F.);
#685=ORIENTED_EDGE('',*,*,#1077,.F.);
#686=ORIENTED_EDGE('',*,*,#1023,.F.);
#687=ORIENTED_EDGE('',*,*,#1074,.T.);
#688=ORIENTED_EDGE('',*,*,#1025,.F.);
#689=ORIENTED_EDGE('',*,*,#1078,.F.);
#690=ORIENTED_EDGE('',*,*,#1029,.F.);
#691=ORIENTED_EDGE('',*,*,#1075,.T.);
#692=ORIENTED_EDGE('',*,*,#1030,.F.);
#693=ORIENTED_EDGE('',*,*,#1079,.F.);
#694=ORIENTED_EDGE('',*,*,#961,.F.);
#695=ORIENTED_EDGE('',*,*,#1076,.T.);
#696=ORIENTED_EDGE('',*,*,#964,.T.);
#697=ORIENTED_EDGE('',*,*,#1080,.F.);
#698=ORIENTED_EDGE('',*,*,#1077,.T.);
#699=ORIENTED_EDGE('',*,*,#1079,.T.);
#700=ORIENTED_EDGE('',*,*,#1078,.T.);
#701=ORIENTED_EDGE('',*,*,#1081,.F.);
#702=ORIENTED_EDGE('',*,*,#962,.T.);
#703=ORIENTED_EDGE('',*,*,#1080,.T.);
#704=ORIENTED_EDGE('',*,*,#963,.F.);
#705=ORIENTED_EDGE('',*,*,#1081,.T.);
#706=ORIENTED_EDGE('',*,*,#1024,.F.);
#707=ORIENTED_EDGE('',*,*,#1082,.F.);
#708=ORIENTED_EDGE('',*,*,#965,.F.);
#709=ORIENTED_EDGE('',*,*,#1083,.F.);
#710=ORIENTED_EDGE('',*,*,#1006,.F.);
#711=ORIENTED_EDGE('',*,*,#1084,.F.);
#712=ORIENTED_EDGE('',*,*,#1082,.T.);
#713=ORIENTED_EDGE('',*,*,#1085,.F.);
#714=ORIENTED_EDGE('',*,*,#1086,.F.);
#715=ORIENTED_EDGE('',*,*,#1083,.T.);
#716=ORIENTED_EDGE('',*,*,#1087,.F.);
#717=ORIENTED_EDGE('',*,*,#1085,.T.);
#718=ORIENTED_EDGE('',*,*,#1005,.F.);
#719=ORIENTED_EDGE('',*,*,#1088,.F.);
#720=ORIENTED_EDGE('',*,*,#1048,.F.);
#721=ORIENTED_EDGE('',*,*,#1084,.T.);
#722=ORIENTED_EDGE('',*,*,#1051,.F.);
#723=ORIENTED_EDGE('',*,*,#1089,.F.);
#724=ORIENTED_EDGE('',*,*,#966,.F.);
#725=ORIENTED_EDGE('',*,*,#1090,.F.);
#726=ORIENTED_EDGE('',*,*,#967,.F.);
#727=ORIENTED_EDGE('',*,*,#1091,.F.);
#728=ORIENTED_EDGE('',*,*,#1008,.F.);
#729=ORIENTED_EDGE('',*,*,#1087,.T.);
#730=ORIENTED_EDGE('',*,*,#968,.F.);
#731=ORIENTED_EDGE('',*,*,#1092,.F.);
#732=ORIENTED_EDGE('',*,*,#1014,.F.);
#733=ORIENTED_EDGE('',*,*,#1086,.T.);
#734=ORIENTED_EDGE('',*,*,#1017,.F.);
#735=ORIENTED_EDGE('',*,*,#1093,.F.);
#736=ORIENTED_EDGE('',*,*,#1007,.F.);
#737=ORIENTED_EDGE('',*,*,#1094,.F.);
#738=ORIENTED_EDGE('',*,*,#951,.F.);
#739=ORIENTED_EDGE('',*,*,#1095,.F.);
#740=ORIENTED_EDGE('',*,*,#1004,.F.);
#741=ORIENTED_EDGE('',*,*,#950,.T.);
#742=ORIENTED_EDGE('',*,*,#1096,.F.);
#743=ORIENTED_EDGE('',*,*,#1088,.T.);
#744=ORIENTED_EDGE('',*,*,#1095,.T.);
#745=ORIENTED_EDGE('',*,*,#1091,.T.);
#746=ORIENTED_EDGE('',*,*,#1089,.T.);
#747=ORIENTED_EDGE('',*,*,#1097,.F.);
#748=ORIENTED_EDGE('',*,*,#1092,.T.);
#749=ORIENTED_EDGE('',*,*,#1090,.T.);
#750=ORIENTED_EDGE('',*,*,#1098,.F.);
#751=ORIENTED_EDGE('',*,*,#1094,.T.);
#752=ORIENTED_EDGE('',*,*,#1093,.T.);
#753=ORIENTED_EDGE('',*,*,#1099,.F.);
#754=ORIENTED_EDGE('',*,*,#952,.T.);
#755=ORIENTED_EDGE('',*,*,#1096,.T.);
#756=ORIENTED_EDGE('',*,*,#949,.F.);
#757=ORIENTED_EDGE('',*,*,#1100,.F.);
#758=ORIENTED_EDGE('',*,*,#1049,.F.);
#759=ORIENTED_EDGE('',*,*,#1097,.T.);
#760=ORIENTED_EDGE('',*,*,#1050,.F.);
#761=ORIENTED_EDGE('',*,*,#1101,.F.);
#762=ORIENTED_EDGE('',*,*,#1009,.F.);
#763=ORIENTED_EDGE('',*,*,#1098,.T.);
#764=ORIENTED_EDGE('',*,*,#1011,.F.);
#765=ORIENTED_EDGE('',*,*,#1102,.F.);
#766=ORIENTED_EDGE('',*,*,#1015,.F.);
#767=ORIENTED_EDGE('',*,*,#1099,.T.);
#768=ORIENTED_EDGE('',*,*,#1016,.F.);
#769=ORIENTED_EDGE('',*,*,#1103,.F.);
#770=ORIENTED_EDGE('',*,*,#953,.F.);
#771=ORIENTED_EDGE('',*,*,#1100,.T.);
#772=ORIENTED_EDGE('',*,*,#956,.T.);
#773=ORIENTED_EDGE('',*,*,#1104,.F.);
#774=ORIENTED_EDGE('',*,*,#1101,.T.);
#775=ORIENTED_EDGE('',*,*,#1103,.T.);
#776=ORIENTED_EDGE('',*,*,#1102,.T.);
#777=ORIENTED_EDGE('',*,*,#1105,.F.);
#778=ORIENTED_EDGE('',*,*,#954,.T.);
#779=ORIENTED_EDGE('',*,*,#1104,.T.);
#780=ORIENTED_EDGE('',*,*,#955,.F.);
#781=ORIENTED_EDGE('',*,*,#1105,.T.);
#782=ORIENTED_EDGE('',*,*,#1010,.F.);
#783=ORIENTED_EDGE('',*,*,#1052,.F.);
#784=ORIENTED_EDGE('',*,*,#1032,.F.);
#785=ORIENTED_EDGE('',*,*,#1053,.F.);
#786=ORIENTED_EDGE('',*,*,#1034,.F.);
#787=ORIENTED_EDGE('',*,*,#1038,.F.);
#788=ORIENTED_EDGE('',*,*,#1046,.F.);
#789=ORIENTED_EDGE('',*,*,#1036,.F.);
#790=ORIENTED_EDGE('',*,*,#1047,.F.);
#791=ORIENTED_EDGE('',*,*,#1033,.F.);
#792=ORIENTED_EDGE('',*,*,#1026,.F.);
#793=ORIENTED_EDGE('',*,*,#1035,.F.);
#794=ORIENTED_EDGE('',*,*,#1027,.F.);
#795=ORIENTED_EDGE('',*,*,#1012,.F.);
#796=ORIENTED_EDGE('',*,*,#1039,.F.);
#797=ORIENTED_EDGE('',*,*,#1013,.F.);
#798=ORIENTED_EDGE('',*,*,#1037,.F.);
#799=ORIENTED_EDGE('',*,*,#1044,.T.);
#800=ORIENTED_EDGE('',*,*,#919,.F.);
#801=ORIENTED_EDGE('',*,*,#1106,.F.);
#802=ORIENTED_EDGE('',*,*,#944,.T.);
#803=ORIENTED_EDGE('',*,*,#1045,.T.);
#804=ORIENTED_EDGE('',*,*,#946,.F.);
#805=ORIENTED_EDGE('',*,*,#1107,.F.);
#806=ORIENTED_EDGE('',*,*,#908,.T.);
#807=ORIENTED_EDGE('',*,*,#918,.F.);
#808=ORIENTED_EDGE('',*,*,#1108,.T.);
#809=ORIENTED_EDGE('',*,*,#909,.F.);
#810=ORIENTED_EDGE('',*,*,#1107,.T.);
#811=ORIENTED_EDGE('',*,*,#945,.T.);
#812=ORIENTED_EDGE('',*,*,#1106,.T.);
#813=ORIENTED_EDGE('',*,*,#891,.F.);
#814=ORIENTED_EDGE('',*,*,#1109,.T.);
#815=ORIENTED_EDGE('',*,*,#935,.T.);
#816=ORIENTED_EDGE('',*,*,#986,.T.);
#817=ORIENTED_EDGE('',*,*,#917,.F.);
#818=ORIENTED_EDGE('',*,*,#1110,.T.);
#819=ORIENTED_EDGE('',*,*,#887,.T.);
#820=ORIENTED_EDGE('',*,*,#1108,.F.);
#821=ORIENTED_EDGE('',*,*,#889,.T.);
#822=ORIENTED_EDGE('',*,*,#1111,.T.);
#823=ORIENTED_EDGE('',*,*,#915,.T.);
#824=ORIENTED_EDGE('',*,*,#1112,.T.);
#825=ORIENTED_EDGE('',*,*,#933,.F.);
#826=ORIENTED_EDGE('',*,*,#1113,.T.);
#827=ORIENTED_EDGE('',*,*,#893,.T.);
#828=ORIENTED_EDGE('',*,*,#985,.F.);
#829=ORIENTED_EDGE('',*,*,#897,.F.);
#830=ORIENTED_EDGE('',*,*,#1114,.T.);
#831=ORIENTED_EDGE('',*,*,#929,.T.);
#832=ORIENTED_EDGE('',*,*,#913,.T.);
#833=ORIENTED_EDGE('',*,*,#895,.T.);
#834=ORIENTED_EDGE('',*,*,#1115,.T.);
#835=ORIENTED_EDGE('',*,*,#931,.T.);
#836=ORIENTED_EDGE('',*,*,#1116,.T.);
#837=ORIENTED_EDGE('',*,*,#916,.F.);
#838=ORIENTED_EDGE('',*,*,#1111,.F.);
#839=ORIENTED_EDGE('',*,*,#888,.F.);
#840=ORIENTED_EDGE('',*,*,#1110,.F.);
#841=ORIENTED_EDGE('',*,*,#936,.F.);
#842=ORIENTED_EDGE('',*,*,#1109,.F.);
#843=ORIENTED_EDGE('',*,*,#890,.F.);
#844=ORIENTED_EDGE('',*,*,#1112,.F.);
#845=ORIENTED_EDGE('',*,*,#932,.F.);
#846=ORIENTED_EDGE('',*,*,#1115,.F.);
#847=ORIENTED_EDGE('',*,*,#894,.F.);
#848=ORIENTED_EDGE('',*,*,#1113,.F.);
#849=ORIENTED_EDGE('',*,*,#930,.F.);
#850=ORIENTED_EDGE('',*,*,#1114,.F.);
#851=ORIENTED_EDGE('',*,*,#896,.F.);
#852=ORIENTED_EDGE('',*,*,#1116,.F.);
#853=ORIENTED_EDGE('',*,*,#1117,.F.);
#854=ORIENTED_EDGE('',*,*,#1040,.F.);
#855=ORIENTED_EDGE('',*,*,#1118,.F.);
#856=ORIENTED_EDGE('',*,*,#978,.F.);
#857=ORIENTED_EDGE('',*,*,#1118,.T.);
#858=ORIENTED_EDGE('',*,*,#991,.F.);
#859=ORIENTED_EDGE('',*,*,#1119,.F.);
#860=ORIENTED_EDGE('',*,*,#979,.F.);
#861=ORIENTED_EDGE('',*,*,#1117,.T.);
#862=ORIENTED_EDGE('',*,*,#977,.F.);
#863=ORIENTED_EDGE('',*,*,#1120,.F.);
#864=ORIENTED_EDGE('',*,*,#911,.F.);
#865=ORIENTED_EDGE('',*,*,#1119,.T.);
#866=ORIENTED_EDGE('',*,*,#1041,.F.);
#867=ORIENTED_EDGE('',*,*,#1121,.F.);
#868=ORIENTED_EDGE('',*,*,#980,.F.);
#869=ORIENTED_EDGE('',*,*,#1120,.T.);
#870=ORIENTED_EDGE('',*,*,#976,.F.);
#871=ORIENTED_EDGE('',*,*,#1122,.F.);
#872=ORIENTED_EDGE('',*,*,#1042,.F.);
#873=ORIENTED_EDGE('',*,*,#1121,.T.);
#874=ORIENTED_EDGE('',*,*,#994,.F.);
#875=ORIENTED_EDGE('',*,*,#1123,.F.);
#876=ORIENTED_EDGE('',*,*,#973,.F.);
#877=ORIENTED_EDGE('',*,*,#1122,.T.);
#878=ORIENTED_EDGE('',*,*,#975,.F.);
#879=ORIENTED_EDGE('',*,*,#1124,.F.);
#880=ORIENTED_EDGE('',*,*,#988,.F.);
#881=ORIENTED_EDGE('',*,*,#1123,.T.);
#882=ORIENTED_EDGE('',*,*,#1043,.F.);
#883=ORIENTED_EDGE('',*,*,#1124,.T.);
#884=ORIENTED_EDGE('',*,*,#974,.F.);
#885=EDGE_CURVE('',#1125,#1125,#1277,.T.);
#886=EDGE_CURVE('',#1126,#1126,#1278,.T.);
#887=EDGE_CURVE('',#1127,#1128,#57,.T.);
#888=EDGE_CURVE('',#1127,#1129,#49,.T.);
#889=EDGE_CURVE('',#1130,#1129,#58,.T.);
#890=EDGE_CURVE('',#1130,#1131,#50,.T.);
#891=EDGE_CURVE('',#1131,#1132,#59,.T.);
#892=EDGE_CURVE('',#1133,#1132,#60,.T.);
#893=EDGE_CURVE('',#1134,#1133,#61,.T.);
#894=EDGE_CURVE('',#1134,#1135,#51,.T.);
#895=EDGE_CURVE('',#1136,#1135,#62,.T.);
#896=EDGE_CURVE('',#1136,#1137,#52,.T.);
#897=EDGE_CURVE('',#1137,#1138,#63,.T.);
#898=EDGE_CURVE('',#1139,#1138,#64,.T.);
#899=EDGE_CURVE('',#1139,#1140,#1279,.T.);
#900=EDGE_CURVE('',#1140,#1141,#65,.T.);
#901=EDGE_CURVE('',#1141,#1142,#1280,.T.);
#902=EDGE_CURVE('',#1142,#1143,#66,.T.);
#903=EDGE_CURVE('',#1144,#1143,#67,.T.);
#904=EDGE_CURVE('',#1145,#1144,#68,.T.);
#905=EDGE_CURVE('',#1145,#1146,#69,.F.);
#906=EDGE_CURVE('',#1147,#1146,#70,.T.);
#907=EDGE_CURVE('',#1147,#1148,#71,.T.);
#908=EDGE_CURVE('',#1149,#1148,#72,.T.);
#909=EDGE_CURVE('',#1149,#1128,#73,.T.);
#910=EDGE_CURVE('',#1150,#1151,#74,.T.);
#911=EDGE_CURVE('',#1151,#1152,#75,.F.);
#912=EDGE_CURVE('',#1152,#1139,#76,.F.);
#913=EDGE_CURVE('',#1153,#1138,#1281,.T.);
#914=EDGE_CURVE('',#1153,#1150,#77,.T.);
#915=EDGE_CURVE('',#1154,#1155,#78,.T.);
#916=EDGE_CURVE('',#1154,#1156,#53,.T.);
#917=EDGE_CURVE('',#1156,#1157,#79,.T.);
#918=EDGE_CURVE('',#1157,#1158,#80,.T.);
#919=EDGE_CURVE('',#1158,#1159,#81,.T.);
#920=EDGE_CURVE('',#1159,#1160,#82,.F.);
#921=EDGE_CURVE('',#1160,#1161,#83,.T.);
#922=EDGE_CURVE('',#1161,#1162,#84,.T.);
#923=EDGE_CURVE('',#1163,#1162,#85,.T.);
#924=EDGE_CURVE('',#1163,#1164,#86,.T.);
#925=EDGE_CURVE('',#1164,#1165,#87,.T.);
#926=EDGE_CURVE('',#1165,#1166,#1282,.T.);
#927=EDGE_CURVE('',#1167,#1166,#88,.T.);
#928=EDGE_CURVE('',#1167,#1150,#1283,.T.);
#929=EDGE_CURVE('',#1168,#1153,#89,.T.);
#930=EDGE_CURVE('',#1168,#1169,#54,.T.);
#931=EDGE_CURVE('',#1170,#1169,#90,.T.);
#932=EDGE_CURVE('',#1170,#1171,#55,.T.);
#933=EDGE_CURVE('',#1171,#1172,#91,.T.);
#934=EDGE_CURVE('',#1173,#1172,#92,.T.);
#935=EDGE_CURVE('',#1174,#1173,#93,.T.);
#936=EDGE_CURVE('',#1174,#1155,#56,.T.);
#937=EDGE_CURVE('',#1175,#1175,#1284,.T.);
#938=EDGE_CURVE('',#1176,#1176,#1285,.T.);
#939=EDGE_CURVE('',#1177,#1178,#94,.F.);
#940=EDGE_CURVE('',#1178,#1179,#95,.T.);
#941=EDGE_CURVE('',#1179,#1180,#96,.T.);
#942=EDGE_CURVE('',#1181,#1180,#97,.T.);
#943=EDGE_CURVE('',#1181,#1182,#98,.F.);
#944=EDGE_CURVE('',#1183,#1182,#99,.T.);
#945=EDGE_CURVE('',#1184,#1183,#100,.T.);
#946=EDGE_CURVE('',#1184,#1185,#101,.T.);
#947=EDGE_CURVE('',#1185,#1186,#102,.T.);
#948=EDGE_CURVE('',#1186,#1177,#103,.T.);
#949=EDGE_CURVE('',#1187,#1188,#104,.T.);
#950=EDGE_CURVE('',#1189,#1188,#105,.T.);
#951=EDGE_CURVE('',#1189,#1190,#106,.T.);
#952=EDGE_CURVE('',#1191,#1190,#107,.T.);
#953=EDGE_CURVE('',#1191,#1192,#108,.T.);
#954=EDGE_CURVE('',#1193,#1192,#109,.T.);
#955=EDGE_CURVE('',#1193,#1194,#110,.T.);
#956=EDGE_CURVE('',#1187,#1194,#111,.T.);
#957=EDGE_CURVE('',#1195,#1196,#112,.T.);
#958=EDGE_CURVE('',#1197,#1196,#113,.T.);
#959=EDGE_CURVE('',#1197,#1198,#114,.T.);
#960=EDGE_CURVE('',#1199,#1198,#115,.T.);
#961=EDGE_CURVE('',#1199,#1200,#116,.T.);
#962=EDGE_CURVE('',#1201,#1200,#117,.T.);
#963=EDGE_CURVE('',#1201,#1202,#118,.T.);
#964=EDGE_CURVE('',#1195,#1202,#119,.T.);
#965=EDGE_CURVE('',#1203,#1204,#120,.T.);
#966=EDGE_CURVE('',#1204,#1205,#121,.T.);
#967=EDGE_CURVE('',#1205,#1206,#122,.T.);
#968=EDGE_CURVE('',#1206,#1203,#123,.T.);
#969=EDGE_CURVE('',#1207,#1208,#124,.T.);
#970=EDGE_CURVE('',#1208,#1209,#125,.T.);
#971=EDGE_CURVE('',#1209,#1210,#126,.T.);
#972=EDGE_CURVE('',#1210,#1207,#127,.T.);
#973=EDGE_CURVE('',#1211,#1212,#128,.F.);
#974=EDGE_CURVE('',#1212,#1213,#1286,.F.);
#975=EDGE_CURVE('',#1213,#1214,#129,.F.);
#976=EDGE_CURVE('',#1214,#1215,#1287,.F.);
#977=EDGE_CURVE('',#1215,#1216,#130,.T.);
#978=EDGE_CURVE('',#1216,#1217,#1288,.F.);
#979=EDGE_CURVE('',#1217,#1218,#131,.T.);
#980=EDGE_CURVE('',#1218,#1211,#1289,.F.);
#981=EDGE_CURVE('',#1219,#1219,#1290,.T.);
#982=EDGE_CURVE('',#1220,#1220,#1291,.F.);
#983=EDGE_CURVE('',#1221,#1221,#1292,.F.);
#984=EDGE_CURVE('',#1222,#1222,#1293,.T.);
#985=EDGE_CURVE('',#1172,#1133,#1294,.T.);
#986=EDGE_CURVE('',#1173,#1132,#1295,.T.);
#987=EDGE_CURVE('',#1140,#1223,#132,.T.);
#988=EDGE_CURVE('',#1223,#1224,#133,.T.);
#989=EDGE_CURVE('',#1224,#1141,#134,.F.);
#990=EDGE_CURVE('',#1166,#1225,#135,.T.);
#991=EDGE_CURVE('',#1225,#1226,#136,.F.);
#992=EDGE_CURVE('',#1226,#1167,#137,.F.);
#993=EDGE_CURVE('',#1142,#1227,#138,.T.);
#994=EDGE_CURVE('',#1227,#1228,#139,.T.);
#995=EDGE_CURVE('',#1228,#1165,#140,.F.);
#996=EDGE_CURVE('',#1143,#1164,#1296,.T.);
#997=EDGE_CURVE('',#1178,#1145,#141,.T.);
#998=EDGE_CURVE('',#1144,#1163,#1297,.T.);
#999=EDGE_CURVE('',#1162,#1179,#142,.T.);
#1000=EDGE_CURVE('',#1146,#1177,#143,.T.);
#1001=EDGE_CURVE('',#1186,#1147,#144,.T.);
#1002=EDGE_CURVE('',#1180,#1161,#145,.T.);
#1003=EDGE_CURVE('',#1160,#1181,#146,.T.);
#1004=EDGE_CURVE('',#1229,#1230,#147,.T.);
#1005=EDGE_CURVE('',#1230,#1231,#148,.T.);
#1006=EDGE_CURVE('',#1231,#1232,#149,.T.);
#1007=EDGE_CURVE('',#1232,#1229,#150,.T.);
#1008=EDGE_CURVE('',#1233,#1234,#151,.T.);
#1009=EDGE_CURVE('',#1234,#1235,#152,.T.);
#1010=EDGE_CURVE('',#1235,#1236,#153,.T.);
#1011=EDGE_CURVE('',#1236,#1233,#154,.T.);
#1012=EDGE_CURVE('',#1237,#1237,#1298,.F.);
#1013=EDGE_CURVE('',#1238,#1238,#1299,.F.);
#1014=EDGE_CURVE('',#1239,#1240,#155,.T.);
#1015=EDGE_CURVE('',#1240,#1241,#156,.T.);
#1016=EDGE_CURVE('',#1241,#1242,#157,.T.);
#1017=EDGE_CURVE('',#1242,#1239,#158,.T.);
#1018=EDGE_CURVE('',#1243,#1244,#159,.T.);
#1019=EDGE_CURVE('',#1244,#1245,#160,.T.);
#1020=EDGE_CURVE('',#1245,#1246,#161,.T.);
#1021=EDGE_CURVE('',#1246,#1243,#162,.T.);
#1022=EDGE_CURVE('',#1247,#1248,#163,.T.);
#1023=EDGE_CURVE('',#1248,#1249,#164,.T.);
#1024=EDGE_CURVE('',#1249,#1250,#165,.T.);
#1025=EDGE_CURVE('',#1250,#1247,#166,.T.);
#1026=EDGE_CURVE('',#1251,#1251,#1300,.F.);
#1027=EDGE_CURVE('',#1252,#1252,#1301,.F.);
#1028=EDGE_CURVE('',#1253,#1254,#167,.T.);
#1029=EDGE_CURVE('',#1254,#1255,#168,.T.);
#1030=EDGE_CURVE('',#1255,#1256,#169,.T.);
#1031=EDGE_CURVE('',#1256,#1253,#170,.T.);
#1032=EDGE_CURVE('',#1257,#1257,#1302,.F.);
#1033=EDGE_CURVE('',#1258,#1258,#1303,.T.);
#1034=EDGE_CURVE('',#1259,#1259,#1304,.F.);
#1035=EDGE_CURVE('',#1260,#1260,#1305,.T.);
#1036=EDGE_CURVE('',#1261,#1261,#1306,.F.);
#1037=EDGE_CURVE('',#1262,#1262,#1307,.T.);
#1038=EDGE_CURVE('',#1263,#1263,#1308,.F.);
#1039=EDGE_CURVE('',#1264,#1264,#1309,.T.);
#1040=EDGE_CURVE('',#1226,#1151,#1310,.T.);
#1041=EDGE_CURVE('',#1228,#1225,#1311,.T.);
#1042=EDGE_CURVE('',#1152,#1223,#1312,.T.);
#1043=EDGE_CURVE('',#1224,#1227,#1313,.T.);
#1044=EDGE_CURVE('',#1182,#1159,#171,.T.);
#1045=EDGE_CURVE('',#1148,#1185,#172,.T.);
#1046=EDGE_CURVE('',#1265,#1265,#1314,.T.);
#1047=EDGE_CURVE('',#1266,#1266,#1315,.T.);
#1048=EDGE_CURVE('',#1267,#1268,#173,.T.);
#1049=EDGE_CURVE('',#1268,#1269,#174,.T.);
#1050=EDGE_CURVE('',#1269,#1270,#175,.T.);
#1051=EDGE_CURVE('',#1270,#1267,#176,.T.);
#1052=EDGE_CURVE('',#1271,#1271,#1316,.T.);
#1053=EDGE_CURVE('',#1272,#1272,#1317,.T.);
#1054=EDGE_CURVE('',#1273,#1274,#177,.T.);
#1055=EDGE_CURVE('',#1274,#1275,#178,.T.);
#1056=EDGE_CURVE('',#1275,#1276,#179,.T.);
#1057=EDGE_CURVE('',#1276,#1273,#180,.T.);
#1058=EDGE_CURVE('',#1208,#1245,#181,.F.);
#1059=EDGE_CURVE('',#1246,#1207,#182,.F.);
#1060=EDGE_CURVE('',#1208,#1273,#183,.F.);
#1061=EDGE_CURVE('',#1273,#1245,#184,.F.);
#1062=EDGE_CURVE('',#1246,#1253,#185,.T.);
#1063=EDGE_CURVE('',#1253,#1207,#186,.T.);
#1064=EDGE_CURVE('',#1274,#1244,#187,.T.);
#1065=EDGE_CURVE('',#1209,#1276,#188,.T.);
#1066=EDGE_CURVE('',#1210,#1247,#189,.T.);
#1067=EDGE_CURVE('',#1248,#1209,#190,.T.);
#1068=EDGE_CURVE('',#1254,#1210,#191,.F.);
#1069=EDGE_CURVE('',#1243,#1256,#192,.F.);
#1070=EDGE_CURVE('',#1198,#1243,#193,.T.);
#1071=EDGE_CURVE('',#1244,#1197,#194,.T.);
#1072=EDGE_CURVE('',#1274,#1196,#195,.F.);
#1073=EDGE_CURVE('',#1248,#1276,#196,.T.);
#1074=EDGE_CURVE('',#1254,#1247,#197,.F.);
#1075=EDGE_CURVE('',#1199,#1256,#198,.F.);
#1076=EDGE_CURVE('',#1275,#1195,#199,.T.);
#1077=EDGE_CURVE('',#1249,#1275,#200,.F.);
#1078=EDGE_CURVE('',#1255,#1250,#201,.T.);
#1079=EDGE_CURVE('',#1200,#1255,#202,.T.);
#1080=EDGE_CURVE('',#1249,#1202,#203,.F.);
#1081=EDGE_CURVE('',#1201,#1250,#204,.F.);
#1082=EDGE_CURVE('',#1204,#1231,#205,.F.);
#1083=EDGE_CURVE('',#1232,#1203,#206,.F.);
#1084=EDGE_CURVE('',#1204,#1267,#207,.F.);
#1085=EDGE_CURVE('',#1267,#1231,#208,.F.);
#1086=EDGE_CURVE('',#1232,#1239,#209,.T.);
#1087=EDGE_CURVE('',#1239,#1203,#210,.T.);
#1088=EDGE_CURVE('',#1268,#1230,#211,.T.);
#1089=EDGE_CURVE('',#1205,#1270,#212,.T.);
#1090=EDGE_CURVE('',#1206,#1233,#213,.T.);
#1091=EDGE_CURVE('',#1234,#1205,#214,.T.);
#1092=EDGE_CURVE('',#1240,#1206,#215,.F.);
#1093=EDGE_CURVE('',#1229,#1242,#216,.F.);
#1094=EDGE_CURVE('',#1190,#1229,#217,.T.);
#1095=EDGE_CURVE('',#1230,#1189,#218,.T.);
#1096=EDGE_CURVE('',#1268,#1188,#219,.F.);
#1097=EDGE_CURVE('',#1234,#1270,#220,.T.);
#1098=EDGE_CURVE('',#1240,#1233,#221,.F.);
#1099=EDGE_CURVE('',#1191,#1242,#222,.F.);
#1100=EDGE_CURVE('',#1269,#1187,#223,.T.);
#1101=EDGE_CURVE('',#1235,#1269,#224,.F.);
#1102=EDGE_CURVE('',#1241,#1236,#225,.T.);
#1103=EDGE_CURVE('',#1192,#1241,#226,.T.);
#1104=EDGE_CURVE('',#1235,#1194,#227,.F.);
#1105=EDGE_CURVE('',#1193,#1236,#228,.F.);
#1106=EDGE_CURVE('',#1183,#1158,#229,.T.);
#1107=EDGE_CURVE('',#1149,#1184,#230,.T.);
#1108=EDGE_CURVE('',#1157,#1128,#1318,.T.);
#1109=EDGE_CURVE('',#1131,#1174,#1319,.F.);
#1110=EDGE_CURVE('',#1156,#1127,#1320,.T.);
#1111=EDGE_CURVE('',#1129,#1154,#1321,.F.);
#1112=EDGE_CURVE('',#1155,#1130,#1322,.T.);
#1113=EDGE_CURVE('',#1171,#1134,#1323,.T.);
#1114=EDGE_CURVE('',#1137,#1168,#1324,.F.);
#1115=EDGE_CURVE('',#1135,#1170,#1325,.F.);
#1116=EDGE_CURVE('',#1169,#1136,#1326,.T.);
#1117=EDGE_CURVE('',#1151,#1216,#1327,.T.);
#1118=EDGE_CURVE('',#1217,#1226,#1328,.T.);
#1119=EDGE_CURVE('',#1218,#1225,#1329,.T.);
#1120=EDGE_CURVE('',#1152,#1215,#1330,.T.);
#1121=EDGE_CURVE('',#1211,#1228,#1331,.T.);
#1122=EDGE_CURVE('',#1223,#1214,#1332,.T.);
#1123=EDGE_CURVE('',#1212,#1227,#1333,.T.);
#1124=EDGE_CURVE('',#1224,#1213,#1334,.T.);
#1125=VERTEX_POINT('',#2488);
#1126=VERTEX_POINT('',#2490);
#1127=VERTEX_POINT('',#2492);
#1128=VERTEX_POINT('',#2493);
#1129=VERTEX_POINT('',#2499);
#1130=VERTEX_POINT('',#2501);
#1131=VERTEX_POINT('',#2507);
#1132=VERTEX_POINT('',#2509);
#1133=VERTEX_POINT('',#2511);
#1134=VERTEX_POINT('',#2513);
#1135=VERTEX_POINT('',#2519);
#1136=VERTEX_POINT('',#2521);
#1137=VERTEX_POINT('',#2527);
#1138=VERTEX_POINT('',#2529);
#1139=VERTEX_POINT('',#2531);
#1140=VERTEX_POINT('',#2533);
#1141=VERTEX_POINT('',#2535);
#1142=VERTEX_POINT('',#2537);
#1143=VERTEX_POINT('',#2539);
#1144=VERTEX_POINT('',#2541);
#1145=VERTEX_POINT('',#2543);
#1146=VERTEX_POINT('',#2545);
#1147=VERTEX_POINT('',#2547);
#1148=VERTEX_POINT('',#2549);
#1149=VERTEX_POINT('',#2551);
#1150=VERTEX_POINT('',#2555);
#1151=VERTEX_POINT('',#2556);
#1152=VERTEX_POINT('',#2558);
#1153=VERTEX_POINT('',#2561);
#1154=VERTEX_POINT('',#2565);
#1155=VERTEX_POINT('',#2566);
#1156=VERTEX_POINT('',#2572);
#1157=VERTEX_POINT('',#2574);
#1158=VERTEX_POINT('',#2576);
#1159=VERTEX_POINT('',#2578);
#1160=VERTEX_POINT('',#2580);
#1161=VERTEX_POINT('',#2582);
#1162=VERTEX_POINT('',#2584);
#1163=VERTEX_POINT('',#2586);
#1164=VERTEX_POINT('',#2588);
#1165=VERTEX_POINT('',#2590);
#1166=VERTEX_POINT('',#2592);
#1167=VERTEX_POINT('',#2594);
#1168=VERTEX_POINT('',#2597);
#1169=VERTEX_POINT('',#2603);
#1170=VERTEX_POINT('',#2605);
#1171=VERTEX_POINT('',#2611);
#1172=VERTEX_POINT('',#2613);
#1173=VERTEX_POINT('',#2615);
#1174=VERTEX_POINT('',#2617);
#1175=VERTEX_POINT('',#2624);
#1176=VERTEX_POINT('',#2626);
#1177=VERTEX_POINT('',#2629);
#1178=VERTEX_POINT('',#2630);
#1179=VERTEX_POINT('',#2632);
#1180=VERTEX_POINT('',#2634);
#1181=VERTEX_POINT('',#2636);
#1182=VERTEX_POINT('',#2638);
#1183=VERTEX_POINT('',#2640);
#1184=VERTEX_POINT('',#2642);
#1185=VERTEX_POINT('',#2644);
#1186=VERTEX_POINT('',#2646);
#1187=VERTEX_POINT('',#2649);
#1188=VERTEX_POINT('',#2650);
#1189=VERTEX_POINT('',#2652);
#1190=VERTEX_POINT('',#2654);
#1191=VERTEX_POINT('',#2656);
#1192=VERTEX_POINT('',#2658);
#1193=VERTEX_POINT('',#2660);
#1194=VERTEX_POINT('',#2662);
#1195=VERTEX_POINT('',#2665);
#1196=VERTEX_POINT('',#2666);
#1197=VERTEX_POINT('',#2668);
#1198=VERTEX_POINT('',#2670);
#1199=VERTEX_POINT('',#2672);
#1200=VERTEX_POINT('',#2674);
#1201=VERTEX_POINT('',#2676);
#1202=VERTEX_POINT('',#2678);
#1203=VERTEX_POINT('',#2682);
#1204=VERTEX_POINT('',#2683);
#1205=VERTEX_POINT('',#2685);
#1206=VERTEX_POINT('',#2687);
#1207=VERTEX_POINT('',#2691);
#1208=VERTEX_POINT('',#2692);
#1209=VERTEX_POINT('',#2694);
#1210=VERTEX_POINT('',#2696);
#1211=VERTEX_POINT('',#2700);
#1212=VERTEX_POINT('',#2701);
#1213=VERTEX_POINT('',#2703);
#1214=VERTEX_POINT('',#2705);
#1215=VERTEX_POINT('',#2707);
#1216=VERTEX_POINT('',#2709);
#1217=VERTEX_POINT('',#2711);
#1218=VERTEX_POINT('',#2713);
#1219=VERTEX_POINT('',#2716);
#1220=VERTEX_POINT('',#2718);
#1221=VERTEX_POINT('',#2720);
#1222=VERTEX_POINT('',#2722);
#1223=VERTEX_POINT('',#2728);
#1224=VERTEX_POINT('',#2730);
#1225=VERTEX_POINT('',#2734);
#1226=VERTEX_POINT('',#2736);
#1227=VERTEX_POINT('',#2740);
#1228=VERTEX_POINT('',#2742);
#1229=VERTEX_POINT('',#2757);
#1230=VERTEX_POINT('',#2758);
#1231=VERTEX_POINT('',#2760);
#1232=VERTEX_POINT('',#2762);
#1233=VERTEX_POINT('',#2766);
#1234=VERTEX_POINT('',#2767);
#1235=VERTEX_POINT('',#2769);
#1236=VERTEX_POINT('',#2771);
#1237=VERTEX_POINT('',#2775);
#1238=VERTEX_POINT('',#2777);
#1239=VERTEX_POINT('',#2779);
#1240=VERTEX_POINT('',#2780);
#1241=VERTEX_POINT('',#2782);
#1242=VERTEX_POINT('',#2784);
#1243=VERTEX_POINT('',#2788);
#1244=VERTEX_POINT('',#2789);
#1245=VERTEX_POINT('',#2791);
#1246=VERTEX_POINT('',#2793);
#1247=VERTEX_POINT('',#2797);
#1248=VERTEX_POINT('',#2798);
#1249=VERTEX_POINT('',#2800);
#1250=VERTEX_POINT('',#2802);
#1251=VERTEX_POINT('',#2806);
#1252=VERTEX_POINT('',#2808);
#1253=VERTEX_POINT('',#2810);
#1254=VERTEX_POINT('',#2811);
#1255=VERTEX_POINT('',#2813);
#1256=VERTEX_POINT('',#2815);
#1257=VERTEX_POINT('',#2819);
#1258=VERTEX_POINT('',#2821);
#1259=VERTEX_POINT('',#2824);
#1260=VERTEX_POINT('',#2826);
#1261=VERTEX_POINT('',#2829);
#1262=VERTEX_POINT('',#2831);
#1263=VERTEX_POINT('',#2834);
#1264=VERTEX_POINT('',#2836);
#1265=VERTEX_POINT('',#2858);
#1266=VERTEX_POINT('',#2860);
#1267=VERTEX_POINT('',#2862);
#1268=VERTEX_POINT('',#2863);
#1269=VERTEX_POINT('',#2865);
#1270=VERTEX_POINT('',#2867);
#1271=VERTEX_POINT('',#2871);
#1272=VERTEX_POINT('',#2873);
#1273=VERTEX_POINT('',#2875);
#1274=VERTEX_POINT('',#2876);
#1275=VERTEX_POINT('',#2878);
#1276=VERTEX_POINT('',#2880);
#1277=CIRCLE('',#1812,0.001525);
#1278=CIRCLE('',#1813,0.001525);
#1279=CIRCLE('',#1814,0.003);
#1280=CIRCLE('',#1815,0.003);
#1281=CIRCLE('',#1817,0.019775);
#1282=CIRCLE('',#1819,0.003);
#1283=CIRCLE('',#1820,0.003);
#1284=CIRCLE('',#1821,0.001525);
#1285=CIRCLE('',#1822,0.001525);
#1286=CIRCLE('',#1827,0.002);
#1287=CIRCLE('',#1828,0.002);
#1288=CIRCLE('',#1829,0.002);
#1289=CIRCLE('',#1830,0.002);
#1290=CIRCLE('',#1831,0.001525);
#1291=CIRCLE('',#1832,0.001525);
#1292=CIRCLE('',#1833,0.001525);
#1293=CIRCLE('',#1834,0.001525);
#1294=CIRCLE('',#1836,0.016775);
#1295=CIRCLE('',#1837,0.0137);
#1296=CIRCLE('',#1841,0.006);
#1297=CIRCLE('',#1843,0.006);
#1298=CIRCLE('',#1849,0.00225);
#1299=CIRCLE('',#1850,0.00225);
#1300=CIRCLE('',#1854,0.00225);
#1301=CIRCLE('',#1855,0.00225);
#1302=CIRCLE('',#1857,0.00125);
#1303=CIRCLE('',#1858,0.00125);
#1304=CIRCLE('',#1860,0.00125);
#1305=CIRCLE('',#1861,0.00125);
#1306=CIRCLE('',#1863,0.00125);
#1307=CIRCLE('',#1864,0.00125);
#1308=CIRCLE('',#1866,0.00125);
#1309=CIRCLE('',#1867,0.00125);
#1310=CIRCLE('',#1869,0.003);
#1311=CIRCLE('',#1871,0.003);
#1312=CIRCLE('',#1873,0.003);
#1313=CIRCLE('',#1875,0.003);
#1314=CIRCLE('',#1886,0.00225);
#1315=CIRCLE('',#1887,0.00225);
#1316=CIRCLE('',#1889,0.00225);
#1317=CIRCLE('',#1890,0.00225);
#1318=CIRCLE('',#1942,0.0107);
#1319=CIRCLE('',#1944,0.0137);
#1320=CIRCLE('',#1946,0.0107);
#1321=CIRCLE('',#1948,0.0117);
#1322=CIRCLE('',#1949,0.0127);
#1323=CIRCLE('',#1951,0.016775);
#1324=CIRCLE('',#1953,0.019775);
#1325=CIRCLE('',#1955,0.017775);
#1326=CIRCLE('',#1956,0.018775);
#1327=CIRCLE('',#1962,0.001);
#1328=CIRCLE('',#1963,0.001);
#1329=CIRCLE('',#1965,0.001);
#1330=CIRCLE('',#1967,0.001);
#1331=CIRCLE('',#1969,0.001);
#1332=CIRCLE('',#1971,0.001);
#1333=CIRCLE('',#1973,0.001);
#1334=CIRCLE('',#1975,0.001);
#1335=EDGE_LOOP('',(#405));
#1336=EDGE_LOOP('',(#406));
#1337=EDGE_LOOP('',(#407,#408,#409,#410,#411,#412,#413,#414,#415,#416,#417,#418,#419,#420,#421,#422,#423,#424,#425,#426,#427,#428,#429));
#1338=EDGE_LOOP('',(#430,#431,#432,#433,#434,#435));
#1339=EDGE_LOOP('',(#436,#437,#438,#439,#440,#441,#442,#443,#444,#445,#446,#447,#448,#449,#450,#451,#452,#453,#454,#455,#456,#457,#458));
#1340=EDGE_LOOP('',(#459));
#1341=EDGE_LOOP('',(#460));
#1342=EDGE_LOOP('',(#461,#462,#463,#464,#465,#466,#467,#468,#469,#470));
#1343=EDGE_LOOP('',(#471,#472,#473,#474,#475,#476,#477,#478));
#1344=EDGE_LOOP('',(#479,#480,#481,#482,#483,#484,#485,#486));
#1345=EDGE_LOOP('',(#487,#488,#489,#490));
#1346=EDGE_LOOP('',(#491,#492,#493,#494));
#1347=EDGE_LOOP('',(#495,#496,#497,#498,#499,#500,#501,#502));
#1348=EDGE_LOOP('',(#503));
#1349=EDGE_LOOP('',(#504));
#1350=EDGE_LOOP('',(#505));
#1351=EDGE_LOOP('',(#506));
#1352=EDGE_LOOP('',(#507,#508,#509,#510));
#1353=EDGE_LOOP('',(#511,#512,#513,#514));
#1354=EDGE_LOOP('',(#515,#516,#517,#518));
#1355=EDGE_LOOP('',(#519,#520,#521,#522,#523,#524));
#1356=EDGE_LOOP('',(#525,#526,#527,#528,#529,#530));
#1357=EDGE_LOOP('',(#531,#532,#533,#534));
#1358=EDGE_LOOP('',(#535,#536,#537,#538));
#1359=EDGE_LOOP('',(#539,#540,#541,#542));
#1360=EDGE_LOOP('',(#543,#544,#545,#546));
#1361=EDGE_LOOP('',(#547));
#1362=EDGE_LOOP('',(#548));
#1363=EDGE_LOOP('',(#549,#550,#551,#552));
#1364=EDGE_LOOP('',(#553,#554,#555,#556));
#1365=EDGE_LOOP('',(#557,#558,#559,#560));
#1366=EDGE_LOOP('',(#561));
#1367=EDGE_LOOP('',(#562));
#1368=EDGE_LOOP('',(#563,#564,#565,#566));
#1369=EDGE_LOOP('',(#567));
#1370=EDGE_LOOP('',(#568));
#1371=EDGE_LOOP('',(#569));
#1372=EDGE_LOOP('',(#570));
#1373=EDGE_LOOP('',(#571));
#1374=EDGE_LOOP('',(#572));
#1375=EDGE_LOOP('',(#573));
#1376=EDGE_LOOP('',(#574));
#1377=EDGE_LOOP('',(#575,#576,#577,#578));
#1378=EDGE_LOOP('',(#579,#580,#581,#582));
#1379=EDGE_LOOP('',(#583,#584,#585,#586));
#1380=EDGE_LOOP('',(#587,#588,#589,#590));
#1381=EDGE_LOOP('',(#591,#592,#593,#594));
#1382=EDGE_LOOP('',(#595,#596,#597,#598));
#1383=EDGE_LOOP('',(#599,#600,#601,#602));
#1384=EDGE_LOOP('',(#603,#604,#605,#606));
#1385=EDGE_LOOP('',(#607));
#1386=EDGE_LOOP('',(#608));
#1387=EDGE_LOOP('',(#609));
#1388=EDGE_LOOP('',(#610));
#1389=EDGE_LOOP('',(#611));
#1390=EDGE_LOOP('',(#612));
#1391=EDGE_LOOP('',(#613));
#1392=EDGE_LOOP('',(#614));
#1393=EDGE_LOOP('',(#615,#616,#617,#618));
#1394=EDGE_LOOP('',(#619));
#1395=EDGE_LOOP('',(#620));
#1396=EDGE_LOOP('',(#621,#622,#623,#624));
#1397=EDGE_LOOP('',(#625));
#1398=EDGE_LOOP('',(#626));
#1399=EDGE_LOOP('',(#627,#628,#629,#630));
#1400=EDGE_LOOP('',(#631,#632,#633,#634));
#1401=EDGE_LOOP('',(#635,#636,#637));
#1402=EDGE_LOOP('',(#638,#639,#640));
#1403=EDGE_LOOP('',(#641,#642,#643,#644));
#1404=EDGE_LOOP('',(#645,#646,#647,#648));
#1405=EDGE_LOOP('',(#649,#650,#651,#652));
#1406=EDGE_LOOP('',(#653,#654,#655,#656));
#1407=EDGE_LOOP('',(#657,#658,#659,#660));
#1408=EDGE_LOOP('',(#661,#662,#663,#664));
#1409=EDGE_LOOP('',(#665,#666,#667,#668));
#1410=EDGE_LOOP('',(#669,#670,#671));
#1411=EDGE_LOOP('',(#672,#673,#674));
#1412=EDGE_LOOP('',(#675,#676,#677,#678));
#1413=EDGE_LOOP('',(#679,#680,#681,#682));
#1414=EDGE_LOOP('',(#683,#684,#685,#686));
#1415=EDGE_LOOP('',(#687,#688,#689,#690));
#1416=EDGE_LOOP('',(#691,#692,#693,#694));
#1417=EDGE_LOOP('',(#695,#696,#697,#698));
#1418=EDGE_LOOP('',(#699,#700,#701,#702));
#1419=EDGE_LOOP('',(#703,#704,#705,#706));
#1420=EDGE_LOOP('',(#707,#708,#709,#710));
#1421=EDGE_LOOP('',(#711,#712,#713));
#1422=EDGE_LOOP('',(#714,#715,#716));
#1423=EDGE_LOOP('',(#717,#718,#719,#720));
#1424=EDGE_LOOP('',(#721,#722,#723,#724));
#1425=EDGE_LOOP('',(#725,#726,#727,#728));
#1426=EDGE_LOOP('',(#729,#730,#731,#732));
#1427=EDGE_LOOP('',(#733,#734,#735,#736));
#1428=EDGE_LOOP('',(#737,#738,#739,#740));
#1429=EDGE_LOOP('',(#741,#742,#743,#744));
#1430=EDGE_LOOP('',(#745,#746,#747));
#1431=EDGE_LOOP('',(#748,#749,#750));
#1432=EDGE_LOOP('',(#751,#752,#753,#754));
#1433=EDGE_LOOP('',(#755,#756,#757,#758));
#1434=EDGE_LOOP('',(#759,#760,#761,#762));
#1435=EDGE_LOOP('',(#763,#764,#765,#766));
#1436=EDGE_LOOP('',(#767,#768,#769,#770));
#1437=EDGE_LOOP('',(#771,#772,#773,#774));
#1438=EDGE_LOOP('',(#775,#776,#777,#778));
#1439=EDGE_LOOP('',(#779,#780,#781,#782));
#1440=EDGE_LOOP('',(#783));
#1441=EDGE_LOOP('',(#784));
#1442=EDGE_LOOP('',(#785));
#1443=EDGE_LOOP('',(#786));
#1444=EDGE_LOOP('',(#787));
#1445=EDGE_LOOP('',(#788));
#1446=EDGE_LOOP('',(#789));
#1447=EDGE_LOOP('',(#790));
#1448=EDGE_LOOP('',(#791));
#1449=EDGE_LOOP('',(#792));
#1450=EDGE_LOOP('',(#793));
#1451=EDGE_LOOP('',(#794));
#1452=EDGE_LOOP('',(#795));
#1453=EDGE_LOOP('',(#796));
#1454=EDGE_LOOP('',(#797));
#1455=EDGE_LOOP('',(#798));
#1456=EDGE_LOOP('',(#799,#800,#801,#802));
#1457=EDGE_LOOP('',(#803,#804,#805,#806));
#1458=EDGE_LOOP('',(#807,#808,#809,#810,#811,#812));
#1459=EDGE_LOOP('',(#813,#814,#815,#816));
#1460=EDGE_LOOP('',(#817,#818,#819,#820));
#1461=EDGE_LOOP('',(#821,#822,#823,#824));
#1462=EDGE_LOOP('',(#825,#826,#827,#828));
#1463=EDGE_LOOP('',(#829,#830,#831,#832));
#1464=EDGE_LOOP('',(#833,#834,#835,#836));
#1465=EDGE_LOOP('',(#837,#838,#839,#840));
#1466=EDGE_LOOP('',(#841,#842,#843,#844));
#1467=EDGE_LOOP('',(#845,#846,#847,#848));
#1468=EDGE_LOOP('',(#849,#850,#851,#852));
#1469=EDGE_LOOP('',(#853,#854,#855,#856));
#1470=EDGE_LOOP('',(#857,#858,#859,#860));
#1471=EDGE_LOOP('',(#861,#862,#863,#864));
#1472=EDGE_LOOP('',(#865,#866,#867,#868));
#1473=EDGE_LOOP('',(#869,#870,#871,#872));
#1474=EDGE_LOOP('',(#873,#874,#875,#876));
#1475=EDGE_LOOP('',(#877,#878,#879,#880));
#1476=EDGE_LOOP('',(#881,#882,#883,#884));
#1477=FACE_BOUND('',#1335,.T.);
#1478=FACE_BOUND('',#1336,.T.);
#1479=FACE_BOUND('',#1337,.T.);
#1480=FACE_BOUND('',#1338,.T.);
#1481=FACE_BOUND('',#1339,.T.);
#1482=FACE_BOUND('',#1340,.T.);
#1483=FACE_BOUND('',#1341,.T.);
#1484=FACE_BOUND('',#1342,.T.);
#1485=FACE_BOUND('',#1343,.T.);
#1486=FACE_BOUND('',#1344,.T.);
#1487=FACE_BOUND('',#1345,.T.);
#1488=FACE_BOUND('',#1346,.T.);
#1489=FACE_BOUND('',#1347,.T.);
#1490=FACE_BOUND('',#1348,.T.);
#1491=FACE_BOUND('',#1349,.T.);
#1492=FACE_BOUND('',#1350,.T.);
#1493=FACE_BOUND('',#1351,.T.);
#1494=FACE_BOUND('',#1352,.T.);
#1495=FACE_BOUND('',#1353,.T.);
#1496=FACE_BOUND('',#1354,.T.);
#1497=FACE_BOUND('',#1355,.T.);
#1498=FACE_BOUND('',#1356,.T.);
#1499=FACE_BOUND('',#1357,.T.);
#1500=FACE_BOUND('',#1358,.T.);
#1501=FACE_BOUND('',#1359,.T.);
#1502=FACE_BOUND('',#1360,.T.);
#1503=FACE_BOUND('',#1361,.T.);
#1504=FACE_BOUND('',#1362,.T.);
#1505=FACE_BOUND('',#1363,.T.);
#1506=FACE_BOUND('',#1364,.T.);
#1507=FACE_BOUND('',#1365,.T.);
#1508=FACE_BOUND('',#1366,.T.);
#1509=FACE_BOUND('',#1367,.T.);
#1510=FACE_BOUND('',#1368,.T.);
#1511=FACE_BOUND('',#1369,.T.);
#1512=FACE_BOUND('',#1370,.T.);
#1513=FACE_BOUND('',#1371,.T.);
#1514=FACE_BOUND('',#1372,.T.);
#1515=FACE_BOUND('',#1373,.T.);
#1516=FACE_BOUND('',#1374,.T.);
#1517=FACE_BOUND('',#1375,.T.);
#1518=FACE_BOUND('',#1376,.T.);
#1519=FACE_BOUND('',#1377,.T.);
#1520=FACE_BOUND('',#1378,.T.);
#1521=FACE_BOUND('',#1379,.T.);
#1522=FACE_BOUND('',#1380,.T.);
#1523=FACE_BOUND('',#1381,.T.);
#1524=FACE_BOUND('',#1382,.T.);
#1525=FACE_BOUND('',#1383,.T.);
#1526=FACE_BOUND('',#1384,.T.);
#1527=FACE_BOUND('',#1385,.T.);
#1528=FACE_BOUND('',#1386,.T.);
#1529=FACE_BOUND('',#1387,.T.);
#1530=FACE_BOUND('',#1388,.T.);
#1531=FACE_BOUND('',#1389,.T.);
#1532=FACE_BOUND('',#1390,.T.);
#1533=FACE_BOUND('',#1391,.T.);
#1534=FACE_BOUND('',#1392,.T.);
#1535=FACE_BOUND('',#1393,.T.);
#1536=FACE_BOUND('',#1394,.T.);
#1537=FACE_BOUND('',#1395,.T.);
#1538=FACE_BOUND('',#1396,.T.);
#1539=FACE_BOUND('',#1397,.T.);
#1540=FACE_BOUND('',#1398,.T.);
#1541=FACE_BOUND('',#1399,.T.);
#1542=FACE_BOUND('',#1400,.T.);
#1543=FACE_BOUND('',#1401,.T.);
#1544=FACE_BOUND('',#1402,.T.);
#1545=FACE_BOUND('',#1403,.T.);
#1546=FACE_BOUND('',#1404,.T.);
#1547=FACE_BOUND('',#1405,.T.);
#1548=FACE_BOUND('',#1406,.T.);
#1549=FACE_BOUND('',#1407,.T.);
#1550=FACE_BOUND('',#1408,.T.);
#1551=FACE_BOUND('',#1409,.T.);
#1552=FACE_BOUND('',#1410,.T.);
#1553=FACE_BOUND('',#1411,.T.);
#1554=FACE_BOUND('',#1412,.T.);
#1555=FACE_BOUND('',#1413,.T.);
#1556=FACE_BOUND('',#1414,.T.);
#1557=FACE_BOUND('',#1415,.T.);
#1558=FACE_BOUND('',#1416,.T.);
#1559=FACE_BOUND('',#1417,.T.);
#1560=FACE_BOUND('',#1418,.T.);
#1561=FACE_BOUND('',#1419,.T.);
#1562=FACE_BOUND('',#1420,.T.);
#1563=FACE_BOUND('',#1421,.T.);
#1564=FACE_BOUND('',#1422,.T.);
#1565=FACE_BOUND('',#1423,.T.);
#1566=FACE_BOUND('',#1424,.T.);
#1567=FACE_BOUND('',#1425,.T.);
#1568=FACE_BOUND('',#1426,.T.);
#1569=FACE_BOUND('',#1427,.T.);
#1570=FACE_BOUND('',#1428,.T.);
#1571=FACE_BOUND('',#1429,.T.);
#1572=FACE_BOUND('',#1430,.T.);
#1573=FACE_BOUND('',#1431,.T.);
#1574=FACE_BOUND('',#1432,.T.);
#1575=FACE_BOUND('',#1433,.T.);
#1576=FACE_BOUND('',#1434,.T.);
#1577=FACE_BOUND('',#1435,.T.);
#1578=FACE_BOUND('',#1436,.T.);
#1579=FACE_BOUND('',#1437,.T.);
#1580=FACE_BOUND('',#1438,.T.);
#1581=FACE_BOUND('',#1439,.T.);
#1582=FACE_BOUND('',#1440,.T.);
#1583=FACE_BOUND('',#1441,.T.);
#1584=FACE_BOUND('',#1442,.T.);
#1585=FACE_BOUND('',#1443,.T.);
#1586=FACE_BOUND('',#1444,.T.);
#1587=FACE_BOUND('',#1445,.T.);
#1588=FACE_BOUND('',#1446,.T.);
#1589=FACE_BOUND('',#1447,.T.);
#1590=FACE_BOUND('',#1448,.T.);
#1591=FACE_BOUND('',#1449,.T.);
#1592=FACE_BOUND('',#1450,.T.);
#1593=FACE_BOUND('',#1451,.T.);
#1594=FACE_BOUND('',#1452,.T.);
#1595=FACE_BOUND('',#1453,.T.);
#1596=FACE_BOUND('',#1454,.T.);
#1597=FACE_BOUND('',#1455,.T.);
#1598=FACE_BOUND('',#1456,.T.);
#1599=FACE_BOUND('',#1457,.T.);
#1600=FACE_BOUND('',#1458,.T.);
#1601=FACE_BOUND('',#1459,.T.);
#1602=FACE_BOUND('',#1460,.T.);
#1603=FACE_BOUND('',#1461,.T.);
#1604=FACE_BOUND('',#1462,.T.);
#1605=FACE_BOUND('',#1463,.T.);
#1606=FACE_BOUND('',#1464,.T.);
#1607=FACE_BOUND('',#1465,.T.);
#1608=FACE_BOUND('',#1466,.T.);
#1609=FACE_BOUND('',#1467,.T.);
#1610=FACE_BOUND('',#1468,.T.);
#1611=FACE_BOUND('',#1469,.T.);
#1612=FACE_BOUND('',#1470,.T.);
#1613=FACE_BOUND('',#1471,.T.);
#1614=FACE_BOUND('',#1472,.T.);
#1615=FACE_BOUND('',#1473,.T.);
#1616=FACE_BOUND('',#1474,.T.);
#1617=FACE_BOUND('',#1475,.T.);
#1618=FACE_BOUND('',#1476,.T.);
#1619=PLANE('',#1811);
#1620=PLANE('',#1816);
#1621=PLANE('',#1818);
#1622=PLANE('',#1823);
#1623=PLANE('',#1824);
#1624=PLANE('',#1825);
#1625=PLANE('',#1826);
#1626=PLANE('',#1835);
#1627=PLANE('',#1838);
#1628=PLANE('',#1839);
#1629=PLANE('',#1840);
#1630=PLANE('',#1842);
#1631=PLANE('',#1844);
#1632=PLANE('',#1845);
#1633=PLANE('',#1846);
#1634=PLANE('',#1847);
#1635=PLANE('',#1848);
#1636=PLANE('',#1851);
#1637=PLANE('',#1852);
#1638=PLANE('',#1853);
#1639=PLANE('',#1876);
#1640=PLANE('',#1877);
#1641=PLANE('',#1878);
#1642=PLANE('',#1879);
#1643=PLANE('',#1885);
#1644=PLANE('',#1888);
#1645=PLANE('',#1891);
#1646=PLANE('',#1892);
#1647=PLANE('',#1893);
#1648=PLANE('',#1894);
#1649=PLANE('',#1895);
#1650=PLANE('',#1896);
#1651=PLANE('',#1897);
#1652=PLANE('',#1898);
#1653=PLANE('',#1899);
#1654=PLANE('',#1900);
#1655=PLANE('',#1901);
#1656=PLANE('',#1902);
#1657=PLANE('',#1903);
#1658=PLANE('',#1904);
#1659=PLANE('',#1905);
#1660=PLANE('',#1906);
#1661=PLANE('',#1907);
#1662=PLANE('',#1908);
#1663=PLANE('',#1909);
#1664=PLANE('',#1910);
#1665=PLANE('',#1911);
#1666=PLANE('',#1912);
#1667=PLANE('',#1913);
#1668=PLANE('',#1914);
#1669=PLANE('',#1915);
#1670=PLANE('',#1916);
#1671=PLANE('',#1917);
#1672=PLANE('',#1918);
#1673=PLANE('',#1919);
#1674=PLANE('',#1920);
#1675=PLANE('',#1921);
#1676=PLANE('',#1922);
#1677=PLANE('',#1923);
#1678=PLANE('',#1924);
#1679=PLANE('',#1925);
#1680=PLANE('',#1926);
#1681=PLANE('',#1927);
#1682=PLANE('',#1928);
#1683=PLANE('',#1929);
#1684=PLANE('',#1930);
#1685=PLANE('',#1939);
#1686=PLANE('',#1940);
#1687=PLANE('',#1941);
#1688=PLANE('',#1947);
#1689=PLANE('',#1954);
#1690=ADVANCED_FACE('',(#1477,#1478,#1479),#1619,.T.);
#1691=ADVANCED_FACE('',(#1480),#1620,.T.);
#1692=ADVANCED_FACE('',(#1481,#1482,#1483),#1621,.T.);
#1693=ADVANCED_FACE('',(#1484,#1485,#1486),#1622,.T.);
#1694=ADVANCED_FACE('',(#1487),#1623,.T.);
#1695=ADVANCED_FACE('',(#1488),#1624,.T.);
#1696=ADVANCED_FACE('',(#1489,#1490,#1491,#1492,#1493),#1625,.F.);
#1697=ADVANCED_FACE('',(#1494),#1626,.T.);
#1698=ADVANCED_FACE('',(#1495),#1627,.F.);
#1699=ADVANCED_FACE('',(#1496),#1628,.T.);
#1700=ADVANCED_FACE('',(#1497),#1629,.F.);
#1701=ADVANCED_FACE('',(#1498),#1630,.T.);
#1702=ADVANCED_FACE('',(#1499),#1631,.T.);
#1703=ADVANCED_FACE('',(#1500),#1632,.F.);
#1704=ADVANCED_FACE('',(#1501),#1633,.T.);
#1705=ADVANCED_FACE('',(#1502),#1634,.F.);
#1706=ADVANCED_FACE('',(#1503,#1504,#1505),#1635,.T.);
#1707=ADVANCED_FACE('',(#1506),#1636,.T.);
#1708=ADVANCED_FACE('',(#1507),#1637,.F.);
#1709=ADVANCED_FACE('',(#1508,#1509,#1510),#1638,.T.);
#1710=ADVANCED_FACE('',(#1511,#1512),#28,.F.);
#1711=ADVANCED_FACE('',(#1513,#1514),#29,.F.);
#1712=ADVANCED_FACE('',(#1515,#1516),#30,.F.);
#1713=ADVANCED_FACE('',(#1517,#1518),#31,.F.);
#1714=ADVANCED_FACE('',(#1519),#32,.T.);
#1715=ADVANCED_FACE('',(#1520),#33,.T.);
#1716=ADVANCED_FACE('',(#1521),#34,.T.);
#1717=ADVANCED_FACE('',(#1522),#35,.T.);
#1718=ADVANCED_FACE('',(#1523),#1639,.F.);
#1719=ADVANCED_FACE('',(#1524),#1640,.T.);
#1720=ADVANCED_FACE('',(#1525),#1641,.T.);
#1721=ADVANCED_FACE('',(#1526),#1642,.F.);
#1722=ADVANCED_FACE('',(#1527,#1528),#36,.F.);
#1723=ADVANCED_FACE('',(#1529,#1530),#37,.F.);
#1724=ADVANCED_FACE('',(#1531,#1532),#38,.F.);
#1725=ADVANCED_FACE('',(#1533,#1534),#39,.F.);
#1726=ADVANCED_FACE('',(#1535),#40,.F.);
#1727=ADVANCED_FACE('',(#1536,#1537,#1538),#1643,.F.);
#1728=ADVANCED_FACE('',(#1539,#1540,#1541),#1644,.F.);
#1729=ADVANCED_FACE('',(#1542),#1645,.F.);
#1730=ADVANCED_FACE('',(#1543),#1646,.T.);
#1731=ADVANCED_FACE('',(#1544),#1647,.T.);
#1732=ADVANCED_FACE('',(#1545),#1648,.T.);
#1733=ADVANCED_FACE('',(#1546),#1649,.T.);
#1734=ADVANCED_FACE('',(#1547),#1650,.T.);
#1735=ADVANCED_FACE('',(#1548),#1651,.F.);
#1736=ADVANCED_FACE('',(#1549),#1652,.F.);
#1737=ADVANCED_FACE('',(#1550),#1653,.T.);
#1738=ADVANCED_FACE('',(#1551),#1654,.F.);
#1739=ADVANCED_FACE('',(#1552),#1655,.T.);
#1740=ADVANCED_FACE('',(#1553),#1656,.T.);
#1741=ADVANCED_FACE('',(#1554),#1657,.F.);
#1742=ADVANCED_FACE('',(#1555),#1658,.F.);
#1743=ADVANCED_FACE('',(#1556),#1659,.F.);
#1744=ADVANCED_FACE('',(#1557),#1660,.T.);
#1745=ADVANCED_FACE('',(#1558),#1661,.T.);
#1746=ADVANCED_FACE('',(#1559),#1662,.F.);
#1747=ADVANCED_FACE('',(#1560),#1663,.F.);
#1748=ADVANCED_FACE('',(#1561),#1664,.F.);
#1749=ADVANCED_FACE('',(#1562),#1665,.F.);
#1750=ADVANCED_FACE('',(#1563),#1666,.T.);
#1751=ADVANCED_FACE('',(#1564),#1667,.T.);
#1752=ADVANCED_FACE('',(#1565),#1668,.T.);
#1753=ADVANCED_FACE('',(#1566),#1669,.T.);
#1754=ADVANCED_FACE('',(#1567),#1670,.T.);
#1755=ADVANCED_FACE('',(#1568),#1671,.F.);
#1756=ADVANCED_FACE('',(#1569),#1672,.F.);
#1757=ADVANCED_FACE('',(#1570),#1673,.T.);
#1758=ADVANCED_FACE('',(#1571),#1674,.F.);
#1759=ADVANCED_FACE('',(#1572),#1675,.T.);
#1760=ADVANCED_FACE('',(#1573),#1676,.T.);
#1761=ADVANCED_FACE('',(#1574),#1677,.F.);
#1762=ADVANCED_FACE('',(#1575),#1678,.F.);
#1763=ADVANCED_FACE('',(#1576),#1679,.F.);
#1764=ADVANCED_FACE('',(#1577),#1680,.T.);
#1765=ADVANCED_FACE('',(#1578),#1681,.T.);
#1766=ADVANCED_FACE('',(#1579),#1682,.F.);
#1767=ADVANCED_FACE('',(#1580),#1683,.F.);
#1768=ADVANCED_FACE('',(#1581),#1684,.F.);
#1769=ADVANCED_FACE('',(#1582,#1583),#20,.F.);
#1770=ADVANCED_FACE('',(#1584,#1585),#21,.F.);
#1771=ADVANCED_FACE('',(#1586,#1587),#22,.F.);
#1772=ADVANCED_FACE('',(#1588,#1589),#23,.F.);
#1773=ADVANCED_FACE('',(#1590,#1591),#24,.F.);
#1774=ADVANCED_FACE('',(#1592,#1593),#25,.F.);
#1775=ADVANCED_FACE('',(#1594,#1595),#26,.F.);
#1776=ADVANCED_FACE('',(#1596,#1597),#27,.F.);
#1777=ADVANCED_FACE('',(#1598),#1685,.F.);
#1778=ADVANCED_FACE('',(#1599),#1686,.F.);
#1779=ADVANCED_FACE('',(#1600),#1687,.F.);
#1780=ADVANCED_FACE('',(#1601),#41,.T.);
#1781=ADVANCED_FACE('',(#1602),#42,.F.);
#1782=ADVANCED_FACE('',(#1603),#1688,.T.);
#1783=ADVANCED_FACE('',(#1604),#43,.F.);
#1784=ADVANCED_FACE('',(#1605),#44,.T.);
#1785=ADVANCED_FACE('',(#1606),#1689,.T.);
#1786=ADVANCED_FACE('',(#1607),#12,.T.);
#1787=ADVANCED_FACE('',(#1608),#13,.T.);
#1788=ADVANCED_FACE('',(#1609),#14,.T.);
#1789=ADVANCED_FACE('',(#1610),#15,.T.);
#1790=ADVANCED_FACE('',(#1611),#16,.T.);
#1791=ADVANCED_FACE('',(#1612),#45,.T.);
#1792=ADVANCED_FACE('',(#1613),#46,.T.);
#1793=ADVANCED_FACE('',(#1614),#17,.T.);
#1794=ADVANCED_FACE('',(#1615),#18,.T.);
#1795=ADVANCED_FACE('',(#1616),#47,.T.);
#1796=ADVANCED_FACE('',(#1617),#48,.T.);
#1797=ADVANCED_FACE('',(#1618),#19,.T.);
#1798=CLOSED_SHELL('',(#1690,#1691,#1692,#1693,#1694,#1695,#1696,#1697,#1698,#1699,#1700,#1701,#1702,#1703,#1704,#1705,#1706,#1707,#1708,#1709,#1710,#1711,#1712,#1713,#1714,#1715,#1716,#1717,#1718,#1719,#1720,#1721,#1722,#1723,#1724,#1725,#1726,#1727,#1728,#1729,#1730,#1731,#1732,#1733,#1734,#1735,#1736,#1737,#1738,#1739,#1740,#1741,#1742,#1743,#1744,#1745,#1746,#1747,#1748,#1749,#1750,#1751,#1752,#1753,#1754,#1755,#1756,#1757,#1758,#1759,#1760,#1761,#1762,#1763,#1764,#1765,#1766,#1767,#1768,#1769,#1770,#1771,#1772,#1773,#1774,#1775,#1776,#1777,#1778,#1779,#1780,#1781,#1782,#1783,#1784,#1785,#1786,#1787,#1788,#1789,#1790,#1791,#1792,#1793,#1794,#1795,#1796,#1797));
#1799=STYLED_ITEM('',(#1800),#1807);
#1800=PRESENTATION_STYLE_ASSIGNMENT((#1801));
#1801=SURFACE_STYLE_USAGE(.BOTH.,#1802);
#1802=SURFACE_SIDE_STYLE('',(#1803));
#1803=SURFACE_STYLE_FILL_AREA(#1804);
#1804=FILL_AREA_STYLE('',(#1805));
#1805=FILL_AREA_STYLE_COLOUR('',#1806);
#1806=COLOUR_RGB('',0.498039215686275,0.498039215686275,0.498039215686275);
#1807=MANIFOLD_SOLID_BREP('Part 1',#1798);
#1808=SHAPE_DEFINITION_REPRESENTATION(#3024,#1809);
#1809=SHAPE_REPRESENTATION('Part 1',(#1810),#3019);
#1810=AXIS2_PLACEMENT_3D('',#2485,#1977,#1978);
#1811=AXIS2_PLACEMENT_3D('',#2486,#1979,#1980);
#1812=AXIS2_PLACEMENT_3D('',#2487,#1981,#1982);
#1813=AXIS2_PLACEMENT_3D('',#2489,#1983,#1984);
#1814=AXIS2_PLACEMENT_3D('',#2532,#1993,#1994);
#1815=AXIS2_PLACEMENT_3D('',#2536,#1996,#1997);
#1816=AXIS2_PLACEMENT_3D('',#2553,#2006,#2007);
#1817=AXIS2_PLACEMENT_3D('',#2560,#2011,#2012);
#1818=AXIS2_PLACEMENT_3D('',#2563,#2014,#2015);
#1819=AXIS2_PLACEMENT_3D('',#2591,#2026,#2027);
#1820=AXIS2_PLACEMENT_3D('',#2595,#2029,#2030);
#1821=AXIS2_PLACEMENT_3D('',#2623,#2036,#2037);
#1822=AXIS2_PLACEMENT_3D('',#2625,#2038,#2039);
#1823=AXIS2_PLACEMENT_3D('',#2627,#2040,#2041);
#1824=AXIS2_PLACEMENT_3D('',#2680,#2068,#2069);
#1825=AXIS2_PLACEMENT_3D('',#2689,#2074,#2075);
#1826=AXIS2_PLACEMENT_3D('',#2698,#2080,#2081);
#1827=AXIS2_PLACEMENT_3D('',#2702,#2083,#2084);
#1828=AXIS2_PLACEMENT_3D('',#2706,#2086,#2087);
#1829=AXIS2_PLACEMENT_3D('',#2710,#2089,#2090);
#1830=AXIS2_PLACEMENT_3D('',#2714,#2092,#2093);
#1831=AXIS2_PLACEMENT_3D('',#2715,#2094,#2095);
#1832=AXIS2_PLACEMENT_3D('',#2717,#2096,#2097);
#1833=AXIS2_PLACEMENT_3D('',#2719,#2098,#2099);
#1834=AXIS2_PLACEMENT_3D('',#2721,#2100,#2101);
#1835=AXIS2_PLACEMENT_3D('',#2723,#2102,#2103);
#1836=AXIS2_PLACEMENT_3D('',#2724,#2104,#2105);
#1837=AXIS2_PLACEMENT_3D('',#2725,#2106,#2107);
#1838=AXIS2_PLACEMENT_3D('',#2726,#2108,#2109);
#1839=AXIS2_PLACEMENT_3D('',#2732,#2113,#2114);
#1840=AXIS2_PLACEMENT_3D('',#2738,#2118,#2119);
#1841=AXIS2_PLACEMENT_3D('',#2744,#2123,#2124);
#1842=AXIS2_PLACEMENT_3D('',#2745,#2125,#2126);
#1843=AXIS2_PLACEMENT_3D('',#2747,#2128,#2129);
#1844=AXIS2_PLACEMENT_3D('',#2749,#2131,#2132);
#1845=AXIS2_PLACEMENT_3D('',#2752,#2135,#2136);
#1846=AXIS2_PLACEMENT_3D('',#2755,#2139,#2140);
#1847=AXIS2_PLACEMENT_3D('',#2764,#2145,#2146);
#1848=AXIS2_PLACEMENT_3D('',#2773,#2151,#2152);
#1849=AXIS2_PLACEMENT_3D('',#2774,#2153,#2154);
#1850=AXIS2_PLACEMENT_3D('',#2776,#2155,#2156);
#1851=AXIS2_PLACEMENT_3D('',#2786,#2161,#2162);
#1852=AXIS2_PLACEMENT_3D('',#2795,#2167,#2168);
#1853=AXIS2_PLACEMENT_3D('',#2804,#2173,#2174);
#1854=AXIS2_PLACEMENT_3D('',#2805,#2175,#2176);
#1855=AXIS2_PLACEMENT_3D('',#2807,#2177,#2178);
#1856=AXIS2_PLACEMENT_3D('',#2817,#2183,#2184);
#1857=AXIS2_PLACEMENT_3D('',#2818,#2185,#2186);
#1858=AXIS2_PLACEMENT_3D('',#2820,#2187,#2188);
#1859=AXIS2_PLACEMENT_3D('',#2822,#2189,#2190);
#1860=AXIS2_PLACEMENT_3D('',#2823,#2191,#2192);
#1861=AXIS2_PLACEMENT_3D('',#2825,#2193,#2194);
#1862=AXIS2_PLACEMENT_3D('',#2827,#2195,#2196);
#1863=AXIS2_PLACEMENT_3D('',#2828,#2197,#2198);
#1864=AXIS2_PLACEMENT_3D('',#2830,#2199,#2200);
#1865=AXIS2_PLACEMENT_3D('',#2832,#2201,#2202);
#1866=AXIS2_PLACEMENT_3D('',#2833,#2203,#2204);
#1867=AXIS2_PLACEMENT_3D('',#2835,#2205,#2206);
#1868=AXIS2_PLACEMENT_3D('',#2837,#2207,#2208);
#1869=AXIS2_PLACEMENT_3D('',#2838,#2209,#2210);
#1870=AXIS2_PLACEMENT_3D('',#2839,#2211,#2212);
#1871=AXIS2_PLACEMENT_3D('',#2840,#2213,#2214);
#1872=AXIS2_PLACEMENT_3D('',#2841,#2215,#2216);
#1873=AXIS2_PLACEMENT_3D('',#2842,#2217,#2218);
#1874=AXIS2_PLACEMENT_3D('',#2843,#2219,#2220);
#1875=AXIS2_PLACEMENT_3D('',#2844,#2221,#2222);
#1876=AXIS2_PLACEMENT_3D('',#2845,#2223,#2224);
#1877=AXIS2_PLACEMENT_3D('',#2846,#2225,#2226);
#1878=AXIS2_PLACEMENT_3D('',#2847,#2227,#2228);
#1879=AXIS2_PLACEMENT_3D('',#2849,#2230,#2231);
#1880=AXIS2_PLACEMENT_3D('',#2851,#2233,#2234);
#1881=AXIS2_PLACEMENT_3D('',#2852,#2235,#2236);
#1882=AXIS2_PLACEMENT_3D('',#2853,#2237,#2238);
#1883=AXIS2_PLACEMENT_3D('',#2854,#2239,#2240);
#1884=AXIS2_PLACEMENT_3D('',#2855,#2241,#2242);
#1885=AXIS2_PLACEMENT_3D('',#2856,#2243,#2244);
#1886=AXIS2_PLACEMENT_3D('',#2857,#2245,#2246);
#1887=AXIS2_PLACEMENT_3D('',#2859,#2247,#2248);
#1888=AXIS2_PLACEMENT_3D('',#2869,#2253,#2254);
#1889=AXIS2_PLACEMENT_3D('',#2870,#2255,#2256);
#1890=AXIS2_PLACEMENT_3D('',#2872,#2257,#2258);
#1891=AXIS2_PLACEMENT_3D('',#2882,#2263,#2264);
#1892=AXIS2_PLACEMENT_3D('',#2885,#2267,#2268);
#1893=AXIS2_PLACEMENT_3D('',#2888,#2271,#2272);
#1894=AXIS2_PLACEMENT_3D('',#2891,#2275,#2276);
#1895=AXIS2_PLACEMENT_3D('',#2893,#2278,#2279);
#1896=AXIS2_PLACEMENT_3D('',#2895,#2281,#2282);
#1897=AXIS2_PLACEMENT_3D('',#2898,#2285,#2286);
#1898=AXIS2_PLACEMENT_3D('',#2900,#2288,#2289);
#1899=AXIS2_PLACEMENT_3D('',#2902,#2291,#2292);
#1900=AXIS2_PLACEMENT_3D('',#2905,#2295,#2296);
#1901=AXIS2_PLACEMENT_3D('',#2907,#2298,#2299);
#1902=AXIS2_PLACEMENT_3D('',#2909,#2301,#2302);
#1903=AXIS2_PLACEMENT_3D('',#2911,#2304,#2305);
#1904=AXIS2_PLACEMENT_3D('',#2913,#2307,#2308);
#1905=AXIS2_PLACEMENT_3D('',#2915,#2310,#2311);
#1906=AXIS2_PLACEMENT_3D('',#2917,#2313,#2314);
#1907=AXIS2_PLACEMENT_3D('',#2919,#2316,#2317);
#1908=AXIS2_PLACEMENT_3D('',#2921,#2319,#2320);
#1909=AXIS2_PLACEMENT_3D('',#2923,#2322,#2323);
#1910=AXIS2_PLACEMENT_3D('',#2925,#2325,#2326);
#1911=AXIS2_PLACEMENT_3D('',#2926,#2327,#2328);
#1912=AXIS2_PLACEMENT_3D('',#2929,#2331,#2332);
#1913=AXIS2_PLACEMENT_3D('',#2932,#2335,#2336);
#1914=AXIS2_PLACEMENT_3D('',#2935,#2339,#2340);
#1915=AXIS2_PLACEMENT_3D('',#2937,#2342,#2343);
#1916=AXIS2_PLACEMENT_3D('',#2939,#2345,#2346);
#1917=AXIS2_PLACEMENT_3D('',#2942,#2349,#2350);
#1918=AXIS2_PLACEMENT_3D('',#2944,#2352,#2353);
#1919=AXIS2_PLACEMENT_3D('',#2946,#2355,#2356);
#1920=AXIS2_PLACEMENT_3D('',#2949,#2359,#2360);
#1921=AXIS2_PLACEMENT_3D('',#2951,#2362,#2363);
#1922=AXIS2_PLACEMENT_3D('',#2953,#2365,#2366);
#1923=AXIS2_PLACEMENT_3D('',#2955,#2368,#2369);
#1924=AXIS2_PLACEMENT_3D('',#2957,#2371,#2372);
#1925=AXIS2_PLACEMENT_3D('',#2959,#2374,#2375);
#1926=AXIS2_PLACEMENT_3D('',#2961,#2377,#2378);
#1927=AXIS2_PLACEMENT_3D('',#2963,#2380,#2381);
#1928=AXIS2_PLACEMENT_3D('',#2965,#2383,#2384);
#1929=AXIS2_PLACEMENT_3D('',#2967,#2386,#2387);
#1930=AXIS2_PLACEMENT_3D('',#2969,#2389,#2390);
#1931=AXIS2_PLACEMENT_3D('',#2970,#2391,#2392);
#1932=AXIS2_PLACEMENT_3D('',#2971,#2393,#2394);
#1933=AXIS2_PLACEMENT_3D('',#2972,#2395,#2396);
#1934=AXIS2_PLACEMENT_3D('',#2973,#2397,#2398);
#1935=AXIS2_PLACEMENT_3D('',#2974,#2399,#2400);
#1936=AXIS2_PLACEMENT_3D('',#2975,#2401,#2402);
#1937=AXIS2_PLACEMENT_3D('',#2976,#2403,#2404);
#1938=AXIS2_PLACEMENT_3D('',#2977,#2405,#2406);
#1939=AXIS2_PLACEMENT_3D('',#2978,#2407,#2408);
#1940=AXIS2_PLACEMENT_3D('',#2980,#2410,#2411);
#1941=AXIS2_PLACEMENT_3D('',#2982,#2413,#2414);
#1942=AXIS2_PLACEMENT_3D('',#2983,#2415,#2416);
#1943=AXIS2_PLACEMENT_3D('',#2984,#2417,#2418);
#1944=AXIS2_PLACEMENT_3D('',#2985,#2419,#2420);
#1945=AXIS2_PLACEMENT_3D('',#2986,#2421,#2422);
#1946=AXIS2_PLACEMENT_3D('',#2987,#2423,#2424);
#1947=AXIS2_PLACEMENT_3D('',#2988,#2425,#2426);
#1948=AXIS2_PLACEMENT_3D('',#2989,#2427,#2428);
#1949=AXIS2_PLACEMENT_3D('',#2990,#2429,#2430);
#1950=AXIS2_PLACEMENT_3D('',#2991,#2431,#2432);
#1951=AXIS2_PLACEMENT_3D('',#2992,#2433,#2434);
#1952=AXIS2_PLACEMENT_3D('',#2993,#2435,#2436);
#1953=AXIS2_PLACEMENT_3D('',#2994,#2437,#2438);
#1954=AXIS2_PLACEMENT_3D('',#2995,#2439,#2440);
#1955=AXIS2_PLACEMENT_3D('',#2996,#2441,#2442);
#1956=AXIS2_PLACEMENT_3D('',#2997,#2443,#2444);
#1957=AXIS2_PLACEMENT_3D('',#2998,#2445,#2446);
#1958=AXIS2_PLACEMENT_3D('',#2999,#2447,#2448);
#1959=AXIS2_PLACEMENT_3D('',#3000,#2449,#2450);
#1960=AXIS2_PLACEMENT_3D('',#3001,#2451,#2452);
#1961=AXIS2_PLACEMENT_3D('',#3002,#2453,#2454);
#1962=AXIS2_PLACEMENT_3D('',#3003,#2455,#2456);
#1963=AXIS2_PLACEMENT_3D('',#3004,#2457,#2458);
#1964=AXIS2_PLACEMENT_3D('',#3005,#2459,#2460);
#1965=AXIS2_PLACEMENT_3D('',#3006,#2461,#2462);
#1966=AXIS2_PLACEMENT_3D('',#3007,#2463,#2464);
#1967=AXIS2_PLACEMENT_3D('',#3008,#2465,#2466);
#1968=AXIS2_PLACEMENT_3D('',#3009,#2467,#2468);
#1969=AXIS2_PLACEMENT_3D('',#3010,#2469,#2470);
#1970=AXIS2_PLACEMENT_3D('',#3011,#2471,#2472);
#1971=AXIS2_PLACEMENT_3D('',#3012,#2473,#2474);
#1972=AXIS2_PLACEMENT_3D('',#3013,#2475,#2476);
#1973=AXIS2_PLACEMENT_3D('',#3014,#2477,#2478);
#1974=AXIS2_PLACEMENT_3D('',#3015,#2479,#2480);
#1975=AXIS2_PLACEMENT_3D('',#3016,#2481,#2482);
#1976=AXIS2_PLACEMENT_3D('',#3017,#2483,#2484);
#1977=DIRECTION('',(0.,0.,1.));
#1978=DIRECTION('',(1.,0.,0.));
#1979=DIRECTION('',(0.,1.,0.));
#1980=DIRECTION('',(1.,0.,0.));
#1981=DIRECTION('',(0.,1.,0.));
#1982=DIRECTION('',(1.,0.,0.));
#1983=DIRECTION('',(0.,-1.,0.));
#1984=DIRECTION('',(1.,0.,0.));
#1985=DIRECTION('',(0.,0.,1.));
#1986=DIRECTION('',(1.,0.,0.));
#1987=DIRECTION('',(0.,0.,1.));
#1988=DIRECTION('',(1.,0.,0.));
#1989=DIRECTION('',(0.,0.,1.));
#1990=DIRECTION('',(1.,0.,0.));
#1991=DIRECTION('',(0.,0.,1.));
#1992=DIRECTION('',(1.,0.,0.));
#1993=DIRECTION('',(0.,1.,0.));
#1994=DIRECTION('',(1.,0.,0.));
#1995=DIRECTION('',(-2.98575469187058E-16,0.,1.));
#1996=DIRECTION('',(0.,1.,0.));
#1997=DIRECTION('',(1.,0.,0.));
#1998=DIRECTION('',(1.,0.,0.));
#1999=DIRECTION('',(0.,0.,1.));
#2000=DIRECTION('',(1.,0.,0.));
#2001=DIRECTION('',(0.707106781186548,0.,0.707106781186547));
#2002=DIRECTION('',(0.,0.,1.));
#2003=DIRECTION('',(0.707106781186548,0.,-0.707106781186547));
#2004=DIRECTION('',(0.,0.,1.));
#2005=DIRECTION('',(1.,0.,0.));
#2006=DIRECTION('',(0.,0.,-1.));
#2007=DIRECTION('',(0.,1.,0.));
#2008=DIRECTION('',(0.,-1.,0.));
#2009=DIRECTION('',(1.,0.,0.));
#2010=DIRECTION('',(0.,-1.,0.));
#2011=DIRECTION('',(0.,0.,-1.));
#2012=DIRECTION('',(0.,1.,0.));
#2013=DIRECTION('',(1.,0.,0.));
#2014=DIRECTION('',(0.,1.,0.));
#2015=DIRECTION('',(1.,0.,0.));
#2016=DIRECTION('',(1.,0.,0.));
#2017=DIRECTION('',(0.,0.,1.));
#2018=DIRECTION('',(1.,0.,0.));
#2019=DIRECTION('',(0.,0.,1.));
#2020=DIRECTION('',(-0.707106781186548,0.,-0.707106781186547));
#2021=DIRECTION('',(0.,0.,1.));
#2022=DIRECTION('',(-0.707106781186548,0.,0.707106781186548));
#2023=DIRECTION('',(1.,0.,0.));
#2024=DIRECTION('',(0.,0.,1.));
#2025=DIRECTION('',(1.,0.,0.));
#2026=DIRECTION('',(0.,1.,0.));
#2027=DIRECTION('',(1.,0.,0.));
#2028=DIRECTION('',(-2.98575469187058E-16,0.,1.));
#2029=DIRECTION('',(0.,1.,0.));
#2030=DIRECTION('',(1.,0.,0.));
#2031=DIRECTION('',(0.,0.,1.));
#2032=DIRECTION('',(1.,0.,0.));
#2033=DIRECTION('',(0.,0.,1.));
#2034=DIRECTION('',(1.,0.,0.));
#2035=DIRECTION('',(0.,0.,1.));
#2036=DIRECTION('',(0.,-1.,0.));
#2037=DIRECTION('',(1.,0.,0.));
#2038=DIRECTION('',(0.,1.,0.));
#2039=DIRECTION('',(1.,0.,0.));
#2040=DIRECTION('',(0.,1.,0.));
#2041=DIRECTION('',(1.,0.,0.));
#2042=DIRECTION('',(-0.707106781186548,0.,-0.707106781186547));
#2043=DIRECTION('',(1.,0.,0.));
#2044=DIRECTION('',(0.707106781186548,0.,-0.707106781186548));
#2045=DIRECTION('',(0.,0.,1.));
#2046=DIRECTION('',(0.707106781186548,0.,0.707106781186547));
#2047=DIRECTION('',(0.,0.,1.));
#2048=DIRECTION('',(1.,0.,0.));
#2049=DIRECTION('',(0.,0.,1.));
#2050=DIRECTION('',(-0.707106781186548,0.,0.707106781186547));
#2051=DIRECTION('',(0.,0.,1.));
#2052=DIRECTION('',(1.,0.,4.62592926927148E-16));
#2053=DIRECTION('',(-0.707106781186548,0.,-0.707106781186548));
#2054=DIRECTION('',(-1.73472347597681E-16,0.,1.));
#2055=DIRECTION('',(0.707106781186548,0.,-0.707106781186547));
#2056=DIRECTION('',(-1.,0.,-2.31296463463574E-16));
#2057=DIRECTION('',(0.707106781186548,0.,0.707106781186548));
#2058=DIRECTION('',(1.73472347597681E-16,0.,-1.));
#2059=DIRECTION('',(-0.707106781186548,0.,0.707106781186547));
#2060=DIRECTION('',(1.,0.,0.));
#2061=DIRECTION('',(-0.707106781186548,0.,-0.707106781186547));
#2062=DIRECTION('',(0.,0.,1.));
#2063=DIRECTION('',(0.707106781186547,0.,-0.707106781186548));
#2064=DIRECTION('',(-1.,0.,2.31296463463574E-16));
#2065=DIRECTION('',(0.707106781186548,0.,0.707106781186547));
#2066=DIRECTION('',(-1.7347234759768E-16,0.,-1.));
#2067=DIRECTION('',(-0.707106781186548,0.,0.707106781186547));
#2068=DIRECTION('',(0.,1.,0.));
#2069=DIRECTION('',(1.,0.,0.));
#2070=DIRECTION('',(1.73472347597681E-16,0.,-1.));
#2071=DIRECTION('',(-1.,0.,-4.62592926927148E-16));
#2072=DIRECTION('',(-1.73472347597681E-16,0.,1.));
#2073=DIRECTION('',(1.,0.,2.31296463463574E-16));
#2074=DIRECTION('',(0.,1.,0.));
#2075=DIRECTION('',(1.,0.,0.));
#2076=DIRECTION('',(0.,0.,-1.));
#2077=DIRECTION('',(-1.,0.,0.));
#2078=DIRECTION('',(1.7347234759768E-16,0.,1.));
#2079=DIRECTION('',(1.,0.,-2.31296463463574E-16));
#2080=DIRECTION('',(0.,1.,0.));
#2081=DIRECTION('',(1.,0.,0.));
#2082=DIRECTION('',(1.,0.,0.));
#2083=DIRECTION('',(0.,1.,0.));
#2084=DIRECTION('',(1.,0.,0.));
#2085=DIRECTION('',(-2.98575469187058E-16,0.,1.));
#2086=DIRECTION('',(0.,1.,0.));
#2087=DIRECTION('',(1.,0.,0.));
#2088=DIRECTION('',(1.,0.,0.));
#2089=DIRECTION('',(0.,1.,0.));
#2090=DIRECTION('',(1.,0.,0.));
#2091=DIRECTION('',(-2.98575469187058E-16,0.,1.));
#2092=DIRECTION('',(0.,1.,0.));
#2093=DIRECTION('',(1.,0.,0.));
#2094=DIRECTION('',(0.,1.,0.));
#2095=DIRECTION('',(1.,0.,0.));
#2096=DIRECTION('',(0.,1.,0.));
#2097=DIRECTION('',(1.,0.,0.));
#2098=DIRECTION('',(0.,1.,0.));
#2099=DIRECTION('',(1.,0.,0.));
#2100=DIRECTION('',(0.,1.,0.));
#2101=DIRECTION('',(1.,0.,0.));
#2102=DIRECTION('',(0.,0.,-1.));
#2103=DIRECTION('',(0.,1.,0.));
#2104=DIRECTION('',(0.,0.,-1.));
#2105=DIRECTION('',(0.,1.,0.));
#2106=DIRECTION('',(0.,0.,-1.));
#2107=DIRECTION('',(0.,1.,0.));
#2108=DIRECTION('',(1.,0.,2.98575469187058E-16));
#2109=DIRECTION('',(2.98575469187058E-16,0.,-1.));
#2110=DIRECTION('',(0.,-1.,0.));
#2111=DIRECTION('',(-2.98575469187058E-16,0.,1.));
#2112=DIRECTION('',(0.,-1.,0.));
#2113=DIRECTION('',(1.,0.,2.98575469187058E-16));
#2114=DIRECTION('',(2.98575469187058E-16,0.,-1.));
#2115=DIRECTION('',(0.,-1.,0.));
#2116=DIRECTION('',(-2.98575469187058E-16,0.,1.));
#2117=DIRECTION('',(0.,-1.,0.));
#2118=DIRECTION('',(0.,0.,-1.));
#2119=DIRECTION('',(0.,1.,0.));
#2120=DIRECTION('',(0.,-1.,0.));
#2121=DIRECTION('',(1.,0.,0.));
#2122=DIRECTION('',(0.,-1.,0.));
#2123=DIRECTION('',(0.,0.,1.));
#2124=DIRECTION('',(0.,-1.,0.));
#2125=DIRECTION('',(0.,0.,-1.));
#2126=DIRECTION('',(0.,1.,0.));
#2127=DIRECTION('',(0.,1.,0.));
#2128=DIRECTION('',(0.,0.,1.));
#2129=DIRECTION('',(0.,-1.,0.));
#2130=DIRECTION('',(0.,-1.,0.));
#2131=DIRECTION('',(1.,0.,0.));
#2132=DIRECTION('',(0.,-1.,0.));
#2133=DIRECTION('',(0.,-1.,0.));
#2134=DIRECTION('',(0.,1.,0.));
#2135=DIRECTION('',(1.,0.,0.));
#2136=DIRECTION('',(0.,-1.,0.));
#2137=DIRECTION('',(0.,1.,0.));
#2138=DIRECTION('',(0.,-1.,0.));
#2139=DIRECTION('',(1.,0.,1.73472347597681E-16));
#2140=DIRECTION('',(1.73472347597681E-16,0.,-1.));
#2141=DIRECTION('',(1.73472347597681E-16,0.,-1.));
#2142=DIRECTION('',(0.,1.,0.));
#2143=DIRECTION('',(-1.73472347597681E-16,0.,1.));
#2144=DIRECTION('',(0.,-1.,0.));
#2145=DIRECTION('',(1.,0.,1.73472347597681E-16));
#2146=DIRECTION('',(1.73472347597681E-16,0.,-1.));
#2147=DIRECTION('',(1.73472347597681E-16,0.,-1.));
#2148=DIRECTION('',(0.,-1.,0.));
#2149=DIRECTION('',(-1.73472347597681E-16,0.,1.));
#2150=DIRECTION('',(0.,1.,0.));
#2151=DIRECTION('',(-2.31296463463574E-16,0.,1.));
#2152=DIRECTION('',(1.,0.,2.31296463463574E-16));
#2153=DIRECTION('',(-2.31296463463574E-16,0.,1.));
#2154=DIRECTION('',(1.,0.,2.31296463463574E-16));
#2155=DIRECTION('',(-2.31296463463574E-16,0.,1.));
#2156=DIRECTION('',(1.,0.,2.31296463463574E-16));
#2157=DIRECTION('',(-1.,0.,-2.31296463463574E-16));
#2158=DIRECTION('',(0.,-1.,0.));
#2159=DIRECTION('',(1.,0.,2.31296463463574E-16));
#2160=DIRECTION('',(0.,1.,0.));
#2161=DIRECTION('',(1.,0.,0.));
#2162=DIRECTION('',(0.,-1.,0.));
#2163=DIRECTION('',(0.,0.,-1.));
#2164=DIRECTION('',(0.,1.,0.));
#2165=DIRECTION('',(0.,0.,1.));
#2166=DIRECTION('',(0.,-1.,0.));
#2167=DIRECTION('',(1.,0.,-1.7347234759768E-16));
#2168=DIRECTION('',(-1.7347234759768E-16,0.,-1.));
#2169=DIRECTION('',(-1.7347234759768E-16,0.,-1.));
#2170=DIRECTION('',(0.,-1.,0.));
#2171=DIRECTION('',(1.7347234759768E-16,0.,1.));
#2172=DIRECTION('',(0.,1.,0.));
#2173=DIRECTION('',(2.31296463463574E-16,0.,1.));
#2174=DIRECTION('',(1.,0.,-2.31296463463574E-16));
#2175=DIRECTION('',(2.31296463463574E-16,0.,1.));
#2176=DIRECTION('',(1.,0.,-2.31296463463574E-16));
#2177=DIRECTION('',(2.31296463463574E-16,0.,1.));
#2178=DIRECTION('',(1.,0.,-2.31296463463574E-16));
#2179=DIRECTION('',(-1.,0.,2.31296463463574E-16));
#2180=DIRECTION('',(0.,-1.,0.));
#2181=DIRECTION('',(1.,0.,-2.31296463463574E-16));
#2182=DIRECTION('',(0.,1.,0.));
#2183=DIRECTION('',(-2.31296463463574E-16,0.,1.));
#2184=DIRECTION('',(1.,0.,2.31296463463574E-16));
#2185=DIRECTION('',(0.,0.,1.));
#2186=DIRECTION('',(0.,-1.,0.));
#2187=DIRECTION('',(0.,0.,1.));
#2188=DIRECTION('',(0.,-1.,0.));
#2189=DIRECTION('',(-2.31296463463574E-16,0.,1.));
#2190=DIRECTION('',(1.,0.,2.31296463463574E-16));
#2191=DIRECTION('',(0.,0.,1.));
#2192=DIRECTION('',(0.,-1.,0.));
#2193=DIRECTION('',(0.,0.,1.));
#2194=DIRECTION('',(0.,-1.,0.));
#2195=DIRECTION('',(-2.31296463463574E-16,0.,1.));
#2196=DIRECTION('',(1.,0.,2.31296463463574E-16));
#2197=DIRECTION('',(0.,0.,1.));
#2198=DIRECTION('',(0.,-1.,0.));
#2199=DIRECTION('',(0.,0.,1.));
#2200=DIRECTION('',(0.,-1.,0.));
#2201=DIRECTION('',(-2.31296463463574E-16,0.,1.));
#2202=DIRECTION('',(1.,0.,2.31296463463574E-16));
#2203=DIRECTION('',(0.,0.,1.));
#2204=DIRECTION('',(0.,-1.,0.));
#2205=DIRECTION('',(0.,0.,1.));
#2206=DIRECTION('',(0.,-1.,0.));
#2207=DIRECTION('',(0.,-1.,0.));
#2208=DIRECTION('',(-1.,0.,0.));
#2209=DIRECTION('',(0.,1.,0.));
#2210=DIRECTION('',(1.,0.,0.));
#2211=DIRECTION('',(0.,1.,0.));
#2212=DIRECTION('',(1.,0.,0.));
#2213=DIRECTION('',(0.,1.,0.));
#2214=DIRECTION('',(1.,0.,0.));
#2215=DIRECTION('',(0.,1.,0.));
#2216=DIRECTION('',(1.,0.,0.));
#2217=DIRECTION('',(0.,1.,0.));
#2218=DIRECTION('',(1.,0.,0.));
#2219=DIRECTION('',(0.,-1.,0.));
#2220=DIRECTION('',(-1.,0.,0.));
#2221=DIRECTION('',(0.,1.,0.));
#2222=DIRECTION('',(1.,0.,0.));
#2223=DIRECTION('',(0.707106781186548,0.,0.707106781186548));
#2224=DIRECTION('',(0.,-1.,0.));
#2225=DIRECTION('',(0.707106781186547,0.,-0.707106781186548));
#2226=DIRECTION('',(0.,1.,0.));
#2227=DIRECTION('',(-0.707106781186547,0.,0.707106781186548));
#2228=DIRECTION('',(0.,1.,0.));
#2229=DIRECTION('',(0.,1.,0.));
#2230=DIRECTION('',(-0.707106781186547,0.,-0.707106781186548));
#2231=DIRECTION('',(0.,-1.,0.));
#2232=DIRECTION('',(0.,-1.,0.));
#2233=DIRECTION('',(0.,1.,0.));
#2234=DIRECTION('',(1.,0.,0.));
#2235=DIRECTION('',(0.,1.,0.));
#2236=DIRECTION('',(1.,0.,0.));
#2237=DIRECTION('',(0.,1.,0.));
#2238=DIRECTION('',(1.,0.,0.));
#2239=DIRECTION('',(0.,1.,0.));
#2240=DIRECTION('',(1.,0.,0.));
#2241=DIRECTION('',(0.,0.,1.));
#2242=DIRECTION('',(0.,-1.,0.));
#2243=DIRECTION('',(-4.62592926927148E-16,0.,1.));
#2244=DIRECTION('',(1.,0.,4.62592926927148E-16));
#2245=DIRECTION('',(-4.62592926927148E-16,0.,1.));
#2246=DIRECTION('',(1.,0.,4.62592926927148E-16));
#2247=DIRECTION('',(-4.62592926927148E-16,0.,1.));
#2248=DIRECTION('',(1.,0.,4.62592926927148E-16));
#2249=DIRECTION('',(0.,-1.,0.));
#2250=DIRECTION('',(-1.,0.,-4.62592926927148E-16));
#2251=DIRECTION('',(0.,1.,0.));
#2252=DIRECTION('',(1.,0.,4.62592926927148E-16));
#2253=DIRECTION('',(0.,0.,1.));
#2254=DIRECTION('',(0.,-1.,0.));
#2255=DIRECTION('',(0.,0.,1.));
#2256=DIRECTION('',(0.,-1.,0.));
#2257=DIRECTION('',(0.,0.,1.));
#2258=DIRECTION('',(0.,-1.,0.));
#2259=DIRECTION('',(0.,-1.,0.));
#2260=DIRECTION('',(-1.,0.,0.));
#2261=DIRECTION('',(0.,1.,0.));
#2262=DIRECTION('',(1.,0.,0.));
#2263=DIRECTION('',(-0.707106781186548,-0.707106781186548,0.));
#2264=DIRECTION('',(0.,0.,1.));
#2265=DIRECTION('',(-0.707106781186548,0.707106781186548,0.));
#2266=DIRECTION('',(0.707106781186548,-0.707106781186548,-1.18153318744577E-15));
#2267=DIRECTION('',(0.577350269189626,0.577350269189626,-0.577350269189626));
#2268=DIRECTION('',(0.,0.707106781186548,0.707106781186547));
#2269=DIRECTION('',(1.23903709934807E-16,0.707106781186548,0.707106781186547));
#2270=DIRECTION('',(-0.707106781186548,-1.19609907444043E-16,-0.707106781186547));
#2271=DIRECTION('',(0.577350269189626,0.577350269189625,0.577350269189625));
#2272=DIRECTION('',(0.707106781186547,-0.707106781186548,0.));
#2273=DIRECTION('',(-0.707106781186547,2.77555756156289E-17,0.707106781186548));
#2274=DIRECTION('',(-6.73036940234247E-16,0.707106781186548,-0.707106781186547));
#2275=DIRECTION('',(0.707106781186547,0.,-0.707106781186548));
#2276=DIRECTION('',(0.,1.,0.));
#2277=DIRECTION('',(0.707106781186548,0.,0.707106781186547));
#2278=DIRECTION('',(0.,0.707106781186547,-0.707106781186548));
#2279=DIRECTION('',(1.,0.,0.));
#2280=DIRECTION('',(2.88444402957535E-16,-0.707106781186548,-0.707106781186547));
#2281=DIRECTION('',(-0.707106781186548,0.707106781186548,1.2266347333467E-16));
#2282=DIRECTION('',(-1.7347234759768E-16,0.,-1.));
#2283=DIRECTION('',(-0.707106781186548,-0.707106781186548,1.34607388046849E-15));
#2284=DIRECTION('',(0.707106781186548,0.707106781186548,3.56836961661084E-16));
#2285=DIRECTION('',(-1.6355129777956E-16,-0.707106781186547,-0.707106781186548));
#2286=DIRECTION('',(-1.,0.,2.31296463463574E-16));
#2287=DIRECTION('',(6.73036940234248E-16,-0.707106781186548,0.707106781186547));
#2288=DIRECTION('',(-0.707106781186548,0.,-0.707106781186547));
#2289=DIRECTION('',(0.,-1.,0.));
#2290=DIRECTION('',(0.707106781186547,0.,-0.707106781186548));
#2291=DIRECTION('',(0.707106781186547,0.707106781186548,0.));
#2292=DIRECTION('',(0.,0.,-1.));
#2293=DIRECTION('',(-0.707106781186548,0.707106781186547,0.));
#2294=DIRECTION('',(0.707106781186548,-0.707106781186547,0.));
#2295=DIRECTION('',(-0.577350269189625,-0.577350269189626,0.577350269189626));
#2296=DIRECTION('',(0.,-0.707106781186548,-0.707106781186548));
#2297=DIRECTION('',(0.,0.707106781186548,0.707106781186548));
#2298=DIRECTION('',(-0.577350269189625,0.577350269189626,-0.577350269189626));
#2299=DIRECTION('',(0.,0.707106781186548,0.707106781186547));
#2300=DIRECTION('',(0.707106781186548,-5.51125990970486E-16,-0.707106781186547));
#2301=DIRECTION('',(-0.577350269189625,0.577350269189626,0.577350269189627));
#2302=DIRECTION('',(0.,-0.707106781186548,0.707106781186547));
#2303=DIRECTION('',(0.707106781186548,-1.34147179682906E-15,0.707106781186547));
#2304=DIRECTION('',(-0.577350269189626,-0.577350269189627,-0.577350269189625));
#2305=DIRECTION('',(-0.707106781186548,0.707106781186547,0.));
#2306=DIRECTION('',(0.,-0.707106781186548,0.707106781186547));
#2307=DIRECTION('',(0.,-0.707106781186548,0.707106781186548));
#2308=DIRECTION('',(-1.,0.,0.));
#2309=DIRECTION('',(0.,-0.707106781186548,-0.707106781186548));
#2310=DIRECTION('',(0.707106781186547,0.,0.707106781186548));
#2311=DIRECTION('',(0.,-1.,0.));
#2312=DIRECTION('',(-0.707106781186548,0.,0.707106781186547));
#2313=DIRECTION('',(-0.707106781186547,0.,0.707106781186548));
#2314=DIRECTION('',(0.,1.,0.));
#2315=DIRECTION('',(-0.707106781186548,0.,-0.707106781186547));
#2316=DIRECTION('',(1.6355129777956E-16,0.707106781186548,0.707106781186548));
#2317=DIRECTION('',(1.,0.,-2.31296463463574E-16));
#2318=DIRECTION('',(0.,0.707106781186547,-0.707106781186548));
#2319=DIRECTION('',(0.577350269189625,-0.577350269189626,0.577350269189626));
#2320=DIRECTION('',(0.,-0.707106781186548,-0.707106781186547));
#2321=DIRECTION('',(0.707106781186548,0.707106781186547,0.));
#2322=DIRECTION('',(0.577350269189624,-0.577350269189627,-0.577350269189626));
#2323=DIRECTION('',(0.,0.707106781186547,-0.707106781186548));
#2324=DIRECTION('',(-0.707106781186548,-0.707106781186547,0.));
#2325=DIRECTION('',(0.707106781186547,-0.707106781186548,-1.2266347333467E-16));
#2326=DIRECTION('',(1.7347234759768E-16,0.,1.));
#2327=DIRECTION('',(-0.707106781186548,-0.707106781186548,-1.2266347333467E-16));
#2328=DIRECTION('',(-1.73472347597681E-16,0.,1.));
#2329=DIRECTION('',(-0.707106781186548,0.707106781186548,9.61481343191781E-17));
#2330=DIRECTION('',(0.707106781186548,-0.707106781186548,1.34607388046849E-15));
#2331=DIRECTION('',(0.577350269189626,0.577350269189626,-0.577350269189626));
#2332=DIRECTION('',(0.,0.707106781186548,0.707106781186547));
#2333=DIRECTION('',(1.92296268638356E-16,0.707106781186548,0.707106781186547));
#2334=DIRECTION('',(-0.707106781186548,-4.87027234757701E-16,-0.707106781186548));
#2335=DIRECTION('',(0.577350269189625,0.577350269189626,0.577350269189627));
#2336=DIRECTION('',(0.,-0.707106781186548,0.707106781186547));
#2337=DIRECTION('',(-0.707106781186548,-1.34147179682906E-15,0.707106781186547));
#2338=DIRECTION('',(6.73036940234248E-16,0.707106781186548,-0.707106781186547));
#2339=DIRECTION('',(0.707106781186547,0.,-0.707106781186548));
#2340=DIRECTION('',(0.,1.,0.));
#2341=DIRECTION('',(0.707106781186548,0.,0.707106781186548));
#2342=DIRECTION('',(3.2710259555912E-16,0.707106781186547,-0.707106781186548));
#2343=DIRECTION('',(1.,0.,4.62592926927148E-16));
#2344=DIRECTION('',(1.92296268638356E-16,-0.707106781186548,-0.707106781186547));
#2345=DIRECTION('',(-0.707106781186547,0.707106781186548,-1.2266347333467E-16));
#2346=DIRECTION('',(1.73472347597681E-16,0.,-1.));
#2347=DIRECTION('',(-0.707106781186548,-0.707106781186548,-1.44222201478767E-15));
#2348=DIRECTION('',(0.707106781186548,0.707106781186548,-1.92296268638356E-16));
#2349=DIRECTION('',(1.6355129777956E-16,-0.707106781186547,-0.707106781186548));
#2350=DIRECTION('',(-1.,0.,-2.31296463463574E-16));
#2351=DIRECTION('',(-6.73036940234247E-16,-0.707106781186548,0.707106781186547));
#2352=DIRECTION('',(-0.707106781186547,0.,-0.707106781186548));
#2353=DIRECTION('',(0.,-1.,0.));
#2354=DIRECTION('',(0.707106781186548,0.,-0.707106781186547));
#2355=DIRECTION('',(0.707106781186547,0.707106781186548,1.2266347333467E-16));
#2356=DIRECTION('',(1.73472347597681E-16,0.,-1.));
#2357=DIRECTION('',(-0.707106781186548,0.707106781186547,0.));
#2358=DIRECTION('',(0.707106781186548,-0.707106781186547,0.));
#2359=DIRECTION('',(-0.577350269189626,-0.577350269189626,0.577350269189626));
#2360=DIRECTION('',(0.,-0.707106781186548,-0.707106781186548));
#2361=DIRECTION('',(0.,0.707106781186548,0.707106781186548));
#2362=DIRECTION('',(-0.577350269189626,0.577350269189626,-0.577350269189626));
#2363=DIRECTION('',(0.,0.707106781186548,0.707106781186547));
#2364=DIRECTION('',(0.707106781186548,2.39219814888086E-16,-0.707106781186547));
#2365=DIRECTION('',(-0.577350269189626,0.577350269189625,0.577350269189625));
#2366=DIRECTION('',(0.707106781186547,0.707106781186548,0.));
#2367=DIRECTION('',(0.707106781186548,1.18551870878786E-15,0.707106781186548));
#2368=DIRECTION('',(-0.577350269189625,-0.577350269189625,-0.577350269189627));
#2369=DIRECTION('',(0.,0.707106781186549,-0.707106781186547));
#2370=DIRECTION('',(0.,-0.707106781186547,0.707106781186548));
#2371=DIRECTION('',(-3.2710259555912E-16,-0.707106781186548,0.707106781186548));
#2372=DIRECTION('',(-1.,0.,-4.62592926927148E-16));
#2373=DIRECTION('',(0.,-0.707106781186548,-0.707106781186548));
#2374=DIRECTION('',(0.707106781186547,0.,0.707106781186548));
#2375=DIRECTION('',(0.,-1.,0.));
#2376=DIRECTION('',(-0.707106781186548,0.,0.707106781186547));
#2377=DIRECTION('',(-0.707106781186548,0.,0.707106781186548));
#2378=DIRECTION('',(0.,1.,0.));
#2379=DIRECTION('',(-0.707106781186548,0.,-0.707106781186548));
#2380=DIRECTION('',(-1.6355129777956E-16,0.707106781186548,0.707106781186548));
#2381=DIRECTION('',(1.,0.,2.31296463463574E-16));
#2382=DIRECTION('',(0.,0.707106781186548,-0.707106781186547));
#2383=DIRECTION('',(0.577350269189626,-0.577350269189626,0.577350269189626));
#2384=DIRECTION('',(0.,-0.707106781186548,-0.707106781186548));
#2385=DIRECTION('',(0.707106781186548,0.707106781186547,0.));
#2386=DIRECTION('',(0.577350269189627,-0.577350269189625,-0.577350269189626));
#2387=DIRECTION('',(-0.707106781186547,0.,-0.707106781186548));
#2388=DIRECTION('',(-0.707106781186548,-0.707106781186547,0.));
#2389=DIRECTION('',(0.707106781186547,-0.707106781186548,1.2266347333467E-16));
#2390=DIRECTION('',(-1.73472347597681E-16,0.,1.));
#2391=DIRECTION('',(0.,0.,-1.));
#2392=DIRECTION('',(0.,1.,0.));
#2393=DIRECTION('',(0.,0.,-1.));
#2394=DIRECTION('',(0.,1.,0.));
#2395=DIRECTION('',(0.,0.,-1.));
#2396=DIRECTION('',(0.,1.,0.));
#2397=DIRECTION('',(0.,0.,-1.));
#2398=DIRECTION('',(0.,1.,0.));
#2399=DIRECTION('',(0.,0.,1.));
#2400=DIRECTION('',(0.,-1.,0.));
#2401=DIRECTION('',(0.,0.,1.));
#2402=DIRECTION('',(0.,-1.,0.));
#2403=DIRECTION('',(0.,0.,1.));
#2404=DIRECTION('',(0.,-1.,0.));
#2405=DIRECTION('',(0.,0.,1.));
#2406=DIRECTION('',(0.,-1.,0.));
#2407=DIRECTION('',(1.,0.,0.));
#2408=DIRECTION('',(0.,-1.,0.));
#2409=DIRECTION('',(0.,1.,0.));
#2410=DIRECTION('',(-1.,0.,0.));
#2411=DIRECTION('',(0.,1.,0.));
#2412=DIRECTION('',(0.,-1.,0.));
#2413=DIRECTION('',(0.,0.,-1.));
#2414=DIRECTION('',(0.,1.,0.));
#2415=DIRECTION('',(0.,0.,-1.));
#2416=DIRECTION('',(0.,1.,0.));
#2417=DIRECTION('',(0.,0.,1.));
#2418=DIRECTION('',(0.,-1.,0.));
#2419=DIRECTION('',(0.,0.,-1.));
#2420=DIRECTION('',(0.,1.,0.));
#2421=DIRECTION('',(0.,0.,1.));
#2422=DIRECTION('',(0.,-1.,0.));
#2423=DIRECTION('',(0.,0.,-1.));
#2424=DIRECTION('',(0.,1.,0.));
#2425=DIRECTION('',(0.,0.,-1.));
#2426=DIRECTION('',(-1.,0.,0.));
#2427=DIRECTION('',(0.,0.,-1.));
#2428=DIRECTION('',(0.,1.,0.));
#2429=DIRECTION('',(0.,0.,-1.));
#2430=DIRECTION('',(0.,1.,0.));
#2431=DIRECTION('',(0.,0.,1.));
#2432=DIRECTION('',(0.,-1.,0.));
#2433=DIRECTION('',(0.,0.,-1.));
#2434=DIRECTION('',(0.,1.,0.));
#2435=DIRECTION('',(0.,0.,1.));
#2436=DIRECTION('',(0.,-1.,0.));
#2437=DIRECTION('',(0.,0.,-1.));
#2438=DIRECTION('',(0.,1.,0.));
#2439=DIRECTION('',(0.,0.,-1.));
#2440=DIRECTION('',(-1.,0.,0.));
#2441=DIRECTION('',(0.,0.,-1.));
#2442=DIRECTION('',(0.,1.,0.));
#2443=DIRECTION('',(0.,0.,-1.));
#2444=DIRECTION('',(0.,1.,0.));
#2445=DIRECTION('',(0.,0.,-1.));
#2446=DIRECTION('',(0.,1.,0.));
#2447=DIRECTION('',(0.,0.,-1.));
#2448=DIRECTION('',(0.,1.,0.));
#2449=DIRECTION('',(0.,0.,-1.));
#2450=DIRECTION('',(0.,1.,0.));
#2451=DIRECTION('',(0.,0.,-1.));
#2452=DIRECTION('',(0.,1.,0.));
#2453=DIRECTION('',(0.,1.,0.));
#2454=DIRECTION('',(1.,0.,0.));
#2455=DIRECTION('',(-1.,0.,0.));
#2456=DIRECTION('',(0.,1.,0.));
#2457=DIRECTION('',(0.,0.,1.));
#2458=DIRECTION('',(0.,-1.,0.));
#2459=DIRECTION('',(2.98575469187058E-16,0.,-1.));
#2460=DIRECTION('',(-1.,0.,-2.98575469187058E-16));
#2461=DIRECTION('',(0.,0.,1.));
#2462=DIRECTION('',(0.,-1.,0.));
#2463=DIRECTION('',(-1.,0.,0.));
#2464=DIRECTION('',(0.,1.,0.));
#2465=DIRECTION('',(-1.,0.,0.));
#2466=DIRECTION('',(0.,1.,0.));
#2467=DIRECTION('',(0.,1.,0.));
#2468=DIRECTION('',(1.,0.,0.));
#2469=DIRECTION('',(-1.,0.,0.));
#2470=DIRECTION('',(0.,1.,0.));
#2471=DIRECTION('',(0.,1.,0.));
#2472=DIRECTION('',(1.,0.,0.));
#2473=DIRECTION('',(0.,0.,1.));
#2474=DIRECTION('',(0.,-1.,0.));
#2475=DIRECTION('',(1.,0.,0.));
#2476=DIRECTION('',(0.,-1.,0.));
#2477=DIRECTION('',(-1.,0.,0.));
#2478=DIRECTION('',(0.,1.,0.));
#2479=DIRECTION('',(-2.98575469187058E-16,0.,1.));
#2480=DIRECTION('',(1.,0.,2.98575469187058E-16));
#2481=DIRECTION('',(0.,0.,1.));
#2482=DIRECTION('',(0.,-1.,0.));
#2483=DIRECTION('',(0.,1.,0.));
#2484=DIRECTION('',(1.,0.,0.));
#2485=CARTESIAN_POINT('',(0.,0.,0.));
#2486=CARTESIAN_POINT('',(0.,0.018,3.46944695195361E-18));
#2487=CARTESIAN_POINT('',(-0.0302132233047034,0.018,0.0200632233047033));
#2488=CARTESIAN_POINT('',(-0.0286882233047034,0.018,0.0200632233047033));
#2489=CARTESIAN_POINT('',(-0.0302132233047034,0.018,-0.0200632233047033));
#2490=CARTESIAN_POINT('',(-0.0286882233047034,0.018,-0.0200632233047033));
#2491=CARTESIAN_POINT('',(-0.0204153624881677,0.018,-0.03324));
#2492=CARTESIAN_POINT('',(-0.0204153624881677,0.018,-0.03224));
#2493=CARTESIAN_POINT('',(-0.0204153624881677,0.018,-0.02124));
#2494=CARTESIAN_POINT('',(-0.0204153624881677,0.018,-0.03224));
#2495=CARTESIAN_POINT('',(-0.0204153624881677,0.018,-0.0325091551078113));
#2496=CARTESIAN_POINT('',(-0.0206528454028402,0.018,-0.0330315361806274));
#2497=CARTESIAN_POINT('',(-0.0211844885162159,0.018,-0.03324));
#2498=CARTESIAN_POINT('',(-0.0214533760949824,0.018,-0.03324));
#2499=CARTESIAN_POINT('',(-0.0214533760949824,0.018,-0.03324));
#2500=CARTESIAN_POINT('',(6.93889390390723E-18,0.018,-0.03324));
#2501=CARTESIAN_POINT('',(-0.0224851134546021,0.018,-0.03324));
#2502=CARTESIAN_POINT('',(-0.0224851134546021,0.018,-0.03324));
#2503=CARTESIAN_POINT('',(-0.0227527862106395,0.018,-0.03324));
#2504=CARTESIAN_POINT('',(-0.023280266688082,0.018,-0.0330306162363128));
#2505=CARTESIAN_POINT('',(-0.0235120278960163,0.018,-0.0325078878982033));
#2506=CARTESIAN_POINT('',(-0.0235120278960163,0.018,-0.03224));
#2507=CARTESIAN_POINT('',(-0.0235120278960163,0.018,-0.03224));
#2508=CARTESIAN_POINT('',(-0.0235120278960163,0.018,-0.03324));
#2509=CARTESIAN_POINT('',(-0.0235120278960163,0.018,-0.02324));
#2510=CARTESIAN_POINT('',(6.93889390390723E-18,0.018,-0.02324));
#2511=CARTESIAN_POINT('',(-0.02664909376279,0.018,-0.02324));
#2512=CARTESIAN_POINT('',(-0.02664909376279,0.018,-0.03324));
#2513=CARTESIAN_POINT('',(-0.02664909376279,0.018,-0.03224));
#2514=CARTESIAN_POINT('',(-0.02664909376279,0.018,-0.03224));
#2515=CARTESIAN_POINT('',(-0.02664909376279,0.018,-0.0325061595983774));
#2516=CARTESIAN_POINT('',(-0.0268744237732039,0.018,-0.0330258545062148));
#2517=CARTESIAN_POINT('',(-0.0273984889982248,0.018,-0.03324));
#2518=CARTESIAN_POINT('',(-0.0276645364212317,0.018,-0.03324));
#2519=CARTESIAN_POINT('',(-0.0276645364212317,0.018,-0.03324));
#2520=CARTESIAN_POINT('',(6.93889390390723E-18,0.018,-0.03324));
#2521=CARTESIAN_POINT('',(-0.0286782998539719,0.018,-0.03324));
#2522=CARTESIAN_POINT('',(-0.0286782998539719,0.018,-0.03324));
#2523=CARTESIAN_POINT('',(-0.0289440342964954,0.018,-0.03324));
#2524=CARTESIAN_POINT('',(-0.0294661349106503,0.018,-0.0330262854564247));
#2525=CARTESIAN_POINT('',(-0.0296906453429524,0.018,-0.0325058300534546));
#2526=CARTESIAN_POINT('',(-0.0296906453429524,0.018,-0.03224));
#2527=CARTESIAN_POINT('',(-0.0296906453429524,0.018,-0.03224));
#2528=CARTESIAN_POINT('',(-0.0296906453429524,0.018,-0.03324));
#2529=CARTESIAN_POINT('',(-0.0296906453429524,0.018,-0.02324));
#2530=CARTESIAN_POINT('',(6.93889390390723E-18,0.018,-0.02324));
#2531=CARTESIAN_POINT('',(-0.03039,0.018,-0.02324));
#2532=CARTESIAN_POINT('',(-0.03039,0.018,-0.02024));
#2533=CARTESIAN_POINT('',(-0.03339,0.018,-0.02024));
#2534=CARTESIAN_POINT('',(-0.03339,0.018,0.));
#2535=CARTESIAN_POINT('',(-0.03339,0.018,0.02024));
#2536=CARTESIAN_POINT('',(-0.03039,0.018,0.02024));
#2537=CARTESIAN_POINT('',(-0.03039,0.018,0.02324));
#2538=CARTESIAN_POINT('',(-6.93889390390723E-18,0.018,0.02324));
#2539=CARTESIAN_POINT('',(-0.0133166247903554,0.018,0.02324));
#2540=CARTESIAN_POINT('',(-0.0133166247903554,0.018,0.02024));
#2541=CARTESIAN_POINT('',(-0.0133166247903554,0.018,0.02024));
#2542=CARTESIAN_POINT('',(-0.025695,0.018,0.02024));
#2543=CARTESIAN_POINT('',(-0.02544025,0.018,0.02024));
#2544=CARTESIAN_POINT('',(-0.03039,0.018,0.01529025));
#2545=CARTESIAN_POINT('',(-0.03039,0.018,0.01529025));
#2546=CARTESIAN_POINT('',(-0.03039,0.018,0.));
#2547=CARTESIAN_POINT('',(-0.03039,0.018,-0.01529025));
#2548=CARTESIAN_POINT('',(-0.02544025,0.018,-0.02024));
#2549=CARTESIAN_POINT('',(-0.02544025,0.018,-0.02024));
#2550=CARTESIAN_POINT('',(-0.02544025,0.018,-0.02124));
#2551=CARTESIAN_POINT('',(-0.02544025,0.018,-0.02124));
#2552=CARTESIAN_POINT('',(0.,0.018,-0.02124));
#2553=CARTESIAN_POINT('',(6.93889390390723E-18,0.003,-0.02324));
#2554=CARTESIAN_POINT('',(0.03039,0.003,-0.02324));
#2555=CARTESIAN_POINT('',(0.03039,0.018,-0.02324));
#2556=CARTESIAN_POINT('',(0.03039,0.001,-0.02324));
#2557=CARTESIAN_POINT('',(-0.03039,0.001,-0.02324));
#2558=CARTESIAN_POINT('',(-0.03039,0.001,-0.02324));
#2559=CARTESIAN_POINT('',(-0.03039,0.018,-0.02324));
#2560=CARTESIAN_POINT('',(-0.01014453,0.021,-0.02324));
#2561=CARTESIAN_POINT('',(0.00940158534295242,0.018,-0.02324));
#2562=CARTESIAN_POINT('',(6.93889390390723E-18,0.018,-0.02324));
#2563=CARTESIAN_POINT('',(0.,0.018,3.46944695195361E-18));
#2564=CARTESIAN_POINT('',(6.93889390390723E-18,0.018,-0.03324));
#2565=CARTESIAN_POINT('',(0.00116431609498246,0.018,-0.03324));
#2566=CARTESIAN_POINT('',(0.00219605345460214,0.018,-0.03324));
#2567=CARTESIAN_POINT('',(0.00116431609498246,0.018,-0.03324));
#2568=CARTESIAN_POINT('',(0.000895258612366259,0.018,-0.03324));
#2569=CARTESIAN_POINT('',(0.000364869123132732,0.018,-0.0330323830303945));
#2570=CARTESIAN_POINT('',(0.000126302488167347,0.018,-0.0325093497275449));
#2571=CARTESIAN_POINT('',(0.000126302488167347,0.018,-0.03224));
#2572=CARTESIAN_POINT('',(0.000126302488167652,0.018,-0.03224));
#2573=CARTESIAN_POINT('',(0.000126302488167652,0.018,-0.03324));
#2574=CARTESIAN_POINT('',(0.000126302488167652,0.018,-0.02124));
#2575=CARTESIAN_POINT('',(0.,0.018,-0.02124));
#2576=CARTESIAN_POINT('',(0.02544025,0.018,-0.02124));
#2577=CARTESIAN_POINT('',(0.02544025,0.018,-0.02124));
#2578=CARTESIAN_POINT('',(0.02544025,0.018,-0.02024));
#2579=CARTESIAN_POINT('',(0.03039,0.018,-0.01529025));
#2580=CARTESIAN_POINT('',(0.03039,0.018,-0.01529025));
#2581=CARTESIAN_POINT('',(0.03039,0.018,0.));
#2582=CARTESIAN_POINT('',(0.03039,0.018,0.01529025));
#2583=CARTESIAN_POINT('',(0.02544025,0.018,0.02024));
#2584=CARTESIAN_POINT('',(0.02544025,0.018,0.02024));
#2585=CARTESIAN_POINT('',(0.025695,0.018,0.02024));
#2586=CARTESIAN_POINT('',(-0.00668337520964461,0.018,0.02024));
#2587=CARTESIAN_POINT('',(-0.00668337520964461,0.018,0.02024));
#2588=CARTESIAN_POINT('',(-0.00668337520964461,0.018,0.02324));
#2589=CARTESIAN_POINT('',(-6.93889390390723E-18,0.018,0.02324));
#2590=CARTESIAN_POINT('',(0.03039,0.018,0.02324));
#2591=CARTESIAN_POINT('',(0.03039,0.018,0.02024));
#2592=CARTESIAN_POINT('',(0.03339,0.018,0.02024));
#2593=CARTESIAN_POINT('',(0.03339,0.018,0.));
#2594=CARTESIAN_POINT('',(0.03339,0.018,-0.02024));
#2595=CARTESIAN_POINT('',(0.03039,0.018,-0.02024));
#2596=CARTESIAN_POINT('',(0.00940158534295242,0.018,-0.03324));
#2597=CARTESIAN_POINT('',(0.00940158534295242,0.018,-0.03224));
#2598=CARTESIAN_POINT('',(0.00940158534295242,0.018,-0.03224));
#2599=CARTESIAN_POINT('',(0.00940158534295242,0.018,-0.0325057716776713));
#2600=CARTESIAN_POINT('',(0.00917813552082764,0.018,-0.0330252995834407));
#2601=CARTESIAN_POINT('',(0.00865492078782253,0.018,-0.03324));
#2602=CARTESIAN_POINT('',(0.00838923985397197,0.018,-0.03324));
#2603=CARTESIAN_POINT('',(0.00838923985397197,0.018,-0.03324));
#2604=CARTESIAN_POINT('',(6.93889390390723E-18,0.018,-0.03324));
#2605=CARTESIAN_POINT('',(0.00737547642123171,0.018,-0.03324));
#2606=CARTESIAN_POINT('',(0.00737547642123171,0.018,-0.03324));
#2607=CARTESIAN_POINT('',(0.00710935825087283,0.018,-0.03324));
#2608=CARTESIAN_POINT('',(0.00658641636483999,0.018,-0.0330268115604109));
#2609=CARTESIAN_POINT('',(0.00636003376278998,0.018,-0.032506233510931));
#2610=CARTESIAN_POINT('',(0.00636003376278998,0.018,-0.03224));
#2611=CARTESIAN_POINT('',(0.00636003376278998,0.018,-0.03224));
#2612=CARTESIAN_POINT('',(0.00636003376278998,0.018,-0.03324));
#2613=CARTESIAN_POINT('',(0.00636003376278998,0.018,-0.02324));
#2614=CARTESIAN_POINT('',(6.93889390390723E-18,0.018,-0.02324));
#2615=CARTESIAN_POINT('',(0.0032229678960163,0.018,-0.02324));
#2616=CARTESIAN_POINT('',(0.0032229678960163,0.018,-0.03324));
#2617=CARTESIAN_POINT('',(0.0032229678960163,0.018,-0.03224));
#2618=CARTESIAN_POINT('',(0.0032229678960163,0.018,-0.03224));
#2619=CARTESIAN_POINT('',(0.0032229678960163,0.018,-0.0325077558395943));
#2620=CARTESIAN_POINT('',(0.00299233185793549,0.018,-0.0330296545125606));
#2621=CARTESIAN_POINT('',(0.00246361453151518,0.018,-0.03324));
#2622=CARTESIAN_POINT('',(0.00219605345460214,0.018,-0.03324));
#2623=CARTESIAN_POINT('',(0.0302132233047034,0.018,0.0200632233047033));
#2624=CARTESIAN_POINT('',(0.0317382233047034,0.018,0.0200632233047033));
#2625=CARTESIAN_POINT('',(0.0302132233047034,0.018,-0.0200632233047033));
#2626=CARTESIAN_POINT('',(0.0317382233047034,0.018,-0.0200632233047033));
#2627=CARTESIAN_POINT('',(0.,0.003,3.46944695195361E-18));
#2628=CARTESIAN_POINT('',(-0.022840125,0.003,0.022840125));
#2629=CARTESIAN_POINT('',(-0.03039,0.003,0.01529025));
#2630=CARTESIAN_POINT('',(-0.02544025,0.003,0.02024));
#2631=CARTESIAN_POINT('',(0.025695,0.003,0.02024));
#2632=CARTESIAN_POINT('',(0.02544025,0.003,0.02024));
#2633=CARTESIAN_POINT('',(0.022840125,0.003,0.022840125));
#2634=CARTESIAN_POINT('',(0.03039,0.003,0.01529025));
#2635=CARTESIAN_POINT('',(0.03039,0.003,0.));
#2636=CARTESIAN_POINT('',(0.03039,0.003,-0.01529025));
#2637=CARTESIAN_POINT('',(0.022840125,0.003,-0.022840125));
#2638=CARTESIAN_POINT('',(0.02544025,0.003,-0.02024));
#2639=CARTESIAN_POINT('',(0.02544025,0.003,-0.02124));
#2640=CARTESIAN_POINT('',(0.02544025,0.003,-0.02124));
#2641=CARTESIAN_POINT('',(0.,0.003,-0.02124));
#2642=CARTESIAN_POINT('',(-0.02544025,0.003,-0.02124));
#2643=CARTESIAN_POINT('',(-0.02544025,0.003,-0.02124));
#2644=CARTESIAN_POINT('',(-0.02544025,0.003,-0.02024));
#2645=CARTESIAN_POINT('',(-0.022840125,0.003,-0.022840125));
#2646=CARTESIAN_POINT('',(-0.03039,0.003,-0.01529025));
#2647=CARTESIAN_POINT('',(-0.03039,0.003,0.));
#2648=CARTESIAN_POINT('',(-1.11022302462513E-19,0.003,0.00024));
#2649=CARTESIAN_POINT('',(-0.02775,0.003,0.000239999999999986));
#2650=CARTESIAN_POINT('',(-0.02225,0.003,0.000239999999999989));
#2651=CARTESIAN_POINT('',(-0.011245,0.003,0.011245));
#2652=CARTESIAN_POINT('',(-0.02025,0.003,0.00224));
#2653=CARTESIAN_POINT('',(-0.02025,0.003,0.00874));
#2654=CARTESIAN_POINT('',(-0.02025,0.003,0.00774));
#2655=CARTESIAN_POINT('',(-0.006255,0.003,-0.006255));
#2656=CARTESIAN_POINT('',(-0.02225,0.003,0.00974));
#2657=CARTESIAN_POINT('',(-0.02875,0.003,0.00974));
#2658=CARTESIAN_POINT('',(-0.02775,0.003,0.00974));
#2659=CARTESIAN_POINT('',(-0.018745,0.003,0.018745));
#2660=CARTESIAN_POINT('',(-0.02975,0.003,0.00774));
#2661=CARTESIAN_POINT('',(-0.02975,0.003,-1.69135538907739E-18));
#2662=CARTESIAN_POINT('',(-0.02975,0.003,0.00224));
#2663=CARTESIAN_POINT('',(-0.013755,0.003,-0.013755));
#2664=CARTESIAN_POINT('',(0.,0.003,0.000239999999999986));
#2665=CARTESIAN_POINT('',(0.02225,0.003,0.000239999999999986));
#2666=CARTESIAN_POINT('',(0.02775,0.003,0.000239999999999986));
#2667=CARTESIAN_POINT('',(0.013755,0.003,-0.013755));
#2668=CARTESIAN_POINT('',(0.02975,0.003,0.00224));
#2669=CARTESIAN_POINT('',(0.02975,0.003,0.00874));
#2670=CARTESIAN_POINT('',(0.02975,0.003,0.00774));
#2671=CARTESIAN_POINT('',(0.018745,0.003,0.018745));
#2672=CARTESIAN_POINT('',(0.02775,0.003,0.00974));
#2673=CARTESIAN_POINT('',(0.02125,0.003,0.00974));
#2674=CARTESIAN_POINT('',(0.02225,0.003,0.00974));
#2675=CARTESIAN_POINT('',(0.006255,0.003,-0.006255));
#2676=CARTESIAN_POINT('',(0.02025,0.003,0.00774));
#2677=CARTESIAN_POINT('',(0.02025,0.003,-4.336808689942E-20));
#2678=CARTESIAN_POINT('',(0.02025,0.003,0.00224));
#2679=CARTESIAN_POINT('',(0.011245,0.003,0.011245));
#2680=CARTESIAN_POINT('',(0.,0.023,3.46944695195361E-18));
#2681=CARTESIAN_POINT('',(-0.02225,0.023,-3.90312782094784E-19));
#2682=CARTESIAN_POINT('',(-0.02225,0.023,0.00774));
#2683=CARTESIAN_POINT('',(-0.02225,0.023,0.00224));
#2684=CARTESIAN_POINT('',(-0.02875,0.023,0.00224));
#2685=CARTESIAN_POINT('',(-0.02775,0.023,0.00224));
#2686=CARTESIAN_POINT('',(-0.02775,0.023,0.00874));
#2687=CARTESIAN_POINT('',(-0.02775,0.023,0.00774));
#2688=CARTESIAN_POINT('',(-1.79023462720806E-18,0.023,0.00774));
#2689=CARTESIAN_POINT('',(0.,0.023,3.46944695195361E-18));
#2690=CARTESIAN_POINT('',(0.02775,0.023,3.46944695195361E-18));
#2691=CARTESIAN_POINT('',(0.02775,0.023,0.00774));
#2692=CARTESIAN_POINT('',(0.02775,0.023,0.00224));
#2693=CARTESIAN_POINT('',(0.02125,0.023,0.00224));
#2694=CARTESIAN_POINT('',(0.02225,0.023,0.00224));
#2695=CARTESIAN_POINT('',(0.02225,0.023,0.00874));
#2696=CARTESIAN_POINT('',(0.02225,0.023,0.00774));
#2697=CARTESIAN_POINT('',(1.79023462720806E-18,0.023,0.00774));
#2698=CARTESIAN_POINT('',(0.,0.,3.46944695195361E-18));
#2699=CARTESIAN_POINT('',(0.,0.,0.02224));
#2700=CARTESIAN_POINT('',(0.03039,0.,0.02224));
#2701=CARTESIAN_POINT('',(-0.03039,0.,0.02224));
#2702=CARTESIAN_POINT('',(-0.03039,0.,0.02024));
#2703=CARTESIAN_POINT('',(-0.03239,0.,0.02024));
#2704=CARTESIAN_POINT('',(-0.03239,0.,-6.2014124950152E-18));
#2705=CARTESIAN_POINT('',(-0.03239,0.,-0.02024));
#2706=CARTESIAN_POINT('',(-0.03039,0.,-0.02024));
#2707=CARTESIAN_POINT('',(-0.03039,0.,-0.02224));
#2708=CARTESIAN_POINT('',(0.03039,0.,-0.02224));
#2709=CARTESIAN_POINT('',(0.03039,0.,-0.02224));
#2710=CARTESIAN_POINT('',(0.03039,0.,-0.02024));
#2711=CARTESIAN_POINT('',(0.03239,0.,-0.02024));
#2712=CARTESIAN_POINT('',(0.03239,0.,0.02024));
#2713=CARTESIAN_POINT('',(0.03239,0.,0.02024));
#2714=CARTESIAN_POINT('',(0.03039,0.,0.02024));
#2715=CARTESIAN_POINT('',(0.0302132233047034,0.,-0.0200632233047033));
#2716=CARTESIAN_POINT('',(0.0317382233047034,0.,-0.0200632233047033));
#2717=CARTESIAN_POINT('',(-0.0302132233047034,0.,-0.0200632233047033));
#2718=CARTESIAN_POINT('',(-0.0286882233047034,0.,-0.0200632233047033));
#2719=CARTESIAN_POINT('',(0.0302132233047034,0.,0.0200632233047033));
#2720=CARTESIAN_POINT('',(0.0317382233047034,0.,0.0200632233047033));
#2721=CARTESIAN_POINT('',(-0.0302132233047034,0.,0.0200632233047033));
#2722=CARTESIAN_POINT('',(-0.0286882233047034,0.,0.0200632233047033));
#2723=CARTESIAN_POINT('',(6.93889390390723E-18,0.003,-0.02324));
#2724=CARTESIAN_POINT('',(-0.01014453,0.021,-0.02324));
#2725=CARTESIAN_POINT('',(-0.01014453,0.021,-0.02324));
#2726=CARTESIAN_POINT('',(-0.03339,0.003,0.));
#2727=CARTESIAN_POINT('',(-0.03339,0.,-0.02024));
#2728=CARTESIAN_POINT('',(-0.03339,0.001,-0.02024));
#2729=CARTESIAN_POINT('',(-0.03339,0.001,0.));
#2730=CARTESIAN_POINT('',(-0.03339,0.001,0.02024));
#2731=CARTESIAN_POINT('',(-0.03339,0.003,0.02024));
#2732=CARTESIAN_POINT('',(0.03339,0.003,0.));
#2733=CARTESIAN_POINT('',(0.03339,0.,0.02024));
#2734=CARTESIAN_POINT('',(0.03339,0.001,0.02024));
#2735=CARTESIAN_POINT('',(0.03339,0.001,-0.02024));
#2736=CARTESIAN_POINT('',(0.03339,0.001,-0.02024));
#2737=CARTESIAN_POINT('',(0.03339,0.003,-0.02024));
#2738=CARTESIAN_POINT('',(-6.93889390390723E-18,0.003,0.02324));
#2739=CARTESIAN_POINT('',(-0.03039,0.003,0.02324));
#2740=CARTESIAN_POINT('',(-0.03039,0.001,0.02324));
#2741=CARTESIAN_POINT('',(-6.93889390390723E-18,0.001,0.02324));
#2742=CARTESIAN_POINT('',(0.03039,0.001,0.02324));
#2743=CARTESIAN_POINT('',(0.03039,0.018,0.02324));
#2744=CARTESIAN_POINT('',(-0.01,0.013,0.02324));
#2745=CARTESIAN_POINT('',(-0.025695,0.023,0.02024));
#2746=CARTESIAN_POINT('',(-0.02544025,0.018,0.02024));
#2747=CARTESIAN_POINT('',(-0.01,0.013,0.02024));
#2748=CARTESIAN_POINT('',(0.02544025,0.023,0.02024));
#2749=CARTESIAN_POINT('',(-0.03039,0.023,0.));
#2750=CARTESIAN_POINT('',(-0.03039,0.003,0.01529025));
#2751=CARTESIAN_POINT('',(-0.03039,0.023,-0.01529025));
#2752=CARTESIAN_POINT('',(0.03039,0.023,0.));
#2753=CARTESIAN_POINT('',(0.03039,0.023,0.01529025));
#2754=CARTESIAN_POINT('',(0.03039,0.003,-0.01529025));
#2755=CARTESIAN_POINT('',(-0.02125,0.023,-0.00126));
#2756=CARTESIAN_POINT('',(-0.02125,0.004,0.00124));
#2757=CARTESIAN_POINT('',(-0.02125,0.004,0.00774));
#2758=CARTESIAN_POINT('',(-0.02125,0.004,0.00224));
#2759=CARTESIAN_POINT('',(-0.02125,0.023,0.00224));
#2760=CARTESIAN_POINT('',(-0.02125,0.022,0.00224));
#2761=CARTESIAN_POINT('',(-0.02125,0.022,-0.00126));
#2762=CARTESIAN_POINT('',(-0.02125,0.022,0.00774));
#2763=CARTESIAN_POINT('',(-0.02125,0.023,0.00774));
#2764=CARTESIAN_POINT('',(-0.02875,0.023,-0.00126000000000001));
#2765=CARTESIAN_POINT('',(-0.02875,0.022,0.00123999999999999));
#2766=CARTESIAN_POINT('',(-0.02875,0.022,0.00774));
#2767=CARTESIAN_POINT('',(-0.02875,0.022,0.00224));
#2768=CARTESIAN_POINT('',(-0.02875,0.023,0.00224));
#2769=CARTESIAN_POINT('',(-0.02875,0.004,0.00224));
#2770=CARTESIAN_POINT('',(-0.02875,0.004,-0.00126000000000001));
#2771=CARTESIAN_POINT('',(-0.02875,0.004,0.00774));
#2772=CARTESIAN_POINT('',(-0.02875,0.023,0.00774));
#2773=CARTESIAN_POINT('',(-0.025,0.023,0.00874));
#2774=CARTESIAN_POINT('',(-0.025,0.008,0.00874));
#2775=CARTESIAN_POINT('',(-0.02275,0.008,0.00874));
#2776=CARTESIAN_POINT('',(-0.025,0.018,0.00874));
#2777=CARTESIAN_POINT('',(-0.02275,0.018,0.00874));
#2778=CARTESIAN_POINT('',(-0.025,0.022,0.00874));
#2779=CARTESIAN_POINT('',(-0.02225,0.022,0.00874));
#2780=CARTESIAN_POINT('',(-0.02775,0.022,0.00874));
#2781=CARTESIAN_POINT('',(-0.02775,0.003,0.00874));
#2782=CARTESIAN_POINT('',(-0.02775,0.004,0.00874));
#2783=CARTESIAN_POINT('',(-0.02125,0.004,0.00874));
#2784=CARTESIAN_POINT('',(-0.02225,0.004,0.00874));
#2785=CARTESIAN_POINT('',(-0.02225,0.023,0.00874));
#2786=CARTESIAN_POINT('',(0.02875,0.023,-0.00126000000000001));
#2787=CARTESIAN_POINT('',(0.02875,0.004,0.00123999999999999));
#2788=CARTESIAN_POINT('',(0.02875,0.004,0.00774));
#2789=CARTESIAN_POINT('',(0.02875,0.004,0.00224));
#2790=CARTESIAN_POINT('',(0.02875,0.023,0.00224));
#2791=CARTESIAN_POINT('',(0.02875,0.022,0.00224));
#2792=CARTESIAN_POINT('',(0.02875,0.022,-0.00126000000000001));
#2793=CARTESIAN_POINT('',(0.02875,0.022,0.00774));
#2794=CARTESIAN_POINT('',(0.02875,0.023,0.00774));
#2795=CARTESIAN_POINT('',(0.02125,0.023,-0.00126000000000001));
#2796=CARTESIAN_POINT('',(0.02125,0.022,0.00123999999999999));
#2797=CARTESIAN_POINT('',(0.02125,0.022,0.00774));
#2798=CARTESIAN_POINT('',(0.02125,0.022,0.00224));
#2799=CARTESIAN_POINT('',(0.02125,0.023,0.00224));
#2800=CARTESIAN_POINT('',(0.02125,0.004,0.00224));
#2801=CARTESIAN_POINT('',(0.02125,0.004,-0.00126000000000001));
#2802=CARTESIAN_POINT('',(0.02125,0.004,0.00774));
#2803=CARTESIAN_POINT('',(0.02125,0.023,0.00774));
#2804=CARTESIAN_POINT('',(0.025,0.023,0.00874));
#2805=CARTESIAN_POINT('',(0.025,0.008,0.00874));
#2806=CARTESIAN_POINT('',(0.02725,0.008,0.00874));
#2807=CARTESIAN_POINT('',(0.025,0.018,0.00874));
#2808=CARTESIAN_POINT('',(0.02725,0.018,0.00874));
#2809=CARTESIAN_POINT('',(0.025,0.022,0.00874));
#2810=CARTESIAN_POINT('',(0.02775,0.022,0.00874));
#2811=CARTESIAN_POINT('',(0.02225,0.022,0.00874));
#2812=CARTESIAN_POINT('',(0.02225,0.003,0.00874));
#2813=CARTESIAN_POINT('',(0.02225,0.004,0.00874));
#2814=CARTESIAN_POINT('',(0.02875,0.004,0.00874));
#2815=CARTESIAN_POINT('',(0.02775,0.004,0.00874));
#2816=CARTESIAN_POINT('',(0.02775,0.023,0.00874));
#2817=CARTESIAN_POINT('',(0.025,0.008,-0.01626));
#2818=CARTESIAN_POINT('',(0.025,0.008,0.00224));
#2819=CARTESIAN_POINT('',(0.025,0.00675,0.00224));
#2820=CARTESIAN_POINT('',(0.025,0.008,0.00774));
#2821=CARTESIAN_POINT('',(0.025,0.00675,0.00774));
#2822=CARTESIAN_POINT('',(0.025,0.018,-0.01626));
#2823=CARTESIAN_POINT('',(0.025,0.018,0.00224));
#2824=CARTESIAN_POINT('',(0.025,0.01675,0.00224));
#2825=CARTESIAN_POINT('',(0.025,0.018,0.00774));
#2826=CARTESIAN_POINT('',(0.025,0.01675,0.00774));
#2827=CARTESIAN_POINT('',(-0.025,0.018,-0.01626));
#2828=CARTESIAN_POINT('',(-0.025,0.018,0.00224));
#2829=CARTESIAN_POINT('',(-0.025,0.01675,0.00224));
#2830=CARTESIAN_POINT('',(-0.025,0.018,0.00774));
#2831=CARTESIAN_POINT('',(-0.025,0.01675,0.00774));
#2832=CARTESIAN_POINT('',(-0.025,0.008,-0.01626));
#2833=CARTESIAN_POINT('',(-0.025,0.008,0.00224));
#2834=CARTESIAN_POINT('',(-0.025,0.00675,0.00224));
#2835=CARTESIAN_POINT('',(-0.025,0.008,0.00774));
#2836=CARTESIAN_POINT('',(-0.025,0.00675,0.00774));
#2837=CARTESIAN_POINT('',(0.03039,0.003,-0.02024));
#2838=CARTESIAN_POINT('',(0.03039,0.001,-0.02024));
#2839=CARTESIAN_POINT('',(0.03039,0.003,0.02024));
#2840=CARTESIAN_POINT('',(0.03039,0.001,0.02024));
#2841=CARTESIAN_POINT('',(-0.03039,0.003,-0.02024));
#2842=CARTESIAN_POINT('',(-0.03039,0.001,-0.02024));
#2843=CARTESIAN_POINT('',(-0.03039,0.003,0.02024));
#2844=CARTESIAN_POINT('',(-0.03039,0.001,0.02024));
#2845=CARTESIAN_POINT('',(0.02544025,0.023,0.02024));
#2846=CARTESIAN_POINT('',(-0.03039,0.023,0.01529025));
#2847=CARTESIAN_POINT('',(0.03039,0.023,-0.01529025));
#2848=CARTESIAN_POINT('',(0.02544025,0.018,-0.02024));
#2849=CARTESIAN_POINT('',(-0.02544025,0.023,-0.02024));
#2850=CARTESIAN_POINT('',(-0.02544025,0.023,-0.02024));
#2851=CARTESIAN_POINT('',(-0.0302132233047034,-0.007,-0.0200632233047033));
#2852=CARTESIAN_POINT('',(0.0302132233047034,-0.007,-0.0200632233047033));
#2853=CARTESIAN_POINT('',(0.0302132233047034,-0.007,0.0200632233047033));
#2854=CARTESIAN_POINT('',(-0.0302132233047034,-0.007,0.0200632233047033));
#2855=CARTESIAN_POINT('',(-0.01,0.013,0.02024));
#2856=CARTESIAN_POINT('',(-0.025,0.023,0.00123999999999999));
#2857=CARTESIAN_POINT('',(-0.025,0.008,0.00123999999999999));
#2858=CARTESIAN_POINT('',(-0.02275,0.008,0.00123999999999999));
#2859=CARTESIAN_POINT('',(-0.025,0.018,0.00123999999999999));
#2860=CARTESIAN_POINT('',(-0.02275,0.018,0.00123999999999999));
#2861=CARTESIAN_POINT('',(-0.02225,0.003,0.00124));
#2862=CARTESIAN_POINT('',(-0.02225,0.022,0.00124));
#2863=CARTESIAN_POINT('',(-0.02225,0.004,0.00124));
#2864=CARTESIAN_POINT('',(-0.025,0.004,0.00123999999999999));
#2865=CARTESIAN_POINT('',(-0.02775,0.004,0.00123999999999999));
#2866=CARTESIAN_POINT('',(-0.02775,0.023,0.00123999999999999));
#2867=CARTESIAN_POINT('',(-0.02775,0.022,0.00123999999999999));
#2868=CARTESIAN_POINT('',(-0.02125,0.022,0.00124));
#2869=CARTESIAN_POINT('',(0.025,0.023,0.00123999999999999));
#2870=CARTESIAN_POINT('',(0.025,0.008,0.00123999999999999));
#2871=CARTESIAN_POINT('',(0.025,0.00575,0.00123999999999999));
#2872=CARTESIAN_POINT('',(0.025,0.018,0.00123999999999999));
#2873=CARTESIAN_POINT('',(0.025,0.01575,0.00123999999999999));
#2874=CARTESIAN_POINT('',(0.02775,0.003,0.00123999999999999));
#2875=CARTESIAN_POINT('',(0.02775,0.022,0.00123999999999999));
#2876=CARTESIAN_POINT('',(0.02775,0.004,0.00123999999999999));
#2877=CARTESIAN_POINT('',(0.025,0.004,0.00123999999999999));
#2878=CARTESIAN_POINT('',(0.02225,0.004,0.00123999999999999));
#2879=CARTESIAN_POINT('',(0.02225,0.023,0.00123999999999999));
#2880=CARTESIAN_POINT('',(0.02225,0.022,0.00123999999999999));
#2881=CARTESIAN_POINT('',(0.02875,0.022,0.00123999999999999));
#2882=CARTESIAN_POINT('',(0.02875,0.022,-0.00126000000000001));
#2883=CARTESIAN_POINT('',(0.02775,0.023,0.00224));
#2884=CARTESIAN_POINT('',(0.02875,0.022,0.00774));
#2885=CARTESIAN_POINT('',(0.02775,0.023,0.00224));
#2886=CARTESIAN_POINT('',(0.02775,0.023,0.00224));
#2887=CARTESIAN_POINT('',(0.02825,0.022,0.00174));
#2888=CARTESIAN_POINT('',(0.02875,0.022,0.00774));
#2889=CARTESIAN_POINT('',(0.02875,0.022,0.00774));
#2890=CARTESIAN_POINT('',(0.02775,0.0225,0.00824));
#2891=CARTESIAN_POINT('',(0.02775,0.023,0.00123999999999999));
#2892=CARTESIAN_POINT('',(0.02775,0.004,0.00123999999999999));
#2893=CARTESIAN_POINT('',(0.,0.023,0.00224));
#2894=CARTESIAN_POINT('',(0.02225,0.0225,0.00174));
#2895=CARTESIAN_POINT('',(0.02225,0.023,-3.90312782094782E-19));
#2896=CARTESIAN_POINT('',(0.02225,0.023,0.00774));
#2897=CARTESIAN_POINT('',(0.02125,0.022,0.00224));
#2898=CARTESIAN_POINT('',(0.025,0.022,0.00874));
#2899=CARTESIAN_POINT('',(0.02225,0.023,0.00774));
#2900=CARTESIAN_POINT('',(0.02875,0.023,0.00774));
#2901=CARTESIAN_POINT('',(0.02875,0.004,0.00774));
#2902=CARTESIAN_POINT('',(0.02975,0.003,3.46944695195361E-18));
#2903=CARTESIAN_POINT('',(0.02975,0.003,0.00774));
#2904=CARTESIAN_POINT('',(0.02875,0.004,0.00224));
#2905=CARTESIAN_POINT('',(0.02775,0.004,0.00123999999999999));
#2906=CARTESIAN_POINT('',(0.02775,0.003,0.000239999999999986));
#2907=CARTESIAN_POINT('',(0.02125,0.022,0.00224));
#2908=CARTESIAN_POINT('',(0.02125,0.022,0.00224));
#2909=CARTESIAN_POINT('',(0.02225,0.023,0.00774));
#2910=CARTESIAN_POINT('',(0.02175,0.022,0.00824));
#2911=CARTESIAN_POINT('',(0.02875,0.004,0.00774));
#2912=CARTESIAN_POINT('',(0.02775,0.004,0.00874));
#2913=CARTESIAN_POINT('',(0.025,0.004,0.00123999999999999));
#2914=CARTESIAN_POINT('',(0.02225,0.004,0.00123999999999999));
#2915=CARTESIAN_POINT('',(0.02125,0.023,0.00224));
#2916=CARTESIAN_POINT('',(0.02125,0.004,0.00224));
#2917=CARTESIAN_POINT('',(0.02225,0.023,0.00874));
#2918=CARTESIAN_POINT('',(0.02225,0.004,0.00874));
#2919=CARTESIAN_POINT('',(2.25282755413521E-18,0.003,0.00974));
#2920=CARTESIAN_POINT('',(0.02225,0.003,0.00974));
#2921=CARTESIAN_POINT('',(0.02125,0.004,0.00224));
#2922=CARTESIAN_POINT('',(0.02025,0.003,0.00224));
#2923=CARTESIAN_POINT('',(0.02225,0.004,0.00874));
#2924=CARTESIAN_POINT('',(0.02125,0.004,0.00774));
#2925=CARTESIAN_POINT('',(0.02125,0.004,-0.00126000000000001));
#2926=CARTESIAN_POINT('',(-0.02125,0.022,-0.00126));
#2927=CARTESIAN_POINT('',(-0.02225,0.023,0.00224));
#2928=CARTESIAN_POINT('',(-0.02125,0.022,0.00774));
#2929=CARTESIAN_POINT('',(-0.02225,0.023,0.00224));
#2930=CARTESIAN_POINT('',(-0.02225,0.023,0.00224));
#2931=CARTESIAN_POINT('',(-0.02175,0.022,0.00174));
#2932=CARTESIAN_POINT('',(-0.02125,0.022,0.00774));
#2933=CARTESIAN_POINT('',(-0.02125,0.022,0.00774));
#2934=CARTESIAN_POINT('',(-0.02225,0.0225,0.00824));
#2935=CARTESIAN_POINT('',(-0.02225,0.023,0.00124));
#2936=CARTESIAN_POINT('',(-0.02225,0.004,0.00124));
#2937=CARTESIAN_POINT('',(-1.03620815631681E-18,0.023,0.00224));
#2938=CARTESIAN_POINT('',(-0.02775,0.0225,0.00174));
#2939=CARTESIAN_POINT('',(-0.02775,0.023,-1.34441069388203E-18));
#2940=CARTESIAN_POINT('',(-0.02775,0.023,0.00774));
#2941=CARTESIAN_POINT('',(-0.02875,0.022,0.00224));
#2942=CARTESIAN_POINT('',(-0.025,0.022,0.00874));
#2943=CARTESIAN_POINT('',(-0.02775,0.023,0.00774));
#2944=CARTESIAN_POINT('',(-0.02125,0.023,0.00774));
#2945=CARTESIAN_POINT('',(-0.02125,0.004,0.00774));
#2946=CARTESIAN_POINT('',(-0.02025,0.003,-4.33680868994216E-20));
#2947=CARTESIAN_POINT('',(-0.02025,0.003,0.00774));
#2948=CARTESIAN_POINT('',(-0.02125,0.004,0.00224));
#2949=CARTESIAN_POINT('',(-0.02225,0.004,0.00124));
#2950=CARTESIAN_POINT('',(-0.02225,0.003,0.000239999999999989));
#2951=CARTESIAN_POINT('',(-0.02875,0.022,0.00224));
#2952=CARTESIAN_POINT('',(-0.02875,0.022,0.00224));
#2953=CARTESIAN_POINT('',(-0.02775,0.023,0.00774));
#2954=CARTESIAN_POINT('',(-0.02825,0.022,0.00824));
#2955=CARTESIAN_POINT('',(-0.02125,0.004,0.00774));
#2956=CARTESIAN_POINT('',(-0.02225,0.004,0.00874));
#2957=CARTESIAN_POINT('',(-0.025,0.004,0.00123999999999999));
#2958=CARTESIAN_POINT('',(-0.02775,0.004,0.00123999999999999));
#2959=CARTESIAN_POINT('',(-0.02875,0.023,0.00224));
#2960=CARTESIAN_POINT('',(-0.02875,0.004,0.00224));
#2961=CARTESIAN_POINT('',(-0.02775,0.023,0.00874));
#2962=CARTESIAN_POINT('',(-0.02775,0.004,0.00874));
#2963=CARTESIAN_POINT('',(-2.25282755413521E-18,0.003,0.00974));
#2964=CARTESIAN_POINT('',(-0.02775,0.003,0.00974));
#2965=CARTESIAN_POINT('',(-0.02875,0.004,0.00224));
#2966=CARTESIAN_POINT('',(-0.02975,0.003,0.00224));
#2967=CARTESIAN_POINT('',(-0.02775,0.004,0.00874));
#2968=CARTESIAN_POINT('',(-0.02875,0.004,0.00774));
#2969=CARTESIAN_POINT('',(-0.02875,0.004,-0.00126000000000001));
#2970=CARTESIAN_POINT('',(0.025,0.008,0.00224));
#2971=CARTESIAN_POINT('',(0.025,0.018,0.00224));
#2972=CARTESIAN_POINT('',(-0.025,0.008,0.00123999999999999));
#2973=CARTESIAN_POINT('',(-0.025,0.018,0.00123999999999999));
#2974=CARTESIAN_POINT('',(0.025,0.008,0.00874));
#2975=CARTESIAN_POINT('',(0.025,0.018,0.00874));
#2976=CARTESIAN_POINT('',(-0.025,0.008,0.00774));
#2977=CARTESIAN_POINT('',(-0.025,0.018,0.00774));
#2978=CARTESIAN_POINT('',(0.02544025,0.018,-0.02124));
#2979=CARTESIAN_POINT('',(0.02544025,0.018,-0.02124));
#2980=CARTESIAN_POINT('',(-0.02544025,0.023,-0.02124));
#2981=CARTESIAN_POINT('',(-0.02544025,0.023,-0.02124));
#2982=CARTESIAN_POINT('',(0.,0.023,-0.02124));
#2983=CARTESIAN_POINT('',(-0.01014453,0.021,-0.02124));
#2984=CARTESIAN_POINT('',(-0.01014453,0.021,-0.03324));
#2985=CARTESIAN_POINT('',(-0.01014453,0.021,-0.03224));
#2986=CARTESIAN_POINT('',(-0.01014453,0.021,-0.03324));
#2987=CARTESIAN_POINT('',(-0.01014453,0.021,-0.03224));
#2988=CARTESIAN_POINT('',(-0.001497265,0.021,-0.03324));
#2989=CARTESIAN_POINT('',(-0.01014453,0.021,-0.03324));
#2990=CARTESIAN_POINT('',(-0.01014453,0.021,-0.03324));
#2991=CARTESIAN_POINT('',(-0.01014453,0.021,-0.03324));
#2992=CARTESIAN_POINT('',(-0.01014453,0.021,-0.03224));
#2993=CARTESIAN_POINT('',(-0.01014453,0.021,-0.03324));
#2994=CARTESIAN_POINT('',(-0.01014453,0.021,-0.03224));
#2995=CARTESIAN_POINT('',(-0.001497265,0.021,-0.03324));
#2996=CARTESIAN_POINT('',(-0.01014453,0.021,-0.03324));
#2997=CARTESIAN_POINT('',(-0.01014453,0.021,-0.03324));
#2998=CARTESIAN_POINT('',(-0.01014453,0.021,-0.03224));
#2999=CARTESIAN_POINT('',(-0.01014453,0.021,-0.03224));
#3000=CARTESIAN_POINT('',(-0.01014453,0.021,-0.03224));
#3001=CARTESIAN_POINT('',(-0.01014453,0.021,-0.03224));
#3002=CARTESIAN_POINT('',(0.03039,0.001,-0.02024));
#3003=CARTESIAN_POINT('',(0.03039,0.001,-0.02224));
#3004=CARTESIAN_POINT('',(0.03239,0.001,-0.02024));
#3005=CARTESIAN_POINT('',(0.03239,0.001,1.31403063989224E-17));
#3006=CARTESIAN_POINT('',(0.03239,0.001,0.02024));
#3007=CARTESIAN_POINT('',(0.,0.001,-0.02224));
#3008=CARTESIAN_POINT('',(-0.03039,0.001,-0.02224));
#3009=CARTESIAN_POINT('',(0.03039,0.001,0.02024));
#3010=CARTESIAN_POINT('',(0.03039,0.001,0.02224));
#3011=CARTESIAN_POINT('',(-0.03039,0.001,-0.02024));
#3012=CARTESIAN_POINT('',(-0.03239,0.001,-0.02024));
#3013=CARTESIAN_POINT('',(-6.93889390390723E-18,0.001,0.02224));
#3014=CARTESIAN_POINT('',(-0.03039,0.001,0.02224));
#3015=CARTESIAN_POINT('',(-0.03239,0.001,2.98575469187058E-19));
#3016=CARTESIAN_POINT('',(-0.03239,0.001,0.02024));
#3017=CARTESIAN_POINT('',(-0.03039,0.001,0.02024));
#3018=MECHANICAL_DESIGN_GEOMETRIC_PRESENTATION_REPRESENTATION('',(#1799),#3019);
#3019=(
GEOMETRIC_REPRESENTATION_CONTEXT(3)
GLOBAL_UNCERTAINTY_ASSIGNED_CONTEXT((#3020))
GLOBAL_UNIT_ASSIGNED_CONTEXT((#3023,#3022,#3021))
REPRESENTATION_CONTEXT('Part 1','TOP_LEVEL_ASSEMBLY_PART')
);
#3020=UNCERTAINTY_MEASURE_WITH_UNIT(LENGTH_MEASURE(2.E-05),#3023,'DISTANCE_ACCURACY_VALUE','Maximum Tolerance applied to model');
#3021=(
NAMED_UNIT(*)
SI_UNIT($,.STERADIAN.)
SOLID_ANGLE_UNIT()
);
#3022=(
NAMED_UNIT(*)
PLANE_ANGLE_UNIT()
SI_UNIT($,.RADIAN.)
);
#3023=(
LENGTH_UNIT()
NAMED_UNIT(*)
SI_UNIT($,.METRE.)
);
#3024=PRODUCT_DEFINITION_SHAPE('','',#3025);
#3025=PRODUCT_DEFINITION('','',#3027,#3026);
#3026=PRODUCT_DEFINITION_CONTEXT('',#3033,'design');
#3027=PRODUCT_DEFINITION_FORMATION_WITH_SPECIFIED_SOURCE('','',#3029,.NOT_KNOWN.);
#3028=PRODUCT_RELATED_PRODUCT_CATEGORY('','',(#3029));
#3029=PRODUCT('Part 1','Part 1','Part 1',(#3031));
#3030=PRODUCT_CATEGORY('','');
#3031=PRODUCT_CONTEXT('',#3033,'mechanical');
#3032=APPLICATION_PROTOCOL_DEFINITION('international standard','ap242_managed_model_based_3d_engineering',2020,#3033);
#3033=APPLICATION_CONTEXT('managed model based 3d engineering');
#3034=COMPOSITE_SHAPE_ASPECT('DISTANCE.FXe9df8uipt5Jm5_1',$,#3024,$);
#3035=SHAPE_ASPECT('DISTANCE.FXe9df8uipt5Jm5_1',$,#3024,.T.);
#3036=GEOMETRIC_ITEM_SPECIFIC_USAGE('','',#3035,#11,#1703);
#3037=SHAPE_ASPECT_RELATIONSHIP('','',#3034,#3035);
#3038=SHAPE_ASPECT('DISTANCE.FXe9df8uipt5Jm5_1',$,#3024,.T.);
#3039=GEOMETRIC_ITEM_SPECIFIC_USAGE('','',#3038,#11,#1701);
#3040=SHAPE_ASPECT_RELATIONSHIP('','',#3034,#3038);
#3041=COMPOSITE_SHAPE_ASPECT('DISTANCE.FXe9df8uipt5Jm5_1',$,#3024,$);
#3042=SHAPE_ASPECT('DISTANCE.FXe9df8uipt5Jm5_1',$,#3024,.T.);
#3043=GEOMETRIC_ITEM_SPECIFIC_USAGE('','',#3042,#11,#1701);
#3044=SHAPE_ASPECT_RELATIONSHIP('','',#3041,#3042);
#3045=SHAPE_ASPECT('DISTANCE.FXe9df8uipt5Jm5_1',$,#3024,.T.);
#3046=GEOMETRIC_ITEM_SPECIFIC_USAGE('','',#3045,#11,#1702);
#3047=SHAPE_ASPECT_RELATIONSHIP('','',#3041,#3045);
#3048=SHAPE_ASPECT('DISTANCE.FXe9df8uipt5Jm5_1',$,#3024,.T.);
#3049=GEOMETRIC_ITEM_SPECIFIC_USAGE('','',#3048,#11,#1703);
#3050=SHAPE_ASPECT_RELATIONSHIP('','',#3041,#3048);
#3051=SHAPE_ASPECT('DISTANCE.FXe9df8uipt5Jm5_1',$,#3024,.T.);
#3052=GEOMETRIC_ITEM_SPECIFIC_USAGE('','',#3051,#11,#1702);
#3053=SHAPE_ASPECT_RELATIONSHIP('','',#3041,#3051);
#3054=DIMENSIONAL_LOCATION('linear distance','DISTANCE.FXe9df8uipt5Jm5_1',#3034,#3041);
#3056=(
LENGTH_UNIT()
NAMED_UNIT(*)
SI_UNIT(.MILLI.,.METRE.)
);
#3057=PRECISION_QUALIFIER(3);
#3055=(
LENGTH_MEASURE_WITH_UNIT()
MEASURE_REPRESENTATION_ITEM()
MEASURE_WITH_UNIT(POSITIVE_LENGTH_MEASURE(4.94975),#3056)
QUALIFIED_REPRESENTATION_ITEM((#3057))
REPRESENTATION_ITEM('nominal value')
);
#3058=SHAPE_DIMENSION_REPRESENTATION('',(#3055),#3019);
#3059=DIMENSIONAL_CHARACTERISTIC_REPRESENTATION(#3054,#3058);
#3060=PRESENTATION_STYLE_ASSIGNMENT((NULL_STYLE(.NULL.)));
#3061=CARTESIAN_POINT('',(0.03039,0.0105,0.017765125));
#3062=DIRECTION('',(0.,-1.,0.));
#3063=DIRECTION('',(0.,0.,-1.));
#3064=AXIS2_PLACEMENT_3D('',#3061,#3062,#3063);
#3065=PLANE('',#3064);
#3066=ANNOTATION_PLANE('',(#3060),#3065,(#3093));
#3067=CARTESIAN_POINT('',(0.,0.,0.));
#3068=DIRECTION('',(0.,0.,1.));
#3069=DIRECTION('',(1.,0.,0.));
#3070=AXIS2_PLACEMENT_3D('',#3067,#3068,#3069);
#3071=CARTESIAN_POINT('',(0.,0.,0.));
#3072=DIRECTION('',(0.,0.,1.));
#3073=DIRECTION('',(1.,0.,0.));
#3074=AXIS2_PLACEMENT_3D('',#3071,#3072,#3073);
#3075=SHAPE_REPRESENTATION('',(#3074,#1807),#3019);
#3076=REPRESENTATION_MAP(#3070,#3075);
#3077=MAPPED_ITEM('',#3076,#3070);
#3078=PRESENTATION_STYLE_ASSIGNMENT((NULL_STYLE(.NULL.)));
#3079=STYLED_ITEM('',(#3078),#3077);
#3080=DRAUGHTING_MODEL('',(#3066,#3070,#3077,#3079),#3019);
#3081=DRAUGHTING_PRE_DEFINED_CURVE_FONT('continuous');
#3082=COLOUR_RGB('',0.,0.,0.);
#3083=CURVE_STYLE('',#3081,POSITIVE_LENGTH_MEASURE(0.02),#3082);
#3084=PRESENTATION_STYLE_ASSIGNMENT((#3083));
#3085=COORDINATES_LIST('coordinates',999,((0.0312844,0.0105000,0.0175567),(0.0303900,0.0105000,0.0202400),(0.0294956,0.0105000,0.0175567),(0.0294956,0.0105000,0.0179735),(0.0303900,0.0105000,0.0152902),(0.0312844,0.0105000,0.0179735),(0.0309651,0.0105000,0.0167147),(0.0309705,0.0105000,0.0168497),(0.0309692,0.0105000,0.0169529),(0.0309651,0.0105000,0.0167147),(0.0309692,0.0105000,0.0169529),(0.0309653,0.0105000,0.0170521),(0.0309651,0.0105000,0.0167147),(0.0309653,0.0105000,0.0170521),(0.0309587,0.0105000,0.0171473),(0.0309651,0.0105000,0.0167147),(0.0309587,0.0105000,0.0171473),(0.0309495,0.0105000,0.0172383),(0.0309651,0.0105000,0.0167147),(0.0309495,0.0105000,0.0172383),(0.0309377,0.0105000,0.0173253),(0.0309651,0.0105000,0.0167147),(0.0309377,0.0105000,0.0173253),(0.0309233,0.0105000,0.0174083),(0.0309651,0.0105000,0.0167147),(0.0309233,0.0105000,0.0174083),(0.0309063,0.0105000,0.0174871),(0.0309651,0.0105000,0.0167147),(0.0309063,0.0105000,0.0174871),(0.0308866,0.0105000,0.0175619),(0.0309651,0.0105000,0.0167147),(0.0308866,0.0105000,0.0175619),(0.0308394,0.0105000,0.0176993),(0.0309651,0.0105000,0.0167147),(0.0308394,0.0105000,0.0176993),(0.0307818,0.0105000,0.0178204),(0.0309651,0.0105000,0.0167147),(0.0307818,0.0105000,0.0178204),(0.0307136,0.0105000,0.0179253),(0.0309651,0.0105000,0.0167147),(0.0307136,0.0105000,0.0179253),(0.0306350,0.0105000,0.0180138),(0.0309651,0.0105000,0.0167147),(0.0306350,0.0105000,0.0180138),(0.0305567,0.0105000,0.0180843),(0.0309651,0.0105000,0.0167147),(0.0305567,0.0105000,0.0180843),(0.0304759,0.0105000,0.0181453),(0.0309651,0.0105000,0.0167147),(0.0304759,0.0105000,0.0181453),(0.0303926,0.0105000,0.0181970),(0.0309651,0.0105000,0.0167147),(0.0303926,0.0105000,0.0181970),(0.0303067,0.0105000,0.0182393),(0.0309651,0.0105000,0.0167147),(0.0303067,0.0105000,0.0182393),(0.0302182,0.0105000,0.0182721),(0.0309651,0.0105000,0.0167147),(0.0302182,0.0105000,0.0182721),(0.0301272,0.0105000,0.0182956),(0.0309651,0.0105000,0.0167147),(0.0301272,0.0105000,0.0182956),(0.0300337,0.0105000,0.0183097),(0.0300337,0.0105000,0.0183097),(0.0299376,0.0105000,0.0183144),(0.0298485,0.0105000,0.0183109),(0.0300337,0.0105000,0.0183097),(0.0298485,0.0105000,0.0183109),(0.0297627,0.0105000,0.0183004),(0.0300337,0.0105000,0.0183097),(0.0297627,0.0105000,0.0183004),(0.0296802,0.0105000,0.0182828),(0.0300337,0.0105000,0.0183097),(0.0296802,0.0105000,0.0182828),(0.0296010,0.0105000,0.0182583),(0.0300337,0.0105000,0.0183097),(0.0296010,0.0105000,0.0182583),(0.0295251,0.0105000,0.0182268),(0.0300337,0.0105000,0.0183097),(0.0295251,0.0105000,0.0182268),(0.0294526,0.0105000,0.0181882),(0.0300337,0.0105000,0.0183097),(0.0294526,0.0105000,0.0181882),(0.0293833,0.0105000,0.0181426),(0.0300337,0.0105000,0.0183097),(0.0293833,0.0105000,0.0181426),(0.0293174,0.0105000,0.0180900),(0.0304289,0.0105000,0.0189894),(0.0304964,0.0105000,0.0188478),(0.0305794,0.0105000,0.0187541),(0.0304289,0.0105000,0.0189894),(0.0305794,0.0105000,0.0187541),(0.0306953,0.0105000,0.0187017),(0.0303344,0.0105000,0.0191092),(0.0304289,0.0105000,0.0189894),(0.0306953,0.0105000,0.0187017),(0.0303344,0.0105000,0.0191092),(0.0306953,0.0105000,0.0187017),(0.0307709,0.0105000,0.0187325),(0.0303344,0.0105000,0.0191092),(0.0307709,0.0105000,0.0187325),(0.0308316,0.0105000,0.0187782),(0.0302412,0.0105000,0.0191870),(0.0303344,0.0105000,0.0191092),(0.0308316,0.0105000,0.0187782),(0.0302412,0.0105000,0.0191870),(0.0308316,0.0105000,0.0187782),(0.0309081,0.0105000,0.0189145),(0.0301426,0.0105000,0.0192426),(0.0302412,0.0105000,0.0191870),(0.0309081,0.0105000,0.0189145),(0.0301426,0.0105000,0.0192426),(0.0309081,0.0105000,0.0189145),(0.0309006,0.0105000,0.0189864),(0.0301426,0.0105000,0.0192426),(0.0309006,0.0105000,0.0189864),(0.0308520,0.0105000,0.0191042),(0.0300386,0.0105000,0.0192759),(0.0301426,0.0105000,0.0192426),(0.0308520,0.0105000,0.0191042),(0.0300386,0.0105000,0.0192759),(0.0308520,0.0105000,0.0191042),(0.0307908,0.0105000,0.0192140),(0.0299291,0.0105000,0.0192870),(0.0300386,0.0105000,0.0192759),(0.0307908,0.0105000,0.0192140),(0.0299291,0.0105000,0.0192870),(0.0307908,0.0105000,0.0192140),(0.0307171,0.0105000,0.0193158),(0.0299291,0.0105000,0.0192870),(0.0307171,0.0105000,0.0193158),(0.0306308,0.0105000,0.0194098),(0.0298345,0.0105000,0.0192753),(0.0299291,0.0105000,0.0192870),(0.0306308,0.0105000,0.0194098),(0.0298345,0.0105000,0.0192753),(0.0306308,0.0105000,0.0194098),(0.0305538,0.0105000,0.0194805),(0.0298345,0.0105000,0.0192753),(0.0305538,0.0105000,0.0194805),(0.0304738,0.0105000,0.0195417),(0.0297338,0.0105000,0.0192402),(0.0298345,0.0105000,0.0192753),(0.0304738,0.0105000,0.0195417),(0.0297338,0.0105000,0.0192402),(0.0304738,0.0105000,0.0195417),(0.0303907,0.0105000,0.0195936),(0.0297338,0.0105000,0.0192402),(0.0303907,0.0105000,0.0195936),(0.0303045,0.0105000,0.0196360),(0.0296271,0.0105000,0.0191816),(0.0297338,0.0105000,0.0192402),(0.0303045,0.0105000,0.0196360),(0.0296271,0.0105000,0.0191816),(0.0303045,0.0105000,0.0196360),(0.0302153,0.0105000,0.0196690),(0.0295142,0.0105000,0.0190997),(0.0296271,0.0105000,0.0191816),(0.0302153,0.0105000,0.0196690),(0.0295142,0.0105000,0.0190997),(0.0302153,0.0105000,0.0196690),(0.0301230,0.0105000,0.0196925),(0.0295142,0.0105000,0.0190997),(0.0301230,0.0105000,0.0196925),(0.0300276,0.0105000,0.0197067),(0.0294281,0.0105000,0.0190017),(0.0295142,0.0105000,0.0190997),(0.0300276,0.0105000,0.0197067),(0.0294281,0.0105000,0.0190017),(0.0300276,0.0105000,0.0197067),(0.0299291,0.0105000,0.0197114),(0.0294281,0.0105000,0.0190017),(0.0299291,0.0105000,0.0197114),(0.0298442,0.0105000,0.0197069),(0.0294281,0.0105000,0.0190017),(0.0298442,0.0105000,0.0197069),(0.0297590,0.0105000,0.0196933),(0.0293666,0.0105000,0.0188737),(0.0294281,0.0105000,0.0190017),(0.0297590,0.0105000,0.0196933),(0.0293666,0.0105000,0.0188737),(0.0297590,0.0105000,0.0196933),(0.0296733,0.0105000,0.0196706),(0.0293666,0.0105000,0.0188737),(0.0296733,0.0105000,0.0196706),(0.0295873,0.0105000,0.0196389),(0.0293666,0.0105000,0.0188737),(0.0295873,0.0105000,0.0196389),(0.0295008,0.0105000,0.0195981),(0.0293451,0.0105000,0.0187986),(0.0293666,0.0105000,0.0188737),(0.0295008,0.0105000,0.0195981),(0.0293451,0.0105000,0.0187986),(0.0295008,0.0105000,0.0195981),(0.0294140,0.0105000,0.0195483),(0.0293297,0.0105000,0.0187159),(0.0293451,0.0105000,0.0187986),(0.0294140,0.0105000,0.0195483),(0.0293205,0.0105000,0.0186258),(0.0293297,0.0105000,0.0187159),(0.0294140,0.0105000,0.0195483),(0.0293205,0.0105000,0.0186258),(0.0294140,0.0105000,0.0195483),(0.0293267,0.0105000,0.0194894),(0.0293174,0.0105000,0.0185282),(0.0293205,0.0105000,0.0186258),(0.0293267,0.0105000,0.0194894),(0.0293174,0.0105000,0.0185282),(0.0293267,0.0105000,0.0194894),(0.0292391,0.0105000,0.0194214),(0.0293174,0.0105000,0.0180900),(0.0293174,0.0105000,0.0185282),(0.0292391,0.0105000,0.0194214),(0.0293174,0.0105000,0.0180900),(0.0292391,0.0105000,0.0194214),(0.0291572,0.0105000,0.0193437),(0.0293174,0.0105000,0.0180900),(0.0291572,0.0105000,0.0193437),(0.0290863,0.0105000,0.0192564),(0.0293174,0.0105000,0.0180900),(0.0290863,0.0105000,0.0192564),(0.0290262,0.0105000,0.0191598),(0.0293174,0.0105000,0.0180900),(0.0290262,0.0105000,0.0191598),(0.0289771,0.0105000,0.0190536),(0.0293174,0.0105000,0.0180900),(0.0289771,0.0105000,0.0190536),(0.0289389,0.0105000,0.0189381),(0.0293174,0.0105000,0.0180900),(0.0289389,0.0105000,0.0189381),(0.0289116,0.0105000,0.0188130),(0.0293174,0.0105000,0.0180900),(0.0289116,0.0105000,0.0188130),(0.0288953,0.0105000,0.0186785),(0.0293174,0.0105000,0.0180900),(0.0288953,0.0105000,0.0186785),(0.0288898,0.0105000,0.0185345),(0.0293174,0.0105000,0.0180900),(0.0288898,0.0105000,0.0185345),(0.0288898,0.0105000,0.0172180),(0.0300337,0.0105000,0.0183097),(0.0293174,0.0105000,0.0180900),(0.0288898,0.0105000,0.0172180),(0.0288898,0.0105000,0.0172180),(0.0292856,0.0105000,0.0172296),(0.0293011,0.0105000,0.0173526),(0.0288898,0.0105000,0.0172180),(0.0293011,0.0105000,0.0173526),(0.0293475,0.0105000,0.0174738),(0.0288898,0.0105000,0.0172180),(0.0293475,0.0105000,0.0174738),(0.0294249,0.0105000,0.0175933),(0.0300337,0.0105000,0.0183097),(0.0288898,0.0105000,0.0172180),(0.0294249,0.0105000,0.0175933),(0.0300337,0.0105000,0.0183097),(0.0294249,0.0105000,0.0175933),(0.0295333,0.0105000,0.0177111),(0.0300337,0.0105000,0.0183097),(0.0295333,0.0105000,0.0177111),(0.0296288,0.0105000,0.0177899),(0.0300337,0.0105000,0.0183097),(0.0296288,0.0105000,0.0177899),(0.0297280,0.0105000,0.0178461),(0.0300337,0.0105000,0.0183097),(0.0297280,0.0105000,0.0178461),(0.0298309,0.0105000,0.0178798),(0.0300337,0.0105000,0.0183097),(0.0298309,0.0105000,0.0178798),(0.0299376,0.0105000,0.0178911),(0.0300337,0.0105000,0.0183097),(0.0299376,0.0105000,0.0178911),(0.0300437,0.0105000,0.0178798),(0.0300337,0.0105000,0.0183097),(0.0300437,0.0105000,0.0178798),(0.0301463,0.0105000,0.0178461),(0.0300337,0.0105000,0.0183097),(0.0301463,0.0105000,0.0178461),(0.0302453,0.0105000,0.0177899),(0.0300337,0.0105000,0.0183097),(0.0302453,0.0105000,0.0177899),(0.0303408,0.0105000,0.0177111),(0.0300337,0.0105000,0.0183097),(0.0303408,0.0105000,0.0177111),(0.0304288,0.0105000,0.0175823),(0.0309651,0.0105000,0.0167147),(0.0300337,0.0105000,0.0183097),(0.0304288,0.0105000,0.0175823),(0.0309651,0.0105000,0.0167147),(0.0304288,0.0105000,0.0175823),(0.0304633,0.0105000,0.0174962),(0.0309651,0.0105000,0.0167147),(0.0304633,0.0105000,0.0174962),(0.0304916,0.0105000,0.0173958),(0.0309651,0.0105000,0.0167147),(0.0304916,0.0105000,0.0173958),(0.0305136,0.0105000,0.0172809),(0.0309651,0.0105000,0.0167147),(0.0305136,0.0105000,0.0172809),(0.0305293,0.0105000,0.0171516),(0.0309651,0.0105000,0.0167147),(0.0305293,0.0105000,0.0171516),(0.0305387,0.0105000,0.0170078),(0.0309651,0.0105000,0.0167147),(0.0305387,0.0105000,0.0170078),(0.0305419,0.0105000,0.0168497),(0.0309651,0.0105000,0.0167147),(0.0305419,0.0105000,0.0168497),(0.0305385,0.0105000,0.0167583),(0.0309651,0.0105000,0.0167147),(0.0305385,0.0105000,0.0167583),(0.0305284,0.0105000,0.0166719),(0.0309651,0.0105000,0.0167147),(0.0305284,0.0105000,0.0166719),(0.0305117,0.0105000,0.0165905),(0.0309651,0.0105000,0.0167147),(0.0305117,0.0105000,0.0165905),(0.0304882,0.0105000,0.0165142),(0.0309651,0.0105000,0.0167147),(0.0304882,0.0105000,0.0165142),(0.0304210,0.0105000,0.0163766),(0.0309651,0.0105000,0.0167147),(0.0304210,0.0105000,0.0163766),(0.0303270,0.0105000,0.0162591),(0.0309651,0.0105000,0.0167147),(0.0303270,0.0105000,0.0162591),(0.0302357,0.0105000,0.0161813),(0.0292866,0.0105000,0.0171384),(0.0292856,0.0105000,0.0172296),(0.0288898,0.0105000,0.0172180),(0.0292893,0.0105000,0.0170513),(0.0292866,0.0105000,0.0171384),(0.0288898,0.0105000,0.0172180),(0.0293005,0.0105000,0.0168893),(0.0292893,0.0105000,0.0170513),(0.0288898,0.0105000,0.0172180),(0.0293191,0.0105000,0.0167437),(0.0293005,0.0105000,0.0168893),(0.0288898,0.0105000,0.0172180),(0.0293452,0.0105000,0.0166145),(0.0293191,0.0105000,0.0167437),(0.0288898,0.0105000,0.0172180),(0.0293786,0.0105000,0.0165016),(0.0293452,0.0105000,0.0166145),(0.0288898,0.0105000,0.0172180),(0.0294196,0.0105000,0.0164051),(0.0293786,0.0105000,0.0165016),(0.0288898,0.0105000,0.0172180),(0.0294679,0.0105000,0.0163250),(0.0294196,0.0105000,0.0164051),(0.0288898,0.0105000,0.0172180),(0.0294679,0.0105000,0.0163250),(0.0288898,0.0105000,0.0172180),(0.0288911,0.0105000,0.0171025),(0.0294679,0.0105000,0.0163250),(0.0288911,0.0105000,0.0171025),(0.0288952,0.0105000,0.0169919),(0.0294679,0.0105000,0.0163250),(0.0288952,0.0105000,0.0169919),(0.0289018,0.0105000,0.0168862),(0.0295238,0.0105000,0.0162612),(0.0294679,0.0105000,0.0163250),(0.0289018,0.0105000,0.0168862),(0.0295238,0.0105000,0.0162612),(0.0289018,0.0105000,0.0168862),(0.0289112,0.0105000,0.0167853),(0.0295238,0.0105000,0.0162612),(0.0289112,0.0105000,0.0167853),(0.0289232,0.0105000,0.0166893),(0.0296204,0.0105000,0.0161825),(0.0295238,0.0105000,0.0162612),(0.0289232,0.0105000,0.0166893),(0.0296204,0.0105000,0.0161825),(0.0289232,0.0105000,0.0166893),(0.0289379,0.0105000,0.0165981),(0.0296204,0.0105000,0.0161825),(0.0289379,0.0105000,0.0165981),(0.0289552,0.0105000,0.0165118),(0.0297209,0.0105000,0.0161263),(0.0296204,0.0105000,0.0161825),(0.0289552,0.0105000,0.0165118),(0.0297209,0.0105000,0.0161263),(0.0289552,0.0105000,0.0165118),(0.0289753,0.0105000,0.0164303),(0.0297209,0.0105000,0.0161263),(0.0289753,0.0105000,0.0164303),(0.0289980,0.0105000,0.0163537),(0.0298252,0.0105000,0.0160926),(0.0297209,0.0105000,0.0161263),(0.0289980,0.0105000,0.0163537),(0.0298252,0.0105000,0.0160926),(0.0289980,0.0105000,0.0163537),(0.0290233,0.0105000,0.0162819),(0.0298252,0.0105000,0.0160926),(0.0290233,0.0105000,0.0162819),(0.0290821,0.0105000,0.0161530),(0.0299333,0.0105000,0.0160813),(0.0298252,0.0105000,0.0160926),(0.0290821,0.0105000,0.0161530),(0.0299333,0.0105000,0.0160813),(0.0290821,0.0105000,0.0161530),(0.0291515,0.0105000,0.0160434),(0.0299333,0.0105000,0.0160813),(0.0291515,0.0105000,0.0160434),(0.0292317,0.0105000,0.0159533),(0.0300389,0.0105000,0.0160924),(0.0299333,0.0105000,0.0160813),(0.0292317,0.0105000,0.0159533),(0.0300389,0.0105000,0.0160924),(0.0292317,0.0105000,0.0159533),(0.0293113,0.0105000,0.0158833),(0.0300389,0.0105000,0.0160924),(0.0293113,0.0105000,0.0158833),(0.0293934,0.0105000,0.0158227),(0.0301397,0.0105000,0.0161258),(0.0300389,0.0105000,0.0160924),(0.0293934,0.0105000,0.0158227),(0.0301397,0.0105000,0.0161258),(0.0293934,0.0105000,0.0158227),(0.0294782,0.0105000,0.0157714),(0.0301397,0.0105000,0.0161258),(0.0294782,0.0105000,0.0157714),(0.0295656,0.0105000,0.0157294),(0.0302357,0.0105000,0.0161813),(0.0301397,0.0105000,0.0161258),(0.0295656,0.0105000,0.0157294),(0.0302357,0.0105000,0.0161813),(0.0295656,0.0105000,0.0157294),(0.0296555,0.0105000,0.0156968),(0.0309651,0.0105000,0.0167147),(0.0302357,0.0105000,0.0161813),(0.0296555,0.0105000,0.0156968),(0.0309651,0.0105000,0.0167147),(0.0296555,0.0105000,0.0156968),(0.0297480,0.0105000,0.0156735),(0.0309651,0.0105000,0.0167147),(0.0297480,0.0105000,0.0156735),(0.0298431,0.0105000,0.0156595),(0.0309651,0.0105000,0.0167147),(0.0298431,0.0105000,0.0156595),(0.0299407,0.0105000,0.0156548),(0.0309651,0.0105000,0.0167147),(0.0299407,0.0105000,0.0156548),(0.0300360,0.0105000,0.0156596),(0.0309651,0.0105000,0.0167147),(0.0300360,0.0105000,0.0156596),(0.0301285,0.0105000,0.0156738),(0.0309651,0.0105000,0.0167147),(0.0301285,0.0105000,0.0156738),(0.0302184,0.0105000,0.0156975),(0.0309651,0.0105000,0.0167147),(0.0302184,0.0105000,0.0156975),(0.0303056,0.0105000,0.0157307),(0.0309651,0.0105000,0.0167147),(0.0303056,0.0105000,0.0157307),(0.0303901,0.0105000,0.0157735),(0.0309651,0.0105000,0.0167147),(0.0303901,0.0105000,0.0157735),(0.0304720,0.0105000,0.0158257),(0.0309651,0.0105000,0.0167147),(0.0304720,0.0105000,0.0158257),(0.0305511,0.0105000,0.0158874),(0.0309651,0.0105000,0.0167147),(0.0305511,0.0105000,0.0158874),(0.0306276,0.0105000,0.0159585),(0.0309651,0.0105000,0.0167147),(0.0306276,0.0105000,0.0159585),(0.0307080,0.0105000,0.0160463),(0.0309651,0.0105000,0.0167147),(0.0307080,0.0105000,0.0160463),(0.0307776,0.0105000,0.0161408),(0.0309651,0.0105000,0.0167147),(0.0307776,0.0105000,0.0161408),(0.0308366,0.0105000,0.0162421),(0.0309651,0.0105000,0.0167147),(0.0308366,0.0105000,0.0162421),(0.0308848,0.0105000,0.0163501),(0.0309651,0.0105000,0.0167147),(0.0308848,0.0105000,0.0163501),(0.0309223,0.0105000,0.0164649),(0.0309651,0.0105000,0.0167147),(0.0309223,0.0105000,0.0164649),(0.0309491,0.0105000,0.0165864),(0.0282220,0.0105000,0.0187917),(0.0282199,0.0105000,0.0188404),(0.0281960,0.0105000,0.0189325),(0.0282220,0.0105000,0.0187917),(0.0281960,0.0105000,0.0189325),(0.0281681,0.0105000,0.0190188),(0.0282220,0.0105000,0.0187917),(0.0281681,0.0105000,0.0190188),(0.0281363,0.0105000,0.0190993),(0.0282220,0.0105000,0.0187917),(0.0281363,0.0105000,0.0190993),(0.0281006,0.0105000,0.0191740),(0.0282220,0.0105000,0.0187917),(0.0281006,0.0105000,0.0191740),(0.0280609,0.0105000,0.0192430),(0.0282220,0.0105000,0.0187917),(0.0280609,0.0105000,0.0192430),(0.0280173,0.0105000,0.0193061),(0.0282220,0.0105000,0.0187917),(0.0280173,0.0105000,0.0193061),(0.0279183,0.0105000,0.0194151),(0.0282220,0.0105000,0.0187917),(0.0279183,0.0105000,0.0194151),(0.0278373,0.0105000,0.0194845),(0.0282220,0.0105000,0.0187917),(0.0278373,0.0105000,0.0194845),(0.0277542,0.0105000,0.0195447),(0.0282220,0.0105000,0.0187917),(0.0277542,0.0105000,0.0195447),(0.0276689,0.0105000,0.0195956),(0.0282220,0.0105000,0.0187917),(0.0276689,0.0105000,0.0195956),(0.0275814,0.0105000,0.0196373),(0.0282220,0.0105000,0.0187917),(0.0275814,0.0105000,0.0196373),(0.0274919,0.0105000,0.0196697),(0.0282220,0.0105000,0.0187917),(0.0274919,0.0105000,0.0196697),(0.0274001,0.0105000,0.0196929),(0.0282220,0.0105000,0.0187917),(0.0274001,0.0105000,0.0196929),(0.0273063,0.0105000,0.0197068),(0.0282220,0.0105000,0.0187917),(0.0273063,0.0105000,0.0197068),(0.0272102,0.0105000,0.0197114),(0.0282220,0.0105000,0.0187917),(0.0272102,0.0105000,0.0197114),(0.0271150,0.0105000,0.0197067),(0.0282220,0.0105000,0.0187917),(0.0271150,0.0105000,0.0197067),(0.0270224,0.0105000,0.0196925),(0.0282220,0.0105000,0.0187917),(0.0270224,0.0105000,0.0196925),(0.0269324,0.0105000,0.0196690),(0.0282220,0.0105000,0.0187917),(0.0269324,0.0105000,0.0196690),(0.0268451,0.0105000,0.0196360),(0.0268451,0.0105000,0.0196360),(0.0267604,0.0105000,0.0195936),(0.0266784,0.0105000,0.0195417),(0.0268451,0.0105000,0.0196360),(0.0266784,0.0105000,0.0195417),(0.0265990,0.0105000,0.0194805),(0.0268451,0.0105000,0.0196360),(0.0265990,0.0105000,0.0194805),(0.0265223,0.0105000,0.0194098),(0.0268451,0.0105000,0.0196360),(0.0265223,0.0105000,0.0194098),(0.0264422,0.0105000,0.0193215),(0.0268451,0.0105000,0.0196360),(0.0264422,0.0105000,0.0193215),(0.0263728,0.0105000,0.0192267),(0.0268451,0.0105000,0.0196360),(0.0263728,0.0105000,0.0192267),(0.0263140,0.0105000,0.0191252),(0.0268451,0.0105000,0.0196360),(0.0263140,0.0105000,0.0191252),(0.0262659,0.0105000,0.0190171),(0.0268451,0.0105000,0.0196360),(0.0262659,0.0105000,0.0190171),(0.0262286,0.0105000,0.0189024),(0.0268451,0.0105000,0.0196360),(0.0262286,0.0105000,0.0189024),(0.0262018,0.0105000,0.0187811),(0.0268451,0.0105000,0.0196360),(0.0262018,0.0105000,0.0187811),(0.0261858,0.0105000,0.0186532),(0.0268451,0.0105000,0.0196360),(0.0261858,0.0105000,0.0186532),(0.0261805,0.0105000,0.0185187),(0.0268451,0.0105000,0.0196360),(0.0261805,0.0105000,0.0185187),(0.0261818,0.0105000,0.0184154),(0.0268451,0.0105000,0.0196360),(0.0261818,0.0105000,0.0184154),(0.0261856,0.0105000,0.0183161),(0.0268451,0.0105000,0.0196360),(0.0261856,0.0105000,0.0183161),(0.0261921,0.0105000,0.0182209),(0.0268451,0.0105000,0.0196360),(0.0261921,0.0105000,0.0182209),(0.0262011,0.0105000,0.0181298),(0.0268451,0.0105000,0.0196360),(0.0262011,0.0105000,0.0181298),(0.0262127,0.0105000,0.0180427),(0.0268451,0.0105000,0.0196360),(0.0262127,0.0105000,0.0180427),(0.0262269,0.0105000,0.0179596),(0.0268451,0.0105000,0.0196360),(0.0262269,0.0105000,0.0179596),(0.0262437,0.0105000,0.0178806),(0.0268451,0.0105000,0.0196360),(0.0262437,0.0105000,0.0178806),(0.0262630,0.0105000,0.0178056),(0.0268451,0.0105000,0.0196360),(0.0262630,0.0105000,0.0178056),(0.0263095,0.0105000,0.0176678),(0.0263095,0.0105000,0.0176678),(0.0263662,0.0105000,0.0175461),(0.0264333,0.0105000,0.0174406),(0.0263095,0.0105000,0.0176678),(0.0264333,0.0105000,0.0174406),(0.0265107,0.0105000,0.0173513),(0.0263095,0.0105000,0.0176678),(0.0265107,0.0105000,0.0173513),(0.0265902,0.0105000,0.0172819),(0.0263095,0.0105000,0.0176678),(0.0265902,0.0105000,0.0172819),(0.0266720,0.0105000,0.0172217),(0.0263095,0.0105000,0.0176678),(0.0266720,0.0105000,0.0172217),(0.0267562,0.0105000,0.0171707),(0.0263095,0.0105000,0.0176678),(0.0267562,0.0105000,0.0171707),(0.0268427,0.0105000,0.0171291),(0.0263095,0.0105000,0.0176678),(0.0268427,0.0105000,0.0171291),(0.0269316,0.0105000,0.0170967),(0.0263095,0.0105000,0.0176678),(0.0269316,0.0105000,0.0170967),(0.0270228,0.0105000,0.0170735),(0.0263095,0.0105000,0.0176678),(0.0270228,0.0105000,0.0170735),(0.0271164,0.0105000,0.0170596),(0.0263095,0.0105000,0.0176678),(0.0271164,0.0105000,0.0170596),(0.0272124,0.0105000,0.0170550),(0.0263095,0.0105000,0.0176678),(0.0272124,0.0105000,0.0170550),(0.0272977,0.0105000,0.0170582),(0.0263095,0.0105000,0.0176678),(0.0272977,0.0105000,0.0170582),(0.0273800,0.0105000,0.0170680),(0.0263095,0.0105000,0.0176678),(0.0273800,0.0105000,0.0170680),(0.0274595,0.0105000,0.0170843),(0.0263095,0.0105000,0.0176678),(0.0274595,0.0105000,0.0170843),(0.0275359,0.0105000,0.0171071),(0.0263095,0.0105000,0.0176678),(0.0275359,0.0105000,0.0171071),(0.0276801,0.0105000,0.0171723),(0.0263095,0.0105000,0.0176678),(0.0276801,0.0105000,0.0171723),(0.0278124,0.0105000,0.0172635),(0.0277701,0.0105000,0.0160855),(0.0264948,0.0105000,0.0160855),(0.0264133,0.0105000,0.0160697),(0.0277701,0.0105000,0.0160855),(0.0264133,0.0105000,0.0160697),(0.0263445,0.0105000,0.0160220),(0.0277701,0.0105000,0.0160855),(0.0263445,0.0105000,0.0160220),(0.0262977,0.0105000,0.0159527),(0.0277701,0.0105000,0.0160855),(0.0262977,0.0105000,0.0159527),(0.0262821,0.0105000,0.0158718),(0.0277701,0.0105000,0.0160855),(0.0262821,0.0105000,0.0158718),(0.0262977,0.0105000,0.0157911),(0.0277701,0.0105000,0.0160855),(0.0262977,0.0105000,0.0157911),(0.0263445,0.0105000,0.0157225),(0.0277701,0.0105000,0.0160855),(0.0263445,0.0105000,0.0157225),(0.0264133,0.0105000,0.0156749),(0.0277701,0.0105000,0.0160855),(0.0264133,0.0105000,0.0156749),(0.0264948,0.0105000,0.0156590),(0.0277701,0.0105000,0.0160855),(0.0264948,0.0105000,0.0156590),(0.0279669,0.0105000,0.0156590),(0.0278124,0.0105000,0.0172635),(0.0277701,0.0105000,0.0160855),(0.0279669,0.0105000,0.0156590),(0.0278124,0.0105000,0.0172635),(0.0279669,0.0105000,0.0156590),(0.0280474,0.0105000,0.0156731),(0.0278124,0.0105000,0.0172635),(0.0280474,0.0105000,0.0156731),(0.0281172,0.0105000,0.0157151),(0.0278124,0.0105000,0.0172635),(0.0281172,0.0105000,0.0157151),(0.0281649,0.0105000,0.0157802),(0.0278124,0.0105000,0.0172635),(0.0281649,0.0105000,0.0157802),(0.0281807,0.0105000,0.0158591),(0.0278124,0.0105000,0.0172635),(0.0281807,0.0105000,0.0158591),(0.0282612,0.0105000,0.0179239),(0.0278124,0.0105000,0.0172635),(0.0282612,0.0105000,0.0179239),(0.0282479,0.0105000,0.0180032),(0.0278124,0.0105000,0.0172635),(0.0282479,0.0105000,0.0180032),(0.0282082,0.0105000,0.0180742),(0.0278124,0.0105000,0.0172635),(0.0282082,0.0105000,0.0180742),(0.0281432,0.0105000,0.0181281),(0.0278124,0.0105000,0.0172635),(0.0281432,0.0105000,0.0181281),(0.0280601,0.0105000,0.0181461),(0.0278124,0.0105000,0.0172635),(0.0280601,0.0105000,0.0181461),(0.0279789,0.0105000,0.0181326),(0.0278124,0.0105000,0.0172635),(0.0279789,0.0105000,0.0181326),(0.0279066,0.0105000,0.0180921),(0.0278124,0.0105000,0.0172635),(0.0279066,0.0105000,0.0180921),(0.0278442,0.0105000,0.0179905),(0.0278124,0.0105000,0.0172635),(0.0278442,0.0105000,0.0179905),(0.0278102,0.0105000,0.0179054),(0.0278124,0.0105000,0.0172635),(0.0278102,0.0105000,0.0179054),(0.0277611,0.0105000,0.0178215),(0.0278124,0.0105000,0.0172635),(0.0277611,0.0105000,0.0178215),(0.0276969,0.0105000,0.0177387),(0.0278124,0.0105000,0.0172635),(0.0276969,0.0105000,0.0177387),(0.0276177,0.0105000,0.0176572),(0.0278124,0.0105000,0.0172635),(0.0276177,0.0105000,0.0176572),(0.0275221,0.0105000,0.0175794),(0.0278124,0.0105000,0.0172635),(0.0275221,0.0105000,0.0175794),(0.0274227,0.0105000,0.0175238),(0.0278124,0.0105000,0.0172635),(0.0274227,0.0105000,0.0175238),(0.0273194,0.0105000,0.0174905),(0.0278124,0.0105000,0.0172635),(0.0273194,0.0105000,0.0174905),(0.0272124,0.0105000,0.0174794),(0.0278124,0.0105000,0.0172635),(0.0272124,0.0105000,0.0174794),(0.0271059,0.0105000,0.0174905),(0.0263095,0.0105000,0.0176678),(0.0278124,0.0105000,0.0172635),(0.0271059,0.0105000,0.0174905),(0.0263095,0.0105000,0.0176678),(0.0271059,0.0105000,0.0174905),(0.0270033,0.0105000,0.0175238),(0.0263095,0.0105000,0.0176678),(0.0270033,0.0105000,0.0175238),(0.0269048,0.0105000,0.0175794),(0.0263095,0.0105000,0.0176678),(0.0269048,0.0105000,0.0175794),(0.0268102,0.0105000,0.0176572),(0.0263095,0.0105000,0.0176678),(0.0268102,0.0105000,0.0176572),(0.0267199,0.0105000,0.0177858),(0.0263095,0.0105000,0.0176678),(0.0267199,0.0105000,0.0177858),(0.0266844,0.0105000,0.0178719),(0.0263095,0.0105000,0.0176678),(0.0266844,0.0105000,0.0178719),(0.0266554,0.0105000,0.0179726),(0.0263095,0.0105000,0.0176678),(0.0266554,0.0105000,0.0179726),(0.0266328,0.0105000,0.0180878),(0.0263095,0.0105000,0.0176678),(0.0266328,0.0105000,0.0180878),(0.0266167,0.0105000,0.0182176),(0.0263095,0.0105000,0.0176678),(0.0266167,0.0105000,0.0182176),(0.0266070,0.0105000,0.0183619),(0.0263095,0.0105000,0.0176678),(0.0266070,0.0105000,0.0183619),(0.0266038,0.0105000,0.0185208),(0.0263095,0.0105000,0.0176678),(0.0266038,0.0105000,0.0185208),(0.0266073,0.0105000,0.0186122),(0.0263095,0.0105000,0.0176678),(0.0266073,0.0105000,0.0186122),(0.0266176,0.0105000,0.0186987),(0.0263095,0.0105000,0.0176678),(0.0266176,0.0105000,0.0186987),(0.0266348,0.0105000,0.0187802),(0.0268451,0.0105000,0.0196360),(0.0263095,0.0105000,0.0176678),(0.0266348,0.0105000,0.0187802),(0.0268451,0.0105000,0.0196360),(0.0266348,0.0105000,0.0187802),(0.0266588,0.0105000,0.0188568),(0.0268451,0.0105000,0.0196360),(0.0266588,0.0105000,0.0188568),(0.0267276,0.0105000,0.0189950),(0.0268451,0.0105000,0.0196360),(0.0267276,0.0105000,0.0189950),(0.0268239,0.0105000,0.0191134),(0.0268451,0.0105000,0.0196360),(0.0268239,0.0105000,0.0191134),(0.0269152,0.0105000,0.0191894),(0.0268451,0.0105000,0.0196360),(0.0269152,0.0105000,0.0191894),(0.0270113,0.0105000,0.0192436),(0.0268451,0.0105000,0.0196360),(0.0270113,0.0105000,0.0192436),(0.0271121,0.0105000,0.0192762),(0.0268451,0.0105000,0.0196360),(0.0271121,0.0105000,0.0192762),(0.0272176,0.0105000,0.0192870),(0.0268451,0.0105000,0.0196360),(0.0272176,0.0105000,0.0192870),(0.0273202,0.0105000,0.0192758),(0.0268451,0.0105000,0.0196360),(0.0273202,0.0105000,0.0192758),(0.0274227,0.0105000,0.0192420),(0.0268451,0.0105000,0.0196360),(0.0274227,0.0105000,0.0192420),(0.0275250,0.0105000,0.0191858),(0.0282220,0.0105000,0.0187917),(0.0268451,0.0105000,0.0196360),(0.0275250,0.0105000,0.0191858),(0.0282220,0.0105000,0.0187917),(0.0275250,0.0105000,0.0191858),(0.0276272,0.0105000,0.0191071),(0.0282220,0.0105000,0.0187917),(0.0276272,0.0105000,0.0191071),(0.0277293,0.0105000,0.0189642),(0.0282220,0.0105000,0.0187917),(0.0277293,0.0105000,0.0189642),(0.0277689,0.0105000,0.0188642),(0.0282220,0.0105000,0.0187917),(0.0277689,0.0105000,0.0188642),(0.0278008,0.0105000,0.0187451),(0.0282220,0.0105000,0.0187917),(0.0278008,0.0105000,0.0187451),(0.0278448,0.0105000,0.0186724),(0.0282220,0.0105000,0.0187917),(0.0278448,0.0105000,0.0186724),(0.0278934,0.0105000,0.0186205),(0.0282220,0.0105000,0.0187917),(0.0278934,0.0105000,0.0186205),(0.0280040,0.0105000,0.0185790),(0.0282220,0.0105000,0.0187917),(0.0280040,0.0105000,0.0185790),(0.0280114,0.0105000,0.0185790),(0.0282220,0.0105000,0.0187917),(0.0280114,0.0105000,0.0185790),(0.0280853,0.0105000,0.0185947),(0.0282220,0.0105000,0.0187917),(0.0280853,0.0105000,0.0185947),(0.0281450,0.0105000,0.0186353),(0.0328956,0.0105000,0.0180466),(0.0333009,0.0105000,0.0180466),(0.0339910,0.0105000,0.0180604),(0.0326532,0.0105000,0.0180466),(0.0328956,0.0105000,0.0180466),(0.0339910,0.0105000,0.0180604),(0.0333009,0.0105000,0.0167110),(0.0333009,0.0105000,0.0180466),(0.0328956,0.0105000,0.0180466),(0.0333009,0.0105000,0.0167110),(0.0328956,0.0105000,0.0180466),(0.0328956,0.0105000,0.0158591),(0.0339910,0.0105000,0.0180604),(0.0333009,0.0105000,0.0167110),(0.0328956,0.0105000,0.0158591),(0.0339910,0.0105000,0.0180604),(0.0328956,0.0105000,0.0158591),(0.0329054,0.0105000,0.0157842),(0.0339910,0.0105000,0.0180604),(0.0329054,0.0105000,0.0157842),(0.0329348,0.0105000,0.0157268),(0.0339910,0.0105000,0.0180604),(0.0329348,0.0105000,0.0157268),(0.0330438,0.0105000,0.0156527),(0.0339910,0.0105000,0.0180604),(0.0330438,0.0105000,0.0156527),(0.0331041,0.0105000,0.0156453),(0.0339910,0.0105000,0.0180604),(0.0331041,0.0105000,0.0156453),(0.0331803,0.0105000,0.0156548),(0.0339910,0.0105000,0.0180604),(0.0331803,0.0105000,0.0156548),(0.0332872,0.0105000,0.0157384),(0.0339910,0.0105000,0.0180604),(0.0332872,0.0105000,0.0157384),(0.0345646,0.0105000,0.0181578),(0.0326532,0.0105000,0.0180466),(0.0339910,0.0105000,0.0180604),(0.0345646,0.0105000,0.0181578),(0.0326532,0.0105000,0.0180466),(0.0345646,0.0105000,0.0181578),(0.0345995,0.0105000,0.0182848),(0.0326532,0.0105000,0.0180466),(0.0345995,0.0105000,0.0182848),(0.0345741,0.0105000,0.0183726),(0.0326532,0.0105000,0.0180466),(0.0345741,0.0105000,0.0183726),(0.0344971,0.0105000,0.0184472),(0.0326532,0.0105000,0.0180466),(0.0344971,0.0105000,0.0184472),(0.0343868,0.0105000,0.0184721),(0.0326532,0.0105000,0.0180466),(0.0343868,0.0105000,0.0184721),(0.0333221,0.0105000,0.0184721),(0.0333221,0.0105000,0.0184721),(0.0333221,0.0105000,0.0194839),(0.0333065,0.0105000,0.0195672),(0.0333221,0.0105000,0.0184721),(0.0333065,0.0105000,0.0195672),(0.0332597,0.0105000,0.0196352),(0.0333221,0.0105000,0.0184721),(0.0332597,0.0105000,0.0196352),(0.0331909,0.0105000,0.0196812),(0.0333221,0.0105000,0.0184721),(0.0331909,0.0105000,0.0196812),(0.0331094,0.0105000,0.0196966),(0.0333221,0.0105000,0.0184721),(0.0331094,0.0105000,0.0196966),(0.0330271,0.0105000,0.0196812),(0.0333221,0.0105000,0.0184721),(0.0330271,0.0105000,0.0196812),(0.0329580,0.0105000,0.0196352),(0.0333221,0.0105000,0.0184721),(0.0329580,0.0105000,0.0196352),(0.0329112,0.0105000,0.0195672),(0.0333221,0.0105000,0.0184721),(0.0329112,0.0105000,0.0195672),(0.0328956,0.0105000,0.0194839),(0.0333221,0.0105000,0.0184721),(0.0328956,0.0105000,0.0194839),(0.0328956,0.0105000,0.0184721),(0.0326532,0.0105000,0.0180466),(0.0333221,0.0105000,0.0184721),(0.0328956,0.0105000,0.0184721),(0.0326532,0.0105000,0.0180466),(0.0328956,0.0105000,0.0184721),(0.0326532,0.0105000,0.0184721),(0.0326532,0.0105000,0.0180466),(0.0326532,0.0105000,0.0184721),(0.0325696,0.0105000,0.0184565),(0.0326532,0.0105000,0.0180466),(0.0325696,0.0105000,0.0184565),(0.0325008,0.0105000,0.0184096),(0.0326532,0.0105000,0.0180466),(0.0325008,0.0105000,0.0184096),(0.0324548,0.0105000,0.0183409),(0.0326532,0.0105000,0.0180466),(0.0324548,0.0105000,0.0183409),(0.0324395,0.0105000,0.0182594),(0.0326532,0.0105000,0.0180466),(0.0324395,0.0105000,0.0182594),(0.0324548,0.0105000,0.0181779),(0.0326532,0.0105000,0.0180466),(0.0324548,0.0105000,0.0181779),(0.0325008,0.0105000,0.0181091),(0.0326532,0.0105000,0.0180466),(0.0325008,0.0105000,0.0181091),(0.0325696,0.0105000,0.0180623),(0.0320214,0.0105000,0.0196810),(0.0319484,0.0105000,0.0197876),(0.0318418,0.0105000,0.0198606),(0.0320214,0.0105000,0.0196810),(0.0318418,0.0105000,0.0198606),(0.0317166,0.0105000,0.0198850),(0.0320214,0.0105000,0.0196810),(0.0317166,0.0105000,0.0198850),(0.0315917,0.0105000,0.0198606),(0.0320214,0.0105000,0.0196810),(0.0315917,0.0105000,0.0198606),(0.0314859,0.0105000,0.0197876),(0.0320214,0.0105000,0.0196810),(0.0314859,0.0105000,0.0197876),(0.0314129,0.0105000,0.0196810),(0.0320214,0.0105000,0.0196810),(0.0314129,0.0105000,0.0196810),(0.0313885,0.0105000,0.0195558),(0.0320214,0.0105000,0.0196810),(0.0313885,0.0105000,0.0195558),(0.0314129,0.0105000,0.0194307),(0.0320214,0.0105000,0.0196810),(0.0314129,0.0105000,0.0194307),(0.0314859,0.0105000,0.0193240),(0.0320214,0.0105000,0.0196810),(0.0314859,0.0105000,0.0193240),(0.0315917,0.0105000,0.0192510),(0.0320214,0.0105000,0.0196810),(0.0315917,0.0105000,0.0192510),(0.0317166,0.0105000,0.0192267),(0.0320214,0.0105000,0.0196810),(0.0317166,0.0105000,0.0192267),(0.0318418,0.0105000,0.0192510),(0.0320214,0.0105000,0.0196810),(0.0318418,0.0105000,0.0192510),(0.0319484,0.0105000,0.0193240),(0.0320214,0.0105000,0.0196810),(0.0319484,0.0105000,0.0193240),(0.0320214,0.0105000,0.0194307),(0.0320214,0.0105000,0.0196810),(0.0320214,0.0105000,0.0194307),(0.0320458,0.0105000,0.0195558)));
#3086=COMPLEX_TRIANGULATED_SURFACE_SET('surface set',#3085,999,(),(),(),((1,2,3),(4,5,6),(7,8,9),(10,11,12),(13,14,15),(16,17,18),(19,20,21),(22,23,24),(25,26,27),(28,29,30),(31,32,33),(34,35,36),(37,38,39),(40,41,42),(43,44,45),(46,47,48),(49,50,51),(52,53,54),(55,56,57),(58,59,60),(61,62,63),(64,65,66),(67,68,69),(70,71,72),(73,74,75),(76,77,78),(79,80,81),(82,83,84),(85,86,87),(88,89,90),(91,92,93),(94,95,96),(97,98,99),(100,101,102),(103,104,105),(106,107,108),(109,110,111),(112,113,114),(115,116,117),(118,119,120),(121,122,123),(124,125,126),(127,128,129),(130,131,132),(133,134,135),(136,137,138),(139,140,141),(142,143,144),(145,146,147),(148,149,150),(151,152,153),(154,155,156),(157,158,159),(160,161,162),(163,164,165),(166,167,168),(169,170,171),(172,173,174),(175,176,177),(178,179,180),(181,182,183),(184,185,186),(187,188,189),(190,191,192),(193,194,195),(196,197,198),(199,200,201),(202,203,204),(205,206,207),(208,209,210),(211,212,213),(214,215,216),(217,218,219),(220,221,222),(223,224,225),(226,227,228),(229,230,231),(232,233,234),(235,236,237),(238,239,240),(241,242,243),(244,245,246),(247,248,249),(250,251,252),(253,254,255),(256,257,258),(259,260,261),(262,263,264),(265,266,267),(268,269,270),(271,272,273),(274,275,276),(277,278,279),(280,281,282),(283,284,285),(286,287,288),(289,290,291),(292,293,294),(295,296,297),(298,299,300),(301,302,303),(304,305,306),(307,308,309),(310,311,312),(313,314,315),(316,317,318),(319,320,321),(322,323,324),(325,326,327),(328,329,330),(331,332,333),(334,335,336),(337,338,339),(340,341,342),(343,344,345),(346,347,348),(349,350,351),(352,353,354),(355,356,357),(358,359,360),(361,362,363),(364,365,366),(367,368,369),(370,371,372),(373,374,375),(376,377,378),(379,380,381),(382,383,384),(385,386,387),(388,389,390),(391,392,393),(394,395,396),(397,398,399),(400,401,402),(403,404,405),(406,407,408),(409,410,411),(412,413,414),(415,416,417),(418,419,420),(421,422,423),(424,425,426),(427,428,429),(430,431,432),(433,434,435),(436,437,438),(439,440,441),(442,443,444),(445,446,447),(448,449,450),(451,452,453),(454,455,456),(457,458,459),(460,461,462),(463,464,465),(466,467,468),(469,470,471),(472,473,474),(475,476,477),(478,479,480),(481,482,483),(484,485,486),(487,488,489),(490,491,492),(493,494,495),(496,497,498),(499,500,501),(502,503,504),(505,506,507),(508,509,510),(511,512,513),(514,515,516),(517,518,519),(520,521,522),(523,524,525),(526,527,528),(529,530,531),(532,533,534),(535,536,537),(538,539,540),(541,542,543),(544,545,546),(547,548,549),(550,551,552),(553,554,555),(556,557,558),(559,560,561),(562,563,564),(565,566,567),(568,569,570),(571,572,573),(574,575,576),(577,578,579),(580,581,582),(583,584,585),(586,587,588),(589,590,591),(592,593,594),(595,596,597),(598,599,600),(601,602,603),(604,605,606),(607,608,609),(610,611,612),(613,614,615),(616,617,618),(619,620,621),(622,623,624),(625,626,627),(628,629,630),(631,632,633),(634,635,636),(637,638,639),(640,641,642),(643,644,645),(646,647,648),(649,650,651),(652,653,654),(655,656,657),(658,659,660),(661,662,663),(664,665,666),(667,668,669),(670,671,672),(673,674,675),(676,677,678),(679,680,681),(682,683,684),(685,686,687),(688,689,690),(691,692,693),(694,695,696),(697,698,699),(700,701,702),(703,704,705),(706,707,708),(709,710,711),(712,713,714),(715,716,717),(718,719,720),(721,722,723),(724,725,726),(727,728,729),(730,731,732),(733,734,735),(736,737,738),(739,740,741),(742,743,744),(745,746,747),(748,749,750),(751,752,753),(754,755,756),(757,758,759),(760,761,762),(763,764,765),(766,767,768),(769,770,771),(772,773,774),(775,776,777),(778,779,780),(781,782,783),(784,785,786),(787,788,789),(790,791,792),(793,794,795),(796,797,798),(799,800,801),(802,803,804),(805,806,807),(808,809,810),(811,812,813),(814,815,816),(817,818,819),(820,821,822),(823,824,825),(826,827,828),(829,830,831),(832,833,834),(835,836,837),(838,839,840),(841,842,843),(844,845,846),(847,848,849),(850,851,852),(853,854,855),(856,857,858),(859,860,861),(862,863,864),(865,866,867),(868,869,870),(871,872,873),(874,875,876),(877,878,879),(880,881,882),(883,884,885),(886,887,888),(889,890,891),(892,893,894),(895,896,897),(898,899,900),(901,902,903),(904,905,906),(907,908,909),(910,911,912),(913,914,915),(916,917,918),(919,920,921),(922,923,924),(925,926,927),(928,929,930),(931,932,933),(934,935,936),(937,938,939),(940,941,942),(943,944,945),(946,947,948),(949,950,951),(952,953,954),(955,956,957),(958,959,960),(961,962,963),(964,965,966),(967,968,969),(970,971,972),(973,974,975),(976,977,978),(979,980,981),(982,983,984),(985,986,987),(988,989,990),(991,992,993),(994,995,996),(997,998,999)));
#3087=TESSELLATED_GEOMETRIC_SET('linear dimension',(#3086));
#3088=COORDINATES_LIST('coordinates',10,((0.0303900,0.0030000,0.0202400),(0.0303900,0.0180000,0.0202400),(0.0303900,0.0105000,0.0202400),(0.0303900,0.0105000,0.0202400),(0.0303900,0.0105000,0.0152902),(0.0303900,0.0105000,0.0152902),(0.0303900,0.0105000,0.0229746),(0.0303900,0.0105000,0.0229746),(0.0303900,0.0105000,0.0125556),(0.0303900,0.0105000,0.0125556)));
#3089=TESSELLATED_CURVE_SET('curve set',#3088,((1,2),(3,4),(5,6),(7,8),(9,10)));
#3090=TESSELLATED_GEOMETRIC_SET('linear dimension',(#3089));
#3091=TESSELLATED_ANNOTATION_OCCURRENCE('linear dimension',(#3084),#3087);
#3092=TESSELLATED_ANNOTATION_OCCURRENCE('linear dimension',(#3084),#3090);
#3093=DRAUGHTING_CALLOUT('linear dimension',(#3091,#3092));
#3094=DRAUGHTING_MODEL_ITEM_ASSOCIATION('','',#3034,#3080,#3093);
#3095=DRAUGHTING_MODEL_ITEM_ASSOCIATION('','',#3041,#3080,#3093);
#3096=DRAUGHTING_MODEL_ITEM_ASSOCIATION('','',#3054,#3080,#3093);
ENDSEC;
END-ISO-10303-21;
