ISO-10303-21;
HEADER;
/* Generated by software containing ST-Developer
 * from STEP Tools, Inc. (www.steptools.com) 
 */
/* OPTION: using custom renumber hook */

FILE_DESCRIPTION(
/* description */ ('STEP AP242 Edition 2',
'CAx-IF Rec.Pracs.---Representation and Presentation of Product Manufa
cturing Information (PMI)---4.0---2014-10-13',
'CAx-IF Rec.Pracs.---3D Tessellated Geometry---0.4---2014-09-14','2;1',
'CAx-IF Rec.Pracs.---User Defined Attributes---1.5---2016-08-15'),
/* implementation_level */ '2;1');

FILE_NAME(
/* name */ 'Gimbal Holder',
/* time_stamp */ '2026-06-03T20:49:43Z',
/* author */ (''),
/* organization */ (''),
/* preprocessor_version */ 'ST-DEVELOPER v20',
/* originating_system */ 'ONSHAPE BY PTC INC, 1.215',
/* authorisation */ '  ');

FILE_SCHEMA (('AP242_MANAGED_MODEL_BASED_3D_ENGINEERING_MIM_LF { 1 0 10303 442 3 1 4 }'));
ENDSEC;

DATA;
#10=SHAPE_REPRESENTATION_RELATIONSHIP('','',#1484,#12);
#11=SHAPE_REPRESENTATION_RELATIONSHIP('','',#1485,#13);
#12=ADVANCED_BREP_SHAPE_REPRESENTATION('',(#1480),#2498);
#13=ADVANCED_BREP_SHAPE_REPRESENTATION('',(#1481),#2499);
#14=TOROIDAL_SURFACE('',#1551,0.00165,0.0004);
#15=TOROIDAL_SURFACE('',#1553,0.00165,0.0004);
#16=TOROIDAL_SURFACE('',#1559,0.001775,0.0004);
#17=TOROIDAL_SURFACE('',#1561,0.00165,0.0004);
#18=LINE('',#2102,#144);
#19=LINE('',#2105,#145);
#20=LINE('',#2107,#146);
#21=LINE('',#2109,#147);
#22=LINE('',#2111,#148);
#23=LINE('',#2113,#149);
#24=LINE('',#2115,#150);
#25=LINE('',#2117,#151);
#26=LINE('',#2119,#152);
#27=LINE('',#2121,#153);
#28=LINE('',#2123,#154);
#29=LINE('',#2127,#155);
#30=LINE('',#2131,#156);
#31=LINE('',#2135,#157);
#32=LINE('',#2139,#158);
#33=LINE('',#2141,#159);
#34=LINE('',#2145,#160);
#35=LINE('',#2147,#161);
#36=LINE('',#2149,#162);
#37=LINE('',#2157,#163);
#38=LINE('',#2161,#164);
#39=LINE('',#2165,#165);
#40=LINE('',#2169,#166);
#41=LINE('',#2179,#167);
#42=LINE('',#2181,#168);
#43=LINE('',#2183,#169);
#44=LINE('',#2186,#170);
#45=LINE('',#2187,#171);
#46=LINE('',#2189,#172);
#47=LINE('',#2190,#173);
#48=LINE('',#2192,#174);
#49=LINE('',#2194,#175);
#50=LINE('',#2195,#176);
#51=LINE('',#2197,#177);
#52=LINE('',#2199,#178);
#53=LINE('',#2201,#179);
#54=LINE('',#2203,#180);
#55=LINE('',#2209,#181);
#56=LINE('',#2211,#182);
#57=LINE('',#2213,#183);
#58=LINE('',#2215,#184);
#59=LINE('',#2217,#185);
#60=LINE('',#2221,#186);
#61=LINE('',#2223,#187);
#62=LINE('',#2225,#188);
#63=LINE('',#2229,#189);
#64=LINE('',#2231,#190);
#65=LINE('',#2233,#191);
#66=LINE('',#2237,#192);
#67=LINE('',#2239,#193);
#68=LINE('',#2275,#194);
#69=LINE('',#2277,#195);
#70=LINE('',#2279,#196);
#71=LINE('',#2281,#197);
#72=LINE('',#2283,#198);
#73=LINE('',#2286,#199);
#74=LINE('',#2288,#200);
#75=LINE('',#2290,#201);
#76=LINE('',#2292,#202);
#77=LINE('',#2294,#203);
#78=LINE('',#2298,#204);
#79=LINE('',#2301,#205);
#80=LINE('',#2303,#206);
#81=LINE('',#2305,#207);
#82=LINE('',#2307,#208);
#83=LINE('',#2309,#209);
#84=LINE('',#2311,#210);
#85=LINE('',#2316,#211);
#86=LINE('',#2318,#212);
#87=LINE('',#2327,#213);
#88=LINE('',#2329,#214);
#89=LINE('',#2335,#215);
#90=LINE('',#2338,#216);
#91=LINE('',#2346,#217);
#92=LINE('',#2349,#218);
#93=LINE('',#2350,#219);
#94=LINE('',#2354,#220);
#95=LINE('',#2356,#221);
#96=LINE('',#2358,#222);
#97=LINE('',#2360,#223);
#98=LINE('',#2362,#224);
#99=LINE('',#2364,#225);
#100=LINE('',#2368,#226);
#101=LINE('',#2370,#227);
#102=LINE('',#2374,#228);
#103=LINE('',#2376,#229);
#104=LINE('',#2380,#230);
#105=LINE('',#2392,#231);
#106=LINE('',#2393,#232);
#107=LINE('',#2395,#233);
#108=LINE('',#2397,#234);
#109=LINE('',#2399,#235);
#110=LINE('',#2401,#236);
#111=LINE('',#2403,#237);
#112=LINE('',#2405,#238);
#113=LINE('',#2407,#239);
#114=LINE('',#2410,#240);
#115=LINE('',#2411,#241);
#116=LINE('',#2412,#242);
#117=LINE('',#2414,#243);
#118=LINE('',#2417,#244);
#119=LINE('',#2418,#245);
#120=LINE('',#2419,#246);
#121=LINE('',#2421,#247);
#122=LINE('',#2422,#248);
#123=LINE('',#2424,#249);
#124=LINE('',#2431,#250);
#125=LINE('',#2435,#251);
#126=LINE('',#2437,#252);
#127=LINE('',#2439,#253);
#128=LINE('',#2441,#254);
#129=LINE('',#2444,#255);
#130=LINE('',#2445,#256);
#131=LINE('',#2447,#257);
#132=LINE('',#2449,#258);
#133=LINE('',#2451,#259);
#134=LINE('',#2453,#260);
#135=LINE('',#2455,#261);
#136=LINE('',#2457,#262);
#137=LINE('',#2459,#263);
#138=LINE('',#2461,#264);
#139=LINE('',#2462,#265);
#140=LINE('',#2473,#266);
#141=LINE('',#2475,#267);
#142=LINE('',#2482,#268);
#143=LINE('',#2484,#269);
#144=VECTOR('',#1670,1.);
#145=VECTOR('',#1671,1.);
#146=VECTOR('',#1672,1.);
#147=VECTOR('',#1673,1.);
#148=VECTOR('',#1674,1.);
#149=VECTOR('',#1675,1.);
#150=VECTOR('',#1676,1.);
#151=VECTOR('',#1677,1.);
#152=VECTOR('',#1678,1.);
#153=VECTOR('',#1679,1.);
#154=VECTOR('',#1680,1.);
#155=VECTOR('',#1683,1.);
#156=VECTOR('',#1686,1.);
#157=VECTOR('',#1689,1.);
#158=VECTOR('',#1692,1.);
#159=VECTOR('',#1693,1.);
#160=VECTOR('',#1698,1.);
#161=VECTOR('',#1699,1.);
#162=VECTOR('',#1700,1.);
#163=VECTOR('',#1709,1.);
#164=VECTOR('',#1712,1.);
#165=VECTOR('',#1715,1.);
#166=VECTOR('',#1718,1.);
#167=VECTOR('',#1729,1.);
#168=VECTOR('',#1730,1.);
#169=VECTOR('',#1733,1.);
#170=VECTOR('',#1734,1.);
#171=VECTOR('',#1735,1.);
#172=VECTOR('',#1736,1.);
#173=VECTOR('',#1737,1.);
#174=VECTOR('',#1738,1.);
#175=VECTOR('',#1739,1.);
#176=VECTOR('',#1740,1.);
#177=VECTOR('',#1743,1.);
#178=VECTOR('',#1744,1.);
#179=VECTOR('',#1747,1.);
#180=VECTOR('',#1748,1.);
#181=VECTOR('',#1755,1.);
#182=VECTOR('',#1758,1.);
#183=VECTOR('',#1759,1.);
#184=VECTOR('',#1760,1.);
#185=VECTOR('',#1763,1.);
#186=VECTOR('',#1768,1.);
#187=VECTOR('',#1769,1.);
#188=VECTOR('',#1772,1.);
#189=VECTOR('',#1777,1.);
#190=VECTOR('',#1778,1.);
#191=VECTOR('',#1781,1.);
#192=VECTOR('',#1786,1.);
#193=VECTOR('',#1787,1.);
#194=VECTOR('',#1850,1.);
#195=VECTOR('',#1851,1.);
#196=VECTOR('',#1852,1.);
#197=VECTOR('',#1855,1.);
#198=VECTOR('',#1858,1.);
#199=VECTOR('',#1863,1.);
#200=VECTOR('',#1864,1.);
#201=VECTOR('',#1865,1.);
#202=VECTOR('',#1868,1.);
#203=VECTOR('',#1871,1.);
#204=VECTOR('',#1878,1.);
#205=VECTOR('',#1879,1.);
#206=VECTOR('',#1880,1.);
#207=VECTOR('',#1881,1.);
#208=VECTOR('',#1884,1.);
#209=VECTOR('',#1885,1.);
#210=VECTOR('',#1886,1.);
#211=VECTOR('',#1891,1.);
#212=VECTOR('',#1892,1.);
#213=VECTOR('',#1901,1.);
#214=VECTOR('',#1902,1.);
#215=VECTOR('',#1909,1.);
#216=VECTOR('',#1910,1.);
#217=VECTOR('',#1919,1.);
#218=VECTOR('',#1920,1.);
#219=VECTOR('',#1921,1.);
#220=VECTOR('',#1924,1.);
#221=VECTOR('',#1925,1.);
#222=VECTOR('',#1926,1.);
#223=VECTOR('',#1927,1.);
#224=VECTOR('',#1928,1.);
#225=VECTOR('',#1929,1.);
#226=VECTOR('',#1932,1.);
#227=VECTOR('',#1933,1.);
#228=VECTOR('',#1936,1.);
#229=VECTOR('',#1937,1.);
#230=VECTOR('',#1940,1.);
#231=VECTOR('',#1953,1.);
#232=VECTOR('',#1954,1.);
#233=VECTOR('',#1957,1.);
#234=VECTOR('',#1960,1.);
#235=VECTOR('',#1961,1.);
#236=VECTOR('',#1962,1.);
#237=VECTOR('',#1965,1.);
#238=VECTOR('',#1966,1.);
#239=VECTOR('',#1969,1.);
#240=VECTOR('',#1970,1.);
#241=VECTOR('',#1971,1.);
#242=VECTOR('',#1972,1.);
#243=VECTOR('',#1975,1.);
#244=VECTOR('',#1976,1.);
#245=VECTOR('',#1977,1.);
#246=VECTOR('',#1978,1.);
#247=VECTOR('',#1981,1.);
#248=VECTOR('',#1982,1.);
#249=VECTOR('',#1983,1.);
#250=VECTOR('',#1992,1.);
#251=VECTOR('',#1995,1.);
#252=VECTOR('',#1998,1.);
#253=VECTOR('',#2001,1.);
#254=VECTOR('',#2004,1.);
#255=VECTOR('',#2005,1.);
#256=VECTOR('',#2006,1.);
#257=VECTOR('',#2009,1.);
#258=VECTOR('',#2010,1.);
#259=VECTOR('',#2013,1.);
#260=VECTOR('',#2014,1.);
#261=VECTOR('',#2015,1.);
#262=VECTOR('',#2016,1.);
#263=VECTOR('',#2019,1.);
#264=VECTOR('',#2020,1.);
#265=VECTOR('',#2021,1.);
#266=VECTOR('',#2042,1.);
#267=VECTOR('',#2043,1.);
#268=VECTOR('',#2054,1.);
#269=VECTOR('',#2057,1.);
#270=PLANE('',#1499);
#271=PLANE('',#1505);
#272=PLANE('',#1508);
#273=PLANE('',#1517);
#274=PLANE('',#1518);
#275=PLANE('',#1519);
#276=PLANE('',#1520);
#277=PLANE('',#1521);
#278=PLANE('',#1524);
#279=PLANE('',#1527);
#280=PLANE('',#1530);
#281=PLANE('',#1533);
#282=PLANE('',#1538);
#283=PLANE('',#1541);
#284=PLANE('',#1544);
#285=PLANE('',#1547);
#286=PLANE('',#1564);
#287=PLANE('',#1565);
#288=PLANE('',#1566);
#289=PLANE('',#1567);
#290=PLANE('',#1568);
#291=PLANE('',#1569);
#292=PLANE('',#1570);
#293=PLANE('',#1571);
#294=PLANE('',#1573);
#295=PLANE('',#1574);
#296=PLANE('',#1575);
#297=PLANE('',#1579);
#298=PLANE('',#1583);
#299=PLANE('',#1587);
#300=PLANE('',#1597);
#301=PLANE('',#1598);
#302=PLANE('',#1599);
#303=PLANE('',#1600);
#304=PLANE('',#1601);
#305=PLANE('',#1602);
#306=PLANE('',#1603);
#307=PLANE('',#1611);
#308=PLANE('',#1612);
#309=PLANE('',#1613);
#310=PLANE('',#1614);
#311=PLANE('',#1624);
#312=PLANE('',#1627);
#313=PLANE('',#1629);
#314=PLANE('',#1630);
#315=PLANE('',#1631);
#316=PLANE('',#1632);
#317=PLANE('',#1633);
#318=PLANE('',#1636);
#319=PLANE('',#1637);
#320=PLANE('',#1638);
#321=PLANE('',#1639);
#322=PLANE('',#1640);
#323=PLANE('',#1641);
#324=ORIENTED_EDGE('',*,*,#720,.F.);
#325=ORIENTED_EDGE('',*,*,#721,.T.);
#326=ORIENTED_EDGE('',*,*,#722,.T.);
#327=ORIENTED_EDGE('',*,*,#723,.F.);
#328=ORIENTED_EDGE('',*,*,#724,.F.);
#329=ORIENTED_EDGE('',*,*,#725,.T.);
#330=ORIENTED_EDGE('',*,*,#726,.T.);
#331=ORIENTED_EDGE('',*,*,#727,.F.);
#332=ORIENTED_EDGE('',*,*,#728,.F.);
#333=ORIENTED_EDGE('',*,*,#729,.T.);
#334=ORIENTED_EDGE('',*,*,#730,.T.);
#335=ORIENTED_EDGE('',*,*,#731,.T.);
#336=ORIENTED_EDGE('',*,*,#732,.F.);
#337=ORIENTED_EDGE('',*,*,#733,.T.);
#338=ORIENTED_EDGE('',*,*,#734,.T.);
#339=ORIENTED_EDGE('',*,*,#735,.F.);
#340=ORIENTED_EDGE('',*,*,#736,.F.);
#341=ORIENTED_EDGE('',*,*,#737,.T.);
#342=ORIENTED_EDGE('',*,*,#738,.T.);
#343=ORIENTED_EDGE('',*,*,#739,.F.);
#344=ORIENTED_EDGE('',*,*,#740,.F.);
#345=ORIENTED_EDGE('',*,*,#741,.F.);
#346=ORIENTED_EDGE('',*,*,#742,.F.);
#347=ORIENTED_EDGE('',*,*,#743,.F.);
#348=ORIENTED_EDGE('',*,*,#744,.T.);
#349=ORIENTED_EDGE('',*,*,#745,.F.);
#350=ORIENTED_EDGE('',*,*,#746,.T.);
#351=ORIENTED_EDGE('',*,*,#747,.F.);
#352=ORIENTED_EDGE('',*,*,#724,.T.);
#353=ORIENTED_EDGE('',*,*,#722,.F.);
#354=ORIENTED_EDGE('',*,*,#748,.F.);
#355=ORIENTED_EDGE('',*,*,#720,.T.);
#356=ORIENTED_EDGE('',*,*,#726,.F.);
#357=ORIENTED_EDGE('',*,*,#749,.F.);
#358=ORIENTED_EDGE('',*,*,#738,.F.);
#359=ORIENTED_EDGE('',*,*,#750,.F.);
#360=ORIENTED_EDGE('',*,*,#751,.T.);
#361=ORIENTED_EDGE('',*,*,#752,.F.);
#362=ORIENTED_EDGE('',*,*,#748,.T.);
#363=ORIENTED_EDGE('',*,*,#753,.T.);
#364=ORIENTED_EDGE('',*,*,#754,.T.);
#365=ORIENTED_EDGE('',*,*,#755,.T.);
#366=ORIENTED_EDGE('',*,*,#756,.T.);
#367=ORIENTED_EDGE('',*,*,#757,.T.);
#368=ORIENTED_EDGE('',*,*,#758,.T.);
#369=ORIENTED_EDGE('',*,*,#759,.T.);
#370=ORIENTED_EDGE('',*,*,#760,.T.);
#371=ORIENTED_EDGE('',*,*,#761,.F.);
#372=ORIENTED_EDGE('',*,*,#762,.F.);
#373=ORIENTED_EDGE('',*,*,#763,.F.);
#374=ORIENTED_EDGE('',*,*,#764,.F.);
#375=ORIENTED_EDGE('',*,*,#752,.T.);
#376=ORIENTED_EDGE('',*,*,#737,.F.);
#377=ORIENTED_EDGE('',*,*,#765,.F.);
#378=ORIENTED_EDGE('',*,*,#766,.T.);
#379=ORIENTED_EDGE('',*,*,#750,.T.);
#380=ORIENTED_EDGE('',*,*,#767,.T.);
#381=ORIENTED_EDGE('',*,*,#768,.T.);
#382=ORIENTED_EDGE('',*,*,#728,.T.);
#383=ORIENTED_EDGE('',*,*,#769,.F.);
#384=ORIENTED_EDGE('',*,*,#770,.F.);
#385=ORIENTED_EDGE('',*,*,#765,.T.);
#386=ORIENTED_EDGE('',*,*,#736,.T.);
#387=ORIENTED_EDGE('',*,*,#771,.F.);
#388=ORIENTED_EDGE('',*,*,#772,.T.);
#389=ORIENTED_EDGE('',*,*,#773,.T.);
#390=ORIENTED_EDGE('',*,*,#732,.T.);
#391=ORIENTED_EDGE('',*,*,#774,.T.);
#392=ORIENTED_EDGE('',*,*,#747,.T.);
#393=ORIENTED_EDGE('',*,*,#775,.F.);
#394=ORIENTED_EDGE('',*,*,#776,.F.);
#395=ORIENTED_EDGE('',*,*,#769,.T.);
#396=ORIENTED_EDGE('',*,*,#777,.F.);
#397=ORIENTED_EDGE('',*,*,#778,.T.);
#398=ORIENTED_EDGE('',*,*,#775,.T.);
#399=ORIENTED_EDGE('',*,*,#746,.F.);
#400=ORIENTED_EDGE('',*,*,#779,.F.);
#401=ORIENTED_EDGE('',*,*,#751,.F.);
#402=ORIENTED_EDGE('',*,*,#766,.F.);
#403=ORIENTED_EDGE('',*,*,#770,.T.);
#404=ORIENTED_EDGE('',*,*,#776,.T.);
#405=ORIENTED_EDGE('',*,*,#778,.F.);
#406=ORIENTED_EDGE('',*,*,#780,.F.);
#407=ORIENTED_EDGE('',*,*,#781,.T.);
#408=ORIENTED_EDGE('',*,*,#782,.F.);
#409=ORIENTED_EDGE('',*,*,#783,.T.);
#410=ORIENTED_EDGE('',*,*,#784,.T.);
#411=ORIENTED_EDGE('',*,*,#740,.T.);
#412=ORIENTED_EDGE('',*,*,#785,.F.);
#413=ORIENTED_EDGE('',*,*,#786,.T.);
#414=ORIENTED_EDGE('',*,*,#782,.T.);
#415=ORIENTED_EDGE('',*,*,#739,.T.);
#416=ORIENTED_EDGE('',*,*,#749,.T.);
#417=ORIENTED_EDGE('',*,*,#779,.T.);
#418=ORIENTED_EDGE('',*,*,#787,.F.);
#419=ORIENTED_EDGE('',*,*,#788,.T.);
#420=ORIENTED_EDGE('',*,*,#785,.T.);
#421=ORIENTED_EDGE('',*,*,#781,.F.);
#422=ORIENTED_EDGE('',*,*,#789,.F.);
#423=ORIENTED_EDGE('',*,*,#790,.T.);
#424=ORIENTED_EDGE('',*,*,#787,.T.);
#425=ORIENTED_EDGE('',*,*,#780,.T.);
#426=ORIENTED_EDGE('',*,*,#777,.T.);
#427=ORIENTED_EDGE('',*,*,#745,.T.);
#428=ORIENTED_EDGE('',*,*,#791,.F.);
#429=ORIENTED_EDGE('',*,*,#792,.T.);
#430=ORIENTED_EDGE('',*,*,#789,.T.);
#431=ORIENTED_EDGE('',*,*,#744,.F.);
#432=ORIENTED_EDGE('',*,*,#793,.F.);
#433=ORIENTED_EDGE('',*,*,#794,.T.);
#434=ORIENTED_EDGE('',*,*,#791,.T.);
#435=ORIENTED_EDGE('',*,*,#743,.T.);
#436=ORIENTED_EDGE('',*,*,#795,.F.);
#437=ORIENTED_EDGE('',*,*,#796,.T.);
#438=ORIENTED_EDGE('',*,*,#793,.T.);
#439=ORIENTED_EDGE('',*,*,#742,.T.);
#440=ORIENTED_EDGE('',*,*,#784,.F.);
#441=ORIENTED_EDGE('',*,*,#797,.T.);
#442=ORIENTED_EDGE('',*,*,#795,.T.);
#443=ORIENTED_EDGE('',*,*,#741,.T.);
#444=ORIENTED_EDGE('',*,*,#798,.F.);
#445=ORIENTED_EDGE('',*,*,#764,.T.);
#446=ORIENTED_EDGE('',*,*,#721,.F.);
#447=ORIENTED_EDGE('',*,*,#798,.T.);
#448=ORIENTED_EDGE('',*,*,#799,.F.);
#449=ORIENTED_EDGE('',*,*,#763,.T.);
#450=ORIENTED_EDGE('',*,*,#723,.T.);
#451=ORIENTED_EDGE('',*,*,#799,.T.);
#452=ORIENTED_EDGE('',*,*,#800,.F.);
#453=ORIENTED_EDGE('',*,*,#762,.T.);
#454=ORIENTED_EDGE('',*,*,#725,.F.);
#455=ORIENTED_EDGE('',*,*,#800,.T.);
#456=ORIENTED_EDGE('',*,*,#801,.F.);
#457=ORIENTED_EDGE('',*,*,#761,.T.);
#458=ORIENTED_EDGE('',*,*,#727,.T.);
#459=ORIENTED_EDGE('',*,*,#801,.T.);
#460=ORIENTED_EDGE('',*,*,#802,.F.);
#461=ORIENTED_EDGE('',*,*,#792,.F.);
#462=ORIENTED_EDGE('',*,*,#803,.F.);
#463=ORIENTED_EDGE('',*,*,#758,.F.);
#464=ORIENTED_EDGE('',*,*,#803,.T.);
#465=ORIENTED_EDGE('',*,*,#794,.F.);
#466=ORIENTED_EDGE('',*,*,#804,.F.);
#467=ORIENTED_EDGE('',*,*,#759,.F.);
#468=ORIENTED_EDGE('',*,*,#802,.T.);
#469=ORIENTED_EDGE('',*,*,#757,.F.);
#470=ORIENTED_EDGE('',*,*,#805,.F.);
#471=ORIENTED_EDGE('',*,*,#790,.F.);
#472=ORIENTED_EDGE('',*,*,#804,.T.);
#473=ORIENTED_EDGE('',*,*,#796,.F.);
#474=ORIENTED_EDGE('',*,*,#806,.F.);
#475=ORIENTED_EDGE('',*,*,#760,.F.);
#476=ORIENTED_EDGE('',*,*,#805,.T.);
#477=ORIENTED_EDGE('',*,*,#756,.F.);
#478=ORIENTED_EDGE('',*,*,#807,.F.);
#479=ORIENTED_EDGE('',*,*,#788,.F.);
#480=ORIENTED_EDGE('',*,*,#806,.T.);
#481=ORIENTED_EDGE('',*,*,#797,.F.);
#482=ORIENTED_EDGE('',*,*,#808,.F.);
#483=ORIENTED_EDGE('',*,*,#753,.F.);
#484=ORIENTED_EDGE('',*,*,#807,.T.);
#485=ORIENTED_EDGE('',*,*,#755,.F.);
#486=ORIENTED_EDGE('',*,*,#809,.F.);
#487=ORIENTED_EDGE('',*,*,#786,.F.);
#488=ORIENTED_EDGE('',*,*,#808,.T.);
#489=ORIENTED_EDGE('',*,*,#783,.F.);
#490=ORIENTED_EDGE('',*,*,#809,.T.);
#491=ORIENTED_EDGE('',*,*,#754,.F.);
#492=ORIENTED_EDGE('',*,*,#810,.F.);
#493=ORIENTED_EDGE('',*,*,#811,.F.);
#494=ORIENTED_EDGE('',*,*,#812,.T.);
#495=ORIENTED_EDGE('',*,*,#734,.F.);
#496=ORIENTED_EDGE('',*,*,#773,.F.);
#497=ORIENTED_EDGE('',*,*,#813,.T.);
#498=ORIENTED_EDGE('',*,*,#810,.T.);
#499=ORIENTED_EDGE('',*,*,#733,.F.);
#500=ORIENTED_EDGE('',*,*,#735,.T.);
#501=ORIENTED_EDGE('',*,*,#812,.F.);
#502=ORIENTED_EDGE('',*,*,#814,.F.);
#503=ORIENTED_EDGE('',*,*,#771,.T.);
#504=ORIENTED_EDGE('',*,*,#814,.T.);
#505=ORIENTED_EDGE('',*,*,#811,.T.);
#506=ORIENTED_EDGE('',*,*,#813,.F.);
#507=ORIENTED_EDGE('',*,*,#772,.F.);
#508=ORIENTED_EDGE('',*,*,#815,.F.);
#509=ORIENTED_EDGE('',*,*,#816,.F.);
#510=ORIENTED_EDGE('',*,*,#817,.F.);
#511=ORIENTED_EDGE('',*,*,#730,.F.);
#512=ORIENTED_EDGE('',*,*,#768,.F.);
#513=ORIENTED_EDGE('',*,*,#818,.T.);
#514=ORIENTED_EDGE('',*,*,#815,.T.);
#515=ORIENTED_EDGE('',*,*,#729,.F.);
#516=ORIENTED_EDGE('',*,*,#817,.T.);
#517=ORIENTED_EDGE('',*,*,#819,.F.);
#518=ORIENTED_EDGE('',*,*,#774,.F.);
#519=ORIENTED_EDGE('',*,*,#731,.F.);
#520=ORIENTED_EDGE('',*,*,#819,.T.);
#521=ORIENTED_EDGE('',*,*,#816,.T.);
#522=ORIENTED_EDGE('',*,*,#818,.F.);
#523=ORIENTED_EDGE('',*,*,#767,.F.);
#524=ORIENTED_EDGE('',*,*,#820,.F.);
#525=ORIENTED_EDGE('',*,*,#821,.F.);
#526=ORIENTED_EDGE('',*,*,#822,.F.);
#527=ORIENTED_EDGE('',*,*,#823,.T.);
#528=ORIENTED_EDGE('',*,*,#824,.F.);
#529=ORIENTED_EDGE('',*,*,#825,.F.);
#530=ORIENTED_EDGE('',*,*,#826,.F.);
#531=ORIENTED_EDGE('',*,*,#821,.T.);
#532=ORIENTED_EDGE('',*,*,#827,.F.);
#533=ORIENTED_EDGE('',*,*,#828,.F.);
#534=ORIENTED_EDGE('',*,*,#829,.F.);
#535=ORIENTED_EDGE('',*,*,#830,.F.);
#536=ORIENTED_EDGE('',*,*,#831,.T.);
#537=ORIENTED_EDGE('',*,*,#832,.F.);
#538=ORIENTED_EDGE('',*,*,#833,.F.);
#539=ORIENTED_EDGE('',*,*,#834,.T.);
#540=ORIENTED_EDGE('',*,*,#835,.F.);
#541=ORIENTED_EDGE('',*,*,#836,.F.);
#542=ORIENTED_EDGE('',*,*,#837,.F.);
#543=ORIENTED_EDGE('',*,*,#838,.T.);
#544=ORIENTED_EDGE('',*,*,#839,.F.);
#545=ORIENTED_EDGE('',*,*,#840,.T.);
#546=ORIENTED_EDGE('',*,*,#841,.F.);
#547=ORIENTED_EDGE('',*,*,#842,.F.);
#548=ORIENTED_EDGE('',*,*,#843,.T.);
#549=ORIENTED_EDGE('',*,*,#822,.T.);
#550=ORIENTED_EDGE('',*,*,#826,.T.);
#551=ORIENTED_EDGE('',*,*,#844,.T.);
#552=ORIENTED_EDGE('',*,*,#845,.F.);
#553=ORIENTED_EDGE('',*,*,#846,.F.);
#554=ORIENTED_EDGE('',*,*,#847,.F.);
#555=ORIENTED_EDGE('',*,*,#848,.F.);
#556=ORIENTED_EDGE('',*,*,#849,.F.);
#557=ORIENTED_EDGE('',*,*,#850,.T.);
#558=ORIENTED_EDGE('',*,*,#851,.T.);
#559=ORIENTED_EDGE('',*,*,#852,.F.);
#560=ORIENTED_EDGE('',*,*,#853,.T.);
#561=ORIENTED_EDGE('',*,*,#854,.T.);
#562=ORIENTED_EDGE('',*,*,#855,.F.);
#563=ORIENTED_EDGE('',*,*,#856,.F.);
#564=ORIENTED_EDGE('',*,*,#857,.F.);
#565=ORIENTED_EDGE('',*,*,#858,.F.);
#566=ORIENTED_EDGE('',*,*,#859,.F.);
#567=ORIENTED_EDGE('',*,*,#860,.F.);
#568=ORIENTED_EDGE('',*,*,#861,.T.);
#569=ORIENTED_EDGE('',*,*,#862,.F.);
#570=ORIENTED_EDGE('',*,*,#863,.T.);
#571=ORIENTED_EDGE('',*,*,#864,.T.);
#572=ORIENTED_EDGE('',*,*,#865,.T.);
#573=ORIENTED_EDGE('',*,*,#829,.T.);
#574=ORIENTED_EDGE('',*,*,#866,.F.);
#575=ORIENTED_EDGE('',*,*,#853,.F.);
#576=ORIENTED_EDGE('',*,*,#866,.T.);
#577=ORIENTED_EDGE('',*,*,#828,.T.);
#578=ORIENTED_EDGE('',*,*,#867,.F.);
#579=ORIENTED_EDGE('',*,*,#854,.F.);
#580=ORIENTED_EDGE('',*,*,#868,.T.);
#581=ORIENTED_EDGE('',*,*,#869,.F.);
#582=ORIENTED_EDGE('',*,*,#870,.F.);
#583=ORIENTED_EDGE('',*,*,#856,.T.);
#584=ORIENTED_EDGE('',*,*,#870,.T.);
#585=ORIENTED_EDGE('',*,*,#871,.F.);
#586=ORIENTED_EDGE('',*,*,#872,.F.);
#587=ORIENTED_EDGE('',*,*,#857,.T.);
#588=ORIENTED_EDGE('',*,*,#873,.T.);
#589=ORIENTED_EDGE('',*,*,#874,.F.);
#590=ORIENTED_EDGE('',*,*,#859,.T.);
#591=ORIENTED_EDGE('',*,*,#875,.T.);
#592=ORIENTED_EDGE('',*,*,#838,.F.);
#593=ORIENTED_EDGE('',*,*,#876,.F.);
#594=ORIENTED_EDGE('',*,*,#877,.F.);
#595=ORIENTED_EDGE('',*,*,#878,.T.);
#596=ORIENTED_EDGE('',*,*,#876,.T.);
#597=ORIENTED_EDGE('',*,*,#837,.T.);
#598=ORIENTED_EDGE('',*,*,#879,.F.);
#599=ORIENTED_EDGE('',*,*,#844,.F.);
#600=ORIENTED_EDGE('',*,*,#825,.T.);
#601=ORIENTED_EDGE('',*,*,#880,.T.);
#602=ORIENTED_EDGE('',*,*,#877,.T.);
#603=ORIENTED_EDGE('',*,*,#881,.T.);
#604=ORIENTED_EDGE('',*,*,#823,.F.);
#605=ORIENTED_EDGE('',*,*,#843,.F.);
#606=ORIENTED_EDGE('',*,*,#882,.T.);
#607=ORIENTED_EDGE('',*,*,#883,.T.);
#608=ORIENTED_EDGE('',*,*,#879,.T.);
#609=ORIENTED_EDGE('',*,*,#841,.T.);
#610=ORIENTED_EDGE('',*,*,#884,.T.);
#611=ORIENTED_EDGE('',*,*,#839,.T.);
#612=ORIENTED_EDGE('',*,*,#875,.F.);
#613=ORIENTED_EDGE('',*,*,#858,.T.);
#614=ORIENTED_EDGE('',*,*,#872,.T.);
#615=ORIENTED_EDGE('',*,*,#885,.T.);
#616=ORIENTED_EDGE('',*,*,#886,.T.);
#617=ORIENTED_EDGE('',*,*,#887,.F.);
#618=ORIENTED_EDGE('',*,*,#888,.F.);
#619=ORIENTED_EDGE('',*,*,#889,.T.);
#620=ORIENTED_EDGE('',*,*,#868,.F.);
#621=ORIENTED_EDGE('',*,*,#855,.T.);
#622=ORIENTED_EDGE('',*,*,#867,.T.);
#623=ORIENTED_EDGE('',*,*,#827,.T.);
#624=ORIENTED_EDGE('',*,*,#890,.T.);
#625=ORIENTED_EDGE('',*,*,#830,.T.);
#626=ORIENTED_EDGE('',*,*,#865,.F.);
#627=ORIENTED_EDGE('',*,*,#852,.T.);
#628=ORIENTED_EDGE('',*,*,#891,.T.);
#629=ORIENTED_EDGE('',*,*,#832,.T.);
#630=ORIENTED_EDGE('',*,*,#892,.T.);
#631=ORIENTED_EDGE('',*,*,#835,.T.);
#632=ORIENTED_EDGE('',*,*,#893,.F.);
#633=ORIENTED_EDGE('',*,*,#845,.T.);
#634=ORIENTED_EDGE('',*,*,#894,.F.);
#635=ORIENTED_EDGE('',*,*,#895,.F.);
#636=ORIENTED_EDGE('',*,*,#847,.T.);
#637=ORIENTED_EDGE('',*,*,#896,.T.);
#638=ORIENTED_EDGE('',*,*,#897,.F.);
#639=ORIENTED_EDGE('',*,*,#898,.F.);
#640=ORIENTED_EDGE('',*,*,#848,.T.);
#641=ORIENTED_EDGE('',*,*,#895,.T.);
#642=ORIENTED_EDGE('',*,*,#899,.F.);
#643=ORIENTED_EDGE('',*,*,#900,.F.);
#644=ORIENTED_EDGE('',*,*,#901,.T.);
#645=ORIENTED_EDGE('',*,*,#902,.T.);
#646=ORIENTED_EDGE('',*,*,#849,.T.);
#647=ORIENTED_EDGE('',*,*,#898,.T.);
#648=ORIENTED_EDGE('',*,*,#903,.F.);
#649=ORIENTED_EDGE('',*,*,#904,.T.);
#650=ORIENTED_EDGE('',*,*,#900,.T.);
#651=ORIENTED_EDGE('',*,*,#905,.F.);
#652=ORIENTED_EDGE('',*,*,#896,.F.);
#653=ORIENTED_EDGE('',*,*,#846,.T.);
#654=ORIENTED_EDGE('',*,*,#893,.T.);
#655=ORIENTED_EDGE('',*,*,#834,.F.);
#656=ORIENTED_EDGE('',*,*,#863,.F.);
#657=ORIENTED_EDGE('',*,*,#906,.T.);
#658=ORIENTED_EDGE('',*,*,#836,.T.);
#659=ORIENTED_EDGE('',*,*,#862,.T.);
#660=ORIENTED_EDGE('',*,*,#907,.F.);
#661=ORIENTED_EDGE('',*,*,#840,.F.);
#662=ORIENTED_EDGE('',*,*,#861,.F.);
#663=ORIENTED_EDGE('',*,*,#908,.T.);
#664=ORIENTED_EDGE('',*,*,#909,.T.);
#665=ORIENTED_EDGE('',*,*,#860,.T.);
#666=ORIENTED_EDGE('',*,*,#831,.F.);
#667=ORIENTED_EDGE('',*,*,#910,.F.);
#668=ORIENTED_EDGE('',*,*,#911,.F.);
#669=ORIENTED_EDGE('',*,*,#912,.T.);
#670=ORIENTED_EDGE('',*,*,#903,.T.);
#671=ORIENTED_EDGE('',*,*,#833,.T.);
#672=ORIENTED_EDGE('',*,*,#891,.F.);
#673=ORIENTED_EDGE('',*,*,#851,.F.);
#674=ORIENTED_EDGE('',*,*,#864,.F.);
#675=ORIENTED_EDGE('',*,*,#913,.T.);
#676=ORIENTED_EDGE('',*,*,#869,.T.);
#677=ORIENTED_EDGE('',*,*,#914,.T.);
#678=ORIENTED_EDGE('',*,*,#908,.F.);
#679=ORIENTED_EDGE('',*,*,#885,.F.);
#680=ORIENTED_EDGE('',*,*,#871,.T.);
#681=ORIENTED_EDGE('',*,*,#902,.F.);
#682=ORIENTED_EDGE('',*,*,#915,.T.);
#683=ORIENTED_EDGE('',*,*,#911,.T.);
#684=ORIENTED_EDGE('',*,*,#850,.F.);
#685=ORIENTED_EDGE('',*,*,#874,.T.);
#686=ORIENTED_EDGE('',*,*,#916,.T.);
#687=ORIENTED_EDGE('',*,*,#882,.F.);
#688=ORIENTED_EDGE('',*,*,#842,.T.);
#689=ORIENTED_EDGE('',*,*,#890,.F.);
#690=ORIENTED_EDGE('',*,*,#910,.T.);
#691=ORIENTED_EDGE('',*,*,#884,.F.);
#692=ORIENTED_EDGE('',*,*,#907,.T.);
#693=ORIENTED_EDGE('',*,*,#909,.F.);
#694=ORIENTED_EDGE('',*,*,#886,.F.);
#695=ORIENTED_EDGE('',*,*,#914,.F.);
#696=ORIENTED_EDGE('',*,*,#889,.F.);
#697=ORIENTED_EDGE('',*,*,#917,.T.);
#698=ORIENTED_EDGE('',*,*,#887,.T.);
#699=ORIENTED_EDGE('',*,*,#917,.F.);
#700=ORIENTED_EDGE('',*,*,#888,.T.);
#701=ORIENTED_EDGE('',*,*,#913,.F.);
#702=ORIENTED_EDGE('',*,*,#906,.F.);
#703=ORIENTED_EDGE('',*,*,#892,.F.);
#704=ORIENTED_EDGE('',*,*,#901,.F.);
#705=ORIENTED_EDGE('',*,*,#904,.F.);
#706=ORIENTED_EDGE('',*,*,#912,.F.);
#707=ORIENTED_EDGE('',*,*,#915,.F.);
#708=ORIENTED_EDGE('',*,*,#883,.F.);
#709=ORIENTED_EDGE('',*,*,#916,.F.);
#710=ORIENTED_EDGE('',*,*,#873,.F.);
#711=ORIENTED_EDGE('',*,*,#878,.F.);
#712=ORIENTED_EDGE('',*,*,#905,.T.);
#713=ORIENTED_EDGE('',*,*,#899,.T.);
#714=ORIENTED_EDGE('',*,*,#897,.T.);
#715=ORIENTED_EDGE('',*,*,#894,.T.);
#716=ORIENTED_EDGE('',*,*,#824,.T.);
#717=ORIENTED_EDGE('',*,*,#820,.T.);
#718=ORIENTED_EDGE('',*,*,#881,.F.);
#719=ORIENTED_EDGE('',*,*,#880,.F.);
#720=EDGE_CURVE('',#918,#918,#1052,.T.);
#721=EDGE_CURVE('',#919,#919,#1053,.T.);
#722=EDGE_CURVE('',#920,#920,#1054,.T.);
#723=EDGE_CURVE('',#921,#921,#1055,.T.);
#724=EDGE_CURVE('',#922,#922,#1056,.T.);
#725=EDGE_CURVE('',#923,#923,#1057,.T.);
#726=EDGE_CURVE('',#924,#924,#1058,.T.);
#727=EDGE_CURVE('',#925,#925,#1059,.T.);
#728=EDGE_CURVE('',#926,#927,#18,.T.);
#729=EDGE_CURVE('',#926,#928,#19,.T.);
#730=EDGE_CURVE('',#928,#929,#20,.T.);
#731=EDGE_CURVE('',#929,#930,#21,.T.);
#732=EDGE_CURVE('',#931,#930,#22,.T.);
#733=EDGE_CURVE('',#931,#932,#23,.T.);
#734=EDGE_CURVE('',#932,#933,#24,.T.);
#735=EDGE_CURVE('',#934,#933,#25,.T.);
#736=EDGE_CURVE('',#935,#934,#26,.T.);
#737=EDGE_CURVE('',#935,#936,#27,.T.);
#738=EDGE_CURVE('',#936,#937,#28,.T.);
#739=EDGE_CURVE('',#938,#937,#1060,.T.);
#740=EDGE_CURVE('',#939,#938,#29,.T.);
#741=EDGE_CURVE('',#940,#939,#1061,.T.);
#742=EDGE_CURVE('',#941,#940,#30,.T.);
#743=EDGE_CURVE('',#942,#941,#1062,.T.);
#744=EDGE_CURVE('',#942,#943,#31,.T.);
#745=EDGE_CURVE('',#944,#943,#1063,.T.);
#746=EDGE_CURVE('',#944,#945,#32,.T.);
#747=EDGE_CURVE('',#927,#945,#33,.T.);
#748=EDGE_CURVE('',#946,#946,#1064,.T.);
#749=EDGE_CURVE('',#937,#947,#34,.F.);
#750=EDGE_CURVE('',#948,#936,#35,.T.);
#751=EDGE_CURVE('',#948,#947,#36,.T.);
#752=EDGE_CURVE('',#949,#949,#1065,.T.);
#753=EDGE_CURVE('',#950,#951,#1066,.F.);
#754=EDGE_CURVE('',#951,#952,#37,.T.);
#755=EDGE_CURVE('',#952,#953,#1067,.F.);
#756=EDGE_CURVE('',#953,#954,#38,.F.);
#757=EDGE_CURVE('',#954,#955,#1068,.F.);
#758=EDGE_CURVE('',#955,#956,#39,.F.);
#759=EDGE_CURVE('',#956,#957,#1069,.F.);
#760=EDGE_CURVE('',#957,#950,#40,.T.);
#761=EDGE_CURVE('',#958,#958,#1070,.T.);
#762=EDGE_CURVE('',#959,#959,#1071,.T.);
#763=EDGE_CURVE('',#960,#960,#1072,.T.);
#764=EDGE_CURVE('',#961,#961,#1073,.T.);
#765=EDGE_CURVE('',#962,#935,#41,.T.);
#766=EDGE_CURVE('',#962,#948,#42,.T.);
#767=EDGE_CURVE('',#963,#964,#43,.T.);
#768=EDGE_CURVE('',#964,#926,#44,.T.);
#769=EDGE_CURVE('',#965,#927,#45,.T.);
#770=EDGE_CURVE('',#962,#965,#46,.T.);
#771=EDGE_CURVE('',#966,#934,#47,.T.);
#772=EDGE_CURVE('',#966,#967,#48,.T.);
#773=EDGE_CURVE('',#967,#931,#49,.T.);
#774=EDGE_CURVE('',#930,#963,#50,.T.);
#775=EDGE_CURVE('',#968,#945,#51,.T.);
#776=EDGE_CURVE('',#965,#968,#52,.T.);
#777=EDGE_CURVE('',#969,#944,#53,.T.);
#778=EDGE_CURVE('',#969,#968,#54,.T.);
#779=EDGE_CURVE('',#947,#970,#1074,.T.);
#780=EDGE_CURVE('',#971,#969,#1075,.T.);
#781=EDGE_CURVE('',#971,#970,#55,.T.);
#782=EDGE_CURVE('',#972,#938,#56,.T.);
#783=EDGE_CURVE('',#972,#973,#57,.F.);
#784=EDGE_CURVE('',#973,#939,#58,.T.);
#785=EDGE_CURVE('',#974,#970,#59,.T.);
#786=EDGE_CURVE('',#974,#972,#1076,.T.);
#787=EDGE_CURVE('',#975,#971,#60,.T.);
#788=EDGE_CURVE('',#975,#974,#61,.T.);
#789=EDGE_CURVE('',#976,#943,#62,.T.);
#790=EDGE_CURVE('',#976,#975,#1077,.T.);
#791=EDGE_CURVE('',#977,#942,#63,.T.);
#792=EDGE_CURVE('',#977,#976,#64,.T.);
#793=EDGE_CURVE('',#978,#941,#65,.T.);
#794=EDGE_CURVE('',#978,#977,#1078,.T.);
#795=EDGE_CURVE('',#979,#940,#66,.T.);
#796=EDGE_CURVE('',#979,#978,#67,.F.);
#797=EDGE_CURVE('',#973,#979,#1079,.T.);
#798=EDGE_CURVE('',#980,#980,#1080,.T.);
#799=EDGE_CURVE('',#981,#981,#1081,.T.);
#800=EDGE_CURVE('',#982,#982,#1082,.T.);
#801=EDGE_CURVE('',#983,#983,#1083,.T.);
#802=EDGE_CURVE('',#976,#955,#1084,.T.);
#803=EDGE_CURVE('',#956,#977,#1085,.T.);
#804=EDGE_CURVE('',#957,#978,#1086,.T.);
#805=EDGE_CURVE('',#975,#954,#1087,.T.);
#806=EDGE_CURVE('',#950,#979,#1088,.T.);
#807=EDGE_CURVE('',#974,#953,#1089,.T.);
#808=EDGE_CURVE('',#951,#973,#1090,.T.);
#809=EDGE_CURVE('',#972,#952,#1091,.T.);
#810=EDGE_CURVE('',#984,#932,#68,.T.);
#811=EDGE_CURVE('',#985,#984,#69,.T.);
#812=EDGE_CURVE('',#985,#933,#70,.T.);
#813=EDGE_CURVE('',#967,#984,#71,.T.);
#814=EDGE_CURVE('',#966,#985,#72,.T.);
#815=EDGE_CURVE('',#986,#928,#73,.T.);
#816=EDGE_CURVE('',#987,#986,#74,.T.);
#817=EDGE_CURVE('',#929,#987,#75,.T.);
#818=EDGE_CURVE('',#964,#986,#76,.T.);
#819=EDGE_CURVE('',#963,#987,#77,.T.);
#820=EDGE_CURVE('',#988,#989,#78,.T.);
#821=EDGE_CURVE('',#990,#988,#79,.T.);
#822=EDGE_CURVE('',#991,#990,#80,.T.);
#823=EDGE_CURVE('',#991,#989,#81,.T.);
#824=EDGE_CURVE('',#992,#988,#82,.T.);
#825=EDGE_CURVE('',#993,#992,#83,.T.);
#826=EDGE_CURVE('',#990,#993,#84,.T.);
#827=EDGE_CURVE('',#994,#995,#1092,.T.);
#828=EDGE_CURVE('',#996,#994,#85,.T.);
#829=EDGE_CURVE('',#997,#996,#86,.T.);
#830=EDGE_CURVE('',#998,#997,#1093,.T.);
#831=EDGE_CURVE('',#998,#995,#1094,.T.);
#832=EDGE_CURVE('',#999,#1000,#1095,.T.);
#833=EDGE_CURVE('',#1001,#999,#87,.T.);
#834=EDGE_CURVE('',#1001,#1002,#88,.T.);
#835=EDGE_CURVE('',#1003,#1002,#1096,.T.);
#836=EDGE_CURVE('',#1000,#1003,#1097,.T.);
#837=EDGE_CURVE('',#1004,#1005,#89,.T.);
#838=EDGE_CURVE('',#1004,#1006,#90,.T.);
#839=EDGE_CURVE('',#1007,#1006,#1098,.T.);
#840=EDGE_CURVE('',#1007,#1008,#1099,.T.);
#841=EDGE_CURVE('',#1005,#1008,#1100,.T.);
#842=EDGE_CURVE('',#1009,#1010,#91,.T.);
#843=EDGE_CURVE('',#1009,#991,#92,.T.);
#844=EDGE_CURVE('',#993,#1011,#93,.T.);
#845=EDGE_CURVE('',#1012,#1011,#1101,.T.);
#846=EDGE_CURVE('',#1013,#1012,#94,.T.);
#847=EDGE_CURVE('',#1014,#1013,#95,.T.);
#848=EDGE_CURVE('',#1015,#1014,#96,.T.);
#849=EDGE_CURVE('',#1016,#1015,#97,.T.);
#850=EDGE_CURVE('',#1016,#1017,#98,.T.);
#851=EDGE_CURVE('',#1017,#1018,#99,.T.);
#852=EDGE_CURVE('',#1019,#1018,#1102,.T.);
#853=EDGE_CURVE('',#1019,#1020,#100,.T.);
#854=EDGE_CURVE('',#1020,#1021,#101,.T.);
#855=EDGE_CURVE('',#1022,#1021,#1103,.T.);
#856=EDGE_CURVE('',#1023,#1022,#102,.T.);
#857=EDGE_CURVE('',#1024,#1023,#103,.T.);
#858=EDGE_CURVE('',#1025,#1024,#1104,.T.);
#859=EDGE_CURVE('',#1010,#1025,#104,.T.);
#860=EDGE_CURVE('',#1026,#1026,#1105,.T.);
#861=EDGE_CURVE('',#1027,#1027,#1106,.T.);
#862=EDGE_CURVE('',#1028,#1028,#1107,.T.);
#863=EDGE_CURVE('',#1029,#1029,#1108,.T.);
#864=EDGE_CURVE('',#1030,#1030,#1109,.T.);
#865=EDGE_CURVE('',#1019,#997,#105,.T.);
#866=EDGE_CURVE('',#1020,#996,#106,.T.);
#867=EDGE_CURVE('',#1021,#994,#107,.T.);
#868=EDGE_CURVE('',#1022,#1031,#108,.T.);
#869=EDGE_CURVE('',#1032,#1031,#109,.T.);
#870=EDGE_CURVE('',#1023,#1032,#110,.T.);
#871=EDGE_CURVE('',#1033,#1032,#111,.T.);
#872=EDGE_CURVE('',#1024,#1033,#112,.T.);
#873=EDGE_CURVE('',#1034,#1035,#113,.T.);
#874=EDGE_CURVE('',#1010,#1035,#114,.T.);
#875=EDGE_CURVE('',#1025,#1006,#115,.T.);
#876=EDGE_CURVE('',#1034,#1004,#116,.T.);
#877=EDGE_CURVE('',#1036,#1037,#117,.T.);
#878=EDGE_CURVE('',#1036,#1034,#118,.T.);
#879=EDGE_CURVE('',#1011,#1005,#119,.T.);
#880=EDGE_CURVE('',#992,#1037,#120,.T.);
#881=EDGE_CURVE('',#1037,#989,#121,.T.);
#882=EDGE_CURVE('',#1009,#1038,#122,.T.);
#883=EDGE_CURVE('',#1038,#1036,#123,.T.);
#884=EDGE_CURVE('',#1008,#1007,#1110,.T.);
#885=EDGE_CURVE('',#1033,#1039,#1111,.T.);
#886=EDGE_CURVE('',#1039,#1040,#1112,.T.);
#887=EDGE_CURVE('',#1041,#1040,#124,.T.);
#888=EDGE_CURVE('',#1042,#1041,#1113,.T.);
#889=EDGE_CURVE('',#1042,#1031,#125,.T.);
#890=EDGE_CURVE('',#995,#998,#1114,.T.);
#891=EDGE_CURVE('',#1018,#999,#126,.T.);
#892=EDGE_CURVE('',#1000,#1003,#1115,.T.);
#893=EDGE_CURVE('',#1012,#1002,#127,.T.);
#894=EDGE_CURVE('',#1043,#1044,#128,.T.);
#895=EDGE_CURVE('',#1014,#1043,#129,.T.);
#896=EDGE_CURVE('',#1013,#1044,#130,.T.);
#897=EDGE_CURVE('',#1045,#1043,#131,.T.);
#898=EDGE_CURVE('',#1015,#1045,#132,.T.);
#899=EDGE_CURVE('',#1046,#1045,#133,.T.);
#900=EDGE_CURVE('',#1047,#1046,#134,.T.);
#901=EDGE_CURVE('',#1047,#1048,#135,.T.);
#902=EDGE_CURVE('',#1048,#1016,#136,.T.);
#903=EDGE_CURVE('',#1049,#1001,#137,.T.);
#904=EDGE_CURVE('',#1049,#1047,#138,.T.);
#905=EDGE_CURVE('',#1044,#1046,#139,.T.);
#906=EDGE_CURVE('',#1003,#1000,#1116,.T.);
#907=EDGE_CURVE('',#1008,#1007,#1117,.T.);
#908=EDGE_CURVE('',#1039,#1040,#1118,.T.);
#909=EDGE_CURVE('',#1040,#1039,#1119,.T.);
#910=EDGE_CURVE('',#995,#998,#1120,.T.);
#911=EDGE_CURVE('',#1050,#1017,#140,.T.);
#912=EDGE_CURVE('',#1050,#1049,#141,.T.);
#913=EDGE_CURVE('',#1051,#1051,#1121,.T.);
#914=EDGE_CURVE('',#1031,#1040,#1122,.F.);
#915=EDGE_CURVE('',#1048,#1050,#142,.T.);
#916=EDGE_CURVE('',#1035,#1038,#143,.T.);
#917=EDGE_CURVE('',#1042,#1041,#1123,.F.);
#918=VERTEX_POINT('',#2083);
#919=VERTEX_POINT('',#2085);
#920=VERTEX_POINT('',#2088);
#921=VERTEX_POINT('',#2090);
#922=VERTEX_POINT('',#2093);
#923=VERTEX_POINT('',#2095);
#924=VERTEX_POINT('',#2098);
#925=VERTEX_POINT('',#2100);
#926=VERTEX_POINT('',#2103);
#927=VERTEX_POINT('',#2104);
#928=VERTEX_POINT('',#2106);
#929=VERTEX_POINT('',#2108);
#930=VERTEX_POINT('',#2110);
#931=VERTEX_POINT('',#2112);
#932=VERTEX_POINT('',#2114);
#933=VERTEX_POINT('',#2116);
#934=VERTEX_POINT('',#2118);
#935=VERTEX_POINT('',#2120);
#936=VERTEX_POINT('',#2122);
#937=VERTEX_POINT('',#2124);
#938=VERTEX_POINT('',#2126);
#939=VERTEX_POINT('',#2128);
#940=VERTEX_POINT('',#2130);
#941=VERTEX_POINT('',#2132);
#942=VERTEX_POINT('',#2134);
#943=VERTEX_POINT('',#2136);
#944=VERTEX_POINT('',#2138);
#945=VERTEX_POINT('',#2140);
#946=VERTEX_POINT('',#2143);
#947=VERTEX_POINT('',#2146);
#948=VERTEX_POINT('',#2148);
#949=VERTEX_POINT('',#2152);
#950=VERTEX_POINT('',#2155);
#951=VERTEX_POINT('',#2156);
#952=VERTEX_POINT('',#2158);
#953=VERTEX_POINT('',#2160);
#954=VERTEX_POINT('',#2162);
#955=VERTEX_POINT('',#2164);
#956=VERTEX_POINT('',#2166);
#957=VERTEX_POINT('',#2168);
#958=VERTEX_POINT('',#2171);
#959=VERTEX_POINT('',#2173);
#960=VERTEX_POINT('',#2175);
#961=VERTEX_POINT('',#2177);
#962=VERTEX_POINT('',#2180);
#963=VERTEX_POINT('',#2184);
#964=VERTEX_POINT('',#2185);
#965=VERTEX_POINT('',#2188);
#966=VERTEX_POINT('',#2191);
#967=VERTEX_POINT('',#2193);
#968=VERTEX_POINT('',#2198);
#969=VERTEX_POINT('',#2202);
#970=VERTEX_POINT('',#2206);
#971=VERTEX_POINT('',#2208);
#972=VERTEX_POINT('',#2212);
#973=VERTEX_POINT('',#2214);
#974=VERTEX_POINT('',#2218);
#975=VERTEX_POINT('',#2222);
#976=VERTEX_POINT('',#2226);
#977=VERTEX_POINT('',#2230);
#978=VERTEX_POINT('',#2234);
#979=VERTEX_POINT('',#2238);
#980=VERTEX_POINT('',#2244);
#981=VERTEX_POINT('',#2248);
#982=VERTEX_POINT('',#2252);
#983=VERTEX_POINT('',#2256);
#984=VERTEX_POINT('',#2276);
#985=VERTEX_POINT('',#2278);
#986=VERTEX_POINT('',#2287);
#987=VERTEX_POINT('',#2289);
#988=VERTEX_POINT('',#2299);
#989=VERTEX_POINT('',#2300);
#990=VERTEX_POINT('',#2302);
#991=VERTEX_POINT('',#2304);
#992=VERTEX_POINT('',#2308);
#993=VERTEX_POINT('',#2310);
#994=VERTEX_POINT('',#2314);
#995=VERTEX_POINT('',#2315);
#996=VERTEX_POINT('',#2317);
#997=VERTEX_POINT('',#2319);
#998=VERTEX_POINT('',#2321);
#999=VERTEX_POINT('',#2325);
#1000=VERTEX_POINT('',#2326);
#1001=VERTEX_POINT('',#2328);
#1002=VERTEX_POINT('',#2330);
#1003=VERTEX_POINT('',#2332);
#1004=VERTEX_POINT('',#2336);
#1005=VERTEX_POINT('',#2337);
#1006=VERTEX_POINT('',#2339);
#1007=VERTEX_POINT('',#2341);
#1008=VERTEX_POINT('',#2343);
#1009=VERTEX_POINT('',#2347);
#1010=VERTEX_POINT('',#2348);
#1011=VERTEX_POINT('',#2351);
#1012=VERTEX_POINT('',#2353);
#1013=VERTEX_POINT('',#2355);
#1014=VERTEX_POINT('',#2357);
#1015=VERTEX_POINT('',#2359);
#1016=VERTEX_POINT('',#2361);
#1017=VERTEX_POINT('',#2363);
#1018=VERTEX_POINT('',#2365);
#1019=VERTEX_POINT('',#2367);
#1020=VERTEX_POINT('',#2369);
#1021=VERTEX_POINT('',#2371);
#1022=VERTEX_POINT('',#2373);
#1023=VERTEX_POINT('',#2375);
#1024=VERTEX_POINT('',#2377);
#1025=VERTEX_POINT('',#2379);
#1026=VERTEX_POINT('',#2382);
#1027=VERTEX_POINT('',#2384);
#1028=VERTEX_POINT('',#2386);
#1029=VERTEX_POINT('',#2388);
#1030=VERTEX_POINT('',#2390);
#1031=VERTEX_POINT('',#2398);
#1032=VERTEX_POINT('',#2400);
#1033=VERTEX_POINT('',#2404);
#1034=VERTEX_POINT('',#2408);
#1035=VERTEX_POINT('',#2409);
#1036=VERTEX_POINT('',#2415);
#1037=VERTEX_POINT('',#2416);
#1038=VERTEX_POINT('',#2423);
#1039=VERTEX_POINT('',#2428);
#1040=VERTEX_POINT('',#2430);
#1041=VERTEX_POINT('',#2432);
#1042=VERTEX_POINT('',#2434);
#1043=VERTEX_POINT('',#2442);
#1044=VERTEX_POINT('',#2443);
#1045=VERTEX_POINT('',#2448);
#1046=VERTEX_POINT('',#2452);
#1047=VERTEX_POINT('',#2454);
#1048=VERTEX_POINT('',#2456);
#1049=VERTEX_POINT('',#2460);
#1050=VERTEX_POINT('',#2474);
#1051=VERTEX_POINT('',#2478);
#1052=CIRCLE('',#1488,0.00125);
#1053=CIRCLE('',#1489,0.00125);
#1054=CIRCLE('',#1491,0.00125);
#1055=CIRCLE('',#1492,0.00125);
#1056=CIRCLE('',#1494,0.00125);
#1057=CIRCLE('',#1495,0.00125);
#1058=CIRCLE('',#1497,0.00125);
#1059=CIRCLE('',#1498,0.00125);
#1060=CIRCLE('',#1500,0.00125);
#1061=CIRCLE('',#1501,0.001375);
#1062=CIRCLE('',#1502,0.00125);
#1063=CIRCLE('',#1503,0.00125);
#1064=CIRCLE('',#1504,0.01675);
#1065=CIRCLE('',#1507,0.01675);
#1066=CIRCLE('',#1509,0.001775);
#1067=CIRCLE('',#1510,0.00165);
#1068=CIRCLE('',#1511,0.00165);
#1069=CIRCLE('',#1512,0.00165);
#1070=CIRCLE('',#1513,0.002325);
#1071=CIRCLE('',#1514,0.002325);
#1072=CIRCLE('',#1515,0.002325);
#1073=CIRCLE('',#1516,0.002325);
#1074=CIRCLE('',#1522,0.00125);
#1075=CIRCLE('',#1523,0.00125);
#1076=CIRCLE('',#1526,0.00125);
#1077=CIRCLE('',#1529,0.00125);
#1078=CIRCLE('',#1532,0.00125);
#1079=CIRCLE('',#1535,0.001375);
#1080=CIRCLE('',#1537,0.002325);
#1081=CIRCLE('',#1540,0.002325);
#1082=CIRCLE('',#1543,0.002325);
#1083=CIRCLE('',#1546,0.002325);
#1084=CIRCLE('',#1549,0.0004);
#1085=CIRCLE('',#1550,0.0004);
#1086=CIRCLE('',#1552,0.0004);
#1087=CIRCLE('',#1554,0.0004);
#1088=CIRCLE('',#1556,0.0004);
#1089=CIRCLE('',#1558,0.0004);
#1090=CIRCLE('',#1560,0.0004);
#1091=CIRCLE('',#1562,0.0004);
#1092=CIRCLE('',#1576,0.01375);
#1093=CIRCLE('',#1577,0.01375);
#1094=CIRCLE('',#1578,0.00125);
#1095=CIRCLE('',#1580,0.01375);
#1096=CIRCLE('',#1581,0.01375);
#1097=CIRCLE('',#1582,0.00125);
#1098=CIRCLE('',#1584,0.01375);
#1099=CIRCLE('',#1585,0.00125);
#1100=CIRCLE('',#1586,0.01375);
#1101=CIRCLE('',#1588,0.01375);
#1102=CIRCLE('',#1589,0.01375);
#1103=CIRCLE('',#1590,0.01375);
#1104=CIRCLE('',#1591,0.01375);
#1105=CIRCLE('',#1592,0.00125);
#1106=CIRCLE('',#1593,0.00125);
#1107=CIRCLE('',#1594,0.00125);
#1108=CIRCLE('',#1595,0.00125);
#1109=CIRCLE('',#1596,0.01675);
#1110=CIRCLE('',#1605,0.01375);
#1111=CIRCLE('',#1606,0.01375);
#1112=CIRCLE('',#1607,0.01375);
#1113=CIRCLE('',#1608,0.01375);
#1114=CIRCLE('',#1609,0.01375);
#1115=CIRCLE('',#1610,0.01375);
#1116=CIRCLE('',#1616,0.00125);
#1117=CIRCLE('',#1618,0.00125);
#1118=CIRCLE('',#1620,0.00125);
#1119=CIRCLE('',#1621,0.00125);
#1120=CIRCLE('',#1623,0.00125);
#1121=CIRCLE('',#1626,0.01675);
#1122=CIRCLE('',#1628,0.0137493547982449);
#1123=CIRCLE('',#1635,0.0137493547982449);
#1124=EDGE_LOOP('',(#324));
#1125=EDGE_LOOP('',(#325));
#1126=EDGE_LOOP('',(#326));
#1127=EDGE_LOOP('',(#327));
#1128=EDGE_LOOP('',(#328));
#1129=EDGE_LOOP('',(#329));
#1130=EDGE_LOOP('',(#330));
#1131=EDGE_LOOP('',(#331));
#1132=EDGE_LOOP('',(#332,#333,#334,#335,#336,#337,#338,#339,#340,#341,#342,
#343,#344,#345,#346,#347,#348,#349,#350,#351));
#1133=EDGE_LOOP('',(#352));
#1134=EDGE_LOOP('',(#353));
#1135=EDGE_LOOP('',(#354));
#1136=EDGE_LOOP('',(#355));
#1137=EDGE_LOOP('',(#356));
#1138=EDGE_LOOP('',(#357,#358,#359,#360));
#1139=EDGE_LOOP('',(#361));
#1140=EDGE_LOOP('',(#362));
#1141=EDGE_LOOP('',(#363,#364,#365,#366,#367,#368,#369,#370));
#1142=EDGE_LOOP('',(#371));
#1143=EDGE_LOOP('',(#372));
#1144=EDGE_LOOP('',(#373));
#1145=EDGE_LOOP('',(#374));
#1146=EDGE_LOOP('',(#375));
#1147=EDGE_LOOP('',(#376,#377,#378,#379));
#1148=EDGE_LOOP('',(#380,#381,#382,#383,#384,#385,#386,#387,#388,#389,#390,
#391));
#1149=EDGE_LOOP('',(#392,#393,#394,#395));
#1150=EDGE_LOOP('',(#396,#397,#398,#399));
#1151=EDGE_LOOP('',(#400,#401,#402,#403,#404,#405,#406,#407));
#1152=EDGE_LOOP('',(#408,#409,#410,#411));
#1153=EDGE_LOOP('',(#412,#413,#414,#415,#416,#417));
#1154=EDGE_LOOP('',(#418,#419,#420,#421));
#1155=EDGE_LOOP('',(#422,#423,#424,#425,#426,#427));
#1156=EDGE_LOOP('',(#428,#429,#430,#431));
#1157=EDGE_LOOP('',(#432,#433,#434,#435));
#1158=EDGE_LOOP('',(#436,#437,#438,#439));
#1159=EDGE_LOOP('',(#440,#441,#442,#443));
#1160=EDGE_LOOP('',(#444));
#1161=EDGE_LOOP('',(#445));
#1162=EDGE_LOOP('',(#446));
#1163=EDGE_LOOP('',(#447));
#1164=EDGE_LOOP('',(#448));
#1165=EDGE_LOOP('',(#449));
#1166=EDGE_LOOP('',(#450));
#1167=EDGE_LOOP('',(#451));
#1168=EDGE_LOOP('',(#452));
#1169=EDGE_LOOP('',(#453));
#1170=EDGE_LOOP('',(#454));
#1171=EDGE_LOOP('',(#455));
#1172=EDGE_LOOP('',(#456));
#1173=EDGE_LOOP('',(#457));
#1174=EDGE_LOOP('',(#458));
#1175=EDGE_LOOP('',(#459));
#1176=EDGE_LOOP('',(#460,#461,#462,#463));
#1177=EDGE_LOOP('',(#464,#465,#466,#467));
#1178=EDGE_LOOP('',(#468,#469,#470,#471));
#1179=EDGE_LOOP('',(#472,#473,#474,#475));
#1180=EDGE_LOOP('',(#476,#477,#478,#479));
#1181=EDGE_LOOP('',(#480,#481,#482,#483));
#1182=EDGE_LOOP('',(#484,#485,#486,#487));
#1183=EDGE_LOOP('',(#488,#489,#490,#491));
#1184=EDGE_LOOP('',(#492,#493,#494,#495));
#1185=EDGE_LOOP('',(#496,#497,#498,#499));
#1186=EDGE_LOOP('',(#500,#501,#502,#503));
#1187=EDGE_LOOP('',(#504,#505,#506,#507));
#1188=EDGE_LOOP('',(#508,#509,#510,#511));
#1189=EDGE_LOOP('',(#512,#513,#514,#515));
#1190=EDGE_LOOP('',(#516,#517,#518,#519));
#1191=EDGE_LOOP('',(#520,#521,#522,#523));
#1192=EDGE_LOOP('',(#524,#525,#526,#527));
#1193=EDGE_LOOP('',(#528,#529,#530,#531));
#1194=EDGE_LOOP('',(#532,#533,#534,#535,#536));
#1195=EDGE_LOOP('',(#537,#538,#539,#540,#541));
#1196=EDGE_LOOP('',(#542,#543,#544,#545,#546));
#1197=EDGE_LOOP('',(#547,#548,#549,#550,#551,#552,#553,#554,#555,#556,#557,
#558,#559,#560,#561,#562,#563,#564,#565,#566));
#1198=EDGE_LOOP('',(#567));
#1199=EDGE_LOOP('',(#568));
#1200=EDGE_LOOP('',(#569));
#1201=EDGE_LOOP('',(#570));
#1202=EDGE_LOOP('',(#571));
#1203=EDGE_LOOP('',(#572,#573,#574,#575));
#1204=EDGE_LOOP('',(#576,#577,#578,#579));
#1205=EDGE_LOOP('',(#580,#581,#582,#583));
#1206=EDGE_LOOP('',(#584,#585,#586,#587));
#1207=EDGE_LOOP('',(#588,#589,#590,#591,#592,#593));
#1208=EDGE_LOOP('',(#594,#595,#596,#597,#598,#599,#600,#601));
#1209=EDGE_LOOP('',(#602,#603,#604,#605,#606,#607));
#1210=EDGE_LOOP('',(#608,#609,#610,#611,#612,#613,#614,#615,#616,#617,#618,
#619,#620,#621,#622,#623,#624,#625,#626,#627,#628,#629,#630,#631,#632,#633));
#1211=EDGE_LOOP('',(#634,#635,#636,#637));
#1212=EDGE_LOOP('',(#638,#639,#640,#641));
#1213=EDGE_LOOP('',(#642,#643,#644,#645,#646,#647));
#1214=EDGE_LOOP('',(#648,#649,#650,#651,#652,#653,#654,#655));
#1215=EDGE_LOOP('',(#656));
#1216=EDGE_LOOP('',(#657,#658));
#1217=EDGE_LOOP('',(#659));
#1218=EDGE_LOOP('',(#660,#661));
#1219=EDGE_LOOP('',(#662));
#1220=EDGE_LOOP('',(#663,#664));
#1221=EDGE_LOOP('',(#665));
#1222=EDGE_LOOP('',(#666,#667));
#1223=EDGE_LOOP('',(#668,#669,#670,#671,#672,#673));
#1224=EDGE_LOOP('',(#674));
#1225=EDGE_LOOP('',(#675));
#1226=EDGE_LOOP('',(#676,#677,#678,#679,#680));
#1227=EDGE_LOOP('',(#681,#682,#683,#684));
#1228=EDGE_LOOP('',(#685,#686,#687,#688));
#1229=EDGE_LOOP('',(#689,#690));
#1230=EDGE_LOOP('',(#691,#692));
#1231=EDGE_LOOP('',(#693,#694));
#1232=EDGE_LOOP('',(#695,#696,#697,#698));
#1233=EDGE_LOOP('',(#699,#700));
#1234=EDGE_LOOP('',(#701));
#1235=EDGE_LOOP('',(#702,#703));
#1236=EDGE_LOOP('',(#704,#705,#706,#707));
#1237=EDGE_LOOP('',(#708,#709,#710,#711));
#1238=EDGE_LOOP('',(#712,#713,#714,#715));
#1239=EDGE_LOOP('',(#716,#717,#718,#719));
#1240=FACE_BOUND('',#1124,.T.);
#1241=FACE_BOUND('',#1125,.T.);
#1242=FACE_BOUND('',#1126,.T.);
#1243=FACE_BOUND('',#1127,.T.);
#1244=FACE_BOUND('',#1128,.T.);
#1245=FACE_BOUND('',#1129,.T.);
#1246=FACE_BOUND('',#1130,.T.);
#1247=FACE_BOUND('',#1131,.T.);
#1248=FACE_BOUND('',#1132,.T.);
#1249=FACE_BOUND('',#1133,.T.);
#1250=FACE_BOUND('',#1134,.T.);
#1251=FACE_BOUND('',#1135,.T.);
#1252=FACE_BOUND('',#1136,.T.);
#1253=FACE_BOUND('',#1137,.T.);
#1254=FACE_BOUND('',#1138,.T.);
#1255=FACE_BOUND('',#1139,.T.);
#1256=FACE_BOUND('',#1140,.T.);
#1257=FACE_BOUND('',#1141,.T.);
#1258=FACE_BOUND('',#1142,.T.);
#1259=FACE_BOUND('',#1143,.T.);
#1260=FACE_BOUND('',#1144,.T.);
#1261=FACE_BOUND('',#1145,.T.);
#1262=FACE_BOUND('',#1146,.T.);
#1263=FACE_BOUND('',#1147,.T.);
#1264=FACE_BOUND('',#1148,.T.);
#1265=FACE_BOUND('',#1149,.T.);
#1266=FACE_BOUND('',#1150,.T.);
#1267=FACE_BOUND('',#1151,.T.);
#1268=FACE_BOUND('',#1152,.T.);
#1269=FACE_BOUND('',#1153,.T.);
#1270=FACE_BOUND('',#1154,.T.);
#1271=FACE_BOUND('',#1155,.T.);
#1272=FACE_BOUND('',#1156,.T.);
#1273=FACE_BOUND('',#1157,.T.);
#1274=FACE_BOUND('',#1158,.T.);
#1275=FACE_BOUND('',#1159,.T.);
#1276=FACE_BOUND('',#1160,.T.);
#1277=FACE_BOUND('',#1161,.T.);
#1278=FACE_BOUND('',#1162,.T.);
#1279=FACE_BOUND('',#1163,.T.);
#1280=FACE_BOUND('',#1164,.T.);
#1281=FACE_BOUND('',#1165,.T.);
#1282=FACE_BOUND('',#1166,.T.);
#1283=FACE_BOUND('',#1167,.T.);
#1284=FACE_BOUND('',#1168,.T.);
#1285=FACE_BOUND('',#1169,.T.);
#1286=FACE_BOUND('',#1170,.T.);
#1287=FACE_BOUND('',#1171,.T.);
#1288=FACE_BOUND('',#1172,.T.);
#1289=FACE_BOUND('',#1173,.T.);
#1290=FACE_BOUND('',#1174,.T.);
#1291=FACE_BOUND('',#1175,.T.);
#1292=FACE_BOUND('',#1176,.T.);
#1293=FACE_BOUND('',#1177,.T.);
#1294=FACE_BOUND('',#1178,.T.);
#1295=FACE_BOUND('',#1179,.T.);
#1296=FACE_BOUND('',#1180,.T.);
#1297=FACE_BOUND('',#1181,.T.);
#1298=FACE_BOUND('',#1182,.T.);
#1299=FACE_BOUND('',#1183,.T.);
#1300=FACE_BOUND('',#1184,.T.);
#1301=FACE_BOUND('',#1185,.T.);
#1302=FACE_BOUND('',#1186,.T.);
#1303=FACE_BOUND('',#1187,.T.);
#1304=FACE_BOUND('',#1188,.T.);
#1305=FACE_BOUND('',#1189,.T.);
#1306=FACE_BOUND('',#1190,.T.);
#1307=FACE_BOUND('',#1191,.T.);
#1308=FACE_BOUND('',#1192,.T.);
#1309=FACE_BOUND('',#1193,.T.);
#1310=FACE_BOUND('',#1194,.T.);
#1311=FACE_BOUND('',#1195,.T.);
#1312=FACE_BOUND('',#1196,.T.);
#1313=FACE_BOUND('',#1197,.T.);
#1314=FACE_BOUND('',#1198,.T.);
#1315=FACE_BOUND('',#1199,.T.);
#1316=FACE_BOUND('',#1200,.T.);
#1317=FACE_BOUND('',#1201,.T.);
#1318=FACE_BOUND('',#1202,.T.);
#1319=FACE_BOUND('',#1203,.T.);
#1320=FACE_BOUND('',#1204,.T.);
#1321=FACE_BOUND('',#1205,.T.);
#1322=FACE_BOUND('',#1206,.T.);
#1323=FACE_BOUND('',#1207,.T.);
#1324=FACE_BOUND('',#1208,.T.);
#1325=FACE_BOUND('',#1209,.T.);
#1326=FACE_BOUND('',#1210,.T.);
#1327=FACE_BOUND('',#1211,.T.);
#1328=FACE_BOUND('',#1212,.T.);
#1329=FACE_BOUND('',#1213,.T.);
#1330=FACE_BOUND('',#1214,.T.);
#1331=FACE_BOUND('',#1215,.T.);
#1332=FACE_BOUND('',#1216,.T.);
#1333=FACE_BOUND('',#1217,.T.);
#1334=FACE_BOUND('',#1218,.T.);
#1335=FACE_BOUND('',#1219,.T.);
#1336=FACE_BOUND('',#1220,.T.);
#1337=FACE_BOUND('',#1221,.T.);
#1338=FACE_BOUND('',#1222,.T.);
#1339=FACE_BOUND('',#1223,.T.);
#1340=FACE_BOUND('',#1224,.T.);
#1341=FACE_BOUND('',#1225,.T.);
#1342=FACE_BOUND('',#1226,.T.);
#1343=FACE_BOUND('',#1227,.T.);
#1344=FACE_BOUND('',#1228,.T.);
#1345=FACE_BOUND('',#1229,.T.);
#1346=FACE_BOUND('',#1230,.T.);
#1347=FACE_BOUND('',#1231,.T.);
#1348=FACE_BOUND('',#1232,.T.);
#1349=FACE_BOUND('',#1233,.T.);
#1350=FACE_BOUND('',#1234,.T.);
#1351=FACE_BOUND('',#1235,.T.);
#1352=FACE_BOUND('',#1236,.T.);
#1353=FACE_BOUND('',#1237,.T.);
#1354=FACE_BOUND('',#1238,.T.);
#1355=FACE_BOUND('',#1239,.T.);
#1356=CYLINDRICAL_SURFACE('',#1487,0.00125);
#1357=CYLINDRICAL_SURFACE('',#1490,0.00125);
#1358=CYLINDRICAL_SURFACE('',#1493,0.00125);
#1359=CYLINDRICAL_SURFACE('',#1496,0.00125);
#1360=CYLINDRICAL_SURFACE('',#1506,0.01675);
#1361=CYLINDRICAL_SURFACE('',#1525,0.00125);
#1362=CYLINDRICAL_SURFACE('',#1528,0.00125);
#1363=CYLINDRICAL_SURFACE('',#1531,0.00125);
#1364=CYLINDRICAL_SURFACE('',#1534,0.001375);
#1365=CYLINDRICAL_SURFACE('',#1536,0.002325);
#1366=CYLINDRICAL_SURFACE('',#1539,0.002325);
#1367=CYLINDRICAL_SURFACE('',#1542,0.002325);
#1368=CYLINDRICAL_SURFACE('',#1545,0.002325);
#1369=CYLINDRICAL_SURFACE('',#1548,0.0004);
#1370=CYLINDRICAL_SURFACE('',#1555,0.0004);
#1371=CYLINDRICAL_SURFACE('',#1557,0.0004);
#1372=CYLINDRICAL_SURFACE('',#1563,0.0004);
#1373=CYLINDRICAL_SURFACE('',#1604,0.01375);
#1374=CYLINDRICAL_SURFACE('',#1615,0.00125);
#1375=CYLINDRICAL_SURFACE('',#1617,0.00125);
#1376=CYLINDRICAL_SURFACE('',#1619,0.00125);
#1377=CYLINDRICAL_SURFACE('',#1622,0.00125);
#1378=CYLINDRICAL_SURFACE('',#1625,0.01675);
#1379=CYLINDRICAL_SURFACE('',#1634,0.0137493547982449);
#1380=ADVANCED_FACE('',(#1240,#1241),#1356,.F.);
#1381=ADVANCED_FACE('',(#1242,#1243),#1357,.F.);
#1382=ADVANCED_FACE('',(#1244,#1245),#1358,.F.);
#1383=ADVANCED_FACE('',(#1246,#1247),#1359,.F.);
#1384=ADVANCED_FACE('',(#1248,#1249,#1250,#1251,#1252,#1253),#270,.F.);
#1385=ADVANCED_FACE('',(#1254),#271,.T.);
#1386=ADVANCED_FACE('',(#1255,#1256),#1360,.T.);
#1387=ADVANCED_FACE('',(#1257,#1258,#1259,#1260,#1261,#1262),#272,.T.);
#1388=ADVANCED_FACE('',(#1263),#273,.T.);
#1389=ADVANCED_FACE('',(#1264),#274,.F.);
#1390=ADVANCED_FACE('',(#1265),#275,.F.);
#1391=ADVANCED_FACE('',(#1266),#276,.T.);
#1392=ADVANCED_FACE('',(#1267),#277,.T.);
#1393=ADVANCED_FACE('',(#1268),#278,.F.);
#1394=ADVANCED_FACE('',(#1269),#1361,.F.);
#1395=ADVANCED_FACE('',(#1270),#279,.T.);
#1396=ADVANCED_FACE('',(#1271),#1362,.F.);
#1397=ADVANCED_FACE('',(#1272),#280,.T.);
#1398=ADVANCED_FACE('',(#1273),#1363,.F.);
#1399=ADVANCED_FACE('',(#1274),#281,.F.);
#1400=ADVANCED_FACE('',(#1275),#1364,.F.);
#1401=ADVANCED_FACE('',(#1276,#1277),#1365,.F.);
#1402=ADVANCED_FACE('',(#1278,#1279),#282,.T.);
#1403=ADVANCED_FACE('',(#1280,#1281),#1366,.F.);
#1404=ADVANCED_FACE('',(#1282,#1283),#283,.T.);
#1405=ADVANCED_FACE('',(#1284,#1285),#1367,.F.);
#1406=ADVANCED_FACE('',(#1286,#1287),#284,.T.);
#1407=ADVANCED_FACE('',(#1288,#1289),#1368,.F.);
#1408=ADVANCED_FACE('',(#1290,#1291),#285,.T.);
#1409=ADVANCED_FACE('',(#1292),#1369,.T.);
#1410=ADVANCED_FACE('',(#1293),#14,.T.);
#1411=ADVANCED_FACE('',(#1294),#15,.T.);
#1412=ADVANCED_FACE('',(#1295),#1370,.T.);
#1413=ADVANCED_FACE('',(#1296),#1371,.T.);
#1414=ADVANCED_FACE('',(#1297),#16,.T.);
#1415=ADVANCED_FACE('',(#1298),#17,.T.);
#1416=ADVANCED_FACE('',(#1299),#1372,.T.);
#1417=ADVANCED_FACE('',(#1300),#286,.F.);
#1418=ADVANCED_FACE('',(#1301),#287,.F.);
#1419=ADVANCED_FACE('',(#1302),#288,.T.);
#1420=ADVANCED_FACE('',(#1303),#289,.F.);
#1421=ADVANCED_FACE('',(#1304),#290,.F.);
#1422=ADVANCED_FACE('',(#1305),#291,.F.);
#1423=ADVANCED_FACE('',(#1306),#292,.F.);
#1424=ADVANCED_FACE('',(#1307),#293,.F.);
#1425=ADVANCED_FACE('',(#1308),#294,.F.);
#1426=ADVANCED_FACE('',(#1309),#295,.F.);
#1427=ADVANCED_FACE('',(#1310),#296,.F.);
#1428=ADVANCED_FACE('',(#1311),#297,.F.);
#1429=ADVANCED_FACE('',(#1312),#298,.F.);
#1430=ADVANCED_FACE('',(#1313,#1314,#1315,#1316,#1317,#1318),#299,.T.);
#1431=ADVANCED_FACE('',(#1319),#300,.F.);
#1432=ADVANCED_FACE('',(#1320),#301,.F.);
#1433=ADVANCED_FACE('',(#1321),#302,.T.);
#1434=ADVANCED_FACE('',(#1322),#303,.T.);
#1435=ADVANCED_FACE('',(#1323),#304,.T.);
#1436=ADVANCED_FACE('',(#1324),#305,.F.);
#1437=ADVANCED_FACE('',(#1325),#306,.F.);
#1438=ADVANCED_FACE('',(#1326),#1373,.F.);
#1439=ADVANCED_FACE('',(#1327),#307,.T.);
#1440=ADVANCED_FACE('',(#1328),#308,.T.);
#1441=ADVANCED_FACE('',(#1329),#309,.T.);
#1442=ADVANCED_FACE('',(#1330),#310,.T.);
#1443=ADVANCED_FACE('',(#1331,#1332),#1374,.F.);
#1444=ADVANCED_FACE('',(#1333,#1334),#1375,.F.);
#1445=ADVANCED_FACE('',(#1335,#1336),#1376,.F.);
#1446=ADVANCED_FACE('',(#1337,#1338),#1377,.F.);
#1447=ADVANCED_FACE('',(#1339),#311,.F.);
#1448=ADVANCED_FACE('',(#1340,#1341),#1378,.T.);
#1449=ADVANCED_FACE('',(#1342),#312,.F.);
#1450=ADVANCED_FACE('',(#1343),#313,.T.);
#1451=ADVANCED_FACE('',(#1344),#314,.F.);
#1452=ADVANCED_FACE('',(#1345),#315,.F.);
#1453=ADVANCED_FACE('',(#1346),#316,.F.);
#1454=ADVANCED_FACE('',(#1347),#317,.F.);
#1455=ADVANCED_FACE('',(#1348),#1379,.F.);
#1456=ADVANCED_FACE('',(#1349,#1350),#318,.T.);
#1457=ADVANCED_FACE('',(#1351),#319,.F.);
#1458=ADVANCED_FACE('',(#1352),#320,.T.);
#1459=ADVANCED_FACE('',(#1353),#321,.T.);
#1460=ADVANCED_FACE('',(#1354),#322,.F.);
#1461=ADVANCED_FACE('',(#1355),#323,.F.);
#1462=CLOSED_SHELL('',(#1380,#1381,#1382,#1383,#1384,#1385,#1386,#1387,
#1388,#1389,#1390,#1391,#1392,#1393,#1394,#1395,#1396,#1397,#1398,#1399,
#1400,#1401,#1402,#1403,#1404,#1405,#1406,#1407,#1408,#1409,#1410,#1411,
#1412,#1413,#1414,#1415,#1416,#1417,#1418,#1419,#1420,#1421,#1422,#1423,
#1424));
#1463=CLOSED_SHELL('',(#1425,#1426,#1427,#1428,#1429,#1430,#1431,#1432,
#1433,#1434,#1435,#1436,#1437,#1438,#1439,#1440,#1441,#1442,#1443,#1444,
#1445,#1446,#1447,#1448,#1449,#1450,#1451,#1452,#1453,#1454,#1455,#1456,
#1457,#1458,#1459,#1460,#1461));
#1464=STYLED_ITEM('',(#1466),#1480);
#1465=STYLED_ITEM('',(#1467),#1481);
#1466=PRESENTATION_STYLE_ASSIGNMENT((#1468));
#1467=PRESENTATION_STYLE_ASSIGNMENT((#1469));
#1468=SURFACE_STYLE_USAGE(.BOTH.,#1470);
#1469=SURFACE_STYLE_USAGE(.BOTH.,#1471);
#1470=SURFACE_SIDE_STYLE('',(#1472));
#1471=SURFACE_SIDE_STYLE('',(#1473));
#1472=SURFACE_STYLE_FILL_AREA(#1474);
#1473=SURFACE_STYLE_FILL_AREA(#1475);
#1474=FILL_AREA_STYLE('',(#1476));
#1475=FILL_AREA_STYLE('',(#1477));
#1476=FILL_AREA_STYLE_COLOUR('',#1478);
#1477=FILL_AREA_STYLE_COLOUR('',#1479);
#1478=COLOUR_RGB('',0.647058823529412,0.647058823529412,0.647058823529412);
#1479=COLOUR_RGB('',0.529411764705882,0.568627450980392,0.6);
#1480=MANIFOLD_SOLID_BREP('Part 2',#1462);
#1481=MANIFOLD_SOLID_BREP('Part 1',#1463);
#1482=SHAPE_DEFINITION_REPRESENTATION(#2508,#1484);
#1483=SHAPE_DEFINITION_REPRESENTATION(#2509,#1485);
#1484=SHAPE_REPRESENTATION('Part 2',(#1486),#2498);
#1485=SHAPE_REPRESENTATION('Part 1',(#1572),#2499);
#1486=AXIS2_PLACEMENT_3D('',#2080,#1642,#1643);
#1487=AXIS2_PLACEMENT_3D('',#2081,#1644,#1645);
#1488=AXIS2_PLACEMENT_3D('',#2082,#1646,#1647);
#1489=AXIS2_PLACEMENT_3D('',#2084,#1648,#1649);
#1490=AXIS2_PLACEMENT_3D('',#2086,#1650,#1651);
#1491=AXIS2_PLACEMENT_3D('',#2087,#1652,#1653);
#1492=AXIS2_PLACEMENT_3D('',#2089,#1654,#1655);
#1493=AXIS2_PLACEMENT_3D('',#2091,#1656,#1657);
#1494=AXIS2_PLACEMENT_3D('',#2092,#1658,#1659);
#1495=AXIS2_PLACEMENT_3D('',#2094,#1660,#1661);
#1496=AXIS2_PLACEMENT_3D('',#2096,#1662,#1663);
#1497=AXIS2_PLACEMENT_3D('',#2097,#1664,#1665);
#1498=AXIS2_PLACEMENT_3D('',#2099,#1666,#1667);
#1499=AXIS2_PLACEMENT_3D('',#2101,#1668,#1669);
#1500=AXIS2_PLACEMENT_3D('',#2125,#1681,#1682);
#1501=AXIS2_PLACEMENT_3D('',#2129,#1684,#1685);
#1502=AXIS2_PLACEMENT_3D('',#2133,#1687,#1688);
#1503=AXIS2_PLACEMENT_3D('',#2137,#1690,#1691);
#1504=AXIS2_PLACEMENT_3D('',#2142,#1694,#1695);
#1505=AXIS2_PLACEMENT_3D('',#2144,#1696,#1697);
#1506=AXIS2_PLACEMENT_3D('',#2150,#1701,#1702);
#1507=AXIS2_PLACEMENT_3D('',#2151,#1703,#1704);
#1508=AXIS2_PLACEMENT_3D('',#2153,#1705,#1706);
#1509=AXIS2_PLACEMENT_3D('',#2154,#1707,#1708);
#1510=AXIS2_PLACEMENT_3D('',#2159,#1710,#1711);
#1511=AXIS2_PLACEMENT_3D('',#2163,#1713,#1714);
#1512=AXIS2_PLACEMENT_3D('',#2167,#1716,#1717);
#1513=AXIS2_PLACEMENT_3D('',#2170,#1719,#1720);
#1514=AXIS2_PLACEMENT_3D('',#2172,#1721,#1722);
#1515=AXIS2_PLACEMENT_3D('',#2174,#1723,#1724);
#1516=AXIS2_PLACEMENT_3D('',#2176,#1725,#1726);
#1517=AXIS2_PLACEMENT_3D('',#2178,#1727,#1728);
#1518=AXIS2_PLACEMENT_3D('',#2182,#1731,#1732);
#1519=AXIS2_PLACEMENT_3D('',#2196,#1741,#1742);
#1520=AXIS2_PLACEMENT_3D('',#2200,#1745,#1746);
#1521=AXIS2_PLACEMENT_3D('',#2204,#1749,#1750);
#1522=AXIS2_PLACEMENT_3D('',#2205,#1751,#1752);
#1523=AXIS2_PLACEMENT_3D('',#2207,#1753,#1754);
#1524=AXIS2_PLACEMENT_3D('',#2210,#1756,#1757);
#1525=AXIS2_PLACEMENT_3D('',#2216,#1761,#1762);
#1526=AXIS2_PLACEMENT_3D('',#2219,#1764,#1765);
#1527=AXIS2_PLACEMENT_3D('',#2220,#1766,#1767);
#1528=AXIS2_PLACEMENT_3D('',#2224,#1770,#1771);
#1529=AXIS2_PLACEMENT_3D('',#2227,#1773,#1774);
#1530=AXIS2_PLACEMENT_3D('',#2228,#1775,#1776);
#1531=AXIS2_PLACEMENT_3D('',#2232,#1779,#1780);
#1532=AXIS2_PLACEMENT_3D('',#2235,#1782,#1783);
#1533=AXIS2_PLACEMENT_3D('',#2236,#1784,#1785);
#1534=AXIS2_PLACEMENT_3D('',#2240,#1788,#1789);
#1535=AXIS2_PLACEMENT_3D('',#2241,#1790,#1791);
#1536=AXIS2_PLACEMENT_3D('',#2242,#1792,#1793);
#1537=AXIS2_PLACEMENT_3D('',#2243,#1794,#1795);
#1538=AXIS2_PLACEMENT_3D('',#2245,#1796,#1797);
#1539=AXIS2_PLACEMENT_3D('',#2246,#1798,#1799);
#1540=AXIS2_PLACEMENT_3D('',#2247,#1800,#1801);
#1541=AXIS2_PLACEMENT_3D('',#2249,#1802,#1803);
#1542=AXIS2_PLACEMENT_3D('',#2250,#1804,#1805);
#1543=AXIS2_PLACEMENT_3D('',#2251,#1806,#1807);
#1544=AXIS2_PLACEMENT_3D('',#2253,#1808,#1809);
#1545=AXIS2_PLACEMENT_3D('',#2254,#1810,#1811);
#1546=AXIS2_PLACEMENT_3D('',#2255,#1812,#1813);
#1547=AXIS2_PLACEMENT_3D('',#2257,#1814,#1815);
#1548=AXIS2_PLACEMENT_3D('',#2258,#1816,#1817);
#1549=AXIS2_PLACEMENT_3D('',#2259,#1818,#1819);
#1550=AXIS2_PLACEMENT_3D('',#2260,#1820,#1821);
#1551=AXIS2_PLACEMENT_3D('',#2261,#1822,#1823);
#1552=AXIS2_PLACEMENT_3D('',#2262,#1824,#1825);
#1553=AXIS2_PLACEMENT_3D('',#2263,#1826,#1827);
#1554=AXIS2_PLACEMENT_3D('',#2264,#1828,#1829);
#1555=AXIS2_PLACEMENT_3D('',#2265,#1830,#1831);
#1556=AXIS2_PLACEMENT_3D('',#2266,#1832,#1833);
#1557=AXIS2_PLACEMENT_3D('',#2267,#1834,#1835);
#1558=AXIS2_PLACEMENT_3D('',#2268,#1836,#1837);
#1559=AXIS2_PLACEMENT_3D('',#2269,#1838,#1839);
#1560=AXIS2_PLACEMENT_3D('',#2270,#1840,#1841);
#1561=AXIS2_PLACEMENT_3D('',#2271,#1842,#1843);
#1562=AXIS2_PLACEMENT_3D('',#2272,#1844,#1845);
#1563=AXIS2_PLACEMENT_3D('',#2273,#1846,#1847);
#1564=AXIS2_PLACEMENT_3D('',#2274,#1848,#1849);
#1565=AXIS2_PLACEMENT_3D('',#2280,#1853,#1854);
#1566=AXIS2_PLACEMENT_3D('',#2282,#1856,#1857);
#1567=AXIS2_PLACEMENT_3D('',#2284,#1859,#1860);
#1568=AXIS2_PLACEMENT_3D('',#2285,#1861,#1862);
#1569=AXIS2_PLACEMENT_3D('',#2291,#1866,#1867);
#1570=AXIS2_PLACEMENT_3D('',#2293,#1869,#1870);
#1571=AXIS2_PLACEMENT_3D('',#2295,#1872,#1873);
#1572=AXIS2_PLACEMENT_3D('',#2296,#1874,#1875);
#1573=AXIS2_PLACEMENT_3D('',#2297,#1876,#1877);
#1574=AXIS2_PLACEMENT_3D('',#2306,#1882,#1883);
#1575=AXIS2_PLACEMENT_3D('',#2312,#1887,#1888);
#1576=AXIS2_PLACEMENT_3D('',#2313,#1889,#1890);
#1577=AXIS2_PLACEMENT_3D('',#2320,#1893,#1894);
#1578=AXIS2_PLACEMENT_3D('',#2322,#1895,#1896);
#1579=AXIS2_PLACEMENT_3D('',#2323,#1897,#1898);
#1580=AXIS2_PLACEMENT_3D('',#2324,#1899,#1900);
#1581=AXIS2_PLACEMENT_3D('',#2331,#1903,#1904);
#1582=AXIS2_PLACEMENT_3D('',#2333,#1905,#1906);
#1583=AXIS2_PLACEMENT_3D('',#2334,#1907,#1908);
#1584=AXIS2_PLACEMENT_3D('',#2340,#1911,#1912);
#1585=AXIS2_PLACEMENT_3D('',#2342,#1913,#1914);
#1586=AXIS2_PLACEMENT_3D('',#2344,#1915,#1916);
#1587=AXIS2_PLACEMENT_3D('',#2345,#1917,#1918);
#1588=AXIS2_PLACEMENT_3D('',#2352,#1922,#1923);
#1589=AXIS2_PLACEMENT_3D('',#2366,#1930,#1931);
#1590=AXIS2_PLACEMENT_3D('',#2372,#1934,#1935);
#1591=AXIS2_PLACEMENT_3D('',#2378,#1938,#1939);
#1592=AXIS2_PLACEMENT_3D('',#2381,#1941,#1942);
#1593=AXIS2_PLACEMENT_3D('',#2383,#1943,#1944);
#1594=AXIS2_PLACEMENT_3D('',#2385,#1945,#1946);
#1595=AXIS2_PLACEMENT_3D('',#2387,#1947,#1948);
#1596=AXIS2_PLACEMENT_3D('',#2389,#1949,#1950);
#1597=AXIS2_PLACEMENT_3D('',#2391,#1951,#1952);
#1598=AXIS2_PLACEMENT_3D('',#2394,#1955,#1956);
#1599=AXIS2_PLACEMENT_3D('',#2396,#1958,#1959);
#1600=AXIS2_PLACEMENT_3D('',#2402,#1963,#1964);
#1601=AXIS2_PLACEMENT_3D('',#2406,#1967,#1968);
#1602=AXIS2_PLACEMENT_3D('',#2413,#1973,#1974);
#1603=AXIS2_PLACEMENT_3D('',#2420,#1979,#1980);
#1604=AXIS2_PLACEMENT_3D('',#2425,#1984,#1985);
#1605=AXIS2_PLACEMENT_3D('',#2426,#1986,#1987);
#1606=AXIS2_PLACEMENT_3D('',#2427,#1988,#1989);
#1607=AXIS2_PLACEMENT_3D('',#2429,#1990,#1991);
#1608=AXIS2_PLACEMENT_3D('',#2433,#1993,#1994);
#1609=AXIS2_PLACEMENT_3D('',#2436,#1996,#1997);
#1610=AXIS2_PLACEMENT_3D('',#2438,#1999,#2000);
#1611=AXIS2_PLACEMENT_3D('',#2440,#2002,#2003);
#1612=AXIS2_PLACEMENT_3D('',#2446,#2007,#2008);
#1613=AXIS2_PLACEMENT_3D('',#2450,#2011,#2012);
#1614=AXIS2_PLACEMENT_3D('',#2458,#2017,#2018);
#1615=AXIS2_PLACEMENT_3D('',#2463,#2022,#2023);
#1616=AXIS2_PLACEMENT_3D('',#2464,#2024,#2025);
#1617=AXIS2_PLACEMENT_3D('',#2465,#2026,#2027);
#1618=AXIS2_PLACEMENT_3D('',#2466,#2028,#2029);
#1619=AXIS2_PLACEMENT_3D('',#2467,#2030,#2031);
#1620=AXIS2_PLACEMENT_3D('',#2468,#2032,#2033);
#1621=AXIS2_PLACEMENT_3D('',#2469,#2034,#2035);
#1622=AXIS2_PLACEMENT_3D('',#2470,#2036,#2037);
#1623=AXIS2_PLACEMENT_3D('',#2471,#2038,#2039);
#1624=AXIS2_PLACEMENT_3D('',#2472,#2040,#2041);
#1625=AXIS2_PLACEMENT_3D('',#2476,#2044,#2045);
#1626=AXIS2_PLACEMENT_3D('',#2477,#2046,#2047);
#1627=AXIS2_PLACEMENT_3D('',#2479,#2048,#2049);
#1628=AXIS2_PLACEMENT_3D('',#2480,#2050,#2051);
#1629=AXIS2_PLACEMENT_3D('',#2481,#2052,#2053);
#1630=AXIS2_PLACEMENT_3D('',#2483,#2055,#2056);
#1631=AXIS2_PLACEMENT_3D('',#2485,#2058,#2059);
#1632=AXIS2_PLACEMENT_3D('',#2486,#2060,#2061);
#1633=AXIS2_PLACEMENT_3D('',#2487,#2062,#2063);
#1634=AXIS2_PLACEMENT_3D('',#2488,#2064,#2065);
#1635=AXIS2_PLACEMENT_3D('',#2489,#2066,#2067);
#1636=AXIS2_PLACEMENT_3D('',#2490,#2068,#2069);
#1637=AXIS2_PLACEMENT_3D('',#2491,#2070,#2071);
#1638=AXIS2_PLACEMENT_3D('',#2492,#2072,#2073);
#1639=AXIS2_PLACEMENT_3D('',#2493,#2074,#2075);
#1640=AXIS2_PLACEMENT_3D('',#2494,#2076,#2077);
#1641=AXIS2_PLACEMENT_3D('',#2495,#2078,#2079);
#1642=DIRECTION('',(0.,0.,1.));
#1643=DIRECTION('',(1.,0.,0.));
#1644=DIRECTION('',(0.,0.,-1.));
#1645=DIRECTION('',(0.,1.,0.));
#1646=DIRECTION('',(0.,0.,1.));
#1647=DIRECTION('',(0.,-1.,0.));
#1648=DIRECTION('',(0.,0.,1.));
#1649=DIRECTION('',(0.,-1.,0.));
#1650=DIRECTION('',(0.,0.,-1.));
#1651=DIRECTION('',(0.,1.,0.));
#1652=DIRECTION('',(0.,0.,-1.));
#1653=DIRECTION('',(0.,-1.,0.));
#1654=DIRECTION('',(0.,0.,-1.));
#1655=DIRECTION('',(0.,-1.,0.));
#1656=DIRECTION('',(0.,0.,-1.));
#1657=DIRECTION('',(0.,1.,0.));
#1658=DIRECTION('',(0.,0.,1.));
#1659=DIRECTION('',(0.,-1.,0.));
#1660=DIRECTION('',(0.,0.,1.));
#1661=DIRECTION('',(0.,-1.,0.));
#1662=DIRECTION('',(0.,0.,-1.));
#1663=DIRECTION('',(0.,1.,0.));
#1664=DIRECTION('',(0.,0.,-1.));
#1665=DIRECTION('',(0.,-1.,0.));
#1666=DIRECTION('',(0.,0.,-1.));
#1667=DIRECTION('',(0.,-1.,0.));
#1668=DIRECTION('',(0.,0.,1.));
#1669=DIRECTION('',(1.,0.,0.));
#1670=DIRECTION('',(-1.,0.,0.));
#1671=DIRECTION('',(0.,-1.,0.));
#1672=DIRECTION('',(1.,0.,0.));
#1673=DIRECTION('',(0.,1.,0.));
#1674=DIRECTION('',(-1.,0.,0.));
#1675=DIRECTION('',(0.,-1.,0.));
#1676=DIRECTION('',(1.,0.,0.));
#1677=DIRECTION('',(0.,-1.,0.));
#1678=DIRECTION('',(-1.,0.,0.));
#1679=DIRECTION('',(0.,1.,0.));
#1680=DIRECTION('',(-1.,0.,0.));
#1681=DIRECTION('',(0.,0.,-1.));
#1682=DIRECTION('',(0.,1.,0.));
#1683=DIRECTION('',(0.,-1.,0.));
#1684=DIRECTION('',(0.,0.,-1.));
#1685=DIRECTION('',(0.,1.,0.));
#1686=DIRECTION('',(1.,0.,0.));
#1687=DIRECTION('',(0.,0.,-1.));
#1688=DIRECTION('',(0.,1.,0.));
#1689=DIRECTION('',(0.,-1.,0.));
#1690=DIRECTION('',(0.,0.,-1.));
#1691=DIRECTION('',(0.,1.,0.));
#1692=DIRECTION('',(-1.,0.,0.));
#1693=DIRECTION('',(0.,1.,0.));
#1694=DIRECTION('',(0.,0.,1.));
#1695=DIRECTION('',(0.,-1.,0.));
#1696=DIRECTION('',(0.,-1.,0.));
#1697=DIRECTION('',(-1.,0.,0.));
#1698=DIRECTION('',(0.,0.,-1.));
#1699=DIRECTION('',(0.,0.,-1.));
#1700=DIRECTION('',(-1.,0.,0.));
#1701=DIRECTION('',(0.,0.,-1.));
#1702=DIRECTION('',(0.,1.,0.));
#1703=DIRECTION('',(0.,0.,1.));
#1704=DIRECTION('',(0.,-1.,0.));
#1705=DIRECTION('',(0.,0.,1.));
#1706=DIRECTION('',(1.,0.,0.));
#1707=DIRECTION('',(0.,0.,1.));
#1708=DIRECTION('',(0.,-1.,0.));
#1709=DIRECTION('',(0.,-1.,0.));
#1710=DIRECTION('',(0.,0.,1.));
#1711=DIRECTION('',(0.,-1.,0.));
#1712=DIRECTION('',(1.,0.,0.));
#1713=DIRECTION('',(0.,0.,1.));
#1714=DIRECTION('',(0.,-1.,0.));
#1715=DIRECTION('',(0.,-1.,0.));
#1716=DIRECTION('',(0.,0.,1.));
#1717=DIRECTION('',(0.,-1.,0.));
#1718=DIRECTION('',(1.,0.,0.));
#1719=DIRECTION('',(0.,0.,1.));
#1720=DIRECTION('',(0.,-1.,0.));
#1721=DIRECTION('',(0.,0.,1.));
#1722=DIRECTION('',(0.,-1.,0.));
#1723=DIRECTION('',(0.,0.,1.));
#1724=DIRECTION('',(0.,-1.,0.));
#1725=DIRECTION('',(0.,0.,1.));
#1726=DIRECTION('',(0.,-1.,0.));
#1727=DIRECTION('',(-1.,0.,0.));
#1728=DIRECTION('',(0.,1.,0.));
#1729=DIRECTION('',(0.,0.,-1.));
#1730=DIRECTION('',(0.,1.,0.));
#1731=DIRECTION('',(0.,-1.,0.));
#1732=DIRECTION('',(-1.,0.,0.));
#1733=DIRECTION('',(-1.,0.,0.));
#1734=DIRECTION('',(0.,0.,-1.));
#1735=DIRECTION('',(0.,0.,-1.));
#1736=DIRECTION('',(-1.,0.,0.));
#1737=DIRECTION('',(0.,0.,-1.));
#1738=DIRECTION('',(-1.,0.,0.));
#1739=DIRECTION('',(0.,0.,-1.));
#1740=DIRECTION('',(0.,0.,1.));
#1741=DIRECTION('',(-1.,0.,0.));
#1742=DIRECTION('',(0.,1.,0.));
#1743=DIRECTION('',(0.,0.,-1.));
#1744=DIRECTION('',(0.,1.,0.));
#1745=DIRECTION('',(0.,-1.,0.));
#1746=DIRECTION('',(-1.,0.,0.));
#1747=DIRECTION('',(0.,0.,-1.));
#1748=DIRECTION('',(-1.,0.,0.));
#1749=DIRECTION('',(0.,0.,-1.));
#1750=DIRECTION('',(-1.,0.,0.));
#1751=DIRECTION('',(0.,0.,-1.));
#1752=DIRECTION('',(0.,1.,0.));
#1753=DIRECTION('',(0.,0.,-1.));
#1754=DIRECTION('',(0.,1.,0.));
#1755=DIRECTION('',(1.,0.,0.));
#1756=DIRECTION('',(1.,0.,0.));
#1757=DIRECTION('',(0.,-1.,0.));
#1758=DIRECTION('',(0.,0.,-1.));
#1759=DIRECTION('',(0.,-1.,0.));
#1760=DIRECTION('',(0.,0.,-1.));
#1761=DIRECTION('',(0.,0.,-1.));
#1762=DIRECTION('',(0.,1.,0.));
#1763=DIRECTION('',(0.,0.,-1.));
#1764=DIRECTION('',(0.,0.,1.));
#1765=DIRECTION('',(0.,-1.,0.));
#1766=DIRECTION('',(0.,1.,0.));
#1767=DIRECTION('',(1.,0.,0.));
#1768=DIRECTION('',(0.,0.,-1.));
#1769=DIRECTION('',(1.,0.,0.));
#1770=DIRECTION('',(0.,0.,-1.));
#1771=DIRECTION('',(0.,1.,0.));
#1772=DIRECTION('',(0.,0.,-1.));
#1773=DIRECTION('',(0.,0.,1.));
#1774=DIRECTION('',(0.,-1.,0.));
#1775=DIRECTION('',(1.,0.,0.));
#1776=DIRECTION('',(0.,-1.,0.));
#1777=DIRECTION('',(0.,0.,-1.));
#1778=DIRECTION('',(0.,-1.,0.));
#1779=DIRECTION('',(0.,0.,-1.));
#1780=DIRECTION('',(0.,1.,0.));
#1781=DIRECTION('',(0.,0.,-1.));
#1782=DIRECTION('',(0.,0.,1.));
#1783=DIRECTION('',(0.,-1.,0.));
#1784=DIRECTION('',(0.,1.,0.));
#1785=DIRECTION('',(1.,0.,0.));
#1786=DIRECTION('',(0.,0.,-1.));
#1787=DIRECTION('',(1.,0.,0.));
#1788=DIRECTION('',(0.,0.,-1.));
#1789=DIRECTION('',(0.,1.,0.));
#1790=DIRECTION('',(0.,0.,1.));
#1791=DIRECTION('',(0.,-1.,0.));
#1792=DIRECTION('',(0.,0.,1.));
#1793=DIRECTION('',(0.,-1.,0.));
#1794=DIRECTION('',(0.,0.,1.));
#1795=DIRECTION('',(0.,-1.,0.));
#1796=DIRECTION('',(0.,0.,1.));
#1797=DIRECTION('',(1.,0.,0.));
#1798=DIRECTION('',(0.,0.,1.));
#1799=DIRECTION('',(0.,-1.,0.));
#1800=DIRECTION('',(0.,0.,1.));
#1801=DIRECTION('',(0.,-1.,0.));
#1802=DIRECTION('',(0.,0.,1.));
#1803=DIRECTION('',(1.,0.,0.));
#1804=DIRECTION('',(0.,0.,1.));
#1805=DIRECTION('',(0.,-1.,0.));
#1806=DIRECTION('',(0.,0.,1.));
#1807=DIRECTION('',(0.,-1.,0.));
#1808=DIRECTION('',(0.,0.,1.));
#1809=DIRECTION('',(1.,0.,0.));
#1810=DIRECTION('',(0.,0.,1.));
#1811=DIRECTION('',(0.,-1.,0.));
#1812=DIRECTION('',(0.,0.,1.));
#1813=DIRECTION('',(0.,-1.,0.));
#1814=DIRECTION('',(0.,0.,1.));
#1815=DIRECTION('',(1.,0.,0.));
#1816=DIRECTION('',(0.,-1.,0.));
#1817=DIRECTION('',(-1.,0.,0.));
#1818=DIRECTION('',(0.,-1.,0.));
#1819=DIRECTION('',(-1.,0.,0.));
#1820=DIRECTION('',(0.,1.,0.));
#1821=DIRECTION('',(1.,0.,0.));
#1822=DIRECTION('',(0.,0.,1.));
#1823=DIRECTION('',(0.,-1.,0.));
#1824=DIRECTION('',(1.,0.,0.));
#1825=DIRECTION('',(0.,-1.,0.));
#1826=DIRECTION('',(0.,0.,1.));
#1827=DIRECTION('',(0.,-1.,0.));
#1828=DIRECTION('',(1.,-1.0842021724855E-15,0.));
#1829=DIRECTION('',(-1.0842021724855E-15,-1.,0.));
#1830=DIRECTION('',(-1.,0.,0.));
#1831=DIRECTION('',(0.,1.,0.));
#1832=DIRECTION('',(1.,0.,0.));
#1833=DIRECTION('',(0.,-1.,0.));
#1834=DIRECTION('',(1.,0.,0.));
#1835=DIRECTION('',(0.,-1.,0.));
#1836=DIRECTION('',(1.,0.,0.));
#1837=DIRECTION('',(0.,-1.,0.));
#1838=DIRECTION('',(0.,0.,1.));
#1839=DIRECTION('',(0.,-1.,0.));
#1840=DIRECTION('',(0.,-1.,0.));
#1841=DIRECTION('',(-1.,0.,0.));
#1842=DIRECTION('',(0.,0.,1.));
#1843=DIRECTION('',(0.,-1.,0.));
#1844=DIRECTION('',(2.16840434497101E-15,1.,-2.16840434497101E-15));
#1845=DIRECTION('',(1.,-2.16840434497101E-15,0.));
#1846=DIRECTION('',(0.,1.,0.));
#1847=DIRECTION('',(1.,0.,0.));
#1848=DIRECTION('',(0.,-1.,0.));
#1849=DIRECTION('',(1.,0.,0.));
#1850=DIRECTION('',(0.,0.,-1.));
#1851=DIRECTION('',(-1.,0.,0.));
#1852=DIRECTION('',(0.,0.,-1.));
#1853=DIRECTION('',(-1.,0.,0.));
#1854=DIRECTION('',(0.,1.,0.));
#1855=DIRECTION('',(0.,-1.,0.));
#1856=DIRECTION('',(-1.,0.,0.));
#1857=DIRECTION('',(0.,1.,0.));
#1858=DIRECTION('',(0.,-1.,0.));
#1859=DIRECTION('',(0.,0.,1.));
#1860=DIRECTION('',(0.,-1.,0.));
#1861=DIRECTION('',(0.,-1.,0.));
#1862=DIRECTION('',(1.,0.,0.));
#1863=DIRECTION('',(0.,0.,-1.));
#1864=DIRECTION('',(-1.,0.,0.));
#1865=DIRECTION('',(0.,0.,1.));
#1866=DIRECTION('',(-1.,0.,0.));
#1867=DIRECTION('',(0.,1.,0.));
#1868=DIRECTION('',(0.,-1.,0.));
#1869=DIRECTION('',(1.,0.,0.));
#1870=DIRECTION('',(0.,-1.,0.));
#1871=DIRECTION('',(0.,-1.,0.));
#1872=DIRECTION('',(0.,0.,1.));
#1873=DIRECTION('',(0.,-1.,0.));
#1874=DIRECTION('',(0.,0.,1.));
#1875=DIRECTION('',(1.,0.,0.));
#1876=DIRECTION('',(-1.,0.,0.));
#1877=DIRECTION('',(0.,1.,0.));
#1878=DIRECTION('',(0.,-1.,0.));
#1879=DIRECTION('',(0.,0.,-1.));
#1880=DIRECTION('',(0.,1.,0.));
#1881=DIRECTION('',(0.,0.,-1.));
#1882=DIRECTION('',(0.,1.,0.));
#1883=DIRECTION('',(1.,0.,0.));
#1884=DIRECTION('',(-1.,0.,0.));
#1885=DIRECTION('',(0.,0.,-1.));
#1886=DIRECTION('',(1.,0.,0.));
#1887=DIRECTION('',(0.,0.,1.));
#1888=DIRECTION('',(1.,0.,0.));
#1889=DIRECTION('',(0.,0.,1.));
#1890=DIRECTION('',(0.,-1.,0.));
#1891=DIRECTION('',(-7.62308549476526E-5,-0.999999997094428,0.));
#1892=DIRECTION('',(-0.999999997094428,-7.62308549474805E-5,0.));
#1893=DIRECTION('',(0.,0.,1.));
#1894=DIRECTION('',(0.,-1.,0.));
#1895=DIRECTION('',(0.,0.,1.));
#1896=DIRECTION('',(0.,-1.,0.));
#1897=DIRECTION('',(0.,0.,1.));
#1898=DIRECTION('',(1.,0.,0.));
#1899=DIRECTION('',(0.,0.,1.));
#1900=DIRECTION('',(0.,-1.,0.));
#1901=DIRECTION('',(1.,0.,0.));
#1902=DIRECTION('',(0.,1.,0.));
#1903=DIRECTION('',(0.,0.,1.));
#1904=DIRECTION('',(0.,-1.,0.));
#1905=DIRECTION('',(0.,0.,-1.));
#1906=DIRECTION('',(0.,-1.,0.));
#1907=DIRECTION('',(0.,0.,1.));
#1908=DIRECTION('',(1.,0.,0.));
#1909=DIRECTION('',(-1.51955032550519E-16,1.,0.));
#1910=DIRECTION('',(-1.,-1.29789918554946E-16,0.));
#1911=DIRECTION('',(0.,0.,1.));
#1912=DIRECTION('',(0.,-1.,0.));
#1913=DIRECTION('',(0.,0.,1.));
#1914=DIRECTION('',(0.,-1.,0.));
#1915=DIRECTION('',(0.,0.,1.));
#1916=DIRECTION('',(0.,-1.,0.));
#1917=DIRECTION('',(0.,0.,1.));
#1918=DIRECTION('',(1.,0.,0.));
#1919=DIRECTION('',(0.,-1.,0.));
#1920=DIRECTION('',(-1.,0.,0.));
#1921=DIRECTION('',(-1.51955032550519E-16,1.,0.));
#1922=DIRECTION('',(0.,0.,1.));
#1923=DIRECTION('',(0.,-1.,0.));
#1924=DIRECTION('',(1.51955032550519E-16,1.,0.));
#1925=DIRECTION('',(-1.,0.,0.));
#1926=DIRECTION('',(0.,1.,0.));
#1927=DIRECTION('',(1.,0.,0.));
#1928=DIRECTION('',(0.,-1.,0.));
#1929=DIRECTION('',(1.,0.,0.));
#1930=DIRECTION('',(0.,0.,1.));
#1931=DIRECTION('',(0.,-1.,0.));
#1932=DIRECTION('',(-0.999999997094428,-7.62308549474805E-5,0.));
#1933=DIRECTION('',(-7.62308549476526E-5,-0.999999997094428,0.));
#1934=DIRECTION('',(0.,0.,1.));
#1935=DIRECTION('',(0.,-1.,0.));
#1936=DIRECTION('',(7.62308549476526E-5,-0.999999997094428,0.));
#1937=DIRECTION('',(0.999999997094428,-7.62308549473082E-5,0.));
#1938=DIRECTION('',(0.,0.,1.));
#1939=DIRECTION('',(0.,-1.,0.));
#1940=DIRECTION('',(-1.,-1.29789918554946E-16,0.));
#1941=DIRECTION('',(0.,0.,1.));
#1942=DIRECTION('',(0.,-1.,0.));
#1943=DIRECTION('',(0.,0.,-1.));
#1944=DIRECTION('',(0.,-1.,0.));
#1945=DIRECTION('',(0.,0.,1.));
#1946=DIRECTION('',(0.,-1.,0.));
#1947=DIRECTION('',(0.,0.,-1.));
#1948=DIRECTION('',(0.,-1.,0.));
#1949=DIRECTION('',(0.,0.,1.));
#1950=DIRECTION('',(0.,-1.,0.));
#1951=DIRECTION('',(7.62308549474805E-5,-0.999999997094428,0.));
#1952=DIRECTION('',(-0.999999997094428,-7.62308549474805E-5,0.));
#1953=DIRECTION('',(0.,0.,-1.));
#1954=DIRECTION('',(0.,0.,-1.));
#1955=DIRECTION('',(0.999999997094428,-7.62308549476526E-5,0.));
#1956=DIRECTION('',(-7.62308549476526E-5,-0.999999997094428,0.));
#1957=DIRECTION('',(0.,0.,-1.));
#1958=DIRECTION('',(0.999999997094428,7.62308549476526E-5,0.));
#1959=DIRECTION('',(7.62308549476526E-5,-0.999999997094428,0.));
#1960=DIRECTION('',(0.,0.,-1.));
#1961=DIRECTION('',(7.62308549476526E-5,-0.999999997094428,0.));
#1962=DIRECTION('',(0.,0.,-1.));
#1963=DIRECTION('',(7.62308549473082E-5,0.999999997094428,0.));
#1964=DIRECTION('',(0.999999997094428,-7.62308549473082E-5,0.));
#1965=DIRECTION('',(0.999999997094428,-7.62308549473082E-5,0.));
#1966=DIRECTION('',(0.,0.,-1.));
#1967=DIRECTION('',(1.29789918554946E-16,-1.,0.));
#1968=DIRECTION('',(-1.,-1.29789918554946E-16,0.));
#1969=DIRECTION('',(-0.707106781186548,-9.17753315398521E-17,0.707106781186548));
#1970=DIRECTION('',(0.,0.,-1.));
#1971=DIRECTION('',(0.,0.,-1.));
#1972=DIRECTION('',(0.,0.,-1.));
#1973=DIRECTION('',(-1.,0.,0.));
#1974=DIRECTION('',(0.,1.,0.));
#1975=DIRECTION('',(0.,0.,-1.));
#1976=DIRECTION('',(0.,-1.,0.));
#1977=DIRECTION('',(0.,0.,-1.));
#1978=DIRECTION('',(0.,-1.,0.));
#1979=DIRECTION('',(0.,-1.,0.));
#1980=DIRECTION('',(-1.,0.,0.));
#1981=DIRECTION('',(-1.,0.,0.));
#1982=DIRECTION('',(0.,0.,-1.));
#1983=DIRECTION('',(0.707106781186548,0.,-0.707106781186548));
#1984=DIRECTION('',(0.,0.,-1.));
#1985=DIRECTION('',(0.,1.,0.));
#1986=DIRECTION('',(0.,0.,1.));
#1987=DIRECTION('',(0.,-1.,0.));
#1988=DIRECTION('',(0.,0.,1.));
#1989=DIRECTION('',(0.,-1.,0.));
#1990=DIRECTION('',(0.,0.,1.));
#1991=DIRECTION('',(0.,-1.,0.));
#1992=DIRECTION('',(0.,0.,1.));
#1993=DIRECTION('',(0.,0.,1.));
#1994=DIRECTION('',(0.,-1.,0.));
#1995=DIRECTION('',(0.,0.,1.));
#1996=DIRECTION('',(0.,0.,1.));
#1997=DIRECTION('',(0.,-1.,0.));
#1998=DIRECTION('',(0.,0.,-1.));
#1999=DIRECTION('',(0.,0.,1.));
#2000=DIRECTION('',(0.,-1.,0.));
#2001=DIRECTION('',(0.,0.,-1.));
#2002=DIRECTION('',(0.,-1.,0.));
#2003=DIRECTION('',(-1.,0.,0.));
#2004=DIRECTION('',(-1.,0.,0.));
#2005=DIRECTION('',(0.,0.,-1.));
#2006=DIRECTION('',(0.,0.,-1.));
#2007=DIRECTION('',(-1.,0.,0.));
#2008=DIRECTION('',(0.,1.,0.));
#2009=DIRECTION('',(0.,1.,0.));
#2010=DIRECTION('',(0.,0.,-1.));
#2011=DIRECTION('',(0.,1.,0.));
#2012=DIRECTION('',(1.,0.,0.));
#2013=DIRECTION('',(1.,0.,0.));
#2014=DIRECTION('',(0.,0.,-1.));
#2015=DIRECTION('',(0.707106781186548,0.,0.707106781186548));
#2016=DIRECTION('',(0.,0.,1.));
#2017=DIRECTION('',(-1.,0.,0.));
#2018=DIRECTION('',(0.,1.,0.));
#2019=DIRECTION('',(0.,0.,-1.));
#2020=DIRECTION('',(0.,1.,0.));
#2021=DIRECTION('',(0.,-1.,0.));
#2022=DIRECTION('',(0.,0.,-1.));
#2023=DIRECTION('',(0.,1.,0.));
#2024=DIRECTION('',(0.,0.,-1.));
#2025=DIRECTION('',(0.,-1.,0.));
#2026=DIRECTION('',(0.,0.,-1.));
#2027=DIRECTION('',(0.,1.,0.));
#2028=DIRECTION('',(0.,0.,1.));
#2029=DIRECTION('',(0.,-1.,0.));
#2030=DIRECTION('',(0.,0.,-1.));
#2031=DIRECTION('',(0.,1.,0.));
#2032=DIRECTION('',(0.,0.,-1.));
#2033=DIRECTION('',(0.,-1.,0.));
#2034=DIRECTION('',(0.,0.,-1.));
#2035=DIRECTION('',(0.,-1.,0.));
#2036=DIRECTION('',(0.,0.,-1.));
#2037=DIRECTION('',(0.,1.,0.));
#2038=DIRECTION('',(0.,0.,1.));
#2039=DIRECTION('',(0.,-1.,0.));
#2040=DIRECTION('',(0.,1.,0.));
#2041=DIRECTION('',(1.,0.,0.));
#2042=DIRECTION('',(0.,0.,1.));
#2043=DIRECTION('',(-0.707106781186548,0.,-0.707106781186548));
#2044=DIRECTION('',(0.,0.,-1.));
#2045=DIRECTION('',(0.,1.,0.));
#2046=DIRECTION('',(0.,0.,1.));
#2047=DIRECTION('',(0.,-1.,0.));
#2048=DIRECTION('',(0.,0.,1.));
#2049=DIRECTION('',(1.,0.,0.));
#2050=DIRECTION('',(0.,0.,1.));
#2051=DIRECTION('',(1.,0.,0.));
#2052=DIRECTION('',(-1.,0.,0.));
#2053=DIRECTION('',(0.,1.,0.));
#2054=DIRECTION('',(0.,-1.,0.));
#2055=DIRECTION('',(-1.,0.,0.));
#2056=DIRECTION('',(0.,1.,0.));
#2057=DIRECTION('',(0.,1.,0.));
#2058=DIRECTION('',(0.,0.,-1.));
#2059=DIRECTION('',(-1.,0.,0.));
#2060=DIRECTION('',(0.,0.,-1.));
#2061=DIRECTION('',(-1.,0.,0.));
#2062=DIRECTION('',(0.,0.,-1.));
#2063=DIRECTION('',(-1.,0.,0.));
#2064=DIRECTION('',(0.,0.,1.));
#2065=DIRECTION('',(-0.574131579899542,-0.818763048117131,0.));
#2066=DIRECTION('',(0.,0.,1.));
#2067=DIRECTION('',(1.,0.,0.));
#2068=DIRECTION('',(0.,0.,-1.));
#2069=DIRECTION('',(-1.,0.,0.));
#2070=DIRECTION('',(0.,0.,-1.));
#2071=DIRECTION('',(-1.,0.,0.));
#2072=DIRECTION('',(-0.707106781186548,0.,0.707106781186548));
#2073=DIRECTION('',(0.,1.,0.));
#2074=DIRECTION('',(0.707106781186548,0.,0.707106781186548));
#2075=DIRECTION('',(0.,1.,0.));
#2076=DIRECTION('',(0.,0.,-1.));
#2077=DIRECTION('',(-1.,0.,0.));
#2078=DIRECTION('',(0.,0.,-1.));
#2079=DIRECTION('',(-1.,0.,0.));
#2080=CARTESIAN_POINT('',(0.,0.,0.));
#2081=CARTESIAN_POINT('',(-0.009391085,0.009391085,0.023));
#2082=CARTESIAN_POINT('',(-0.009391085,0.009391085,0.018));
#2083=CARTESIAN_POINT('',(-0.009391085,0.008141085,0.018));
#2084=CARTESIAN_POINT('',(-0.009391085,0.009391085,0.02));
#2085=CARTESIAN_POINT('',(-0.009391085,0.008141085,0.02));
#2086=CARTESIAN_POINT('',(0.009391085,0.009391085,0.023));
#2087=CARTESIAN_POINT('',(0.009391085,0.009391085,0.018));
#2088=CARTESIAN_POINT('',(0.009391085,0.008141085,0.018));
#2089=CARTESIAN_POINT('',(0.009391085,0.009391085,0.02));
#2090=CARTESIAN_POINT('',(0.009391085,0.008141085,0.02));
#2091=CARTESIAN_POINT('',(0.009391085,-0.009391085,0.023));
#2092=CARTESIAN_POINT('',(0.009391085,-0.009391085,0.018));
#2093=CARTESIAN_POINT('',(0.009391085,-0.010641085,0.018));
#2094=CARTESIAN_POINT('',(0.009391085,-0.009391085,0.02));
#2095=CARTESIAN_POINT('',(0.009391085,-0.010641085,0.02));
#2096=CARTESIAN_POINT('',(-0.009391085,-0.009391085,0.023));
#2097=CARTESIAN_POINT('',(-0.009391085,-0.009391085,0.018));
#2098=CARTESIAN_POINT('',(-0.009391085,-0.010641085,0.018));
#2099=CARTESIAN_POINT('',(-0.009391085,-0.009391085,0.02));
#2100=CARTESIAN_POINT('',(-0.009391085,-0.010641085,0.02));
#2101=CARTESIAN_POINT('',(0.,0.,0.018));
#2102=CARTESIAN_POINT('',(0.,0.00489894891781792,0.018));
#2103=CARTESIAN_POINT('',(-0.008412,0.00489894891781792,0.018));
#2104=CARTESIAN_POINT('',(-0.009,0.00489894891781792,0.018));
#2105=CARTESIAN_POINT('',(-0.008412,0.,0.018));
#2106=CARTESIAN_POINT('',(-0.008412,0.00201619482241018,0.018));
#2107=CARTESIAN_POINT('',(0.,0.00201619482241018,0.018));
#2108=CARTESIAN_POINT('',(-0.00661,0.00201619482241018,0.018));
#2109=CARTESIAN_POINT('',(-0.00661,0.,0.018));
#2110=CARTESIAN_POINT('',(-0.00661,0.00489894891781792,0.018));
#2111=CARTESIAN_POINT('',(0.,0.00489894891781792,0.018));
#2112=CARTESIAN_POINT('',(0.00661,0.00489894891781792,0.018));
#2113=CARTESIAN_POINT('',(0.00661,0.,0.018));
#2114=CARTESIAN_POINT('',(0.00661,0.00201619482241018,0.018));
#2115=CARTESIAN_POINT('',(0.,0.00201619482241018,0.018));
#2116=CARTESIAN_POINT('',(0.008412,0.00201619482241018,0.018));
#2117=CARTESIAN_POINT('',(0.008412,0.,0.018));
#2118=CARTESIAN_POINT('',(0.008412,0.00489894891781792,0.018));
#2119=CARTESIAN_POINT('',(0.,0.00489894891781792,0.018));
#2120=CARTESIAN_POINT('',(0.009,0.00489894891781792,0.018));
#2121=CARTESIAN_POINT('',(0.009,0.00594894891781792,0.018));
#2122=CARTESIAN_POINT('',(0.009,0.00699894891781792,0.018));
#2123=CARTESIAN_POINT('',(0.,0.00699894891781792,0.018));
#2124=CARTESIAN_POINT('',(0.00456124979828358,0.00699894891781792,0.018));
#2125=CARTESIAN_POINT('',(0.00336974710345267,0.00737686600953339,0.018));
#2126=CARTESIAN_POINT('',(0.00461974710345267,0.00737686600953339,0.018));
#2127=CARTESIAN_POINT('',(0.00461974710345267,0.00779436600953339,0.018));
#2128=CARTESIAN_POINT('',(0.00461974710345267,0.00821186600953339,0.018));
#2129=CARTESIAN_POINT('',(0.00324474710345267,0.00821186600953339,0.018));
#2130=CARTESIAN_POINT('',(0.00324474710345267,0.00958686600953339,0.018));
#2131=CARTESIAN_POINT('',(-3.7752896547331E-5,0.00958686600953339,0.018));
#2132=CARTESIAN_POINT('',(-0.00332025289654733,0.00958686600953339,0.018));
#2133=CARTESIAN_POINT('',(-0.00332025289654733,0.00833686600953339,0.018));
#2134=CARTESIAN_POINT('',(-0.00457025289654733,0.00833686600953339,0.018));
#2135=CARTESIAN_POINT('',(-0.00457025289654733,0.00785686600953339,0.018));
#2136=CARTESIAN_POINT('',(-0.00457025289654733,0.00737686600953339,0.018));
#2137=CARTESIAN_POINT('',(-0.00332025289654733,0.00737686600953339,0.018));
#2138=CARTESIAN_POINT('',(-0.00451175559137824,0.00699894891781792,0.018));
#2139=CARTESIAN_POINT('',(0.,0.00699894891781792,0.018));
#2140=CARTESIAN_POINT('',(-0.009,0.00699894891781792,0.018));
#2141=CARTESIAN_POINT('',(-0.009,0.00594894891781792,0.018));
#2142=CARTESIAN_POINT('',(0.,1.02564169428591E-18,0.018));
#2143=CARTESIAN_POINT('',(0.,-0.01675,0.018));
#2144=CARTESIAN_POINT('',(0.,0.00699894891781792,0.021));
#2145=CARTESIAN_POINT('',(0.00456124979828358,0.00699894891781792,0.023));
#2146=CARTESIAN_POINT('',(0.00456124979828358,0.00699894891781792,0.021));
#2147=CARTESIAN_POINT('',(0.009,0.00699894891781792,0.021));
#2148=CARTESIAN_POINT('',(0.009,0.00699894891781792,0.021));
#2149=CARTESIAN_POINT('',(0.,0.00699894891781792,0.021));
#2150=CARTESIAN_POINT('',(0.,1.02564169428591E-18,0.023));
#2151=CARTESIAN_POINT('',(0.,1.02564169428591E-18,0.023));
#2152=CARTESIAN_POINT('',(0.,-0.01675,0.023));
#2153=CARTESIAN_POINT('',(0.,0.,0.023));
#2154=CARTESIAN_POINT('',(0.00324474710345267,0.00821186600953339,0.023));
#2155=CARTESIAN_POINT('',(0.00324474710345267,0.00998686600953339,0.023));
#2156=CARTESIAN_POINT('',(0.00501974710345267,0.00821186600953339,0.023));
#2157=CARTESIAN_POINT('',(0.00501974710345267,0.00737686600953339,0.023));
#2158=CARTESIAN_POINT('',(0.00501974710345267,0.00737686600953339,0.023));
#2159=CARTESIAN_POINT('',(0.00336974710345267,0.00737686600953339,0.023));
#2160=CARTESIAN_POINT('',(0.00336974710345267,0.00572686600953339,0.023));
#2161=CARTESIAN_POINT('',(0.,0.00572686600953339,0.023));
#2162=CARTESIAN_POINT('',(-0.00332025289654733,0.00572686600953339,0.023));
#2163=CARTESIAN_POINT('',(-0.00332025289654733,0.00737686600953339,0.023));
#2164=CARTESIAN_POINT('',(-0.00497025289654733,0.00737686600953339,0.023));
#2165=CARTESIAN_POINT('',(-0.00497025289654733,0.,0.023));
#2166=CARTESIAN_POINT('',(-0.00497025289654733,0.00833686600953339,0.023));
#2167=CARTESIAN_POINT('',(-0.00332025289654733,0.00833686600953339,0.023));
#2168=CARTESIAN_POINT('',(-0.00332025289654733,0.0099868660095334,0.023));
#2169=CARTESIAN_POINT('',(0.00324474710345267,0.00998686600953339,0.023));
#2170=CARTESIAN_POINT('',(-0.009391085,-0.009391085,0.023));
#2171=CARTESIAN_POINT('',(-0.009391085,-0.011716085,0.023));
#2172=CARTESIAN_POINT('',(0.009391085,-0.009391085,0.023));
#2173=CARTESIAN_POINT('',(0.009391085,-0.011716085,0.023));
#2174=CARTESIAN_POINT('',(0.009391085,0.009391085,0.023));
#2175=CARTESIAN_POINT('',(0.009391085,0.007066085,0.023));
#2176=CARTESIAN_POINT('',(-0.009391085,0.009391085,0.023));
#2177=CARTESIAN_POINT('',(-0.009391085,0.007066085,0.023));
#2178=CARTESIAN_POINT('',(0.009,0.00594894891781792,0.021));
#2179=CARTESIAN_POINT('',(0.009,0.00489894891781792,0.021));
#2180=CARTESIAN_POINT('',(0.009,0.00489894891781792,0.021));
#2181=CARTESIAN_POINT('',(0.009,0.00594894891781792,0.021));
#2182=CARTESIAN_POINT('',(0.,0.00489894891781792,0.021));
#2183=CARTESIAN_POINT('',(0.,0.00489894891781792,0.0182426206824183));
#2184=CARTESIAN_POINT('',(-0.00661,0.00489894891781792,0.0182426206824183));
#2185=CARTESIAN_POINT('',(-0.008412,0.00489894891781792,0.0182426206824183));
#2186=CARTESIAN_POINT('',(-0.008412,0.00489894891781792,0.021));
#2187=CARTESIAN_POINT('',(-0.009,0.00489894891781792,0.021));
#2188=CARTESIAN_POINT('',(-0.009,0.00489894891781792,0.021));
#2189=CARTESIAN_POINT('',(0.,0.00489894891781792,0.021));
#2190=CARTESIAN_POINT('',(0.008412,0.00489894891781792,0.021));
#2191=CARTESIAN_POINT('',(0.008412,0.00489894891781792,0.0182426206824183));
#2192=CARTESIAN_POINT('',(0.,0.00489894891781792,0.0182426206824183));
#2193=CARTESIAN_POINT('',(0.00661,0.00489894891781792,0.0182426206824183));
#2194=CARTESIAN_POINT('',(0.00661,0.00489894891781792,0.021));
#2195=CARTESIAN_POINT('',(-0.00661,0.00489894891781792,0.021));
#2196=CARTESIAN_POINT('',(-0.009,0.00594894891781792,0.021));
#2197=CARTESIAN_POINT('',(-0.009,0.00699894891781792,0.021));
#2198=CARTESIAN_POINT('',(-0.009,0.00699894891781792,0.021));
#2199=CARTESIAN_POINT('',(-0.009,0.00594894891781792,0.021));
#2200=CARTESIAN_POINT('',(0.,0.00699894891781792,0.021));
#2201=CARTESIAN_POINT('',(-0.00451175559137824,0.00699894891781792,0.023));
#2202=CARTESIAN_POINT('',(-0.00451175559137824,0.00699894891781792,0.021));
#2203=CARTESIAN_POINT('',(0.,0.00699894891781792,0.021));
#2204=CARTESIAN_POINT('',(0.,0.,0.021));
#2205=CARTESIAN_POINT('',(0.00336974710345267,0.00737686600953339,0.021));
#2206=CARTESIAN_POINT('',(0.00336974710345267,0.00612686600953339,0.021));
#2207=CARTESIAN_POINT('',(-0.00332025289654733,0.00737686600953339,0.021));
#2208=CARTESIAN_POINT('',(-0.00332025289654733,0.00612686600953339,0.021));
#2209=CARTESIAN_POINT('',(0.,0.00612686600953339,0.021));
#2210=CARTESIAN_POINT('',(0.00461974710345267,0.00779436600953339,0.023));
#2211=CARTESIAN_POINT('',(0.00461974710345267,0.00737686600953339,0.023));
#2212=CARTESIAN_POINT('',(0.00461974710345267,0.00737686600953339,0.0226));
#2213=CARTESIAN_POINT('',(0.00461974710345267,0.00821186600953339,0.0226));
#2214=CARTESIAN_POINT('',(0.00461974710345267,0.00821186600953339,0.0226));
#2215=CARTESIAN_POINT('',(0.00461974710345267,0.00821186600953339,0.023));
#2216=CARTESIAN_POINT('',(0.00336974710345267,0.00737686600953339,0.023));
#2217=CARTESIAN_POINT('',(0.00336974710345267,0.00612686600953339,0.023));
#2218=CARTESIAN_POINT('',(0.00336974710345267,0.00612686600953339,0.0226));
#2219=CARTESIAN_POINT('',(0.00336974710345267,0.00737686600953339,0.0226));
#2220=CARTESIAN_POINT('',(2.47471034526686E-5,0.00612686600953339,0.023));
#2221=CARTESIAN_POINT('',(-0.00332025289654733,0.00612686600953339,0.023));
#2222=CARTESIAN_POINT('',(-0.00332025289654733,0.00612686600953339,0.0226));
#2223=CARTESIAN_POINT('',(2.47471034526686E-5,0.00612686600953339,0.0226));
#2224=CARTESIAN_POINT('',(-0.00332025289654733,0.00737686600953339,0.023));
#2225=CARTESIAN_POINT('',(-0.00457025289654733,0.00737686600953339,0.023));
#2226=CARTESIAN_POINT('',(-0.00457025289654733,0.00737686600953339,0.0226));
#2227=CARTESIAN_POINT('',(-0.00332025289654733,0.00737686600953339,0.0226));
#2228=CARTESIAN_POINT('',(-0.00457025289654733,0.00785686600953339,0.023));
#2229=CARTESIAN_POINT('',(-0.00457025289654733,0.00833686600953339,0.023));
#2230=CARTESIAN_POINT('',(-0.00457025289654733,0.00833686600953339,0.0226));
#2231=CARTESIAN_POINT('',(-0.00457025289654733,0.00785686600953339,0.0226));
#2232=CARTESIAN_POINT('',(-0.00332025289654733,0.00833686600953339,0.023));
#2233=CARTESIAN_POINT('',(-0.00332025289654733,0.00958686600953339,0.023));
#2234=CARTESIAN_POINT('',(-0.00332025289654733,0.00958686600953339,0.0226));
#2235=CARTESIAN_POINT('',(-0.00332025289654733,0.00833686600953339,0.0226));
#2236=CARTESIAN_POINT('',(-3.7752896547331E-5,0.00958686600953339,0.023));
#2237=CARTESIAN_POINT('',(0.00324474710345267,0.00958686600953339,0.023));
#2238=CARTESIAN_POINT('',(0.00324474710345267,0.00958686600953339,0.0226));
#2239=CARTESIAN_POINT('',(-0.00332025289654733,0.00958686600953339,0.0226));
#2240=CARTESIAN_POINT('',(0.00324474710345267,0.00821186600953339,0.023));
#2241=CARTESIAN_POINT('',(0.00324474710345267,0.00821186600953339,0.0226));
#2242=CARTESIAN_POINT('',(-0.009391085,0.009391085,0.02));
#2243=CARTESIAN_POINT('',(-0.009391085,0.009391085,0.02));
#2244=CARTESIAN_POINT('',(-0.009391085,0.007066085,0.02));
#2245=CARTESIAN_POINT('',(0.,0.,0.02));
#2246=CARTESIAN_POINT('',(0.009391085,0.009391085,0.02));
#2247=CARTESIAN_POINT('',(0.009391085,0.009391085,0.02));
#2248=CARTESIAN_POINT('',(0.009391085,0.007066085,0.02));
#2249=CARTESIAN_POINT('',(0.,0.,0.02));
#2250=CARTESIAN_POINT('',(0.009391085,-0.009391085,0.02));
#2251=CARTESIAN_POINT('',(0.009391085,-0.009391085,0.02));
#2252=CARTESIAN_POINT('',(0.009391085,-0.011716085,0.02));
#2253=CARTESIAN_POINT('',(0.,0.,0.02));
#2254=CARTESIAN_POINT('',(-0.009391085,-0.009391085,0.02));
#2255=CARTESIAN_POINT('',(-0.009391085,-0.009391085,0.02));
#2256=CARTESIAN_POINT('',(-0.009391085,-0.011716085,0.02));
#2257=CARTESIAN_POINT('',(0.,0.,0.02));
#2258=CARTESIAN_POINT('',(-0.00497025289654733,0.00785686600953339,0.0226));
#2259=CARTESIAN_POINT('',(-0.00497025289654733,0.00737686600953339,0.0226));
#2260=CARTESIAN_POINT('',(-0.00497025289654733,0.00833686600953339,0.0226));
#2261=CARTESIAN_POINT('',(-0.00332025289654733,0.00833686600953339,0.0226));
#2262=CARTESIAN_POINT('',(-0.00332025289654733,0.0099868660095334,0.0226));
#2263=CARTESIAN_POINT('',(-0.00332025289654733,0.00737686600953339,0.0226));
#2264=CARTESIAN_POINT('',(-0.00332025289654733,0.00572686600953339,0.0226));
#2265=CARTESIAN_POINT('',(0.,0.00998686600953339,0.0226));
#2266=CARTESIAN_POINT('',(0.00324474710345267,0.00998686600953339,0.0226));
#2267=CARTESIAN_POINT('',(2.47471034526686E-5,0.00572686600953339,0.0226));
#2268=CARTESIAN_POINT('',(0.00336974710345267,0.00572686600953339,0.0226));
#2269=CARTESIAN_POINT('',(0.00324474710345267,0.00821186600953339,0.0226));
#2270=CARTESIAN_POINT('',(0.00501974710345267,0.00821186600953339,0.0226));
#2271=CARTESIAN_POINT('',(0.00336974710345267,0.00737686600953339,0.0226));
#2272=CARTESIAN_POINT('',(0.00501974710345267,0.00737686600953339,0.0226));
#2273=CARTESIAN_POINT('',(0.00501974710345267,0.,0.0226));
#2274=CARTESIAN_POINT('',(0.0022137799862377,0.00201619482241018,0.0204258728314042));
#2275=CARTESIAN_POINT('',(0.00661,0.00201619482241018,0.018));
#2276=CARTESIAN_POINT('',(0.00661,0.00201619482241018,0.0182426206824183));
#2277=CARTESIAN_POINT('',(0.007111,0.00201619482241018,0.0182426206824183));
#2278=CARTESIAN_POINT('',(0.008412,0.00201619482241018,0.0182426206824183));
#2279=CARTESIAN_POINT('',(0.008412,0.00201619482241018,0.00180262068241835));
#2280=CARTESIAN_POINT('',(0.00661,0.00501619482241018,0.018));
#2281=CARTESIAN_POINT('',(0.00661,0.00501619482241018,0.0182426206824183));
#2282=CARTESIAN_POINT('',(0.008412,0.00501619482241018,0.00180262068241835));
#2283=CARTESIAN_POINT('',(0.008412,0.00501619482241018,0.0182426206824183));
#2284=CARTESIAN_POINT('',(0.007111,0.00501619482241018,0.0182426206824183));
#2285=CARTESIAN_POINT('',(0.0022137799862377,0.00201619482241018,0.0204258728314042));
#2286=CARTESIAN_POINT('',(-0.008412,0.00201619482241018,0.0178426206824184));
#2287=CARTESIAN_POINT('',(-0.008412,0.00201619482241018,0.0182426206824183));
#2288=CARTESIAN_POINT('',(-0.008012,0.00201619482241018,0.0182426206824183));
#2289=CARTESIAN_POINT('',(-0.00661,0.00201619482241018,0.0182426206824183));
#2290=CARTESIAN_POINT('',(-0.00661,0.00201619482241018,0.0174426206824183));
#2291=CARTESIAN_POINT('',(-0.008412,0.00501619482241018,0.0178426206824184));
#2292=CARTESIAN_POINT('',(-0.008412,0.00501619482241018,0.0182426206824183));
#2293=CARTESIAN_POINT('',(-0.00661,0.00501619482241018,0.0174426206824183));
#2294=CARTESIAN_POINT('',(-0.00661,0.00501619482241018,0.0182426206824183));
#2295=CARTESIAN_POINT('',(-0.008012,0.00501619482241018,0.0182426206824183));
#2296=CARTESIAN_POINT('',(0.,0.,0.));
#2297=CARTESIAN_POINT('',(-0.009,0.00562394891781792,0.018));
#2298=CARTESIAN_POINT('',(-0.009,0.00562394891781792,-0.00075));
#2299=CARTESIAN_POINT('',(-0.009,0.00634894891781792,-0.00075));
#2300=CARTESIAN_POINT('',(-0.009,0.00489894891781792,-0.00075));
#2301=CARTESIAN_POINT('',(-0.009,0.00634894891781792,0.018));
#2302=CARTESIAN_POINT('',(-0.009,0.00634894891781792,0.018));
#2303=CARTESIAN_POINT('',(-0.009,0.00562394891781792,0.018));
#2304=CARTESIAN_POINT('',(-0.009,0.00489894891781792,0.018));
#2305=CARTESIAN_POINT('',(-0.009,0.00489894891781792,0.018));
#2306=CARTESIAN_POINT('',(-0.007805,0.00634894891781792,0.018));
#2307=CARTESIAN_POINT('',(-0.007805,0.00634894891781792,-0.00075));
#2308=CARTESIAN_POINT('',(-0.00661,0.00634894891781792,-0.00075));
#2309=CARTESIAN_POINT('',(-0.00661,0.00634894891781792,0.018));
#2310=CARTESIAN_POINT('',(-0.00661,0.00634894891781792,0.018));
#2311=CARTESIAN_POINT('',(-0.007805,0.00634894891781792,0.018));
#2312=CARTESIAN_POINT('',(0.,0.,-0.005));
#2313=CARTESIAN_POINT('',(-1.7347234759768E-18,1.04083408558608E-17,-0.005));
#2314=CARTESIAN_POINT('',(0.00687339309613745,-0.0119087769038625,-0.005));
#2315=CARTESIAN_POINT('',(0.00885409376842366,-0.0105198632852315,-0.005));
#2316=CARTESIAN_POINT('',(0.00687358500731478,-0.00939127691117733,-0.005));
#2317=CARTESIAN_POINT('',(0.00687377691849211,-0.00687377691849211,-0.005));
#2318=CARTESIAN_POINT('',(0.00939127691117733,-0.00687358500731478,-0.005));
#2319=CARTESIAN_POINT('',(0.0119087769038625,-0.00687339309613744,-0.005));
#2320=CARTESIAN_POINT('',(-1.7347234759768E-18,1.04083408558608E-17,-0.005));
#2321=CARTESIAN_POINT('',(0.0105198632852315,-0.00885409376842366,-0.005));
#2322=CARTESIAN_POINT('',(0.009391085,-0.009391085,-0.005));
#2323=CARTESIAN_POINT('',(0.,0.,-0.005));
#2324=CARTESIAN_POINT('',(-1.7347234759768E-18,1.04083408558608E-17,-0.005));
#2325=CARTESIAN_POINT('',(0.0132928128690227,0.00351619482241018,-0.005));
#2326=CARTESIAN_POINT('',(0.0105198632852315,0.00885409376842368,-0.005));
#2327=CARTESIAN_POINT('',(0.00995140643451136,0.00351619482241018,-0.005));
#2328=CARTESIAN_POINT('',(0.00661,0.00351619482241018,-0.005));
#2329=CARTESIAN_POINT('',(0.00661,0.00420757187011405,-0.005));
#2330=CARTESIAN_POINT('',(0.00661,0.0120569647921855,-0.005));
#2331=CARTESIAN_POINT('',(-1.7347234759768E-18,1.04083408558608E-17,-0.005));
#2332=CARTESIAN_POINT('',(0.00885409376842368,0.0105198632852315,-0.005));
#2333=CARTESIAN_POINT('',(0.009391085,0.009391085,-0.005));
#2334=CARTESIAN_POINT('',(0.,0.,-0.005));
#2335=CARTESIAN_POINT('',(-0.00661,0.0092029568550017,-0.005));
#2336=CARTESIAN_POINT('',(-0.00661,0.00351619482241018,-0.005));
#2337=CARTESIAN_POINT('',(-0.00661,0.0120569647921855,-0.005));
#2338=CARTESIAN_POINT('',(-0.00995140643451136,0.00351619482241018,-0.005));
#2339=CARTESIAN_POINT('',(-0.0132928128690227,0.00351619482241017,-0.005));
#2340=CARTESIAN_POINT('',(-1.7347234759768E-18,1.04083408558608E-17,-0.005));
#2341=CARTESIAN_POINT('',(-0.0105198632852315,0.00885409376842368,-0.005));
#2342=CARTESIAN_POINT('',(-0.009391085,0.009391085,-0.005));
#2343=CARTESIAN_POINT('',(-0.00885409376842368,0.0105198632852315,-0.005));
#2344=CARTESIAN_POINT('',(-1.7347234759768E-18,1.04083408558608E-17,-0.005));
#2345=CARTESIAN_POINT('',(0.,0.,0.018));
#2346=CARTESIAN_POINT('',(-0.008412,0.,0.018));
#2347=CARTESIAN_POINT('',(-0.008412,0.00489894891781792,0.018));
#2348=CARTESIAN_POINT('',(-0.008412,0.00351619482241017,0.018));
#2349=CARTESIAN_POINT('',(-0.007805,0.00489894891781792,0.018));
#2350=CARTESIAN_POINT('',(-0.00661,0.0092029568550017,0.018));
#2351=CARTESIAN_POINT('',(-0.00661,0.0120569647921855,0.018));
#2352=CARTESIAN_POINT('',(8.67361737988404E-19,9.54097911787244E-18,0.018));
#2353=CARTESIAN_POINT('',(0.00661,0.0120569647921855,0.018));
#2354=CARTESIAN_POINT('',(0.00661,0.0092029568550017,0.018));
#2355=CARTESIAN_POINT('',(0.00661,0.00634894891781792,0.018));
#2356=CARTESIAN_POINT('',(0.007805,0.00634894891781792,0.018));
#2357=CARTESIAN_POINT('',(0.009,0.00634894891781792,0.018));
#2358=CARTESIAN_POINT('',(0.009,0.00562394891781792,0.018));
#2359=CARTESIAN_POINT('',(0.009,0.00489894891781792,0.018));
#2360=CARTESIAN_POINT('',(0.007805,0.00489894891781792,0.018));
#2361=CARTESIAN_POINT('',(0.008412,0.00489894891781792,0.018));
#2362=CARTESIAN_POINT('',(0.008412,0.,0.018));
#2363=CARTESIAN_POINT('',(0.008412,0.00351619482241018,0.018));
#2364=CARTESIAN_POINT('',(0.00995140643451136,0.00351619482241018,0.018));
#2365=CARTESIAN_POINT('',(0.0132928128690227,0.00351619482241018,0.018));
#2366=CARTESIAN_POINT('',(1.82145964977565E-17,0.,0.018));
#2367=CARTESIAN_POINT('',(0.0119087769038625,-0.00687339309613744,0.018));
#2368=CARTESIAN_POINT('',(0.00939127691117733,-0.00687358500731478,0.018));
#2369=CARTESIAN_POINT('',(0.00687377691849211,-0.00687377691849211,0.018));
#2370=CARTESIAN_POINT('',(0.00687358500731478,-0.00939127691117733,0.018));
#2371=CARTESIAN_POINT('',(0.00687339309613745,-0.0119087769038625,0.018));
#2372=CARTESIAN_POINT('',(-1.7347234759768E-18,1.04083408558608E-17,0.018));
#2373=CARTESIAN_POINT('',(-0.00687339309613745,-0.0119087769038625,0.018));
#2374=CARTESIAN_POINT('',(-0.00687358500731478,-0.00939127691117733,0.018));
#2375=CARTESIAN_POINT('',(-0.00687377691849211,-0.0068737769184921,0.018));
#2376=CARTESIAN_POINT('',(-0.00939127691117733,-0.00687358500731477,0.018));
#2377=CARTESIAN_POINT('',(-0.0119087769038625,-0.00687339309613745,0.018));
#2378=CARTESIAN_POINT('',(8.67361737988404E-19,2.16840434497101E-19,0.018));
#2379=CARTESIAN_POINT('',(-0.0132928128690227,0.00351619482241017,0.018));
#2380=CARTESIAN_POINT('',(-0.00995140643451136,0.00351619482241018,0.018));
#2381=CARTESIAN_POINT('',(0.009391085,-0.009391085,0.018));
#2382=CARTESIAN_POINT('',(0.009391085,-0.010641085,0.018));
#2383=CARTESIAN_POINT('',(-0.009391085,-0.009391085,0.018));
#2384=CARTESIAN_POINT('',(-0.009391085,-0.010641085,0.018));
#2385=CARTESIAN_POINT('',(-0.009391085,0.009391085,0.018));
#2386=CARTESIAN_POINT('',(-0.009391085,0.008141085,0.018));
#2387=CARTESIAN_POINT('',(0.009391085,0.009391085,0.018));
#2388=CARTESIAN_POINT('',(0.009391085,0.008141085,0.018));
#2389=CARTESIAN_POINT('',(0.,1.02564169428591E-18,0.018));
#2390=CARTESIAN_POINT('',(0.,-0.01675,0.018));
#2391=CARTESIAN_POINT('',(0.00939127691117733,-0.00687358500731478,0.018));
#2392=CARTESIAN_POINT('',(0.0119087769038625,-0.00687339309613744,0.018));
#2393=CARTESIAN_POINT('',(0.00687377691849211,-0.00687377691849211,0.018));
#2394=CARTESIAN_POINT('',(0.00687358500731478,-0.00939127691117733,0.018));
#2395=CARTESIAN_POINT('',(0.00687339309613745,-0.0119087769038625,0.018));
#2396=CARTESIAN_POINT('',(-0.00687358500731478,-0.00939127691117733,0.018));
#2397=CARTESIAN_POINT('',(-0.00687339309613745,-0.0119087769038625,0.018));
#2398=CARTESIAN_POINT('',(-0.00687339309613745,-0.0119087769038625,-0.005));
#2399=CARTESIAN_POINT('',(-0.00687358500731478,-0.00939127691117733,-0.005));
#2400=CARTESIAN_POINT('',(-0.00687377691849211,-0.0068737769184921,-0.005));
#2401=CARTESIAN_POINT('',(-0.00687377691849211,-0.0068737769184921,0.018));
#2402=CARTESIAN_POINT('',(-0.00939127691117733,-0.00687358500731477,0.018));
#2403=CARTESIAN_POINT('',(-0.00939127691117733,-0.00687358500731477,-0.005));
#2404=CARTESIAN_POINT('',(-0.0119087769038625,-0.00687339309613745,-0.005));
#2405=CARTESIAN_POINT('',(-0.0119087769038625,-0.00687339309613745,0.018));
#2406=CARTESIAN_POINT('',(-0.00995140643451136,0.00351619482241018,0.018));
#2407=CARTESIAN_POINT('',(-0.0175793928760465,0.00351619482241018,0.0103720135584648));
#2408=CARTESIAN_POINT('',(-0.00661,0.00351619482241018,-0.000597379317581658));
#2409=CARTESIAN_POINT('',(-0.008412,0.00351619482241018,0.00120462068241835));
#2410=CARTESIAN_POINT('',(-0.008412,0.00351619482241018,0.018));
#2411=CARTESIAN_POINT('',(-0.0132928128690227,0.00351619482241017,0.018));
#2412=CARTESIAN_POINT('',(-0.00661,0.00351619482241018,0.018));
#2413=CARTESIAN_POINT('',(-0.00661,0.00420757187011405,0.018));
#2414=CARTESIAN_POINT('',(-0.00661,0.00489894891781792,0.018));
#2415=CARTESIAN_POINT('',(-0.00661,0.00489894891781792,-0.000597379317581658));
#2416=CARTESIAN_POINT('',(-0.00661,0.00489894891781792,-0.00075));
#2417=CARTESIAN_POINT('',(-0.00661,0.00351619482241018,-0.000597379317581658));
#2418=CARTESIAN_POINT('',(-0.00661,0.0120569647921855,0.018));
#2419=CARTESIAN_POINT('',(-0.00661,0.00562394891781792,-0.00075));
#2420=CARTESIAN_POINT('',(-0.007805,0.00489894891781792,0.018));
#2421=CARTESIAN_POINT('',(-0.007805,0.00489894891781792,-0.00075));
#2422=CARTESIAN_POINT('',(-0.008412,0.00489894891781792,0.018));
#2423=CARTESIAN_POINT('',(-0.008412,0.00489894891781792,0.00120462068241835));
#2424=CARTESIAN_POINT('',(-0.00661,0.00489894891781792,-0.000597379317581658));
#2425=CARTESIAN_POINT('',(8.67361737988404E-19,9.54097911787244E-18,0.018));
#2426=CARTESIAN_POINT('',(-1.7347234759768E-18,1.04083408558608E-17,-0.005));
#2427=CARTESIAN_POINT('',(-1.7347234759768E-18,1.04083408558608E-17,-0.005));
#2428=CARTESIAN_POINT('',(-0.0105198632852315,-0.00885409376842367,-0.005));
#2429=CARTESIAN_POINT('',(-1.7347234759768E-18,1.04083408558608E-17,-0.005));
#2430=CARTESIAN_POINT('',(-0.00885409376842367,-0.0105198632852315,-0.005));
#2431=CARTESIAN_POINT('',(-0.00885409376842366,-0.0105198632852315,-0.105));
#2432=CARTESIAN_POINT('',(-0.00885409376842366,-0.0105198632852315,-0.105));
#2433=CARTESIAN_POINT('',(-1.7347234759768E-18,1.04083408558608E-17,-0.105));
#2434=CARTESIAN_POINT('',(-0.00687339247539785,-0.011908775828356,-0.105));
#2435=CARTESIAN_POINT('',(-0.00687339309613744,-0.0119087769038625,-0.105));
#2436=CARTESIAN_POINT('',(-1.7347234759768E-18,1.04083408558608E-17,-0.005));
#2437=CARTESIAN_POINT('',(0.0132928128690227,0.00351619482241018,0.018));
#2438=CARTESIAN_POINT('',(-1.7347234759768E-18,1.04083408558608E-17,-0.005));
#2439=CARTESIAN_POINT('',(0.00661,0.0120569647921855,0.018));
#2440=CARTESIAN_POINT('',(0.007805,0.00634894891781792,0.018));
#2441=CARTESIAN_POINT('',(0.007805,0.00634894891781792,-0.00075));
#2442=CARTESIAN_POINT('',(0.009,0.00634894891781792,-0.00075));
#2443=CARTESIAN_POINT('',(0.00661,0.00634894891781792,-0.00075));
#2444=CARTESIAN_POINT('',(0.009,0.00634894891781792,0.018));
#2445=CARTESIAN_POINT('',(0.00661,0.00634894891781792,0.018));
#2446=CARTESIAN_POINT('',(0.009,0.00562394891781792,0.018));
#2447=CARTESIAN_POINT('',(0.009,0.00562394891781792,-0.00075));
#2448=CARTESIAN_POINT('',(0.009,0.00489894891781792,-0.00075));
#2449=CARTESIAN_POINT('',(0.009,0.00489894891781792,0.018));
#2450=CARTESIAN_POINT('',(0.007805,0.00489894891781792,0.018));
#2451=CARTESIAN_POINT('',(0.007805,0.00489894891781792,-0.00075));
#2452=CARTESIAN_POINT('',(0.00661,0.00489894891781792,-0.00075));
#2453=CARTESIAN_POINT('',(0.00661,0.00489894891781792,0.018));
#2454=CARTESIAN_POINT('',(0.00661,0.00489894891781792,-0.000597379317581654));
#2455=CARTESIAN_POINT('',(0.0165061896587908,0.00489894891781792,0.00929881034120917));
#2456=CARTESIAN_POINT('',(0.008412,0.00489894891781792,0.00120462068241835));
#2457=CARTESIAN_POINT('',(0.008412,0.00489894891781792,0.018));
#2458=CARTESIAN_POINT('',(0.00661,0.00420757187011405,0.018));
#2459=CARTESIAN_POINT('',(0.00661,0.00351619482241018,0.018));
#2460=CARTESIAN_POINT('',(0.00661,0.00351619482241018,-0.000597379317581654));
#2461=CARTESIAN_POINT('',(0.00661,0.00489894891781792,-0.000597379317581654));
#2462=CARTESIAN_POINT('',(0.00661,0.00562394891781792,-0.00075));
#2463=CARTESIAN_POINT('',(0.009391085,0.009391085,0.018));
#2464=CARTESIAN_POINT('',(0.009391085,0.009391085,-0.005));
#2465=CARTESIAN_POINT('',(-0.009391085,0.009391085,0.018));
#2466=CARTESIAN_POINT('',(-0.009391085,0.009391085,-0.005));
#2467=CARTESIAN_POINT('',(-0.009391085,-0.009391085,0.018));
#2468=CARTESIAN_POINT('',(-0.009391085,-0.009391085,-0.005));
#2469=CARTESIAN_POINT('',(-0.009391085,-0.009391085,-0.005));
#2470=CARTESIAN_POINT('',(0.009391085,-0.009391085,0.018));
#2471=CARTESIAN_POINT('',(0.009391085,-0.009391085,-0.005));
#2472=CARTESIAN_POINT('',(0.00995140643451136,0.00351619482241018,0.018));
#2473=CARTESIAN_POINT('',(0.008412,0.00351619482241018,0.018));
#2474=CARTESIAN_POINT('',(0.008412,0.00351619482241018,0.00120462068241835));
#2475=CARTESIAN_POINT('',(0.00861,0.00351619482241018,0.00140262068241835));
#2476=CARTESIAN_POINT('',(0.,1.02564169428591E-18,0.018));
#2477=CARTESIAN_POINT('',(0.,1.02564169428591E-18,-0.105));
#2478=CARTESIAN_POINT('',(0.,-0.01675,-0.105));
#2479=CARTESIAN_POINT('',(0.,0.,-0.005));
#2480=CARTESIAN_POINT('',(-4.11664599187067E-7,-5.04489075938471E-7,-0.005));
#2481=CARTESIAN_POINT('',(0.008412,0.00501619482241018,0.00180262068241835));
#2482=CARTESIAN_POINT('',(0.008412,0.00501619482241018,0.00120462068241835));
#2483=CARTESIAN_POINT('',(-0.008412,0.00501619482241018,0.0178426206824184));
#2484=CARTESIAN_POINT('',(-0.008412,0.00501619482241018,0.00120462068241835));
#2485=CARTESIAN_POINT('',(0.,0.,-0.005));
#2486=CARTESIAN_POINT('',(0.,0.,-0.005));
#2487=CARTESIAN_POINT('',(0.,0.,-0.005));
#2488=CARTESIAN_POINT('',(-4.11664599187067E-7,-5.04489075938471E-7,-0.105000000000001));
#2489=CARTESIAN_POINT('',(-4.11664599187067E-7,-5.04489075938471E-7,-0.105));
#2490=CARTESIAN_POINT('',(0.,0.,-0.105));
#2491=CARTESIAN_POINT('',(0.,0.,-0.005));
#2492=CARTESIAN_POINT('',(0.00861,0.00501619482241018,0.00140262068241835));
#2493=CARTESIAN_POINT('',(-0.00661,0.00420757187011405,-0.000597379317581658));
#2494=CARTESIAN_POINT('',(0.00214640643451136,0.00778657980729783,-0.00075));
#2495=CARTESIAN_POINT('',(0.00214640643451136,0.00778657980729783,-0.00075));
#2496=MECHANICAL_DESIGN_GEOMETRIC_PRESENTATION_REPRESENTATION('',(#1464),
#2498);
#2497=MECHANICAL_DESIGN_GEOMETRIC_PRESENTATION_REPRESENTATION('',(#1465),
#2499);
#2498=(
GEOMETRIC_REPRESENTATION_CONTEXT(3)
GLOBAL_UNCERTAINTY_ASSIGNED_CONTEXT((#2500))
GLOBAL_UNIT_ASSIGNED_CONTEXT((#2506,#2504,#2502))
REPRESENTATION_CONTEXT('Part 2','TOP_LEVEL_ASSEMBLY_PART')
);
#2499=(
GEOMETRIC_REPRESENTATION_CONTEXT(3)
GLOBAL_UNCERTAINTY_ASSIGNED_CONTEXT((#2501))
GLOBAL_UNIT_ASSIGNED_CONTEXT((#2507,#2505,#2503))
REPRESENTATION_CONTEXT('Part 1','TOP_LEVEL_ASSEMBLY_PART')
);
#2500=UNCERTAINTY_MEASURE_WITH_UNIT(LENGTH_MEASURE(1.E-8),#2506,
'DISTANCE_ACCURACY_VALUE','Maximum Tolerance applied to model');
#2501=UNCERTAINTY_MEASURE_WITH_UNIT(LENGTH_MEASURE(2.E-6),#2507,
'DISTANCE_ACCURACY_VALUE','Maximum Tolerance applied to model');
#2502=(
NAMED_UNIT(*)
SI_UNIT($,.STERADIAN.)
SOLID_ANGLE_UNIT()
);
#2503=(
NAMED_UNIT(*)
SI_UNIT($,.STERADIAN.)
SOLID_ANGLE_UNIT()
);
#2504=(
NAMED_UNIT(*)
PLANE_ANGLE_UNIT()
SI_UNIT($,.RADIAN.)
);
#2505=(
NAMED_UNIT(*)
PLANE_ANGLE_UNIT()
SI_UNIT($,.RADIAN.)
);
#2506=(
LENGTH_UNIT()
NAMED_UNIT(*)
SI_UNIT($,.METRE.)
);
#2507=(
LENGTH_UNIT()
NAMED_UNIT(*)
SI_UNIT($,.METRE.)
);
#2508=PRODUCT_DEFINITION_SHAPE('','',#2510);
#2509=PRODUCT_DEFINITION_SHAPE('','',#2511);
#2510=PRODUCT_DEFINITION('','',#2514,#2512);
#2511=PRODUCT_DEFINITION('','',#2515,#2513);
#2512=PRODUCT_DEFINITION_CONTEXT('',#2526,'design');
#2513=PRODUCT_DEFINITION_CONTEXT('',#2527,'design');
#2514=PRODUCT_DEFINITION_FORMATION_WITH_SPECIFIED_SOURCE('','',#2518,
 .NOT_KNOWN.);
#2515=PRODUCT_DEFINITION_FORMATION_WITH_SPECIFIED_SOURCE('','',#2519,
 .NOT_KNOWN.);
#2516=PRODUCT_RELATED_PRODUCT_CATEGORY('','',(#2518));
#2517=PRODUCT_RELATED_PRODUCT_CATEGORY('','',(#2519));
#2518=PRODUCT('Part 2','Part 2','Part 2',(#2522));
#2519=PRODUCT('Part 1','Part 1','Part 1',(#2523));
#2520=PRODUCT_CATEGORY('','');
#2521=PRODUCT_CATEGORY('','');
#2522=PRODUCT_CONTEXT('',#2526,'mechanical');
#2523=PRODUCT_CONTEXT('',#2527,'mechanical');
#2524=APPLICATION_PROTOCOL_DEFINITION('international standard',
'ap242_managed_model_based_3d_engineering',2020,#2526);
#2525=APPLICATION_PROTOCOL_DEFINITION('international standard',
'ap242_managed_model_based_3d_engineering',2020,#2527);
#2526=APPLICATION_CONTEXT('managed model based 3d engineering');
#2527=APPLICATION_CONTEXT('managed model based 3d engineering');
ENDSEC;
END-ISO-10303-21;
