ISO-10303-21;
HEADER;
/* Generated by software containing ST-Developer
 * from STEP Tools, Inc. (www.steptools.com) 
 */
/* OPTION: using custom renumber hook */

FILE_DESCRIPTION(
/* description */ ('STEP AP242 Edition 2',
'CAx-IF Rec.Pracs.---Representation and Presentation of Product Manufa
cturing Information (PMI)---4.0---2014-10-13',
'CAx-IF Rec.Pracs.---3D Tessellated Geometry---0.4---2014-09-14','2;1',
'CAx-IF Rec.Pracs.---User Defined Attributes---1.5---2016-08-15'),
/* implementation_level */ '2;1');

FILE_NAME(
/* name */ 'Gimbal UI',
/* time_stamp */ '2026-06-03T20:49:27Z',
/* author */ (''),
/* organization */ (''),
/* preprocessor_version */ 'ST-DEVELOPER v20',
/* originating_system */ 'ONSHAPE BY PTC INC, 1.215',
/* authorisation */ '  ');

FILE_SCHEMA (('AP242_MANAGED_MODEL_BASED_3D_ENGINEERING_MIM_LF { 1 0 10303 442 3 1 4 }'));
ENDSEC;

DATA;
#10=TOROIDAL_SURFACE('',#1760,0.01345,0.001);
#11=TOROIDAL_SURFACE('',#1761,0.01345,0.001);
#12=TOROIDAL_SURFACE('',#1776,0.002,0.001);
#13=TOROIDAL_SURFACE('',#1779,0.002,0.001);
#14=TOROIDAL_SURFACE('',#1782,0.002,0.001);
#15=TOROIDAL_SURFACE('',#1785,0.002,0.001);
#16=ELLIPSE('',#1753,0.00141421356237309,0.001);
#17=ELLIPSE('',#1754,0.00141421356237309,0.001);
#18=ELLIPSE('',#1756,0.00141421356237309,0.001);
#19=ELLIPSE('',#1758,0.00141421356237309,0.001);
#20=LINE('',#2320,#177);
#21=LINE('',#2322,#178);
#22=LINE('',#2324,#179);
#23=LINE('',#2326,#180);
#24=LINE('',#2328,#181);
#25=LINE('',#2330,#182);
#26=LINE('',#2333,#183);
#27=LINE('',#2335,#184);
#28=LINE('',#2337,#185);
#29=LINE('',#2339,#186);
#30=LINE('',#2341,#187);
#31=LINE('',#2343,#188);
#32=LINE('',#2346,#189);
#33=LINE('',#2350,#190);
#34=LINE('',#2354,#191);
#35=LINE('',#2357,#192);
#36=LINE('',#2359,#193);
#37=LINE('',#2361,#194);
#38=LINE('',#2363,#195);
#39=LINE('',#2365,#196);
#40=LINE('',#2367,#197);
#41=LINE('',#2369,#198);
#42=LINE('',#2371,#199);
#43=LINE('',#2373,#200);
#44=LINE('',#2383,#201);
#45=LINE('',#2386,#202);
#46=LINE('',#2388,#203);
#47=LINE('',#2390,#204);
#48=LINE('',#2392,#205);
#49=LINE('',#2394,#206);
#50=LINE('',#2396,#207);
#51=LINE('',#2397,#208);
#52=LINE('',#2400,#209);
#53=LINE('',#2402,#210);
#54=LINE('',#2404,#211);
#55=LINE('',#2406,#212);
#56=LINE('',#2408,#213);
#57=LINE('',#2410,#214);
#58=LINE('',#2412,#215);
#59=LINE('',#2414,#216);
#60=LINE('',#2416,#217);
#61=LINE('',#2418,#218);
#62=LINE('',#2420,#219);
#63=LINE('',#2423,#220);
#64=LINE('',#2425,#221);
#65=LINE('',#2427,#222);
#66=LINE('',#2429,#223);
#67=LINE('',#2431,#224);
#68=LINE('',#2433,#225);
#69=LINE('',#2434,#226);
#70=LINE('',#2436,#227);
#71=LINE('',#2438,#228);
#72=LINE('',#2441,#229);
#73=LINE('',#2443,#230);
#74=LINE('',#2445,#231);
#75=LINE('',#2447,#232);
#76=LINE('',#2449,#233);
#77=LINE('',#2451,#234);
#78=LINE('',#2452,#235);
#79=LINE('',#2454,#236);
#80=LINE('',#2456,#237);
#81=LINE('',#2459,#238);
#82=LINE('',#2461,#239);
#83=LINE('',#2463,#240);
#84=LINE('',#2465,#241);
#85=LINE('',#2468,#242);
#86=LINE('',#2470,#243);
#87=LINE('',#2472,#244);
#88=LINE('',#2486,#245);
#89=LINE('',#2490,#246);
#90=LINE('',#2494,#247);
#91=LINE('',#2498,#248);
#92=LINE('',#2520,#249);
#93=LINE('',#2523,#250);
#94=LINE('',#2525,#251);
#95=LINE('',#2527,#252);
#96=LINE('',#2529,#253);
#97=LINE('',#2532,#254);
#98=LINE('',#2533,#255);
#99=LINE('',#2535,#256);
#100=LINE('',#2538,#257);
#101=LINE('',#2539,#258);
#102=LINE('',#2541,#259);
#103=LINE('',#2542,#260);
#104=LINE('',#2546,#261);
#105=LINE('',#2547,#262);
#106=LINE('',#2549,#263);
#107=LINE('',#2551,#264);
#108=LINE('',#2552,#265);
#109=LINE('',#2553,#266);
#110=LINE('',#2555,#267);
#111=LINE('',#2557,#268);
#112=LINE('',#2559,#269);
#113=LINE('',#2561,#270);
#114=LINE('',#2568,#271);
#115=LINE('',#2571,#272);
#116=LINE('',#2572,#273);
#117=LINE('',#2574,#274);
#118=LINE('',#2576,#275);
#119=LINE('',#2577,#276);
#120=LINE('',#2579,#277);
#121=LINE('',#2597,#278);
#122=LINE('',#2599,#279);
#123=LINE('',#2601,#280);
#124=LINE('',#2603,#281);
#125=LINE('',#2605,#282);
#126=LINE('',#2607,#283);
#127=LINE('',#2609,#284);
#128=LINE('',#2611,#285);
#129=LINE('',#2613,#286);
#130=LINE('',#2616,#287);
#131=LINE('',#2617,#288);
#132=LINE('',#2619,#289);
#133=LINE('',#2621,#290);
#134=LINE('',#2623,#291);
#135=LINE('',#2625,#292);
#136=LINE('',#2627,#293);
#137=LINE('',#2629,#294);
#138=LINE('',#2665,#295);
#139=LINE('',#2667,#296);
#140=LINE('',#2669,#297);
#141=LINE('',#2671,#298);
#142=LINE('',#2672,#299);
#143=LINE('',#2673,#300);
#144=LINE('',#2675,#301);
#145=LINE('',#2677,#302);
#146=LINE('',#2679,#303);
#147=LINE('',#2681,#304);
#148=LINE('',#2683,#305);
#149=LINE('',#2685,#306);
#150=LINE('',#2687,#307);
#151=LINE('',#2689,#308);
#152=LINE('',#2691,#309);
#153=LINE('',#2693,#310);
#154=LINE('',#2695,#311);
#155=LINE('',#2697,#312);
#156=LINE('',#2699,#313);
#157=LINE('',#2701,#314);
#158=LINE('',#2703,#315);
#159=LINE('',#2704,#316);
#160=LINE('',#2706,#317);
#161=LINE('',#2725,#318);
#162=LINE('',#2727,#319);
#163=LINE('',#2731,#320);
#164=LINE('',#2734,#321);
#165=LINE('',#2737,#322);
#166=LINE('',#2739,#323);
#167=LINE('',#2741,#324);
#168=LINE('',#2743,#325);
#169=LINE('',#2747,#326);
#170=LINE('',#2749,#327);
#171=LINE('',#2751,#328);
#172=LINE('',#2753,#329);
#173=LINE('',#2755,#330);
#174=LINE('',#2757,#331);
#175=LINE('',#2759,#332);
#176=LINE('',#2761,#333);
#177=VECTOR('',#1853,1.);
#178=VECTOR('',#1854,1.);
#179=VECTOR('',#1855,1.);
#180=VECTOR('',#1856,1.);
#181=VECTOR('',#1857,1.);
#182=VECTOR('',#1860,1.);
#183=VECTOR('',#1861,1.);
#184=VECTOR('',#1862,1.);
#185=VECTOR('',#1863,1.);
#186=VECTOR('',#1864,1.);
#187=VECTOR('',#1865,1.);
#188=VECTOR('',#1866,1.);
#189=VECTOR('',#1869,1.);
#190=VECTOR('',#1872,1.);
#191=VECTOR('',#1875,1.);
#192=VECTOR('',#1878,1.);
#193=VECTOR('',#1879,1.);
#194=VECTOR('',#1880,1.);
#195=VECTOR('',#1881,1.);
#196=VECTOR('',#1882,1.);
#197=VECTOR('',#1883,1.);
#198=VECTOR('',#1884,1.);
#199=VECTOR('',#1885,1.);
#200=VECTOR('',#1886,1.);
#201=VECTOR('',#1897,1.);
#202=VECTOR('',#1898,1.);
#203=VECTOR('',#1899,1.);
#204=VECTOR('',#1900,1.);
#205=VECTOR('',#1901,1.);
#206=VECTOR('',#1902,1.);
#207=VECTOR('',#1903,1.);
#208=VECTOR('',#1904,1.);
#209=VECTOR('',#1909,1.);
#210=VECTOR('',#1910,1.);
#211=VECTOR('',#1911,1.);
#212=VECTOR('',#1912,1.);
#213=VECTOR('',#1913,1.);
#214=VECTOR('',#1914,1.);
#215=VECTOR('',#1917,1.);
#216=VECTOR('',#1918,1.);
#217=VECTOR('',#1919,1.);
#218=VECTOR('',#1920,1.);
#219=VECTOR('',#1923,1.);
#220=VECTOR('',#1924,1.);
#221=VECTOR('',#1925,1.);
#222=VECTOR('',#1926,1.);
#223=VECTOR('',#1927,1.);
#224=VECTOR('',#1928,1.);
#225=VECTOR('',#1929,1.);
#226=VECTOR('',#1930,1.);
#227=VECTOR('',#1931,1.);
#228=VECTOR('',#1934,1.);
#229=VECTOR('',#1935,1.);
#230=VECTOR('',#1936,1.);
#231=VECTOR('',#1937,1.);
#232=VECTOR('',#1938,1.);
#233=VECTOR('',#1939,1.);
#234=VECTOR('',#1940,1.);
#235=VECTOR('',#1941,1.);
#236=VECTOR('',#1942,1.);
#237=VECTOR('',#1945,1.);
#238=VECTOR('',#1946,1.);
#239=VECTOR('',#1947,1.);
#240=VECTOR('',#1948,1.);
#241=VECTOR('',#1951,1.);
#242=VECTOR('',#1952,1.);
#243=VECTOR('',#1953,1.);
#244=VECTOR('',#1954,1.);
#245=VECTOR('',#1967,1.);
#246=VECTOR('',#1970,1.);
#247=VECTOR('',#1973,1.);
#248=VECTOR('',#1976,1.);
#249=VECTOR('',#2003,1.);
#250=VECTOR('',#2004,1.);
#251=VECTOR('',#2005,1.);
#252=VECTOR('',#2006,1.);
#253=VECTOR('',#2009,1.);
#254=VECTOR('',#2010,1.);
#255=VECTOR('',#2011,1.);
#256=VECTOR('',#2014,1.);
#257=VECTOR('',#2015,1.);
#258=VECTOR('',#2016,1.);
#259=VECTOR('',#2019,1.);
#260=VECTOR('',#2020,1.);
#261=VECTOR('',#2025,1.);
#262=VECTOR('',#2026,1.);
#263=VECTOR('',#2027,1.);
#264=VECTOR('',#2028,1.);
#265=VECTOR('',#2029,1.);
#266=VECTOR('',#2030,1.);
#267=VECTOR('',#2031,1.);
#268=VECTOR('',#2032,1.);
#269=VECTOR('',#2033,1.);
#270=VECTOR('',#2034,1.);
#271=VECTOR('',#2043,1.);
#272=VECTOR('',#2044,1.);
#273=VECTOR('',#2045,1.);
#274=VECTOR('',#2048,1.);
#275=VECTOR('',#2049,1.);
#276=VECTOR('',#2050,1.);
#277=VECTOR('',#2053,1.);
#278=VECTOR('',#2080,1.);
#279=VECTOR('',#2081,1.);
#280=VECTOR('',#2082,1.);
#281=VECTOR('',#2085,1.);
#282=VECTOR('',#2086,1.);
#283=VECTOR('',#2089,1.);
#284=VECTOR('',#2090,1.);
#285=VECTOR('',#2093,1.);
#286=VECTOR('',#2096,1.);
#287=VECTOR('',#2097,1.);
#288=VECTOR('',#2098,1.);
#289=VECTOR('',#2101,1.);
#290=VECTOR('',#2102,1.);
#291=VECTOR('',#2103,1.);
#292=VECTOR('',#2106,1.);
#293=VECTOR('',#2107,1.);
#294=VECTOR('',#2108,1.);
#295=VECTOR('',#2179,1.);
#296=VECTOR('',#2180,1.);
#297=VECTOR('',#2183,1.);
#298=VECTOR('',#2186,1.);
#299=VECTOR('',#2187,1.);
#300=VECTOR('',#2188,1.);
#301=VECTOR('',#2191,1.);
#302=VECTOR('',#2192,1.);
#303=VECTOR('',#2195,1.);
#304=VECTOR('',#2196,1.);
#305=VECTOR('',#2197,1.);
#306=VECTOR('',#2198,1.);
#307=VECTOR('',#2199,1.);
#308=VECTOR('',#2202,1.);
#309=VECTOR('',#2203,1.);
#310=VECTOR('',#2206,1.);
#311=VECTOR('',#2207,1.);
#312=VECTOR('',#2208,1.);
#313=VECTOR('',#2209,1.);
#314=VECTOR('',#2210,1.);
#315=VECTOR('',#2213,1.);
#316=VECTOR('',#2214,1.);
#317=VECTOR('',#2217,1.);
#318=VECTOR('',#2246,1.);
#319=VECTOR('',#2249,1.);
#320=VECTOR('',#2256,1.);
#321=VECTOR('',#2261,1.);
#322=VECTOR('',#2266,1.);
#323=VECTOR('',#2269,1.);
#324=VECTOR('',#2272,1.);
#325=VECTOR('',#2275,1.);
#326=VECTOR('',#2282,1.);
#327=VECTOR('',#2285,1.);
#328=VECTOR('',#2288,1.);
#329=VECTOR('',#2289,1.);
#330=VECTOR('',#2292,1.);
#331=VECTOR('',#2295,1.);
#332=VECTOR('',#2296,1.);
#333=VECTOR('',#2299,1.);
#334=SHAPE_REPRESENTATION_RELATIONSHIP('','',#1669,#336);
#335=SHAPE_REPRESENTATION_RELATIONSHIP('','',#1670,#337);
#336=ADVANCED_BREP_SHAPE_REPRESENTATION('',(#1665),#2765);
#337=ADVANCED_BREP_SHAPE_REPRESENTATION('',(#1666),#2766);
#338=PLANE('',#1678);
#339=PLANE('',#1679);
#340=PLANE('',#1681);
#341=PLANE('',#1683);
#342=PLANE('',#1692);
#343=PLANE('',#1693);
#344=PLANE('',#1695);
#345=PLANE('',#1696);
#346=PLANE('',#1697);
#347=PLANE('',#1698);
#348=PLANE('',#1699);
#349=PLANE('',#1721);
#350=PLANE('',#1722);
#351=PLANE('',#1723);
#352=PLANE('',#1724);
#353=PLANE('',#1725);
#354=PLANE('',#1730);
#355=PLANE('',#1731);
#356=PLANE('',#1732);
#357=PLANE('',#1735);
#358=PLANE('',#1738);
#359=PLANE('',#1741);
#360=PLANE('',#1744);
#361=PLANE('',#1745);
#362=PLANE('',#1746);
#363=PLANE('',#1747);
#364=PLANE('',#1748);
#365=PLANE('',#1749);
#366=PLANE('',#1750);
#367=PLANE('',#1751);
#368=PLANE('',#1786);
#369=PLANE('',#1787);
#370=PLANE('',#1788);
#371=PLANE('',#1789);
#372=PLANE('',#1790);
#373=PLANE('',#1791);
#374=PLANE('',#1792);
#375=PLANE('',#1793);
#376=PLANE('',#1794);
#377=PLANE('',#1797);
#378=PLANE('',#1800);
#379=PLANE('',#1803);
#380=PLANE('',#1806);
#381=PLANE('',#1807);
#382=PLANE('',#1808);
#383=PLANE('',#1809);
#384=PLANE('',#1810);
#385=PLANE('',#1811);
#386=PLANE('',#1812);
#387=PLANE('',#1813);
#388=PLANE('',#1814);
#389=PLANE('',#1815);
#390=PLANE('',#1816);
#391=PLANE('',#1817);
#392=PLANE('',#1818);
#393=PLANE('',#1819);
#394=PLANE('',#1820);
#395=PLANE('',#1822);
#396=PLANE('',#1823);
#397=PLANE('',#1824);
#398=PLANE('',#1825);
#399=PLANE('',#1826);
#400=PLANE('',#1827);
#401=PLANE('',#1828);
#402=ORIENTED_EDGE('',*,*,#832,.T.);
#403=ORIENTED_EDGE('',*,*,#833,.F.);
#404=ORIENTED_EDGE('',*,*,#834,.F.);
#405=ORIENTED_EDGE('',*,*,#835,.T.);
#406=ORIENTED_EDGE('',*,*,#832,.F.);
#407=ORIENTED_EDGE('',*,*,#834,.T.);
#408=ORIENTED_EDGE('',*,*,#833,.T.);
#409=ORIENTED_EDGE('',*,*,#835,.F.);
#410=ORIENTED_EDGE('',*,*,#836,.F.);
#411=ORIENTED_EDGE('',*,*,#837,.F.);
#412=ORIENTED_EDGE('',*,*,#838,.T.);
#413=ORIENTED_EDGE('',*,*,#839,.T.);
#414=ORIENTED_EDGE('',*,*,#840,.T.);
#415=ORIENTED_EDGE('',*,*,#841,.F.);
#416=ORIENTED_EDGE('',*,*,#842,.F.);
#417=ORIENTED_EDGE('',*,*,#843,.T.);
#418=ORIENTED_EDGE('',*,*,#844,.T.);
#419=ORIENTED_EDGE('',*,*,#845,.F.);
#420=ORIENTED_EDGE('',*,*,#846,.T.);
#421=ORIENTED_EDGE('',*,*,#847,.T.);
#422=ORIENTED_EDGE('',*,*,#848,.T.);
#423=ORIENTED_EDGE('',*,*,#841,.T.);
#424=ORIENTED_EDGE('',*,*,#849,.T.);
#425=ORIENTED_EDGE('',*,*,#850,.F.);
#426=ORIENTED_EDGE('',*,*,#851,.T.);
#427=ORIENTED_EDGE('',*,*,#852,.F.);
#428=ORIENTED_EDGE('',*,*,#853,.T.);
#429=ORIENTED_EDGE('',*,*,#854,.F.);
#430=ORIENTED_EDGE('',*,*,#855,.T.);
#431=ORIENTED_EDGE('',*,*,#837,.T.);
#432=ORIENTED_EDGE('',*,*,#856,.F.);
#433=ORIENTED_EDGE('',*,*,#857,.T.);
#434=ORIENTED_EDGE('',*,*,#858,.T.);
#435=ORIENTED_EDGE('',*,*,#859,.F.);
#436=ORIENTED_EDGE('',*,*,#860,.F.);
#437=ORIENTED_EDGE('',*,*,#861,.F.);
#438=ORIENTED_EDGE('',*,*,#862,.F.);
#439=ORIENTED_EDGE('',*,*,#863,.T.);
#440=ORIENTED_EDGE('',*,*,#864,.F.);
#441=ORIENTED_EDGE('',*,*,#865,.F.);
#442=ORIENTED_EDGE('',*,*,#866,.F.);
#443=ORIENTED_EDGE('',*,*,#867,.T.);
#444=ORIENTED_EDGE('',*,*,#868,.T.);
#445=ORIENTED_EDGE('',*,*,#869,.T.);
#446=ORIENTED_EDGE('',*,*,#870,.T.);
#447=ORIENTED_EDGE('',*,*,#871,.F.);
#448=ORIENTED_EDGE('',*,*,#872,.F.);
#449=ORIENTED_EDGE('',*,*,#873,.T.);
#450=ORIENTED_EDGE('',*,*,#874,.T.);
#451=ORIENTED_EDGE('',*,*,#875,.T.);
#452=ORIENTED_EDGE('',*,*,#859,.T.);
#453=ORIENTED_EDGE('',*,*,#876,.T.);
#454=ORIENTED_EDGE('',*,*,#857,.F.);
#455=ORIENTED_EDGE('',*,*,#877,.T.);
#456=ORIENTED_EDGE('',*,*,#847,.F.);
#457=ORIENTED_EDGE('',*,*,#878,.F.);
#458=ORIENTED_EDGE('',*,*,#879,.T.);
#459=ORIENTED_EDGE('',*,*,#880,.F.);
#460=ORIENTED_EDGE('',*,*,#881,.T.);
#461=ORIENTED_EDGE('',*,*,#882,.T.);
#462=ORIENTED_EDGE('',*,*,#883,.T.);
#463=ORIENTED_EDGE('',*,*,#871,.T.);
#464=ORIENTED_EDGE('',*,*,#884,.T.);
#465=ORIENTED_EDGE('',*,*,#885,.F.);
#466=ORIENTED_EDGE('',*,*,#886,.T.);
#467=ORIENTED_EDGE('',*,*,#887,.T.);
#468=ORIENTED_EDGE('',*,*,#888,.T.);
#469=ORIENTED_EDGE('',*,*,#889,.T.);
#470=ORIENTED_EDGE('',*,*,#890,.F.);
#471=ORIENTED_EDGE('',*,*,#891,.T.);
#472=ORIENTED_EDGE('',*,*,#892,.T.);
#473=ORIENTED_EDGE('',*,*,#893,.T.);
#474=ORIENTED_EDGE('',*,*,#894,.T.);
#475=ORIENTED_EDGE('',*,*,#845,.T.);
#476=ORIENTED_EDGE('',*,*,#895,.F.);
#477=ORIENTED_EDGE('',*,*,#896,.T.);
#478=ORIENTED_EDGE('',*,*,#897,.T.);
#479=ORIENTED_EDGE('',*,*,#898,.T.);
#480=ORIENTED_EDGE('',*,*,#899,.F.);
#481=ORIENTED_EDGE('',*,*,#900,.T.);
#482=ORIENTED_EDGE('',*,*,#901,.T.);
#483=ORIENTED_EDGE('',*,*,#902,.T.);
#484=ORIENTED_EDGE('',*,*,#903,.T.);
#485=ORIENTED_EDGE('',*,*,#862,.T.);
#486=ORIENTED_EDGE('',*,*,#904,.F.);
#487=ORIENTED_EDGE('',*,*,#905,.T.);
#488=ORIENTED_EDGE('',*,*,#906,.T.);
#489=ORIENTED_EDGE('',*,*,#907,.T.);
#490=ORIENTED_EDGE('',*,*,#908,.F.);
#491=ORIENTED_EDGE('',*,*,#909,.T.);
#492=ORIENTED_EDGE('',*,*,#910,.T.);
#493=ORIENTED_EDGE('',*,*,#911,.T.);
#494=ORIENTED_EDGE('',*,*,#912,.T.);
#495=ORIENTED_EDGE('',*,*,#913,.T.);
#496=ORIENTED_EDGE('',*,*,#914,.T.);
#497=ORIENTED_EDGE('',*,*,#915,.F.);
#498=ORIENTED_EDGE('',*,*,#916,.F.);
#499=ORIENTED_EDGE('',*,*,#917,.F.);
#500=ORIENTED_EDGE('',*,*,#918,.F.);
#501=ORIENTED_EDGE('',*,*,#919,.F.);
#502=ORIENTED_EDGE('',*,*,#920,.T.);
#503=ORIENTED_EDGE('',*,*,#921,.F.);
#504=ORIENTED_EDGE('',*,*,#922,.T.);
#505=ORIENTED_EDGE('',*,*,#923,.F.);
#506=ORIENTED_EDGE('',*,*,#924,.T.);
#507=ORIENTED_EDGE('',*,*,#925,.F.);
#508=ORIENTED_EDGE('',*,*,#926,.T.);
#509=ORIENTED_EDGE('',*,*,#927,.F.);
#510=ORIENTED_EDGE('',*,*,#928,.T.);
#511=ORIENTED_EDGE('',*,*,#929,.F.);
#512=ORIENTED_EDGE('',*,*,#930,.T.);
#513=ORIENTED_EDGE('',*,*,#931,.F.);
#514=ORIENTED_EDGE('',*,*,#932,.T.);
#515=ORIENTED_EDGE('',*,*,#933,.F.);
#516=ORIENTED_EDGE('',*,*,#934,.T.);
#517=ORIENTED_EDGE('',*,*,#935,.F.);
#518=ORIENTED_EDGE('',*,*,#936,.T.);
#519=ORIENTED_EDGE('',*,*,#937,.T.);
#520=ORIENTED_EDGE('',*,*,#938,.F.);
#521=ORIENTED_EDGE('',*,*,#939,.F.);
#522=ORIENTED_EDGE('',*,*,#940,.T.);
#523=ORIENTED_EDGE('',*,*,#935,.T.);
#524=ORIENTED_EDGE('',*,*,#941,.T.);
#525=ORIENTED_EDGE('',*,*,#942,.F.);
#526=ORIENTED_EDGE('',*,*,#943,.T.);
#527=ORIENTED_EDGE('',*,*,#939,.T.);
#528=ORIENTED_EDGE('',*,*,#944,.T.);
#529=ORIENTED_EDGE('',*,*,#937,.F.);
#530=ORIENTED_EDGE('',*,*,#945,.T.);
#531=ORIENTED_EDGE('',*,*,#942,.T.);
#532=ORIENTED_EDGE('',*,*,#946,.F.);
#533=ORIENTED_EDGE('',*,*,#947,.T.);
#534=ORIENTED_EDGE('',*,*,#927,.T.);
#535=ORIENTED_EDGE('',*,*,#929,.T.);
#536=ORIENTED_EDGE('',*,*,#931,.T.);
#537=ORIENTED_EDGE('',*,*,#933,.T.);
#538=ORIENTED_EDGE('',*,*,#899,.T.);
#539=ORIENTED_EDGE('',*,*,#948,.T.);
#540=ORIENTED_EDGE('',*,*,#906,.F.);
#541=ORIENTED_EDGE('',*,*,#949,.T.);
#542=ORIENTED_EDGE('',*,*,#950,.T.);
#543=ORIENTED_EDGE('',*,*,#951,.T.);
#544=ORIENTED_EDGE('',*,*,#882,.F.);
#545=ORIENTED_EDGE('',*,*,#952,.T.);
#546=ORIENTED_EDGE('',*,*,#890,.T.);
#547=ORIENTED_EDGE('',*,*,#953,.T.);
#548=ORIENTED_EDGE('',*,*,#954,.F.);
#549=ORIENTED_EDGE('',*,*,#955,.T.);
#550=ORIENTED_EDGE('',*,*,#956,.T.);
#551=ORIENTED_EDGE('',*,*,#957,.T.);
#552=ORIENTED_EDGE('',*,*,#958,.T.);
#553=ORIENTED_EDGE('',*,*,#959,.T.);
#554=ORIENTED_EDGE('',*,*,#960,.T.);
#555=ORIENTED_EDGE('',*,*,#961,.T.);
#556=ORIENTED_EDGE('',*,*,#886,.F.);
#557=ORIENTED_EDGE('',*,*,#962,.T.);
#558=ORIENTED_EDGE('',*,*,#963,.T.);
#559=ORIENTED_EDGE('',*,*,#964,.T.);
#560=ORIENTED_EDGE('',*,*,#869,.F.);
#561=ORIENTED_EDGE('',*,*,#965,.T.);
#562=ORIENTED_EDGE('',*,*,#960,.F.);
#563=ORIENTED_EDGE('',*,*,#941,.F.);
#564=ORIENTED_EDGE('',*,*,#938,.T.);
#565=ORIENTED_EDGE('',*,*,#946,.T.);
#566=ORIENTED_EDGE('',*,*,#944,.F.);
#567=ORIENTED_EDGE('',*,*,#885,.T.);
#568=ORIENTED_EDGE('',*,*,#966,.T.);
#569=ORIENTED_EDGE('',*,*,#963,.F.);
#570=ORIENTED_EDGE('',*,*,#962,.F.);
#571=ORIENTED_EDGE('',*,*,#967,.F.);
#572=ORIENTED_EDGE('',*,*,#918,.T.);
#573=ORIENTED_EDGE('',*,*,#930,.F.);
#574=ORIENTED_EDGE('',*,*,#967,.T.);
#575=ORIENTED_EDGE('',*,*,#968,.F.);
#576=ORIENTED_EDGE('',*,*,#917,.T.);
#577=ORIENTED_EDGE('',*,*,#934,.F.);
#578=ORIENTED_EDGE('',*,*,#968,.T.);
#579=ORIENTED_EDGE('',*,*,#969,.F.);
#580=ORIENTED_EDGE('',*,*,#916,.T.);
#581=ORIENTED_EDGE('',*,*,#932,.F.);
#582=ORIENTED_EDGE('',*,*,#969,.T.);
#583=ORIENTED_EDGE('',*,*,#970,.F.);
#584=ORIENTED_EDGE('',*,*,#915,.T.);
#585=ORIENTED_EDGE('',*,*,#928,.F.);
#586=ORIENTED_EDGE('',*,*,#970,.T.);
#587=ORIENTED_EDGE('',*,*,#971,.F.);
#588=ORIENTED_EDGE('',*,*,#972,.T.);
#589=ORIENTED_EDGE('',*,*,#973,.F.);
#590=ORIENTED_EDGE('',*,*,#940,.F.);
#591=ORIENTED_EDGE('',*,*,#973,.T.);
#592=ORIENTED_EDGE('',*,*,#974,.T.);
#593=ORIENTED_EDGE('',*,*,#975,.F.);
#594=ORIENTED_EDGE('',*,*,#936,.F.);
#595=ORIENTED_EDGE('',*,*,#976,.F.);
#596=ORIENTED_EDGE('',*,*,#977,.T.);
#597=ORIENTED_EDGE('',*,*,#971,.T.);
#598=ORIENTED_EDGE('',*,*,#943,.F.);
#599=ORIENTED_EDGE('',*,*,#975,.T.);
#600=ORIENTED_EDGE('',*,*,#978,.T.);
#601=ORIENTED_EDGE('',*,*,#976,.T.);
#602=ORIENTED_EDGE('',*,*,#945,.F.);
#603=ORIENTED_EDGE('',*,*,#979,.T.);
#604=ORIENTED_EDGE('',*,*,#980,.T.);
#605=ORIENTED_EDGE('',*,*,#852,.T.);
#606=ORIENTED_EDGE('',*,*,#981,.T.);
#607=ORIENTED_EDGE('',*,*,#850,.T.);
#608=ORIENTED_EDGE('',*,*,#982,.T.);
#609=ORIENTED_EDGE('',*,*,#983,.T.);
#610=ORIENTED_EDGE('',*,*,#984,.T.);
#611=ORIENTED_EDGE('',*,*,#854,.T.);
#612=ORIENTED_EDGE('',*,*,#985,.T.);
#613=ORIENTED_EDGE('',*,*,#986,.T.);
#614=ORIENTED_EDGE('',*,*,#987,.T.);
#615=ORIENTED_EDGE('',*,*,#988,.F.);
#616=ORIENTED_EDGE('',*,*,#972,.F.);
#617=ORIENTED_EDGE('',*,*,#989,.F.);
#618=ORIENTED_EDGE('',*,*,#913,.F.);
#619=ORIENTED_EDGE('',*,*,#989,.T.);
#620=ORIENTED_EDGE('',*,*,#977,.F.);
#621=ORIENTED_EDGE('',*,*,#990,.F.);
#622=ORIENTED_EDGE('',*,*,#910,.F.);
#623=ORIENTED_EDGE('',*,*,#988,.T.);
#624=ORIENTED_EDGE('',*,*,#912,.F.);
#625=ORIENTED_EDGE('',*,*,#991,.F.);
#626=ORIENTED_EDGE('',*,*,#974,.F.);
#627=ORIENTED_EDGE('',*,*,#990,.T.);
#628=ORIENTED_EDGE('',*,*,#978,.F.);
#629=ORIENTED_EDGE('',*,*,#991,.T.);
#630=ORIENTED_EDGE('',*,*,#911,.F.);
#631=ORIENTED_EDGE('',*,*,#914,.F.);
#632=ORIENTED_EDGE('',*,*,#958,.F.);
#633=ORIENTED_EDGE('',*,*,#959,.F.);
#634=ORIENTED_EDGE('',*,*,#947,.F.);
#635=ORIENTED_EDGE('',*,*,#839,.F.);
#636=ORIENTED_EDGE('',*,*,#992,.T.);
#637=ORIENTED_EDGE('',*,*,#922,.F.);
#638=ORIENTED_EDGE('',*,*,#993,.T.);
#639=ORIENTED_EDGE('',*,*,#986,.F.);
#640=ORIENTED_EDGE('',*,*,#994,.T.);
#641=ORIENTED_EDGE('',*,*,#924,.F.);
#642=ORIENTED_EDGE('',*,*,#995,.T.);
#643=ORIENTED_EDGE('',*,*,#983,.F.);
#644=ORIENTED_EDGE('',*,*,#996,.T.);
#645=ORIENTED_EDGE('',*,*,#920,.F.);
#646=ORIENTED_EDGE('',*,*,#997,.T.);
#647=ORIENTED_EDGE('',*,*,#979,.F.);
#648=ORIENTED_EDGE('',*,*,#998,.T.);
#649=ORIENTED_EDGE('',*,*,#926,.F.);
#650=ORIENTED_EDGE('',*,*,#999,.T.);
#651=ORIENTED_EDGE('',*,*,#851,.F.);
#652=ORIENTED_EDGE('',*,*,#984,.F.);
#653=ORIENTED_EDGE('',*,*,#1000,.F.);
#654=ORIENTED_EDGE('',*,*,#981,.F.);
#655=ORIENTED_EDGE('',*,*,#997,.F.);
#656=ORIENTED_EDGE('',*,*,#919,.T.);
#657=ORIENTED_EDGE('',*,*,#998,.F.);
#658=ORIENTED_EDGE('',*,*,#1000,.T.);
#659=ORIENTED_EDGE('',*,*,#849,.F.);
#660=ORIENTED_EDGE('',*,*,#840,.F.);
#661=ORIENTED_EDGE('',*,*,#1001,.F.);
#662=ORIENTED_EDGE('',*,*,#982,.F.);
#663=ORIENTED_EDGE('',*,*,#993,.F.);
#664=ORIENTED_EDGE('',*,*,#921,.T.);
#665=ORIENTED_EDGE('',*,*,#996,.F.);
#666=ORIENTED_EDGE('',*,*,#1001,.T.);
#667=ORIENTED_EDGE('',*,*,#855,.F.);
#668=ORIENTED_EDGE('',*,*,#987,.F.);
#669=ORIENTED_EDGE('',*,*,#1002,.F.);
#670=ORIENTED_EDGE('',*,*,#838,.F.);
#671=ORIENTED_EDGE('',*,*,#992,.F.);
#672=ORIENTED_EDGE('',*,*,#1002,.T.);
#673=ORIENTED_EDGE('',*,*,#995,.F.);
#674=ORIENTED_EDGE('',*,*,#923,.T.);
#675=ORIENTED_EDGE('',*,*,#853,.F.);
#676=ORIENTED_EDGE('',*,*,#980,.F.);
#677=ORIENTED_EDGE('',*,*,#1003,.F.);
#678=ORIENTED_EDGE('',*,*,#985,.F.);
#679=ORIENTED_EDGE('',*,*,#994,.F.);
#680=ORIENTED_EDGE('',*,*,#1003,.T.);
#681=ORIENTED_EDGE('',*,*,#999,.F.);
#682=ORIENTED_EDGE('',*,*,#925,.T.);
#683=ORIENTED_EDGE('',*,*,#875,.F.);
#684=ORIENTED_EDGE('',*,*,#1004,.T.);
#685=ORIENTED_EDGE('',*,*,#1005,.T.);
#686=ORIENTED_EDGE('',*,*,#860,.T.);
#687=ORIENTED_EDGE('',*,*,#1005,.F.);
#688=ORIENTED_EDGE('',*,*,#1006,.T.);
#689=ORIENTED_EDGE('',*,*,#904,.T.);
#690=ORIENTED_EDGE('',*,*,#861,.T.);
#691=ORIENTED_EDGE('',*,*,#908,.T.);
#692=ORIENTED_EDGE('',*,*,#1007,.T.);
#693=ORIENTED_EDGE('',*,*,#897,.F.);
#694=ORIENTED_EDGE('',*,*,#1008,.T.);
#695=ORIENTED_EDGE('',*,*,#873,.F.);
#696=ORIENTED_EDGE('',*,*,#1009,.T.);
#697=ORIENTED_EDGE('',*,*,#903,.F.);
#698=ORIENTED_EDGE('',*,*,#1010,.T.);
#699=ORIENTED_EDGE('',*,*,#1011,.T.);
#700=ORIENTED_EDGE('',*,*,#863,.F.);
#701=ORIENTED_EDGE('',*,*,#901,.F.);
#702=ORIENTED_EDGE('',*,*,#1012,.T.);
#703=ORIENTED_EDGE('',*,*,#1013,.F.);
#704=ORIENTED_EDGE('',*,*,#1014,.F.);
#705=ORIENTED_EDGE('',*,*,#1015,.T.);
#706=ORIENTED_EDGE('',*,*,#1016,.T.);
#707=ORIENTED_EDGE('',*,*,#1017,.F.);
#708=ORIENTED_EDGE('',*,*,#1018,.T.);
#709=ORIENTED_EDGE('',*,*,#895,.T.);
#710=ORIENTED_EDGE('',*,*,#844,.F.);
#711=ORIENTED_EDGE('',*,*,#1019,.T.);
#712=ORIENTED_EDGE('',*,*,#1020,.F.);
#713=ORIENTED_EDGE('',*,*,#1021,.F.);
#714=ORIENTED_EDGE('',*,*,#1022,.T.);
#715=ORIENTED_EDGE('',*,*,#1023,.T.);
#716=ORIENTED_EDGE('',*,*,#888,.F.);
#717=ORIENTED_EDGE('',*,*,#892,.F.);
#718=ORIENTED_EDGE('',*,*,#1024,.T.);
#719=ORIENTED_EDGE('',*,*,#880,.T.);
#720=ORIENTED_EDGE('',*,*,#1025,.T.);
#721=ORIENTED_EDGE('',*,*,#894,.F.);
#722=ORIENTED_EDGE('',*,*,#1026,.T.);
#723=ORIENTED_EDGE('',*,*,#878,.T.);
#724=ORIENTED_EDGE('',*,*,#846,.F.);
#725=ORIENTED_EDGE('',*,*,#1027,.F.);
#726=ORIENTED_EDGE('',*,*,#866,.T.);
#727=ORIENTED_EDGE('',*,*,#1027,.T.);
#728=ORIENTED_EDGE('',*,*,#1028,.T.);
#729=ORIENTED_EDGE('',*,*,#867,.F.);
#730=ORIENTED_EDGE('',*,*,#1028,.F.);
#731=ORIENTED_EDGE('',*,*,#1029,.T.);
#732=ORIENTED_EDGE('',*,*,#868,.F.);
#733=ORIENTED_EDGE('',*,*,#1029,.F.);
#734=ORIENTED_EDGE('',*,*,#1030,.F.);
#735=ORIENTED_EDGE('',*,*,#865,.T.);
#736=ORIENTED_EDGE('',*,*,#1030,.T.);
#737=ORIENTED_EDGE('',*,*,#1007,.F.);
#738=ORIENTED_EDGE('',*,*,#907,.F.);
#739=ORIENTED_EDGE('',*,*,#948,.F.);
#740=ORIENTED_EDGE('',*,*,#898,.F.);
#741=ORIENTED_EDGE('',*,*,#1012,.F.);
#742=ORIENTED_EDGE('',*,*,#900,.F.);
#743=ORIENTED_EDGE('',*,*,#957,.F.);
#744=ORIENTED_EDGE('',*,*,#1031,.F.);
#745=ORIENTED_EDGE('',*,*,#1023,.F.);
#746=ORIENTED_EDGE('',*,*,#1032,.F.);
#747=ORIENTED_EDGE('',*,*,#953,.F.);
#748=ORIENTED_EDGE('',*,*,#889,.F.);
#749=ORIENTED_EDGE('',*,*,#1024,.F.);
#750=ORIENTED_EDGE('',*,*,#891,.F.);
#751=ORIENTED_EDGE('',*,*,#952,.F.);
#752=ORIENTED_EDGE('',*,*,#881,.F.);
#753=ORIENTED_EDGE('',*,*,#893,.F.);
#754=ORIENTED_EDGE('',*,*,#1025,.F.);
#755=ORIENTED_EDGE('',*,*,#879,.F.);
#756=ORIENTED_EDGE('',*,*,#1026,.F.);
#757=ORIENTED_EDGE('',*,*,#1033,.F.);
#758=ORIENTED_EDGE('',*,*,#1019,.F.);
#759=ORIENTED_EDGE('',*,*,#896,.F.);
#760=ORIENTED_EDGE('',*,*,#1018,.F.);
#761=ORIENTED_EDGE('',*,*,#905,.F.);
#762=ORIENTED_EDGE('',*,*,#1006,.F.);
#763=ORIENTED_EDGE('',*,*,#1004,.F.);
#764=ORIENTED_EDGE('',*,*,#874,.F.);
#765=ORIENTED_EDGE('',*,*,#1008,.F.);
#766=ORIENTED_EDGE('',*,*,#902,.F.);
#767=ORIENTED_EDGE('',*,*,#1016,.F.);
#768=ORIENTED_EDGE('',*,*,#1034,.F.);
#769=ORIENTED_EDGE('',*,*,#1010,.F.);
#770=ORIENTED_EDGE('',*,*,#884,.F.);
#771=ORIENTED_EDGE('',*,*,#870,.F.);
#772=ORIENTED_EDGE('',*,*,#964,.F.);
#773=ORIENTED_EDGE('',*,*,#966,.F.);
#774=ORIENTED_EDGE('',*,*,#1009,.F.);
#775=ORIENTED_EDGE('',*,*,#872,.T.);
#776=ORIENTED_EDGE('',*,*,#1035,.F.);
#777=ORIENTED_EDGE('',*,*,#909,.F.);
#778=ORIENTED_EDGE('',*,*,#1035,.T.);
#779=ORIENTED_EDGE('',*,*,#887,.F.);
#780=ORIENTED_EDGE('',*,*,#1036,.F.);
#781=ORIENTED_EDGE('',*,*,#949,.F.);
#782=ORIENTED_EDGE('',*,*,#1036,.T.);
#783=ORIENTED_EDGE('',*,*,#961,.F.);
#784=ORIENTED_EDGE('',*,*,#1037,.F.);
#785=ORIENTED_EDGE('',*,*,#950,.F.);
#786=ORIENTED_EDGE('',*,*,#1037,.T.);
#787=ORIENTED_EDGE('',*,*,#965,.F.);
#788=ORIENTED_EDGE('',*,*,#1038,.F.);
#789=ORIENTED_EDGE('',*,*,#951,.F.);
#790=ORIENTED_EDGE('',*,*,#858,.F.);
#791=ORIENTED_EDGE('',*,*,#883,.F.);
#792=ORIENTED_EDGE('',*,*,#1038,.T.);
#793=ORIENTED_EDGE('',*,*,#876,.F.);
#794=ORIENTED_EDGE('',*,*,#836,.T.);
#795=ORIENTED_EDGE('',*,*,#848,.F.);
#796=ORIENTED_EDGE('',*,*,#877,.F.);
#797=ORIENTED_EDGE('',*,*,#856,.T.);
#798=ORIENTED_EDGE('',*,*,#1031,.T.);
#799=ORIENTED_EDGE('',*,*,#956,.F.);
#800=ORIENTED_EDGE('',*,*,#1039,.F.);
#801=ORIENTED_EDGE('',*,*,#1013,.T.);
#802=ORIENTED_EDGE('',*,*,#1032,.T.);
#803=ORIENTED_EDGE('',*,*,#1022,.F.);
#804=ORIENTED_EDGE('',*,*,#1040,.F.);
#805=ORIENTED_EDGE('',*,*,#954,.T.);
#806=ORIENTED_EDGE('',*,*,#1033,.T.);
#807=ORIENTED_EDGE('',*,*,#1041,.F.);
#808=ORIENTED_EDGE('',*,*,#1042,.F.);
#809=ORIENTED_EDGE('',*,*,#1020,.T.);
#810=ORIENTED_EDGE('',*,*,#1017,.T.);
#811=ORIENTED_EDGE('',*,*,#843,.F.);
#812=ORIENTED_EDGE('',*,*,#1043,.F.);
#813=ORIENTED_EDGE('',*,*,#1041,.T.);
#814=ORIENTED_EDGE('',*,*,#1011,.F.);
#815=ORIENTED_EDGE('',*,*,#1044,.F.);
#816=ORIENTED_EDGE('',*,*,#1045,.T.);
#817=ORIENTED_EDGE('',*,*,#864,.T.);
#818=ORIENTED_EDGE('',*,*,#1034,.T.);
#819=ORIENTED_EDGE('',*,*,#1015,.F.);
#820=ORIENTED_EDGE('',*,*,#1046,.F.);
#821=ORIENTED_EDGE('',*,*,#1044,.T.);
#822=ORIENTED_EDGE('',*,*,#1014,.T.);
#823=ORIENTED_EDGE('',*,*,#1039,.T.);
#824=ORIENTED_EDGE('',*,*,#955,.F.);
#825=ORIENTED_EDGE('',*,*,#1040,.T.);
#826=ORIENTED_EDGE('',*,*,#1021,.T.);
#827=ORIENTED_EDGE('',*,*,#1042,.T.);
#828=ORIENTED_EDGE('',*,*,#1043,.T.);
#829=ORIENTED_EDGE('',*,*,#842,.T.);
#830=ORIENTED_EDGE('',*,*,#1045,.F.);
#831=ORIENTED_EDGE('',*,*,#1046,.T.);
#832=EDGE_CURVE('',#1047,#1047,#1193,.T.);
#833=EDGE_CURVE('',#1048,#1048,#1194,.T.);
#834=EDGE_CURVE('',#1049,#1049,#1195,.T.);
#835=EDGE_CURVE('',#1050,#1050,#1196,.T.);
#836=EDGE_CURVE('',#1051,#1052,#1197,.T.);
#837=EDGE_CURVE('',#1053,#1051,#20,.T.);
#838=EDGE_CURVE('',#1053,#1054,#21,.T.);
#839=EDGE_CURVE('',#1054,#1055,#22,.T.);
#840=EDGE_CURVE('',#1055,#1056,#23,.F.);
#841=EDGE_CURVE('',#1052,#1056,#24,.T.);
#842=EDGE_CURVE('',#1057,#1058,#25,.T.);
#843=EDGE_CURVE('',#1057,#1059,#26,.T.);
#844=EDGE_CURVE('',#1059,#1060,#27,.T.);
#845=EDGE_CURVE('',#1061,#1060,#28,.T.);
#846=EDGE_CURVE('',#1061,#1062,#29,.T.);
#847=EDGE_CURVE('',#1062,#1063,#30,.T.);
#848=EDGE_CURVE('',#1063,#1052,#31,.T.);
#849=EDGE_CURVE('',#1056,#1064,#1198,.F.);
#850=EDGE_CURVE('',#1065,#1064,#32,.T.);
#851=EDGE_CURVE('',#1065,#1066,#1199,.F.);
#852=EDGE_CURVE('',#1067,#1066,#33,.T.);
#853=EDGE_CURVE('',#1067,#1068,#1200,.F.);
#854=EDGE_CURVE('',#1069,#1068,#34,.T.);
#855=EDGE_CURVE('',#1069,#1053,#1201,.F.);
#856=EDGE_CURVE('',#1070,#1051,#35,.T.);
#857=EDGE_CURVE('',#1070,#1071,#36,.T.);
#858=EDGE_CURVE('',#1071,#1072,#37,.T.);
#859=EDGE_CURVE('',#1073,#1072,#38,.T.);
#860=EDGE_CURVE('',#1074,#1073,#39,.T.);
#861=EDGE_CURVE('',#1075,#1074,#40,.T.);
#862=EDGE_CURVE('',#1076,#1075,#41,.T.);
#863=EDGE_CURVE('',#1076,#1077,#42,.T.);
#864=EDGE_CURVE('',#1058,#1077,#43,.T.);
#865=EDGE_CURVE('',#1078,#1078,#1202,.T.);
#866=EDGE_CURVE('',#1079,#1079,#1203,.T.);
#867=EDGE_CURVE('',#1080,#1080,#1204,.T.);
#868=EDGE_CURVE('',#1081,#1081,#1205,.T.);
#869=EDGE_CURVE('',#1082,#1083,#44,.T.);
#870=EDGE_CURVE('',#1083,#1084,#45,.T.);
#871=EDGE_CURVE('',#1085,#1084,#46,.T.);
#872=EDGE_CURVE('',#1086,#1085,#47,.T.);
#873=EDGE_CURVE('',#1086,#1087,#48,.T.);
#874=EDGE_CURVE('',#1087,#1088,#49,.F.);
#875=EDGE_CURVE('',#1088,#1073,#50,.T.);
#876=EDGE_CURVE('',#1072,#1082,#51,.T.);
#877=EDGE_CURVE('',#1070,#1063,#1206,.T.);
#878=EDGE_CURVE('',#1089,#1062,#52,.T.);
#879=EDGE_CURVE('',#1089,#1090,#53,.T.);
#880=EDGE_CURVE('',#1091,#1090,#54,.T.);
#881=EDGE_CURVE('',#1091,#1092,#55,.T.);
#882=EDGE_CURVE('',#1092,#1093,#56,.T.);
#883=EDGE_CURVE('',#1093,#1071,#57,.T.);
#884=EDGE_CURVE('',#1084,#1094,#58,.F.);
#885=EDGE_CURVE('',#1095,#1094,#59,.T.);
#886=EDGE_CURVE('',#1095,#1096,#60,.T.);
#887=EDGE_CURVE('',#1096,#1085,#61,.T.);
#888=EDGE_CURVE('',#1097,#1098,#62,.T.);
#889=EDGE_CURVE('',#1098,#1099,#63,.T.);
#890=EDGE_CURVE('',#1100,#1099,#64,.T.);
#891=EDGE_CURVE('',#1100,#1101,#65,.T.);
#892=EDGE_CURVE('',#1101,#1102,#66,.T.);
#893=EDGE_CURVE('',#1102,#1103,#67,.T.);
#894=EDGE_CURVE('',#1103,#1061,#68,.T.);
#895=EDGE_CURVE('',#1104,#1060,#69,.T.);
#896=EDGE_CURVE('',#1104,#1097,#70,.T.);
#897=EDGE_CURVE('',#1105,#1106,#71,.T.);
#898=EDGE_CURVE('',#1106,#1107,#72,.T.);
#899=EDGE_CURVE('',#1108,#1107,#73,.T.);
#900=EDGE_CURVE('',#1108,#1109,#74,.T.);
#901=EDGE_CURVE('',#1109,#1110,#75,.T.);
#902=EDGE_CURVE('',#1110,#1111,#76,.T.);
#903=EDGE_CURVE('',#1111,#1076,#77,.T.);
#904=EDGE_CURVE('',#1112,#1075,#78,.T.);
#905=EDGE_CURVE('',#1112,#1105,#79,.F.);
#906=EDGE_CURVE('',#1113,#1114,#80,.T.);
#907=EDGE_CURVE('',#1114,#1115,#81,.T.);
#908=EDGE_CURVE('',#1116,#1115,#82,.T.);
#909=EDGE_CURVE('',#1116,#1113,#83,.T.);
#910=EDGE_CURVE('',#1117,#1118,#84,.T.);
#911=EDGE_CURVE('',#1118,#1119,#85,.F.);
#912=EDGE_CURVE('',#1119,#1120,#86,.F.);
#913=EDGE_CURVE('',#1120,#1117,#87,.T.);
#914=EDGE_CURVE('',#1121,#1121,#1207,.F.);
#915=EDGE_CURVE('',#1122,#1122,#1208,.T.);
#916=EDGE_CURVE('',#1123,#1123,#1209,.T.);
#917=EDGE_CURVE('',#1124,#1124,#1210,.T.);
#918=EDGE_CURVE('',#1125,#1125,#1211,.T.);
#919=EDGE_CURVE('',#1126,#1127,#1212,.F.);
#920=EDGE_CURVE('',#1126,#1128,#88,.T.);
#921=EDGE_CURVE('',#1129,#1128,#1213,.F.);
#922=EDGE_CURVE('',#1129,#1130,#89,.F.);
#923=EDGE_CURVE('',#1131,#1130,#1214,.F.);
#924=EDGE_CURVE('',#1131,#1132,#90,.T.);
#925=EDGE_CURVE('',#1133,#1132,#1215,.F.);
#926=EDGE_CURVE('',#1133,#1127,#91,.T.);
#927=EDGE_CURVE('',#1134,#1134,#1216,.T.);
#928=EDGE_CURVE('',#1135,#1135,#1217,.T.);
#929=EDGE_CURVE('',#1136,#1136,#1218,.T.);
#930=EDGE_CURVE('',#1137,#1137,#1219,.T.);
#931=EDGE_CURVE('',#1138,#1138,#1220,.T.);
#932=EDGE_CURVE('',#1139,#1139,#1221,.T.);
#933=EDGE_CURVE('',#1140,#1140,#1222,.T.);
#934=EDGE_CURVE('',#1141,#1141,#1223,.T.);
#935=EDGE_CURVE('',#1142,#1143,#92,.T.);
#936=EDGE_CURVE('',#1142,#1144,#93,.T.);
#937=EDGE_CURVE('',#1144,#1145,#94,.T.);
#938=EDGE_CURVE('',#1143,#1145,#95,.T.);
#939=EDGE_CURVE('',#1146,#1147,#96,.T.);
#940=EDGE_CURVE('',#1146,#1142,#97,.T.);
#941=EDGE_CURVE('',#1143,#1147,#98,.T.);
#942=EDGE_CURVE('',#1148,#1149,#99,.T.);
#943=EDGE_CURVE('',#1148,#1146,#100,.T.);
#944=EDGE_CURVE('',#1147,#1149,#101,.T.);
#945=EDGE_CURVE('',#1144,#1148,#102,.T.);
#946=EDGE_CURVE('',#1145,#1149,#103,.T.);
#947=EDGE_CURVE('',#1150,#1150,#1224,.T.);
#948=EDGE_CURVE('',#1107,#1114,#104,.T.);
#949=EDGE_CURVE('',#1113,#1151,#105,.T.);
#950=EDGE_CURVE('',#1151,#1152,#106,.T.);
#951=EDGE_CURVE('',#1152,#1093,#107,.T.);
#952=EDGE_CURVE('',#1092,#1100,#108,.T.);
#953=EDGE_CURVE('',#1099,#1153,#109,.F.);
#954=EDGE_CURVE('',#1154,#1153,#110,.T.);
#955=EDGE_CURVE('',#1154,#1155,#111,.T.);
#956=EDGE_CURVE('',#1155,#1156,#112,.T.);
#957=EDGE_CURVE('',#1156,#1108,#113,.F.);
#958=EDGE_CURVE('',#1157,#1157,#1225,.T.);
#959=EDGE_CURVE('',#1158,#1158,#1226,.F.);
#960=EDGE_CURVE('',#1159,#1160,#114,.T.);
#961=EDGE_CURVE('',#1160,#1096,#115,.T.);
#962=EDGE_CURVE('',#1095,#1159,#116,.T.);
#963=EDGE_CURVE('',#1159,#1161,#117,.T.);
#964=EDGE_CURVE('',#1161,#1083,#118,.F.);
#965=EDGE_CURVE('',#1082,#1160,#119,.T.);
#966=EDGE_CURVE('',#1094,#1161,#120,.T.);
#967=EDGE_CURVE('',#1162,#1162,#1227,.T.);
#968=EDGE_CURVE('',#1163,#1163,#1228,.T.);
#969=EDGE_CURVE('',#1164,#1164,#1229,.T.);
#970=EDGE_CURVE('',#1165,#1165,#1230,.T.);
#971=EDGE_CURVE('',#1166,#1146,#121,.T.);
#972=EDGE_CURVE('',#1166,#1167,#122,.F.);
#973=EDGE_CURVE('',#1142,#1167,#123,.T.);
#974=EDGE_CURVE('',#1167,#1168,#124,.F.);
#975=EDGE_CURVE('',#1144,#1168,#125,.F.);
#976=EDGE_CURVE('',#1169,#1148,#126,.T.);
#977=EDGE_CURVE('',#1169,#1166,#127,.F.);
#978=EDGE_CURVE('',#1168,#1169,#128,.F.);
#979=EDGE_CURVE('',#1170,#1171,#129,.F.);
#980=EDGE_CURVE('',#1171,#1067,#130,.F.);
#981=EDGE_CURVE('',#1066,#1170,#131,.T.);
#982=EDGE_CURVE('',#1064,#1172,#132,.T.);
#983=EDGE_CURVE('',#1172,#1173,#133,.F.);
#984=EDGE_CURVE('',#1173,#1065,#134,.F.);
#985=EDGE_CURVE('',#1068,#1174,#135,.T.);
#986=EDGE_CURVE('',#1174,#1175,#136,.F.);
#987=EDGE_CURVE('',#1175,#1069,#137,.F.);
#988=EDGE_CURVE('',#1167,#1120,#16,.T.);
#989=EDGE_CURVE('',#1117,#1166,#17,.T.);
#990=EDGE_CURVE('',#1118,#1169,#18,.F.);
#991=EDGE_CURVE('',#1168,#1119,#19,.T.);
#992=EDGE_CURVE('',#1054,#1130,#1231,.T.);
#993=EDGE_CURVE('',#1129,#1055,#1232,.T.);
#994=EDGE_CURVE('',#1174,#1132,#1233,.T.);
#995=EDGE_CURVE('',#1131,#1175,#1234,.T.);
#996=EDGE_CURVE('',#1172,#1128,#1235,.T.);
#997=EDGE_CURVE('',#1126,#1173,#1236,.T.);
#998=EDGE_CURVE('',#1170,#1127,#1237,.T.);
#999=EDGE_CURVE('',#1133,#1171,#1238,.T.);
#1000=EDGE_CURVE('',#1170,#1173,#1239,.T.);
#1001=EDGE_CURVE('',#1172,#1055,#1240,.T.);
#1002=EDGE_CURVE('',#1054,#1175,#1241,.T.);
#1003=EDGE_CURVE('',#1174,#1171,#1242,.T.);
#1004=EDGE_CURVE('',#1088,#1176,#138,.F.);
#1005=EDGE_CURVE('',#1176,#1074,#139,.T.);
#1006=EDGE_CURVE('',#1176,#1112,#140,.T.);
#1007=EDGE_CURVE('',#1115,#1106,#141,.T.);
#1008=EDGE_CURVE('',#1105,#1087,#142,.T.);
#1009=EDGE_CURVE('',#1086,#1116,#143,.F.);
#1010=EDGE_CURVE('',#1111,#1177,#144,.T.);
#1011=EDGE_CURVE('',#1177,#1077,#145,.T.);
#1012=EDGE_CURVE('',#1109,#1178,#146,.F.);
#1013=EDGE_CURVE('',#1179,#1178,#147,.T.);
#1014=EDGE_CURVE('',#1180,#1179,#148,.T.);
#1015=EDGE_CURVE('',#1180,#1181,#149,.T.);
#1016=EDGE_CURVE('',#1181,#1110,#150,.T.);
#1017=EDGE_CURVE('',#1182,#1059,#151,.T.);
#1018=EDGE_CURVE('',#1182,#1104,#152,.T.);
#1019=EDGE_CURVE('',#1097,#1183,#153,.T.);
#1020=EDGE_CURVE('',#1184,#1183,#154,.T.);
#1021=EDGE_CURVE('',#1185,#1184,#155,.T.);
#1022=EDGE_CURVE('',#1185,#1186,#156,.T.);
#1023=EDGE_CURVE('',#1186,#1098,#157,.F.);
#1024=EDGE_CURVE('',#1101,#1091,#158,.T.);
#1025=EDGE_CURVE('',#1090,#1102,#159,.T.);
#1026=EDGE_CURVE('',#1103,#1089,#160,.T.);
#1027=EDGE_CURVE('',#1187,#1187,#1243,.T.);
#1028=EDGE_CURVE('',#1188,#1188,#1244,.T.);
#1029=EDGE_CURVE('',#1189,#1189,#1245,.T.);
#1030=EDGE_CURVE('',#1190,#1190,#1246,.T.);
#1031=EDGE_CURVE('',#1178,#1156,#161,.T.);
#1032=EDGE_CURVE('',#1153,#1186,#162,.T.);
#1033=EDGE_CURVE('',#1183,#1182,#163,.T.);
#1034=EDGE_CURVE('',#1177,#1181,#164,.T.);
#1035=EDGE_CURVE('',#1113,#1085,#165,.F.);
#1036=EDGE_CURVE('',#1151,#1096,#166,.T.);
#1037=EDGE_CURVE('',#1152,#1160,#167,.F.);
#1038=EDGE_CURVE('',#1093,#1082,#168,.F.);
#1039=EDGE_CURVE('',#1179,#1155,#169,.T.);
#1040=EDGE_CURVE('',#1154,#1185,#170,.T.);
#1041=EDGE_CURVE('',#1191,#1182,#171,.T.);
#1042=EDGE_CURVE('',#1184,#1191,#172,.T.);
#1043=EDGE_CURVE('',#1191,#1057,#173,.T.);
#1044=EDGE_CURVE('',#1192,#1177,#174,.T.);
#1045=EDGE_CURVE('',#1192,#1058,#175,.T.);
#1046=EDGE_CURVE('',#1192,#1180,#176,.T.);
#1047=VERTEX_POINT('',#2305);
#1048=VERTEX_POINT('',#2307);
#1049=VERTEX_POINT('',#2310);
#1050=VERTEX_POINT('',#2312);
#1051=VERTEX_POINT('',#2318);
#1052=VERTEX_POINT('',#2319);
#1053=VERTEX_POINT('',#2321);
#1054=VERTEX_POINT('',#2323);
#1055=VERTEX_POINT('',#2325);
#1056=VERTEX_POINT('',#2327);
#1057=VERTEX_POINT('',#2331);
#1058=VERTEX_POINT('',#2332);
#1059=VERTEX_POINT('',#2334);
#1060=VERTEX_POINT('',#2336);
#1061=VERTEX_POINT('',#2338);
#1062=VERTEX_POINT('',#2340);
#1063=VERTEX_POINT('',#2342);
#1064=VERTEX_POINT('',#2345);
#1065=VERTEX_POINT('',#2347);
#1066=VERTEX_POINT('',#2349);
#1067=VERTEX_POINT('',#2351);
#1068=VERTEX_POINT('',#2353);
#1069=VERTEX_POINT('',#2355);
#1070=VERTEX_POINT('',#2358);
#1071=VERTEX_POINT('',#2360);
#1072=VERTEX_POINT('',#2362);
#1073=VERTEX_POINT('',#2364);
#1074=VERTEX_POINT('',#2366);
#1075=VERTEX_POINT('',#2368);
#1076=VERTEX_POINT('',#2370);
#1077=VERTEX_POINT('',#2372);
#1078=VERTEX_POINT('',#2375);
#1079=VERTEX_POINT('',#2377);
#1080=VERTEX_POINT('',#2379);
#1081=VERTEX_POINT('',#2381);
#1082=VERTEX_POINT('',#2384);
#1083=VERTEX_POINT('',#2385);
#1084=VERTEX_POINT('',#2387);
#1085=VERTEX_POINT('',#2389);
#1086=VERTEX_POINT('',#2391);
#1087=VERTEX_POINT('',#2393);
#1088=VERTEX_POINT('',#2395);
#1089=VERTEX_POINT('',#2401);
#1090=VERTEX_POINT('',#2403);
#1091=VERTEX_POINT('',#2405);
#1092=VERTEX_POINT('',#2407);
#1093=VERTEX_POINT('',#2409);
#1094=VERTEX_POINT('',#2413);
#1095=VERTEX_POINT('',#2415);
#1096=VERTEX_POINT('',#2417);
#1097=VERTEX_POINT('',#2421);
#1098=VERTEX_POINT('',#2422);
#1099=VERTEX_POINT('',#2424);
#1100=VERTEX_POINT('',#2426);
#1101=VERTEX_POINT('',#2428);
#1102=VERTEX_POINT('',#2430);
#1103=VERTEX_POINT('',#2432);
#1104=VERTEX_POINT('',#2435);
#1105=VERTEX_POINT('',#2439);
#1106=VERTEX_POINT('',#2440);
#1107=VERTEX_POINT('',#2442);
#1108=VERTEX_POINT('',#2444);
#1109=VERTEX_POINT('',#2446);
#1110=VERTEX_POINT('',#2448);
#1111=VERTEX_POINT('',#2450);
#1112=VERTEX_POINT('',#2453);
#1113=VERTEX_POINT('',#2457);
#1114=VERTEX_POINT('',#2458);
#1115=VERTEX_POINT('',#2460);
#1116=VERTEX_POINT('',#2462);
#1117=VERTEX_POINT('',#2466);
#1118=VERTEX_POINT('',#2467);
#1119=VERTEX_POINT('',#2469);
#1120=VERTEX_POINT('',#2471);
#1121=VERTEX_POINT('',#2474);
#1122=VERTEX_POINT('',#2476);
#1123=VERTEX_POINT('',#2478);
#1124=VERTEX_POINT('',#2480);
#1125=VERTEX_POINT('',#2482);
#1126=VERTEX_POINT('',#2484);
#1127=VERTEX_POINT('',#2485);
#1128=VERTEX_POINT('',#2487);
#1129=VERTEX_POINT('',#2489);
#1130=VERTEX_POINT('',#2491);
#1131=VERTEX_POINT('',#2493);
#1132=VERTEX_POINT('',#2495);
#1133=VERTEX_POINT('',#2497);
#1134=VERTEX_POINT('',#2501);
#1135=VERTEX_POINT('',#2503);
#1136=VERTEX_POINT('',#2506);
#1137=VERTEX_POINT('',#2508);
#1138=VERTEX_POINT('',#2511);
#1139=VERTEX_POINT('',#2513);
#1140=VERTEX_POINT('',#2516);
#1141=VERTEX_POINT('',#2518);
#1142=VERTEX_POINT('',#2521);
#1143=VERTEX_POINT('',#2522);
#1144=VERTEX_POINT('',#2524);
#1145=VERTEX_POINT('',#2526);
#1146=VERTEX_POINT('',#2530);
#1147=VERTEX_POINT('',#2531);
#1148=VERTEX_POINT('',#2536);
#1149=VERTEX_POINT('',#2537);
#1150=VERTEX_POINT('',#2545);
#1151=VERTEX_POINT('',#2548);
#1152=VERTEX_POINT('',#2550);
#1153=VERTEX_POINT('',#2554);
#1154=VERTEX_POINT('',#2556);
#1155=VERTEX_POINT('',#2558);
#1156=VERTEX_POINT('',#2560);
#1157=VERTEX_POINT('',#2564);
#1158=VERTEX_POINT('',#2566);
#1159=VERTEX_POINT('',#2569);
#1160=VERTEX_POINT('',#2570);
#1161=VERTEX_POINT('',#2575);
#1162=VERTEX_POINT('',#2582);
#1163=VERTEX_POINT('',#2586);
#1164=VERTEX_POINT('',#2590);
#1165=VERTEX_POINT('',#2594);
#1166=VERTEX_POINT('',#2598);
#1167=VERTEX_POINT('',#2600);
#1168=VERTEX_POINT('',#2604);
#1169=VERTEX_POINT('',#2608);
#1170=VERTEX_POINT('',#2614);
#1171=VERTEX_POINT('',#2615);
#1172=VERTEX_POINT('',#2620);
#1173=VERTEX_POINT('',#2622);
#1174=VERTEX_POINT('',#2626);
#1175=VERTEX_POINT('',#2628);
#1176=VERTEX_POINT('',#2666);
#1177=VERTEX_POINT('',#2676);
#1178=VERTEX_POINT('',#2680);
#1179=VERTEX_POINT('',#2682);
#1180=VERTEX_POINT('',#2684);
#1181=VERTEX_POINT('',#2686);
#1182=VERTEX_POINT('',#2690);
#1183=VERTEX_POINT('',#2694);
#1184=VERTEX_POINT('',#2696);
#1185=VERTEX_POINT('',#2698);
#1186=VERTEX_POINT('',#2700);
#1187=VERTEX_POINT('',#2709);
#1188=VERTEX_POINT('',#2713);
#1189=VERTEX_POINT('',#2717);
#1190=VERTEX_POINT('',#2721);
#1191=VERTEX_POINT('',#2752);
#1192=VERTEX_POINT('',#2758);
#1193=CIRCLE('',#1673,0.0017);
#1194=CIRCLE('',#1674,0.0017);
#1195=CIRCLE('',#1676,0.00275);
#1196=CIRCLE('',#1677,0.00275);
#1197=CIRCLE('',#1682,0.006);
#1198=CIRCLE('',#1684,0.003);
#1199=CIRCLE('',#1685,0.003);
#1200=CIRCLE('',#1686,0.003);
#1201=CIRCLE('',#1687,0.003);
#1202=CIRCLE('',#1688,0.001525);
#1203=CIRCLE('',#1689,0.001525);
#1204=CIRCLE('',#1690,0.001525);
#1205=CIRCLE('',#1691,0.001525);
#1206=CIRCLE('',#1694,0.006);
#1207=CIRCLE('',#1700,0.01345);
#1208=CIRCLE('',#1701,0.003);
#1209=CIRCLE('',#1702,0.003);
#1210=CIRCLE('',#1703,0.003);
#1211=CIRCLE('',#1704,0.003);
#1212=CIRCLE('',#1705,0.002);
#1213=CIRCLE('',#1706,0.002);
#1214=CIRCLE('',#1707,0.002);
#1215=CIRCLE('',#1708,0.002);
#1216=CIRCLE('',#1710,0.0016);
#1217=CIRCLE('',#1711,0.0016);
#1218=CIRCLE('',#1713,0.0016);
#1219=CIRCLE('',#1714,0.0016);
#1220=CIRCLE('',#1716,0.0016);
#1221=CIRCLE('',#1717,0.0016);
#1222=CIRCLE('',#1719,0.0016);
#1223=CIRCLE('',#1720,0.0016);
#1224=CIRCLE('',#1726,0.01345);
#1225=CIRCLE('',#1728,0.01245);
#1226=CIRCLE('',#1729,0.01245);
#1227=CIRCLE('',#1734,0.003);
#1228=CIRCLE('',#1737,0.003);
#1229=CIRCLE('',#1740,0.003);
#1230=CIRCLE('',#1743,0.003);
#1231=CIRCLE('',#1763,0.001);
#1232=CIRCLE('',#1764,0.001);
#1233=CIRCLE('',#1766,0.001);
#1234=CIRCLE('',#1767,0.001);
#1235=CIRCLE('',#1769,0.001);
#1236=CIRCLE('',#1770,0.001);
#1237=CIRCLE('',#1772,0.001);
#1238=CIRCLE('',#1773,0.001);
#1239=CIRCLE('',#1775,0.003);
#1240=CIRCLE('',#1778,0.003);
#1241=CIRCLE('',#1781,0.003);
#1242=CIRCLE('',#1784,0.003);
#1243=CIRCLE('',#1796,0.001525);
#1244=CIRCLE('',#1799,0.001525);
#1245=CIRCLE('',#1802,0.001525);
#1246=CIRCLE('',#1805,0.001525);
#1247=EDGE_LOOP('',(#402));
#1248=EDGE_LOOP('',(#403));
#1249=EDGE_LOOP('',(#404));
#1250=EDGE_LOOP('',(#405));
#1251=EDGE_LOOP('',(#406));
#1252=EDGE_LOOP('',(#407));
#1253=EDGE_LOOP('',(#408));
#1254=EDGE_LOOP('',(#409));
#1255=EDGE_LOOP('',(#410,#411,#412,#413,#414,#415));
#1256=EDGE_LOOP('',(#416,#417,#418,#419,#420,#421,#422,#423,#424,#425,#426,
#427,#428,#429,#430,#431,#432,#433,#434,#435,#436,#437,#438,#439,#440));
#1257=EDGE_LOOP('',(#441));
#1258=EDGE_LOOP('',(#442));
#1259=EDGE_LOOP('',(#443));
#1260=EDGE_LOOP('',(#444));
#1261=EDGE_LOOP('',(#445,#446,#447,#448,#449,#450,#451,#452,#453));
#1262=EDGE_LOOP('',(#454,#455,#456,#457,#458,#459,#460,#461,#462));
#1263=EDGE_LOOP('',(#463,#464,#465,#466,#467));
#1264=EDGE_LOOP('',(#468,#469,#470,#471,#472,#473,#474,#475,#476,#477));
#1265=EDGE_LOOP('',(#478,#479,#480,#481,#482,#483,#484,#485,#486,#487));
#1266=EDGE_LOOP('',(#488,#489,#490,#491));
#1267=EDGE_LOOP('',(#492,#493,#494,#495));
#1268=EDGE_LOOP('',(#496));
#1269=EDGE_LOOP('',(#497));
#1270=EDGE_LOOP('',(#498));
#1271=EDGE_LOOP('',(#499));
#1272=EDGE_LOOP('',(#500));
#1273=EDGE_LOOP('',(#501,#502,#503,#504,#505,#506,#507,#508));
#1274=EDGE_LOOP('',(#509));
#1275=EDGE_LOOP('',(#510));
#1276=EDGE_LOOP('',(#511));
#1277=EDGE_LOOP('',(#512));
#1278=EDGE_LOOP('',(#513));
#1279=EDGE_LOOP('',(#514));
#1280=EDGE_LOOP('',(#515));
#1281=EDGE_LOOP('',(#516));
#1282=EDGE_LOOP('',(#517,#518,#519,#520));
#1283=EDGE_LOOP('',(#521,#522,#523,#524));
#1284=EDGE_LOOP('',(#525,#526,#527,#528));
#1285=EDGE_LOOP('',(#529,#530,#531,#532));
#1286=EDGE_LOOP('',(#533));
#1287=EDGE_LOOP('',(#534));
#1288=EDGE_LOOP('',(#535));
#1289=EDGE_LOOP('',(#536));
#1290=EDGE_LOOP('',(#537));
#1291=EDGE_LOOP('',(#538,#539,#540,#541,#542,#543,#544,#545,#546,#547,#548,
#549,#550,#551));
#1292=EDGE_LOOP('',(#552));
#1293=EDGE_LOOP('',(#553));
#1294=EDGE_LOOP('',(#554,#555,#556,#557));
#1295=EDGE_LOOP('',(#558,#559,#560,#561,#562));
#1296=EDGE_LOOP('',(#563,#564,#565,#566));
#1297=EDGE_LOOP('',(#567,#568,#569,#570));
#1298=EDGE_LOOP('',(#571));
#1299=EDGE_LOOP('',(#572));
#1300=EDGE_LOOP('',(#573));
#1301=EDGE_LOOP('',(#574));
#1302=EDGE_LOOP('',(#575));
#1303=EDGE_LOOP('',(#576));
#1304=EDGE_LOOP('',(#577));
#1305=EDGE_LOOP('',(#578));
#1306=EDGE_LOOP('',(#579));
#1307=EDGE_LOOP('',(#580));
#1308=EDGE_LOOP('',(#581));
#1309=EDGE_LOOP('',(#582));
#1310=EDGE_LOOP('',(#583));
#1311=EDGE_LOOP('',(#584));
#1312=EDGE_LOOP('',(#585));
#1313=EDGE_LOOP('',(#586));
#1314=EDGE_LOOP('',(#587,#588,#589,#590));
#1315=EDGE_LOOP('',(#591,#592,#593,#594));
#1316=EDGE_LOOP('',(#595,#596,#597,#598));
#1317=EDGE_LOOP('',(#599,#600,#601,#602));
#1318=EDGE_LOOP('',(#603,#604,#605,#606));
#1319=EDGE_LOOP('',(#607,#608,#609,#610));
#1320=EDGE_LOOP('',(#611,#612,#613,#614));
#1321=EDGE_LOOP('',(#615,#616,#617,#618));
#1322=EDGE_LOOP('',(#619,#620,#621,#622));
#1323=EDGE_LOOP('',(#623,#624,#625,#626));
#1324=EDGE_LOOP('',(#627,#628,#629,#630));
#1325=EDGE_LOOP('',(#631));
#1326=EDGE_LOOP('',(#632));
#1327=EDGE_LOOP('',(#633));
#1328=EDGE_LOOP('',(#634));
#1329=EDGE_LOOP('',(#635,#636,#637,#638));
#1330=EDGE_LOOP('',(#639,#640,#641,#642));
#1331=EDGE_LOOP('',(#643,#644,#645,#646));
#1332=EDGE_LOOP('',(#647,#648,#649,#650));
#1333=EDGE_LOOP('',(#651,#652,#653,#654));
#1334=EDGE_LOOP('',(#655,#656,#657,#658));
#1335=EDGE_LOOP('',(#659,#660,#661,#662));
#1336=EDGE_LOOP('',(#663,#664,#665,#666));
#1337=EDGE_LOOP('',(#667,#668,#669,#670));
#1338=EDGE_LOOP('',(#671,#672,#673,#674));
#1339=EDGE_LOOP('',(#675,#676,#677,#678));
#1340=EDGE_LOOP('',(#679,#680,#681,#682));
#1341=EDGE_LOOP('',(#683,#684,#685,#686));
#1342=EDGE_LOOP('',(#687,#688,#689,#690));
#1343=EDGE_LOOP('',(#691,#692,#693,#694,#695,#696));
#1344=EDGE_LOOP('',(#697,#698,#699,#700));
#1345=EDGE_LOOP('',(#701,#702,#703,#704,#705,#706));
#1346=EDGE_LOOP('',(#707,#708,#709,#710));
#1347=EDGE_LOOP('',(#711,#712,#713,#714,#715,#716));
#1348=EDGE_LOOP('',(#717,#718,#719,#720));
#1349=EDGE_LOOP('',(#721,#722,#723,#724));
#1350=EDGE_LOOP('',(#725));
#1351=EDGE_LOOP('',(#726));
#1352=EDGE_LOOP('',(#727));
#1353=EDGE_LOOP('',(#728));
#1354=EDGE_LOOP('',(#729));
#1355=EDGE_LOOP('',(#730));
#1356=EDGE_LOOP('',(#731));
#1357=EDGE_LOOP('',(#732));
#1358=EDGE_LOOP('',(#733));
#1359=EDGE_LOOP('',(#734));
#1360=EDGE_LOOP('',(#735));
#1361=EDGE_LOOP('',(#736));
#1362=EDGE_LOOP('',(#737,#738,#739,#740));
#1363=EDGE_LOOP('',(#741,#742,#743,#744));
#1364=EDGE_LOOP('',(#745,#746,#747,#748));
#1365=EDGE_LOOP('',(#749,#750,#751,#752));
#1366=EDGE_LOOP('',(#753,#754,#755,#756));
#1367=EDGE_LOOP('',(#757,#758,#759,#760));
#1368=EDGE_LOOP('',(#761,#762,#763,#764,#765));
#1369=EDGE_LOOP('',(#766,#767,#768,#769));
#1370=EDGE_LOOP('',(#770,#771,#772,#773));
#1371=EDGE_LOOP('',(#774,#775,#776,#777));
#1372=EDGE_LOOP('',(#778,#779,#780,#781));
#1373=EDGE_LOOP('',(#782,#783,#784,#785));
#1374=EDGE_LOOP('',(#786,#787,#788,#789));
#1375=EDGE_LOOP('',(#790,#791,#792,#793));
#1376=EDGE_LOOP('',(#794,#795,#796,#797));
#1377=EDGE_LOOP('',(#798,#799,#800,#801));
#1378=EDGE_LOOP('',(#802,#803,#804,#805));
#1379=EDGE_LOOP('',(#806,#807,#808,#809));
#1380=EDGE_LOOP('',(#810,#811,#812,#813));
#1381=EDGE_LOOP('',(#814,#815,#816,#817));
#1382=EDGE_LOOP('',(#818,#819,#820,#821));
#1383=EDGE_LOOP('',(#822,#823,#824,#825,#826,#827,#828,#829,#830,#831));
#1384=FACE_BOUND('',#1247,.T.);
#1385=FACE_BOUND('',#1248,.T.);
#1386=FACE_BOUND('',#1249,.T.);
#1387=FACE_BOUND('',#1250,.T.);
#1388=FACE_BOUND('',#1251,.T.);
#1389=FACE_BOUND('',#1252,.T.);
#1390=FACE_BOUND('',#1253,.T.);
#1391=FACE_BOUND('',#1254,.T.);
#1392=FACE_BOUND('',#1255,.T.);
#1393=FACE_BOUND('',#1256,.T.);
#1394=FACE_BOUND('',#1257,.T.);
#1395=FACE_BOUND('',#1258,.T.);
#1396=FACE_BOUND('',#1259,.T.);
#1397=FACE_BOUND('',#1260,.T.);
#1398=FACE_BOUND('',#1261,.T.);
#1399=FACE_BOUND('',#1262,.T.);
#1400=FACE_BOUND('',#1263,.T.);
#1401=FACE_BOUND('',#1264,.T.);
#1402=FACE_BOUND('',#1265,.T.);
#1403=FACE_BOUND('',#1266,.T.);
#1404=FACE_BOUND('',#1267,.T.);
#1405=FACE_BOUND('',#1268,.T.);
#1406=FACE_BOUND('',#1269,.T.);
#1407=FACE_BOUND('',#1270,.T.);
#1408=FACE_BOUND('',#1271,.T.);
#1409=FACE_BOUND('',#1272,.T.);
#1410=FACE_BOUND('',#1273,.T.);
#1411=FACE_BOUND('',#1274,.T.);
#1412=FACE_BOUND('',#1275,.T.);
#1413=FACE_BOUND('',#1276,.T.);
#1414=FACE_BOUND('',#1277,.T.);
#1415=FACE_BOUND('',#1278,.T.);
#1416=FACE_BOUND('',#1279,.T.);
#1417=FACE_BOUND('',#1280,.T.);
#1418=FACE_BOUND('',#1281,.T.);
#1419=FACE_BOUND('',#1282,.T.);
#1420=FACE_BOUND('',#1283,.T.);
#1421=FACE_BOUND('',#1284,.T.);
#1422=FACE_BOUND('',#1285,.T.);
#1423=FACE_BOUND('',#1286,.T.);
#1424=FACE_BOUND('',#1287,.T.);
#1425=FACE_BOUND('',#1288,.T.);
#1426=FACE_BOUND('',#1289,.T.);
#1427=FACE_BOUND('',#1290,.T.);
#1428=FACE_BOUND('',#1291,.T.);
#1429=FACE_BOUND('',#1292,.T.);
#1430=FACE_BOUND('',#1293,.T.);
#1431=FACE_BOUND('',#1294,.T.);
#1432=FACE_BOUND('',#1295,.T.);
#1433=FACE_BOUND('',#1296,.T.);
#1434=FACE_BOUND('',#1297,.T.);
#1435=FACE_BOUND('',#1298,.T.);
#1436=FACE_BOUND('',#1299,.T.);
#1437=FACE_BOUND('',#1300,.T.);
#1438=FACE_BOUND('',#1301,.T.);
#1439=FACE_BOUND('',#1302,.T.);
#1440=FACE_BOUND('',#1303,.T.);
#1441=FACE_BOUND('',#1304,.T.);
#1442=FACE_BOUND('',#1305,.T.);
#1443=FACE_BOUND('',#1306,.T.);
#1444=FACE_BOUND('',#1307,.T.);
#1445=FACE_BOUND('',#1308,.T.);
#1446=FACE_BOUND('',#1309,.T.);
#1447=FACE_BOUND('',#1310,.T.);
#1448=FACE_BOUND('',#1311,.T.);
#1449=FACE_BOUND('',#1312,.T.);
#1450=FACE_BOUND('',#1313,.T.);
#1451=FACE_BOUND('',#1314,.T.);
#1452=FACE_BOUND('',#1315,.T.);
#1453=FACE_BOUND('',#1316,.T.);
#1454=FACE_BOUND('',#1317,.T.);
#1455=FACE_BOUND('',#1318,.T.);
#1456=FACE_BOUND('',#1319,.T.);
#1457=FACE_BOUND('',#1320,.T.);
#1458=FACE_BOUND('',#1321,.T.);
#1459=FACE_BOUND('',#1322,.T.);
#1460=FACE_BOUND('',#1323,.T.);
#1461=FACE_BOUND('',#1324,.T.);
#1462=FACE_BOUND('',#1325,.T.);
#1463=FACE_BOUND('',#1326,.T.);
#1464=FACE_BOUND('',#1327,.T.);
#1465=FACE_BOUND('',#1328,.T.);
#1466=FACE_BOUND('',#1329,.T.);
#1467=FACE_BOUND('',#1330,.T.);
#1468=FACE_BOUND('',#1331,.T.);
#1469=FACE_BOUND('',#1332,.T.);
#1470=FACE_BOUND('',#1333,.T.);
#1471=FACE_BOUND('',#1334,.T.);
#1472=FACE_BOUND('',#1335,.T.);
#1473=FACE_BOUND('',#1336,.T.);
#1474=FACE_BOUND('',#1337,.T.);
#1475=FACE_BOUND('',#1338,.T.);
#1476=FACE_BOUND('',#1339,.T.);
#1477=FACE_BOUND('',#1340,.T.);
#1478=FACE_BOUND('',#1341,.T.);
#1479=FACE_BOUND('',#1342,.T.);
#1480=FACE_BOUND('',#1343,.T.);
#1481=FACE_BOUND('',#1344,.T.);
#1482=FACE_BOUND('',#1345,.T.);
#1483=FACE_BOUND('',#1346,.T.);
#1484=FACE_BOUND('',#1347,.T.);
#1485=FACE_BOUND('',#1348,.T.);
#1486=FACE_BOUND('',#1349,.T.);
#1487=FACE_BOUND('',#1350,.T.);
#1488=FACE_BOUND('',#1351,.T.);
#1489=FACE_BOUND('',#1352,.T.);
#1490=FACE_BOUND('',#1353,.T.);
#1491=FACE_BOUND('',#1354,.T.);
#1492=FACE_BOUND('',#1355,.T.);
#1493=FACE_BOUND('',#1356,.T.);
#1494=FACE_BOUND('',#1357,.T.);
#1495=FACE_BOUND('',#1358,.T.);
#1496=FACE_BOUND('',#1359,.T.);
#1497=FACE_BOUND('',#1360,.T.);
#1498=FACE_BOUND('',#1361,.T.);
#1499=FACE_BOUND('',#1362,.T.);
#1500=FACE_BOUND('',#1363,.T.);
#1501=FACE_BOUND('',#1364,.T.);
#1502=FACE_BOUND('',#1365,.T.);
#1503=FACE_BOUND('',#1366,.T.);
#1504=FACE_BOUND('',#1367,.T.);
#1505=FACE_BOUND('',#1368,.T.);
#1506=FACE_BOUND('',#1369,.T.);
#1507=FACE_BOUND('',#1370,.T.);
#1508=FACE_BOUND('',#1371,.T.);
#1509=FACE_BOUND('',#1372,.T.);
#1510=FACE_BOUND('',#1373,.T.);
#1511=FACE_BOUND('',#1374,.T.);
#1512=FACE_BOUND('',#1375,.T.);
#1513=FACE_BOUND('',#1376,.T.);
#1514=FACE_BOUND('',#1377,.T.);
#1515=FACE_BOUND('',#1378,.T.);
#1516=FACE_BOUND('',#1379,.T.);
#1517=FACE_BOUND('',#1380,.T.);
#1518=FACE_BOUND('',#1381,.T.);
#1519=FACE_BOUND('',#1382,.T.);
#1520=FACE_BOUND('',#1383,.T.);
#1521=CYLINDRICAL_SURFACE('',#1672,0.0017);
#1522=CYLINDRICAL_SURFACE('',#1675,0.00275);
#1523=CYLINDRICAL_SURFACE('',#1709,0.0016);
#1524=CYLINDRICAL_SURFACE('',#1712,0.0016);
#1525=CYLINDRICAL_SURFACE('',#1715,0.0016);
#1526=CYLINDRICAL_SURFACE('',#1718,0.0016);
#1527=CYLINDRICAL_SURFACE('',#1727,0.01245);
#1528=CYLINDRICAL_SURFACE('',#1733,0.003);
#1529=CYLINDRICAL_SURFACE('',#1736,0.003);
#1530=CYLINDRICAL_SURFACE('',#1739,0.003);
#1531=CYLINDRICAL_SURFACE('',#1742,0.003);
#1532=CYLINDRICAL_SURFACE('',#1752,0.001);
#1533=CYLINDRICAL_SURFACE('',#1755,0.001);
#1534=CYLINDRICAL_SURFACE('',#1757,0.001);
#1535=CYLINDRICAL_SURFACE('',#1759,0.001);
#1536=CYLINDRICAL_SURFACE('',#1762,0.001);
#1537=CYLINDRICAL_SURFACE('',#1765,0.001);
#1538=CYLINDRICAL_SURFACE('',#1768,0.001);
#1539=CYLINDRICAL_SURFACE('',#1771,0.001);
#1540=CYLINDRICAL_SURFACE('',#1774,0.003);
#1541=CYLINDRICAL_SURFACE('',#1777,0.003);
#1542=CYLINDRICAL_SURFACE('',#1780,0.003);
#1543=CYLINDRICAL_SURFACE('',#1783,0.003);
#1544=CYLINDRICAL_SURFACE('',#1795,0.001525);
#1545=CYLINDRICAL_SURFACE('',#1798,0.001525);
#1546=CYLINDRICAL_SURFACE('',#1801,0.001525);
#1547=CYLINDRICAL_SURFACE('',#1804,0.001525);
#1548=CYLINDRICAL_SURFACE('',#1821,0.006);
#1549=ADVANCED_FACE('',(#1384,#1385),#1521,.F.);
#1550=ADVANCED_FACE('',(#1386,#1387),#1522,.T.);
#1551=ADVANCED_FACE('',(#1388,#1389),#338,.T.);
#1552=ADVANCED_FACE('',(#1390,#1391),#339,.F.);
#1553=ADVANCED_FACE('',(#1392),#340,.F.);
#1554=ADVANCED_FACE('',(#1393,#1394,#1395,#1396,#1397),#341,.F.);
#1555=ADVANCED_FACE('',(#1398),#342,.T.);
#1556=ADVANCED_FACE('',(#1399),#343,.F.);
#1557=ADVANCED_FACE('',(#1400),#344,.F.);
#1558=ADVANCED_FACE('',(#1401),#345,.T.);
#1559=ADVANCED_FACE('',(#1402),#346,.T.);
#1560=ADVANCED_FACE('',(#1403),#347,.F.);
#1561=ADVANCED_FACE('',(#1404,#1405,#1406,#1407,#1408,#1409,#1410),#348,
 .T.);
#1562=ADVANCED_FACE('',(#1411,#1412),#1523,.F.);
#1563=ADVANCED_FACE('',(#1413,#1414),#1524,.F.);
#1564=ADVANCED_FACE('',(#1415,#1416),#1525,.F.);
#1565=ADVANCED_FACE('',(#1417,#1418),#1526,.F.);
#1566=ADVANCED_FACE('',(#1419),#349,.T.);
#1567=ADVANCED_FACE('',(#1420),#350,.F.);
#1568=ADVANCED_FACE('',(#1421),#351,.F.);
#1569=ADVANCED_FACE('',(#1422),#352,.T.);
#1570=ADVANCED_FACE('',(#1423,#1424,#1425,#1426,#1427,#1428),#353,.F.);
#1571=ADVANCED_FACE('',(#1429,#1430),#1527,.F.);
#1572=ADVANCED_FACE('',(#1431),#354,.T.);
#1573=ADVANCED_FACE('',(#1432),#355,.T.);
#1574=ADVANCED_FACE('',(#1433,#1434),#356,.T.);
#1575=ADVANCED_FACE('',(#1435,#1436),#1528,.F.);
#1576=ADVANCED_FACE('',(#1437,#1438),#357,.T.);
#1577=ADVANCED_FACE('',(#1439,#1440),#1529,.F.);
#1578=ADVANCED_FACE('',(#1441,#1442),#358,.T.);
#1579=ADVANCED_FACE('',(#1443,#1444),#1530,.F.);
#1580=ADVANCED_FACE('',(#1445,#1446),#359,.T.);
#1581=ADVANCED_FACE('',(#1447,#1448),#1531,.F.);
#1582=ADVANCED_FACE('',(#1449,#1450),#360,.T.);
#1583=ADVANCED_FACE('',(#1451),#361,.T.);
#1584=ADVANCED_FACE('',(#1452),#362,.F.);
#1585=ADVANCED_FACE('',(#1453),#363,.T.);
#1586=ADVANCED_FACE('',(#1454),#364,.F.);
#1587=ADVANCED_FACE('',(#1455),#365,.T.);
#1588=ADVANCED_FACE('',(#1456),#366,.T.);
#1589=ADVANCED_FACE('',(#1457),#367,.T.);
#1590=ADVANCED_FACE('',(#1458),#1532,.T.);
#1591=ADVANCED_FACE('',(#1459),#1533,.T.);
#1592=ADVANCED_FACE('',(#1460),#1534,.T.);
#1593=ADVANCED_FACE('',(#1461),#1535,.T.);
#1594=ADVANCED_FACE('',(#1462,#1463),#10,.T.);
#1595=ADVANCED_FACE('',(#1464,#1465),#11,.T.);
#1596=ADVANCED_FACE('',(#1466),#1536,.T.);
#1597=ADVANCED_FACE('',(#1467),#1537,.T.);
#1598=ADVANCED_FACE('',(#1468),#1538,.T.);
#1599=ADVANCED_FACE('',(#1469),#1539,.T.);
#1600=ADVANCED_FACE('',(#1470),#1540,.T.);
#1601=ADVANCED_FACE('',(#1471),#12,.T.);
#1602=ADVANCED_FACE('',(#1472),#1541,.T.);
#1603=ADVANCED_FACE('',(#1473),#13,.T.);
#1604=ADVANCED_FACE('',(#1474),#1542,.T.);
#1605=ADVANCED_FACE('',(#1475),#14,.T.);
#1606=ADVANCED_FACE('',(#1476),#1543,.T.);
#1607=ADVANCED_FACE('',(#1477),#15,.T.);
#1608=ADVANCED_FACE('',(#1478),#368,.F.);
#1609=ADVANCED_FACE('',(#1479),#369,.F.);
#1610=ADVANCED_FACE('',(#1480),#370,.F.);
#1611=ADVANCED_FACE('',(#1481),#371,.T.);
#1612=ADVANCED_FACE('',(#1482),#372,.F.);
#1613=ADVANCED_FACE('',(#1483),#373,.T.);
#1614=ADVANCED_FACE('',(#1484),#374,.F.);
#1615=ADVANCED_FACE('',(#1485),#375,.F.);
#1616=ADVANCED_FACE('',(#1486),#376,.T.);
#1617=ADVANCED_FACE('',(#1487,#1488),#1544,.F.);
#1618=ADVANCED_FACE('',(#1489),#377,.T.);
#1619=ADVANCED_FACE('',(#1490,#1491),#1545,.F.);
#1620=ADVANCED_FACE('',(#1492),#378,.T.);
#1621=ADVANCED_FACE('',(#1493,#1494),#1546,.F.);
#1622=ADVANCED_FACE('',(#1495),#379,.T.);
#1623=ADVANCED_FACE('',(#1496,#1497),#1547,.F.);
#1624=ADVANCED_FACE('',(#1498),#380,.T.);
#1625=ADVANCED_FACE('',(#1499),#381,.F.);
#1626=ADVANCED_FACE('',(#1500),#382,.T.);
#1627=ADVANCED_FACE('',(#1501),#383,.T.);
#1628=ADVANCED_FACE('',(#1502),#384,.F.);
#1629=ADVANCED_FACE('',(#1503),#385,.T.);
#1630=ADVANCED_FACE('',(#1504),#386,.T.);
#1631=ADVANCED_FACE('',(#1505),#387,.F.);
#1632=ADVANCED_FACE('',(#1506),#388,.T.);
#1633=ADVANCED_FACE('',(#1507),#389,.T.);
#1634=ADVANCED_FACE('',(#1508),#390,.F.);
#1635=ADVANCED_FACE('',(#1509),#391,.F.);
#1636=ADVANCED_FACE('',(#1510),#392,.T.);
#1637=ADVANCED_FACE('',(#1511),#393,.T.);
#1638=ADVANCED_FACE('',(#1512),#394,.T.);
#1639=ADVANCED_FACE('',(#1513),#1548,.F.);
#1640=ADVANCED_FACE('',(#1514),#395,.F.);
#1641=ADVANCED_FACE('',(#1515),#396,.F.);
#1642=ADVANCED_FACE('',(#1516),#397,.F.);
#1643=ADVANCED_FACE('',(#1517),#398,.F.);
#1644=ADVANCED_FACE('',(#1518),#399,.T.);
#1645=ADVANCED_FACE('',(#1519),#400,.F.);
#1646=ADVANCED_FACE('',(#1520),#401,.T.);
#1647=CLOSED_SHELL('',(#1549,#1550,#1551,#1552));
#1648=CLOSED_SHELL('',(#1553,#1554,#1555,#1556,#1557,#1558,#1559,#1560,
#1561,#1562,#1563,#1564,#1565,#1566,#1567,#1568,#1569,#1570,#1571,#1572,
#1573,#1574,#1575,#1576,#1577,#1578,#1579,#1580,#1581,#1582,#1583,#1584,
#1585,#1586,#1587,#1588,#1589,#1590,#1591,#1592,#1593,#1594,#1595,#1596,
#1597,#1598,#1599,#1600,#1601,#1602,#1603,#1604,#1605,#1606,#1607,#1608,
#1609,#1610,#1611,#1612,#1613,#1614,#1615,#1616,#1617,#1618,#1619,#1620,
#1621,#1622,#1623,#1624,#1625,#1626,#1627,#1628,#1629,#1630,#1631,#1632,
#1633,#1634,#1635,#1636,#1637,#1638,#1639,#1640,#1641,#1642,#1643,#1644,
#1645,#1646));
#1649=STYLED_ITEM('',(#1651),#1665);
#1650=STYLED_ITEM('',(#1652),#1666);
#1651=PRESENTATION_STYLE_ASSIGNMENT((#1653));
#1652=PRESENTATION_STYLE_ASSIGNMENT((#1654));
#1653=SURFACE_STYLE_USAGE(.BOTH.,#1655);
#1654=SURFACE_STYLE_USAGE(.BOTH.,#1656);
#1655=SURFACE_SIDE_STYLE('',(#1657));
#1656=SURFACE_SIDE_STYLE('',(#1658));
#1657=SURFACE_STYLE_FILL_AREA(#1659);
#1658=SURFACE_STYLE_FILL_AREA(#1660);
#1659=FILL_AREA_STYLE('',(#1661));
#1660=FILL_AREA_STYLE('',(#1662));
#1661=FILL_AREA_STYLE_COLOUR('',#1663);
#1662=FILL_AREA_STYLE_COLOUR('',#1664);
#1663=COLOUR_RGB('',0.647058823529412,0.647058823529412,0.647058823529412);
#1664=COLOUR_RGB('',0.498039215686275,0.498039215686275,0.498039215686275);
#1665=MANIFOLD_SOLID_BREP('Part 2',#1647);
#1666=MANIFOLD_SOLID_BREP('Part 1',#1648);
#1667=SHAPE_DEFINITION_REPRESENTATION(#2775,#1669);
#1668=SHAPE_DEFINITION_REPRESENTATION(#2776,#1670);
#1669=SHAPE_REPRESENTATION('Part 2',(#1671),#2765);
#1670=SHAPE_REPRESENTATION('Part 1',(#1680),#2766);
#1671=AXIS2_PLACEMENT_3D('',#2302,#1829,#1830);
#1672=AXIS2_PLACEMENT_3D('',#2303,#1831,#1832);
#1673=AXIS2_PLACEMENT_3D('',#2304,#1833,#1834);
#1674=AXIS2_PLACEMENT_3D('',#2306,#1835,#1836);
#1675=AXIS2_PLACEMENT_3D('',#2308,#1837,#1838);
#1676=AXIS2_PLACEMENT_3D('',#2309,#1839,#1840);
#1677=AXIS2_PLACEMENT_3D('',#2311,#1841,#1842);
#1678=AXIS2_PLACEMENT_3D('',#2313,#1843,#1844);
#1679=AXIS2_PLACEMENT_3D('',#2314,#1845,#1846);
#1680=AXIS2_PLACEMENT_3D('',#2315,#1847,#1848);
#1681=AXIS2_PLACEMENT_3D('',#2316,#1849,#1850);
#1682=AXIS2_PLACEMENT_3D('',#2317,#1851,#1852);
#1683=AXIS2_PLACEMENT_3D('',#2329,#1858,#1859);
#1684=AXIS2_PLACEMENT_3D('',#2344,#1867,#1868);
#1685=AXIS2_PLACEMENT_3D('',#2348,#1870,#1871);
#1686=AXIS2_PLACEMENT_3D('',#2352,#1873,#1874);
#1687=AXIS2_PLACEMENT_3D('',#2356,#1876,#1877);
#1688=AXIS2_PLACEMENT_3D('',#2374,#1887,#1888);
#1689=AXIS2_PLACEMENT_3D('',#2376,#1889,#1890);
#1690=AXIS2_PLACEMENT_3D('',#2378,#1891,#1892);
#1691=AXIS2_PLACEMENT_3D('',#2380,#1893,#1894);
#1692=AXIS2_PLACEMENT_3D('',#2382,#1895,#1896);
#1693=AXIS2_PLACEMENT_3D('',#2398,#1905,#1906);
#1694=AXIS2_PLACEMENT_3D('',#2399,#1907,#1908);
#1695=AXIS2_PLACEMENT_3D('',#2411,#1915,#1916);
#1696=AXIS2_PLACEMENT_3D('',#2419,#1921,#1922);
#1697=AXIS2_PLACEMENT_3D('',#2437,#1932,#1933);
#1698=AXIS2_PLACEMENT_3D('',#2455,#1943,#1944);
#1699=AXIS2_PLACEMENT_3D('',#2464,#1949,#1950);
#1700=AXIS2_PLACEMENT_3D('',#2473,#1955,#1956);
#1701=AXIS2_PLACEMENT_3D('',#2475,#1957,#1958);
#1702=AXIS2_PLACEMENT_3D('',#2477,#1959,#1960);
#1703=AXIS2_PLACEMENT_3D('',#2479,#1961,#1962);
#1704=AXIS2_PLACEMENT_3D('',#2481,#1963,#1964);
#1705=AXIS2_PLACEMENT_3D('',#2483,#1965,#1966);
#1706=AXIS2_PLACEMENT_3D('',#2488,#1968,#1969);
#1707=AXIS2_PLACEMENT_3D('',#2492,#1971,#1972);
#1708=AXIS2_PLACEMENT_3D('',#2496,#1974,#1975);
#1709=AXIS2_PLACEMENT_3D('',#2499,#1977,#1978);
#1710=AXIS2_PLACEMENT_3D('',#2500,#1979,#1980);
#1711=AXIS2_PLACEMENT_3D('',#2502,#1981,#1982);
#1712=AXIS2_PLACEMENT_3D('',#2504,#1983,#1984);
#1713=AXIS2_PLACEMENT_3D('',#2505,#1985,#1986);
#1714=AXIS2_PLACEMENT_3D('',#2507,#1987,#1988);
#1715=AXIS2_PLACEMENT_3D('',#2509,#1989,#1990);
#1716=AXIS2_PLACEMENT_3D('',#2510,#1991,#1992);
#1717=AXIS2_PLACEMENT_3D('',#2512,#1993,#1994);
#1718=AXIS2_PLACEMENT_3D('',#2514,#1995,#1996);
#1719=AXIS2_PLACEMENT_3D('',#2515,#1997,#1998);
#1720=AXIS2_PLACEMENT_3D('',#2517,#1999,#2000);
#1721=AXIS2_PLACEMENT_3D('',#2519,#2001,#2002);
#1722=AXIS2_PLACEMENT_3D('',#2528,#2007,#2008);
#1723=AXIS2_PLACEMENT_3D('',#2534,#2012,#2013);
#1724=AXIS2_PLACEMENT_3D('',#2540,#2017,#2018);
#1725=AXIS2_PLACEMENT_3D('',#2543,#2021,#2022);
#1726=AXIS2_PLACEMENT_3D('',#2544,#2023,#2024);
#1727=AXIS2_PLACEMENT_3D('',#2562,#2035,#2036);
#1728=AXIS2_PLACEMENT_3D('',#2563,#2037,#2038);
#1729=AXIS2_PLACEMENT_3D('',#2565,#2039,#2040);
#1730=AXIS2_PLACEMENT_3D('',#2567,#2041,#2042);
#1731=AXIS2_PLACEMENT_3D('',#2573,#2046,#2047);
#1732=AXIS2_PLACEMENT_3D('',#2578,#2051,#2052);
#1733=AXIS2_PLACEMENT_3D('',#2580,#2054,#2055);
#1734=AXIS2_PLACEMENT_3D('',#2581,#2056,#2057);
#1735=AXIS2_PLACEMENT_3D('',#2583,#2058,#2059);
#1736=AXIS2_PLACEMENT_3D('',#2584,#2060,#2061);
#1737=AXIS2_PLACEMENT_3D('',#2585,#2062,#2063);
#1738=AXIS2_PLACEMENT_3D('',#2587,#2064,#2065);
#1739=AXIS2_PLACEMENT_3D('',#2588,#2066,#2067);
#1740=AXIS2_PLACEMENT_3D('',#2589,#2068,#2069);
#1741=AXIS2_PLACEMENT_3D('',#2591,#2070,#2071);
#1742=AXIS2_PLACEMENT_3D('',#2592,#2072,#2073);
#1743=AXIS2_PLACEMENT_3D('',#2593,#2074,#2075);
#1744=AXIS2_PLACEMENT_3D('',#2595,#2076,#2077);
#1745=AXIS2_PLACEMENT_3D('',#2596,#2078,#2079);
#1746=AXIS2_PLACEMENT_3D('',#2602,#2083,#2084);
#1747=AXIS2_PLACEMENT_3D('',#2606,#2087,#2088);
#1748=AXIS2_PLACEMENT_3D('',#2610,#2091,#2092);
#1749=AXIS2_PLACEMENT_3D('',#2612,#2094,#2095);
#1750=AXIS2_PLACEMENT_3D('',#2618,#2099,#2100);
#1751=AXIS2_PLACEMENT_3D('',#2624,#2104,#2105);
#1752=AXIS2_PLACEMENT_3D('',#2630,#2109,#2110);
#1753=AXIS2_PLACEMENT_3D('',#2631,#2111,#2112);
#1754=AXIS2_PLACEMENT_3D('',#2632,#2113,#2114);
#1755=AXIS2_PLACEMENT_3D('',#2633,#2115,#2116);
#1756=AXIS2_PLACEMENT_3D('',#2634,#2117,#2118);
#1757=AXIS2_PLACEMENT_3D('',#2635,#2119,#2120);
#1758=AXIS2_PLACEMENT_3D('',#2636,#2121,#2122);
#1759=AXIS2_PLACEMENT_3D('',#2637,#2123,#2124);
#1760=AXIS2_PLACEMENT_3D('',#2638,#2125,#2126);
#1761=AXIS2_PLACEMENT_3D('',#2639,#2127,#2128);
#1762=AXIS2_PLACEMENT_3D('',#2640,#2129,#2130);
#1763=AXIS2_PLACEMENT_3D('',#2641,#2131,#2132);
#1764=AXIS2_PLACEMENT_3D('',#2642,#2133,#2134);
#1765=AXIS2_PLACEMENT_3D('',#2643,#2135,#2136);
#1766=AXIS2_PLACEMENT_3D('',#2644,#2137,#2138);
#1767=AXIS2_PLACEMENT_3D('',#2645,#2139,#2140);
#1768=AXIS2_PLACEMENT_3D('',#2646,#2141,#2142);
#1769=AXIS2_PLACEMENT_3D('',#2647,#2143,#2144);
#1770=AXIS2_PLACEMENT_3D('',#2648,#2145,#2146);
#1771=AXIS2_PLACEMENT_3D('',#2649,#2147,#2148);
#1772=AXIS2_PLACEMENT_3D('',#2650,#2149,#2150);
#1773=AXIS2_PLACEMENT_3D('',#2651,#2151,#2152);
#1774=AXIS2_PLACEMENT_3D('',#2652,#2153,#2154);
#1775=AXIS2_PLACEMENT_3D('',#2653,#2155,#2156);
#1776=AXIS2_PLACEMENT_3D('',#2654,#2157,#2158);
#1777=AXIS2_PLACEMENT_3D('',#2655,#2159,#2160);
#1778=AXIS2_PLACEMENT_3D('',#2656,#2161,#2162);
#1779=AXIS2_PLACEMENT_3D('',#2657,#2163,#2164);
#1780=AXIS2_PLACEMENT_3D('',#2658,#2165,#2166);
#1781=AXIS2_PLACEMENT_3D('',#2659,#2167,#2168);
#1782=AXIS2_PLACEMENT_3D('',#2660,#2169,#2170);
#1783=AXIS2_PLACEMENT_3D('',#2661,#2171,#2172);
#1784=AXIS2_PLACEMENT_3D('',#2662,#2173,#2174);
#1785=AXIS2_PLACEMENT_3D('',#2663,#2175,#2176);
#1786=AXIS2_PLACEMENT_3D('',#2664,#2177,#2178);
#1787=AXIS2_PLACEMENT_3D('',#2668,#2181,#2182);
#1788=AXIS2_PLACEMENT_3D('',#2670,#2184,#2185);
#1789=AXIS2_PLACEMENT_3D('',#2674,#2189,#2190);
#1790=AXIS2_PLACEMENT_3D('',#2678,#2193,#2194);
#1791=AXIS2_PLACEMENT_3D('',#2688,#2200,#2201);
#1792=AXIS2_PLACEMENT_3D('',#2692,#2204,#2205);
#1793=AXIS2_PLACEMENT_3D('',#2702,#2211,#2212);
#1794=AXIS2_PLACEMENT_3D('',#2705,#2215,#2216);
#1795=AXIS2_PLACEMENT_3D('',#2707,#2218,#2219);
#1796=AXIS2_PLACEMENT_3D('',#2708,#2220,#2221);
#1797=AXIS2_PLACEMENT_3D('',#2710,#2222,#2223);
#1798=AXIS2_PLACEMENT_3D('',#2711,#2224,#2225);
#1799=AXIS2_PLACEMENT_3D('',#2712,#2226,#2227);
#1800=AXIS2_PLACEMENT_3D('',#2714,#2228,#2229);
#1801=AXIS2_PLACEMENT_3D('',#2715,#2230,#2231);
#1802=AXIS2_PLACEMENT_3D('',#2716,#2232,#2233);
#1803=AXIS2_PLACEMENT_3D('',#2718,#2234,#2235);
#1804=AXIS2_PLACEMENT_3D('',#2719,#2236,#2237);
#1805=AXIS2_PLACEMENT_3D('',#2720,#2238,#2239);
#1806=AXIS2_PLACEMENT_3D('',#2722,#2240,#2241);
#1807=AXIS2_PLACEMENT_3D('',#2723,#2242,#2243);
#1808=AXIS2_PLACEMENT_3D('',#2724,#2244,#2245);
#1809=AXIS2_PLACEMENT_3D('',#2726,#2247,#2248);
#1810=AXIS2_PLACEMENT_3D('',#2728,#2250,#2251);
#1811=AXIS2_PLACEMENT_3D('',#2729,#2252,#2253);
#1812=AXIS2_PLACEMENT_3D('',#2730,#2254,#2255);
#1813=AXIS2_PLACEMENT_3D('',#2732,#2257,#2258);
#1814=AXIS2_PLACEMENT_3D('',#2733,#2259,#2260);
#1815=AXIS2_PLACEMENT_3D('',#2735,#2262,#2263);
#1816=AXIS2_PLACEMENT_3D('',#2736,#2264,#2265);
#1817=AXIS2_PLACEMENT_3D('',#2738,#2267,#2268);
#1818=AXIS2_PLACEMENT_3D('',#2740,#2270,#2271);
#1819=AXIS2_PLACEMENT_3D('',#2742,#2273,#2274);
#1820=AXIS2_PLACEMENT_3D('',#2744,#2276,#2277);
#1821=AXIS2_PLACEMENT_3D('',#2745,#2278,#2279);
#1822=AXIS2_PLACEMENT_3D('',#2746,#2280,#2281);
#1823=AXIS2_PLACEMENT_3D('',#2748,#2283,#2284);
#1824=AXIS2_PLACEMENT_3D('',#2750,#2286,#2287);
#1825=AXIS2_PLACEMENT_3D('',#2754,#2290,#2291);
#1826=AXIS2_PLACEMENT_3D('',#2756,#2293,#2294);
#1827=AXIS2_PLACEMENT_3D('',#2760,#2297,#2298);
#1828=AXIS2_PLACEMENT_3D('',#2762,#2300,#2301);
#1829=DIRECTION('',(0.,0.,1.));
#1830=DIRECTION('',(1.,0.,0.));
#1831=DIRECTION('',(0.,1.,0.));
#1832=DIRECTION('',(1.,0.,0.));
#1833=DIRECTION('',(0.,-1.,0.));
#1834=DIRECTION('',(-1.,0.,0.));
#1835=DIRECTION('',(0.,-1.,0.));
#1836=DIRECTION('',(-1.,0.,0.));
#1837=DIRECTION('',(0.,1.,0.));
#1838=DIRECTION('',(1.,0.,0.));
#1839=DIRECTION('',(0.,-1.,0.));
#1840=DIRECTION('',(-1.,0.,0.));
#1841=DIRECTION('',(0.,-1.,0.));
#1842=DIRECTION('',(-1.,0.,0.));
#1843=DIRECTION('',(0.,-1.,0.));
#1844=DIRECTION('',(1.,0.,0.));
#1845=DIRECTION('',(0.,-1.,0.));
#1846=DIRECTION('',(1.,0.,0.));
#1847=DIRECTION('',(0.,0.,1.));
#1848=DIRECTION('',(1.,0.,0.));
#1849=DIRECTION('',(0.,0.,1.));
#1850=DIRECTION('',(0.,-1.,0.));
#1851=DIRECTION('',(0.,0.,-1.));
#1852=DIRECTION('',(0.,1.,0.));
#1853=DIRECTION('',(1.,0.,0.));
#1854=DIRECTION('',(0.,1.,0.));
#1855=DIRECTION('',(1.,0.,0.));
#1856=DIRECTION('',(0.,1.,0.));
#1857=DIRECTION('',(1.,0.,0.));
#1858=DIRECTION('',(0.,1.,0.));
#1859=DIRECTION('',(1.,0.,0.));
#1860=DIRECTION('',(-1.,0.,0.));
#1861=DIRECTION('',(0.,0.,-1.));
#1862=DIRECTION('',(0.707106781186548,0.,-0.707106781186548));
#1863=DIRECTION('',(1.71415363238815E-16,0.,1.));
#1864=DIRECTION('',(-0.707106781186548,0.,-0.707106781186548));
#1865=DIRECTION('',(-1.,0.,1.71415363238815E-16));
#1866=DIRECTION('',(0.,0.,-1.));
#1867=DIRECTION('',(0.,1.,0.));
#1868=DIRECTION('',(1.,0.,0.));
#1869=DIRECTION('',(-1.49287734593529E-16,0.,-1.));
#1870=DIRECTION('',(0.,1.,0.));
#1871=DIRECTION('',(1.,0.,0.));
#1872=DIRECTION('',(1.,0.,0.));
#1873=DIRECTION('',(0.,1.,0.));
#1874=DIRECTION('',(1.,0.,0.));
#1875=DIRECTION('',(0.,0.,1.));
#1876=DIRECTION('',(0.,1.,0.));
#1877=DIRECTION('',(1.,0.,0.));
#1878=DIRECTION('',(0.,0.,-1.));
#1879=DIRECTION('',(-1.,0.,1.71415363238815E-16));
#1880=DIRECTION('',(-0.707106781186548,0.,-0.707106781186548));
#1881=DIRECTION('',(1.,0.,0.));
#1882=DIRECTION('',(0.,0.,-1.));
#1883=DIRECTION('',(0.707106781186548,0.,-0.707106781186547));
#1884=DIRECTION('',(-3.4283072647763E-16,0.,-1.));
#1885=DIRECTION('',(0.707106781186548,0.,0.707106781186547));
#1886=DIRECTION('',(0.,0.,-1.));
#1887=DIRECTION('',(0.,-1.,0.));
#1888=DIRECTION('',(-1.,0.,0.));
#1889=DIRECTION('',(0.,-1.,0.));
#1890=DIRECTION('',(-1.,0.,0.));
#1891=DIRECTION('',(0.,1.,0.));
#1892=DIRECTION('',(-1.,0.,0.));
#1893=DIRECTION('',(0.,1.,0.));
#1894=DIRECTION('',(-1.,0.,0.));
#1895=DIRECTION('',(0.,0.,1.));
#1896=DIRECTION('',(0.,-1.,0.));
#1897=DIRECTION('',(0.,1.,0.));
#1898=DIRECTION('',(-1.,0.,0.));
#1899=DIRECTION('',(0.,1.,0.));
#1900=DIRECTION('',(0.,1.,0.));
#1901=DIRECTION('',(1.,0.,0.));
#1902=DIRECTION('',(-0.816496580927722,0.577350269189632,0.));
#1903=DIRECTION('',(0.,-1.,0.));
#1904=DIRECTION('',(0.,1.,0.));
#1905=DIRECTION('',(-1.71415363238815E-16,0.,-1.));
#1906=DIRECTION('',(-1.,0.,1.71415363238815E-16));
#1907=DIRECTION('',(0.,0.,-1.));
#1908=DIRECTION('',(0.,1.,0.));
#1909=DIRECTION('',(0.,-1.,0.));
#1910=DIRECTION('',(0.816496580927729,0.577350269189622,-1.72009436109369E-16));
#1911=DIRECTION('',(-1.,0.,1.71415363238815E-16));
#1912=DIRECTION('',(0.,1.,0.));
#1913=DIRECTION('',(-1.,0.,1.71415363238815E-16));
#1914=DIRECTION('',(0.,-1.,0.));
#1915=DIRECTION('',(-1.,0.,1.82602471155453E-16));
#1916=DIRECTION('',(1.82602471155453E-16,0.,1.));
#1917=DIRECTION('',(-1.29119445615442E-16,-0.707106781186546,-0.707106781186549));
#1918=DIRECTION('',(-1.82602471155453E-16,0.,-1.));
#1919=DIRECTION('',(0.,-1.,0.));
#1920=DIRECTION('',(-1.82602471155453E-16,0.,-1.));
#1921=DIRECTION('',(-1.,0.,1.71415363238815E-16));
#1922=DIRECTION('',(1.71415363238815E-16,0.,1.));
#1923=DIRECTION('',(1.71415363238815E-16,0.,1.));
#1924=DIRECTION('',(0.,1.,0.));
#1925=DIRECTION('',(1.71415363238815E-16,0.,1.));
#1926=DIRECTION('',(0.,-1.,0.));
#1927=DIRECTION('',(1.71415363238815E-16,0.,1.));
#1928=DIRECTION('',(1.39960058002977E-16,-0.577350269189622,0.816496580927729));
#1929=DIRECTION('',(0.,-1.,0.));
#1930=DIRECTION('',(0.,-1.,0.));
#1931=DIRECTION('',(1.39960058002976E-16,0.577350269189627,0.816496580927725));
#1932=DIRECTION('',(1.,0.,-3.4283072647763E-16));
#1933=DIRECTION('',(-3.4283072647763E-16,0.,-1.));
#1934=DIRECTION('',(-3.4283072647763E-16,0.,-1.));
#1935=DIRECTION('',(0.,1.,0.));
#1936=DIRECTION('',(-3.4283072647763E-16,0.,-1.));
#1937=DIRECTION('',(0.,-1.,0.));
#1938=DIRECTION('',(-3.4283072647763E-16,0.,-1.));
#1939=DIRECTION('',(-2.79920116005954E-16,-0.577350269189623,-0.816496580927728));
#1940=DIRECTION('',(0.,-1.,0.));
#1941=DIRECTION('',(0.,-1.,0.));
#1942=DIRECTION('',(2.79920116005952E-16,-0.577350269189632,0.816496580927722));
#1943=DIRECTION('',(-1.71415363238815E-16,0.,-1.));
#1944=DIRECTION('',(-1.,0.,1.71415363238815E-16));
#1945=DIRECTION('',(-1.,0.,1.71415363238815E-16));
#1946=DIRECTION('',(0.,-1.,0.));
#1947=DIRECTION('',(-1.,0.,1.71415363238815E-16));
#1948=DIRECTION('',(0.,1.,0.));
#1949=DIRECTION('',(0.,1.,0.));
#1950=DIRECTION('',(1.,0.,0.));
#1951=DIRECTION('',(0.,0.,1.));
#1952=DIRECTION('',(1.,0.,0.));
#1953=DIRECTION('',(0.,0.,1.));
#1954=DIRECTION('',(1.,0.,0.));
#1955=DIRECTION('',(0.,1.,0.));
#1956=DIRECTION('',(1.,0.,0.));
#1957=DIRECTION('',(0.,1.,0.));
#1958=DIRECTION('',(1.,0.,0.));
#1959=DIRECTION('',(0.,1.,0.));
#1960=DIRECTION('',(1.,0.,0.));
#1961=DIRECTION('',(0.,1.,0.));
#1962=DIRECTION('',(1.,0.,0.));
#1963=DIRECTION('',(0.,1.,0.));
#1964=DIRECTION('',(1.,0.,0.));
#1965=DIRECTION('',(0.,1.,0.));
#1966=DIRECTION('',(1.,0.,0.));
#1967=DIRECTION('',(-1.49287734593529E-16,0.,-1.));
#1968=DIRECTION('',(0.,1.,0.));
#1969=DIRECTION('',(1.,0.,0.));
#1970=DIRECTION('',(1.,0.,0.));
#1971=DIRECTION('',(0.,1.,0.));
#1972=DIRECTION('',(1.,0.,0.));
#1973=DIRECTION('',(0.,0.,1.));
#1974=DIRECTION('',(0.,1.,0.));
#1975=DIRECTION('',(1.,0.,0.));
#1976=DIRECTION('',(1.,0.,0.));
#1977=DIRECTION('',(0.,-1.,0.));
#1978=DIRECTION('',(-1.,0.,0.));
#1979=DIRECTION('',(0.,1.,0.));
#1980=DIRECTION('',(1.,0.,0.));
#1981=DIRECTION('',(0.,1.,0.));
#1982=DIRECTION('',(1.,0.,0.));
#1983=DIRECTION('',(0.,-1.,0.));
#1984=DIRECTION('',(-1.,0.,0.));
#1985=DIRECTION('',(0.,1.,0.));
#1986=DIRECTION('',(1.,0.,0.));
#1987=DIRECTION('',(0.,1.,0.));
#1988=DIRECTION('',(1.,0.,0.));
#1989=DIRECTION('',(0.,-1.,0.));
#1990=DIRECTION('',(-1.,0.,0.));
#1991=DIRECTION('',(0.,1.,0.));
#1992=DIRECTION('',(1.,0.,0.));
#1993=DIRECTION('',(0.,1.,0.));
#1994=DIRECTION('',(1.,0.,0.));
#1995=DIRECTION('',(0.,-1.,0.));
#1996=DIRECTION('',(-1.,0.,0.));
#1997=DIRECTION('',(0.,1.,0.));
#1998=DIRECTION('',(1.,0.,0.));
#1999=DIRECTION('',(0.,1.,0.));
#2000=DIRECTION('',(1.,0.,0.));
#2001=DIRECTION('',(1.,0.,0.));
#2002=DIRECTION('',(0.,-1.,0.));
#2003=DIRECTION('',(0.,-1.,0.));
#2004=DIRECTION('',(0.,0.,1.));
#2005=DIRECTION('',(0.,-1.,0.));
#2006=DIRECTION('',(0.,0.,1.));
#2007=DIRECTION('',(0.,0.,-1.));
#2008=DIRECTION('',(0.,1.,0.));
#2009=DIRECTION('',(0.,-1.,0.));
#2010=DIRECTION('',(-1.,0.,0.));
#2011=DIRECTION('',(1.,0.,0.));
#2012=DIRECTION('',(1.,0.,0.));
#2013=DIRECTION('',(0.,-1.,0.));
#2014=DIRECTION('',(0.,-1.,0.));
#2015=DIRECTION('',(0.,0.,-1.));
#2016=DIRECTION('',(0.,0.,1.));
#2017=DIRECTION('',(0.,0.,-1.));
#2018=DIRECTION('',(0.,1.,0.));
#2019=DIRECTION('',(1.,0.,0.));
#2020=DIRECTION('',(1.,0.,0.));
#2021=DIRECTION('',(0.,1.,0.));
#2022=DIRECTION('',(1.,0.,0.));
#2023=DIRECTION('',(0.,1.,0.));
#2024=DIRECTION('',(1.,0.,0.));
#2025=DIRECTION('',(0.707106781186543,0.,-0.707106781186553));
#2026=DIRECTION('',(1.82602471155453E-16,0.,1.));
#2027=DIRECTION('',(1.,0.,0.));
#2028=DIRECTION('',(-1.82602471155453E-16,0.,-1.));
#2029=DIRECTION('',(0.707106781186548,0.,0.707106781186548));
#2030=DIRECTION('',(0.707106781186545,0.,-0.70710678118655));
#2031=DIRECTION('',(0.,0.,-1.));
#2032=DIRECTION('',(-1.,0.,0.));
#2033=DIRECTION('',(0.,0.,-1.));
#2034=DIRECTION('',(0.707106781186548,0.,0.707106781186548));
#2035=DIRECTION('',(0.,-1.,0.));
#2036=DIRECTION('',(-1.,0.,0.));
#2037=DIRECTION('',(0.,1.,0.));
#2038=DIRECTION('',(1.,0.,0.));
#2039=DIRECTION('',(0.,1.,0.));
#2040=DIRECTION('',(1.,0.,0.));
#2041=DIRECTION('',(0.,0.,-1.));
#2042=DIRECTION('',(0.,1.,0.));
#2043=DIRECTION('',(0.,-1.,0.));
#2044=DIRECTION('',(-1.,0.,0.));
#2045=DIRECTION('',(1.,0.,0.));
#2046=DIRECTION('',(-1.,0.,1.82602471155453E-16));
#2047=DIRECTION('',(1.82602471155453E-16,0.,1.));
#2048=DIRECTION('',(-1.82602471155453E-16,0.,-1.));
#2049=DIRECTION('',(1.29119445615442E-16,0.707106781186546,0.707106781186549));
#2050=DIRECTION('',(1.82602471155453E-16,0.,1.));
#2051=DIRECTION('',(0.,-1.,0.));
#2052=DIRECTION('',(1.,0.,0.));
#2053=DIRECTION('',(1.,0.,0.));
#2054=DIRECTION('',(0.,1.,0.));
#2055=DIRECTION('',(1.,0.,0.));
#2056=DIRECTION('',(0.,1.,0.));
#2057=DIRECTION('',(1.,0.,0.));
#2058=DIRECTION('',(0.,1.,0.));
#2059=DIRECTION('',(1.,0.,0.));
#2060=DIRECTION('',(0.,1.,0.));
#2061=DIRECTION('',(1.,0.,0.));
#2062=DIRECTION('',(0.,1.,0.));
#2063=DIRECTION('',(1.,0.,0.));
#2064=DIRECTION('',(0.,1.,0.));
#2065=DIRECTION('',(1.,0.,0.));
#2066=DIRECTION('',(0.,1.,0.));
#2067=DIRECTION('',(1.,0.,0.));
#2068=DIRECTION('',(0.,1.,0.));
#2069=DIRECTION('',(1.,0.,0.));
#2070=DIRECTION('',(0.,1.,0.));
#2071=DIRECTION('',(1.,0.,0.));
#2072=DIRECTION('',(0.,1.,0.));
#2073=DIRECTION('',(1.,0.,0.));
#2074=DIRECTION('',(0.,1.,0.));
#2075=DIRECTION('',(1.,0.,0.));
#2076=DIRECTION('',(0.,1.,0.));
#2077=DIRECTION('',(1.,0.,0.));
#2078=DIRECTION('',(0.,0.707106781186548,0.707106781186547));
#2079=DIRECTION('',(-1.,0.,0.));
#2080=DIRECTION('',(-0.577350269189626,-0.577350269189626,0.577350269189626));
#2081=DIRECTION('',(1.,0.,0.));
#2082=DIRECTION('',(-0.577350269189626,0.577350269189626,-0.577350269189626));
#2083=DIRECTION('',(-0.707106781186547,-0.707106781186548,0.));
#2084=DIRECTION('',(0.,0.,1.));
#2085=DIRECTION('',(0.,0.,-1.));
#2086=DIRECTION('',(0.577350269189626,-0.577350269189626,-0.577350269189626));
#2087=DIRECTION('',(-0.707106781186547,0.707106781186548,0.));
#2088=DIRECTION('',(0.,0.,-1.));
#2089=DIRECTION('',(-0.577350269189626,-0.577350269189626,-0.577350269189626));
#2090=DIRECTION('',(0.,0.,1.));
#2091=DIRECTION('',(0.,-0.707106781186548,0.707106781186547));
#2092=DIRECTION('',(1.,0.,0.));
#2093=DIRECTION('',(-1.,0.,0.));
#2094=DIRECTION('',(0.,0.,1.));
#2095=DIRECTION('',(0.,-1.,0.));
#2096=DIRECTION('',(1.,0.,0.));
#2097=DIRECTION('',(0.,1.,0.));
#2098=DIRECTION('',(0.,1.,0.));
#2099=DIRECTION('',(1.,0.,-1.49287734593529E-16));
#2100=DIRECTION('',(-1.49287734593529E-16,0.,-1.));
#2101=DIRECTION('',(0.,1.,0.));
#2102=DIRECTION('',(-1.49287734593529E-16,0.,-1.));
#2103=DIRECTION('',(0.,1.,0.));
#2104=DIRECTION('',(-1.,0.,0.));
#2105=DIRECTION('',(0.,1.,0.));
#2106=DIRECTION('',(0.,1.,0.));
#2107=DIRECTION('',(0.,0.,1.));
#2108=DIRECTION('',(0.,1.,0.));
#2109=DIRECTION('',(1.,0.,0.));
#2110=DIRECTION('',(0.,-1.,0.));
#2111=DIRECTION('',(-0.707106781186548,0.,0.707106781186548));
#2112=DIRECTION('',(0.707106781186548,0.,0.707106781186548));
#2113=DIRECTION('',(0.707106781186548,0.,0.707106781186548));
#2114=DIRECTION('',(-0.707106781186548,0.,0.707106781186548));
#2115=DIRECTION('',(0.,0.,1.));
#2116=DIRECTION('',(0.,-1.,0.));
#2117=DIRECTION('',(0.707106781186548,0.,-0.707106781186548));
#2118=DIRECTION('',(0.707106781186548,0.,0.707106781186548));
#2119=DIRECTION('',(0.,0.,1.));
#2120=DIRECTION('',(0.,-1.,0.));
#2121=DIRECTION('',(0.707106781186548,0.,0.707106781186548));
#2122=DIRECTION('',(0.707106781186548,0.,-0.707106781186548));
#2123=DIRECTION('',(1.,0.,0.));
#2124=DIRECTION('',(0.,-1.,0.));
#2125=DIRECTION('',(0.,1.,0.));
#2126=DIRECTION('',(1.,0.,0.));
#2127=DIRECTION('',(0.,1.,0.));
#2128=DIRECTION('',(1.,0.,0.));
#2129=DIRECTION('',(-1.,0.,0.));
#2130=DIRECTION('',(0.,1.,0.));
#2131=DIRECTION('',(1.,0.,0.));
#2132=DIRECTION('',(0.,-1.,0.));
#2133=DIRECTION('',(-1.,0.,0.));
#2134=DIRECTION('',(0.,1.,0.));
#2135=DIRECTION('',(0.,0.,1.));
#2136=DIRECTION('',(0.,-1.,0.));
#2137=DIRECTION('',(0.,0.,-1.));
#2138=DIRECTION('',(0.,1.,0.));
#2139=DIRECTION('',(0.,0.,1.));
#2140=DIRECTION('',(0.,-1.,0.));
#2141=DIRECTION('',(-1.49287734593529E-16,0.,-1.));
#2142=DIRECTION('',(-1.,0.,1.49287734593529E-16));
#2143=DIRECTION('',(0.,0.,1.));
#2144=DIRECTION('',(0.,-1.,0.));
#2145=DIRECTION('',(0.,0.,-1.));
#2146=DIRECTION('',(0.,1.,0.));
#2147=DIRECTION('',(1.,0.,0.));
#2148=DIRECTION('',(0.,-1.,0.));
#2149=DIRECTION('',(-1.,0.,0.));
#2150=DIRECTION('',(0.,1.,0.));
#2151=DIRECTION('',(1.,0.,0.));
#2152=DIRECTION('',(0.,-1.,0.));
#2153=DIRECTION('',(0.,1.,0.));
#2154=DIRECTION('',(1.,0.,0.));
#2155=DIRECTION('',(0.,1.,0.));
#2156=DIRECTION('',(1.,0.,0.));
#2157=DIRECTION('',(0.,1.,0.));
#2158=DIRECTION('',(1.,0.,0.));
#2159=DIRECTION('',(0.,-1.,0.));
#2160=DIRECTION('',(-1.,0.,0.));
#2161=DIRECTION('',(0.,1.,0.));
#2162=DIRECTION('',(1.,0.,0.));
#2163=DIRECTION('',(0.,1.,0.));
#2164=DIRECTION('',(1.,0.,0.));
#2165=DIRECTION('',(0.,-1.,0.));
#2166=DIRECTION('',(-1.,0.,0.));
#2167=DIRECTION('',(0.,1.,0.));
#2168=DIRECTION('',(1.,0.,0.));
#2169=DIRECTION('',(0.,1.,0.));
#2170=DIRECTION('',(1.,0.,0.));
#2171=DIRECTION('',(0.,1.,0.));
#2172=DIRECTION('',(1.,0.,0.));
#2173=DIRECTION('',(0.,1.,0.));
#2174=DIRECTION('',(1.,0.,0.));
#2175=DIRECTION('',(0.,1.,0.));
#2176=DIRECTION('',(1.,0.,0.));
#2177=DIRECTION('',(-1.,0.,0.));
#2178=DIRECTION('',(0.,1.,0.));
#2179=DIRECTION('',(0.,0.577350269189632,-0.816496580927722));
#2180=DIRECTION('',(0.,-1.,0.));
#2181=DIRECTION('',(-0.707106781186547,0.,-0.707106781186548));
#2182=DIRECTION('',(-0.707106781186548,0.,0.707106781186547));
#2183=DIRECTION('',(-0.707106781186548,0.,0.707106781186547));
#2184=DIRECTION('',(0.,-1.,0.));
#2185=DIRECTION('',(1.,0.,0.));
#2186=DIRECTION('',(-0.707106781186543,0.,0.707106781186553));
#2187=DIRECTION('',(0.707106781186548,0.,-0.707106781186547));
#2188=DIRECTION('',(0.707106781186548,0.,-0.707106781186548));
#2189=DIRECTION('',(0.707106781186547,0.,-0.707106781186548));
#2190=DIRECTION('',(-0.707106781186548,0.,-0.707106781186547));
#2191=DIRECTION('',(0.707106781186548,0.,0.707106781186547));
#2192=DIRECTION('',(0.,-1.,0.));
#2193=DIRECTION('',(0.,-1.,0.));
#2194=DIRECTION('',(1.,0.,0.));
#2195=DIRECTION('',(-0.707106781186548,0.,-0.707106781186548));
#2196=DIRECTION('',(0.,0.,-1.));
#2197=DIRECTION('',(-1.,0.,0.));
#2198=DIRECTION('',(0.,0.,-1.));
#2199=DIRECTION('',(-0.707106781186548,0.,-0.707106781186547));
#2200=DIRECTION('',(-0.707106781186548,0.,-0.707106781186548));
#2201=DIRECTION('',(-0.707106781186548,0.,0.707106781186548));
#2202=DIRECTION('',(0.,-1.,0.));
#2203=DIRECTION('',(0.707106781186548,0.,-0.707106781186548));
#2204=DIRECTION('',(0.,-1.,0.));
#2205=DIRECTION('',(1.,0.,0.));
#2206=DIRECTION('',(-0.707106781186548,0.,0.707106781186548));
#2207=DIRECTION('',(0.,0.,-1.));
#2208=DIRECTION('',(-1.,0.,0.));
#2209=DIRECTION('',(0.,0.,-1.));
#2210=DIRECTION('',(-0.707106781186545,0.,0.70710678118655));
#2211=DIRECTION('',(0.,-1.,0.));
#2212=DIRECTION('',(1.,0.,0.));
#2213=DIRECTION('',(-0.707106781186548,0.,-0.707106781186548));
#2214=DIRECTION('',(0.707106781186548,0.,0.707106781186548));
#2215=DIRECTION('',(-0.707106781186548,0.,0.707106781186548));
#2216=DIRECTION('',(0.707106781186548,0.,0.707106781186548));
#2217=DIRECTION('',(-0.707106781186548,0.,-0.707106781186548));
#2218=DIRECTION('',(0.,-1.,0.));
#2219=DIRECTION('',(-1.,0.,0.));
#2220=DIRECTION('',(0.,-1.,0.));
#2221=DIRECTION('',(-1.,0.,0.));
#2222=DIRECTION('',(0.,-1.,0.));
#2223=DIRECTION('',(1.,0.,0.));
#2224=DIRECTION('',(0.,-1.,0.));
#2225=DIRECTION('',(-1.,0.,0.));
#2226=DIRECTION('',(0.,1.,0.));
#2227=DIRECTION('',(-1.,0.,0.));
#2228=DIRECTION('',(0.,-1.,0.));
#2229=DIRECTION('',(1.,0.,0.));
#2230=DIRECTION('',(0.,-1.,0.));
#2231=DIRECTION('',(-1.,0.,0.));
#2232=DIRECTION('',(0.,1.,0.));
#2233=DIRECTION('',(-1.,0.,0.));
#2234=DIRECTION('',(0.,-1.,0.));
#2235=DIRECTION('',(1.,0.,0.));
#2236=DIRECTION('',(0.,-1.,0.));
#2237=DIRECTION('',(-1.,0.,0.));
#2238=DIRECTION('',(0.,-1.,0.));
#2239=DIRECTION('',(-1.,0.,0.));
#2240=DIRECTION('',(0.,-1.,0.));
#2241=DIRECTION('',(1.,0.,0.));
#2242=DIRECTION('',(-0.707106781186552,0.,-0.707106781186543));
#2243=DIRECTION('',(0.,1.,0.));
#2244=DIRECTION('',(0.707106781186548,0.,-0.707106781186548));
#2245=DIRECTION('',(0.,-1.,0.));
#2246=DIRECTION('',(0.,1.,0.));
#2247=DIRECTION('',(-0.70710678118655,0.,-0.707106781186545));
#2248=DIRECTION('',(0.,-1.,0.));
#2249=DIRECTION('',(0.,-1.,0.));
#2250=DIRECTION('',(0.707106781186548,0.,-0.707106781186548));
#2251=DIRECTION('',(0.,1.,0.));
#2252=DIRECTION('',(-0.5,0.707106781186551,0.5));
#2253=DIRECTION('',(0.707106781186548,0.,0.707106781186548));
#2254=DIRECTION('',(-0.5,0.707106781186547,-0.5));
#2255=DIRECTION('',(-0.707106781186548,0.,0.707106781186548));
#2256=DIRECTION('',(-0.816496580927725,-0.577350269189627,0.));
#2257=DIRECTION('',(-0.5,-0.707106781186542,-0.5));
#2258=DIRECTION('',(0.707106781186548,0.,-0.707106781186547));
#2259=DIRECTION('',(0.5,0.707106781186551,-0.5));
#2260=DIRECTION('',(-0.707106781186548,0.,-0.707106781186547));
#2261=DIRECTION('',(-0.816496580927729,0.577350269189622,0.));
#2262=DIRECTION('',(0.,-0.707106781186549,0.707106781186546));
#2263=DIRECTION('',(-1.,0.,0.));
#2264=DIRECTION('',(-0.707106781186548,0.,-0.707106781186548));
#2265=DIRECTION('',(0.,1.,0.));
#2266=DIRECTION('',(-0.577350269189627,-0.577350269189623,0.577350269189627));
#2267=DIRECTION('',(-0.707106781186545,0.70710678118655,1.29119445615442E-16));
#2268=DIRECTION('',(-1.82602471155453E-16,0.,-1.));
#2269=DIRECTION('',(0.577350269189628,0.577350269189624,-0.577350269189625));
#2270=DIRECTION('',(0.,-0.707106781186548,-0.707106781186547));
#2271=DIRECTION('',(-1.,0.,0.));
#2272=DIRECTION('',(0.577350269189627,-0.577350269189625,0.577350269189625));
#2273=DIRECTION('',(-0.707106781186546,-0.707106781186549,1.29119445615442E-16));
#2274=DIRECTION('',(1.82602471155453E-16,0.,1.));
#2275=DIRECTION('',(0.577350269189627,-0.577350269189624,0.577350269189627));
#2276=DIRECTION('',(-0.707106781186548,0.,0.707106781186548));
#2277=DIRECTION('',(0.,-1.,0.));
#2278=DIRECTION('',(0.,0.,-1.));
#2279=DIRECTION('',(0.,1.,0.));
#2280=DIRECTION('',(-1.,0.,0.));
#2281=DIRECTION('',(0.,1.,0.));
#2282=DIRECTION('',(0.,1.,0.));
#2283=DIRECTION('',(1.,0.,0.));
#2284=DIRECTION('',(0.,-1.,0.));
#2285=DIRECTION('',(0.,-1.,0.));
#2286=DIRECTION('',(0.577350269189627,-0.816496580927725,0.));
#2287=DIRECTION('',(-0.816496580927725,-0.577350269189627,0.));
#2288=DIRECTION('',(0.,0.,-1.));
#2289=DIRECTION('',(-0.816496580927725,-0.577350269189627,0.));
#2290=DIRECTION('',(1.,0.,0.));
#2291=DIRECTION('',(0.,-1.,0.));
#2292=DIRECTION('',(0.,-1.,0.));
#2293=DIRECTION('',(1.,0.,0.));
#2294=DIRECTION('',(0.,-1.,0.));
#2295=DIRECTION('',(0.,0.,-1.));
#2296=DIRECTION('',(0.,-1.,0.));
#2297=DIRECTION('',(-0.577350269189622,-0.816496580927729,0.));
#2298=DIRECTION('',(-0.816496580927729,0.577350269189622,0.));
#2299=DIRECTION('',(-0.816496580927729,0.577350269189622,0.));
#2300=DIRECTION('',(0.,0.,-1.));
#2301=DIRECTION('',(0.,1.,0.));
#2302=CARTESIAN_POINT('',(0.,0.,0.));
#2303=CARTESIAN_POINT('',(-0.01524,-0.01,0.01524));
#2304=CARTESIAN_POINT('',(-0.01524,-0.01,0.01524));
#2305=CARTESIAN_POINT('',(-0.01694,-0.01,0.01524));
#2306=CARTESIAN_POINT('',(-0.01524,0.,0.01524));
#2307=CARTESIAN_POINT('',(-0.01694,0.,0.01524));
#2308=CARTESIAN_POINT('',(-0.01524,-0.01,0.01524));
#2309=CARTESIAN_POINT('',(-0.01524,-0.01,0.01524));
#2310=CARTESIAN_POINT('',(-0.01799,-0.01,0.01524));
#2311=CARTESIAN_POINT('',(-0.01524,0.,0.01524));
#2312=CARTESIAN_POINT('',(-0.01799,0.,0.01524));
#2313=CARTESIAN_POINT('',(-0.01015,-0.01,3.46944695195361E-18));
#2314=CARTESIAN_POINT('',(-0.01015,0.,3.46944695195361E-18));
#2315=CARTESIAN_POINT('',(0.,0.,0.));
#2316=CARTESIAN_POINT('',(0.02174,-0.022,-0.02324));
#2317=CARTESIAN_POINT('',(-0.000149999999999993,-0.027,-0.02324));
#2318=CARTESIAN_POINT('',(-0.00346662479035541,-0.022,-0.02324));
#2319=CARTESIAN_POINT('',(0.00316662479035543,-0.022,-0.02324));
#2320=CARTESIAN_POINT('',(0.02174,-0.022,-0.02324));
#2321=CARTESIAN_POINT('',(-0.04054,-0.022,-0.02324));
#2322=CARTESIAN_POINT('',(-0.04054,0.002,-0.02324));
#2323=CARTESIAN_POINT('',(-0.04054,0.002,-0.02324));
#2324=CARTESIAN_POINT('',(0.02324,0.002,-0.02324));
#2325=CARTESIAN_POINT('',(0.02024,0.002,-0.02324));
#2326=CARTESIAN_POINT('',(0.02024,-0.022,-0.02324));
#2327=CARTESIAN_POINT('',(0.02024,-0.022,-0.02324));
#2328=CARTESIAN_POINT('',(0.02174,-0.022,-0.02324));
#2329=CARTESIAN_POINT('',(-0.01015,-0.022,1.04083408558608E-17));
#2330=CARTESIAN_POINT('',(-0.03039,-0.022,0.02124));
#2331=CARTESIAN_POINT('',(0.0152902525316941,-0.022,0.02124));
#2332=CARTESIAN_POINT('',(-0.0355902525316941,-0.022,0.02124));
#2333=CARTESIAN_POINT('',(0.0152902525316941,-0.022,0.02124));
#2334=CARTESIAN_POINT('',(0.0152902525316941,-0.022,0.02024));
#2335=CARTESIAN_POINT('',(0.0177651262658471,-0.022,0.0177651262658471));
#2336=CARTESIAN_POINT('',(0.02024,-0.022,0.0152902525316941));
#2337=CARTESIAN_POINT('',(0.02024,-0.022,-3.46944695195361E-18));
#2338=CARTESIAN_POINT('',(0.02024,-0.022,-0.0152902525316942));
#2339=CARTESIAN_POINT('',(0.0177651262658471,-0.022,-0.0177651262658471));
#2340=CARTESIAN_POINT('',(0.0152902525316942,-0.022,-0.02024));
#2341=CARTESIAN_POINT('',(-3.46944695195361E-18,-0.022,-0.02024));
#2342=CARTESIAN_POINT('',(0.00316662479035543,-0.022,-0.02024));
#2343=CARTESIAN_POINT('',(0.00316662479035543,-0.022,-0.02024));
#2344=CARTESIAN_POINT('',(0.02024,-0.022,-0.02024));
#2345=CARTESIAN_POINT('',(0.02324,-0.022,-0.02024));
#2346=CARTESIAN_POINT('',(0.02324,-0.022,6.93889390390723E-18));
#2347=CARTESIAN_POINT('',(0.02324,-0.022,0.02024));
#2348=CARTESIAN_POINT('',(0.02024,-0.022,0.02024));
#2349=CARTESIAN_POINT('',(0.02024,-0.022,0.02324));
#2350=CARTESIAN_POINT('',(-0.01015,-0.022,0.02324));
#2351=CARTESIAN_POINT('',(-0.04054,-0.022,0.02324));
#2352=CARTESIAN_POINT('',(-0.04054,-0.022,0.02024));
#2353=CARTESIAN_POINT('',(-0.04354,-0.022,0.02024));
#2354=CARTESIAN_POINT('',(-0.04354,-0.022,-0.02174));
#2355=CARTESIAN_POINT('',(-0.04354,-0.022,-0.02024));
#2356=CARTESIAN_POINT('',(-0.04054,-0.022,-0.02024));
#2357=CARTESIAN_POINT('',(-0.00346662479035541,-0.022,-0.02024));
#2358=CARTESIAN_POINT('',(-0.00346662479035541,-0.022,-0.02024));
#2359=CARTESIAN_POINT('',(-3.46944695195361E-18,-0.022,-0.02024));
#2360=CARTESIAN_POINT('',(-0.02289,-0.022,-0.02024));
#2361=CARTESIAN_POINT('',(-0.02339,-0.022,-0.02074));
#2362=CARTESIAN_POINT('',(-0.02339,-0.022,-0.02074));
#2363=CARTESIAN_POINT('',(-0.01015,-0.022,-0.02074));
#2364=CARTESIAN_POINT('',(-0.0355902525316941,-0.022,-0.02074));
#2365=CARTESIAN_POINT('',(-0.0355902525316941,-0.022,-0.02049));
#2366=CARTESIAN_POINT('',(-0.0355902525316941,-0.022,-0.02024));
#2367=CARTESIAN_POINT('',(-0.0380651262658471,-0.022,-0.0177651262658471));
#2368=CARTESIAN_POINT('',(-0.04054,-0.022,-0.0152902525316942));
#2369=CARTESIAN_POINT('',(-0.04054,-0.022,1.04083408558608E-17));
#2370=CARTESIAN_POINT('',(-0.04054,-0.022,0.0152902525316942));
#2371=CARTESIAN_POINT('',(-0.0380651262658471,-0.022,0.0177651262658471));
#2372=CARTESIAN_POINT('',(-0.0355902525316941,-0.022,0.02024));
#2373=CARTESIAN_POINT('',(-0.0355902525316941,-0.022,0.02124));
#2374=CARTESIAN_POINT('',(0.0200632233047033,-0.022,0.0200632233047033));
#2375=CARTESIAN_POINT('',(0.0185382233047033,-0.022,0.0200632233047033));
#2376=CARTESIAN_POINT('',(-0.0403632233047033,-0.022,0.0200632233047033));
#2377=CARTESIAN_POINT('',(-0.0418882233047033,-0.022,0.0200632233047033));
#2378=CARTESIAN_POINT('',(-0.0403632233047033,-0.022,-0.0200632233047033));
#2379=CARTESIAN_POINT('',(-0.0418882233047033,-0.022,-0.0200632233047033));
#2380=CARTESIAN_POINT('',(0.0200632233047034,-0.022,-0.0200632233047033));
#2381=CARTESIAN_POINT('',(0.0185382233047034,-0.022,-0.0200632233047033));
#2382=CARTESIAN_POINT('',(-0.02989,-0.023,-0.02074));
#2383=CARTESIAN_POINT('',(-0.02339,-0.023,-0.02074));
#2384=CARTESIAN_POINT('',(-0.02339,0.000499999999999994,-0.02074));
#2385=CARTESIAN_POINT('',(-0.02339,0.0015,-0.02074));
#2386=CARTESIAN_POINT('',(-0.03639,0.0015,-0.02074));
#2387=CARTESIAN_POINT('',(-0.03639,0.0015,-0.02074));
#2388=CARTESIAN_POINT('',(-0.03639,-0.023,-0.02074));
#2389=CARTESIAN_POINT('',(-0.03639,0.0005,-0.02074));
#2390=CARTESIAN_POINT('',(-0.03639,-0.023,-0.02074));
#2391=CARTESIAN_POINT('',(-0.03639,-0.017,-0.02074));
#2392=CARTESIAN_POINT('',(-0.01015,-0.017,-0.02074));
#2393=CARTESIAN_POINT('',(-0.0357973593128807,-0.017,-0.02074));
#2394=CARTESIAN_POINT('',(-0.0341615728752538,-0.018156675682619,-0.02074));
#2395=CARTESIAN_POINT('',(-0.0355902525316941,-0.0171464466094067,-0.02074));
#2396=CARTESIAN_POINT('',(-0.0355902525316941,-0.017,-0.02074));
#2397=CARTESIAN_POINT('',(-0.02339,-0.023,-0.02074));
#2398=CARTESIAN_POINT('',(-3.46944695195361E-18,-0.022,-0.02024));
#2399=CARTESIAN_POINT('',(-0.000149999999999993,-0.027,-0.02024));
#2400=CARTESIAN_POINT('',(0.0152902525316941,-0.017,-0.02024));
#2401=CARTESIAN_POINT('',(0.0152902525316941,-0.0175,-0.02024));
#2402=CARTESIAN_POINT('',(0.00297543050033834,-0.0262078941674771,-0.02024));
#2403=CARTESIAN_POINT('',(0.0159973593128807,-0.017,-0.02024));
#2404=CARTESIAN_POINT('',(-3.46944695195361E-18,-0.017,-0.02024));
#2405=CARTESIAN_POINT('',(0.01974,-0.017,-0.02024));
#2406=CARTESIAN_POINT('',(0.01974,-0.022,-0.02024));
#2407=CARTESIAN_POINT('',(0.01974,0.,-0.02024));
#2408=CARTESIAN_POINT('',(-3.46944695195361E-18,0.,-0.02024));
#2409=CARTESIAN_POINT('',(-0.02289,0.,-0.02024));
#2410=CARTESIAN_POINT('',(-0.02289,-0.022,-0.02024));
#2411=CARTESIAN_POINT('',(-0.03639,0.002,0.));
#2412=CARTESIAN_POINT('',(-0.03639,0.002,-0.02024));
#2413=CARTESIAN_POINT('',(-0.03639,0.002,-0.02024));
#2414=CARTESIAN_POINT('',(-0.03639,0.002,0.));
#2415=CARTESIAN_POINT('',(-0.03639,0.002,0.019));
#2416=CARTESIAN_POINT('',(-0.03639,0.002,0.019));
#2417=CARTESIAN_POINT('',(-0.03639,0.0005,0.019));
#2418=CARTESIAN_POINT('',(-0.03639,0.0005,0.));
#2419=CARTESIAN_POINT('',(0.02024,-0.022,-3.46944695195361E-18));
#2420=CARTESIAN_POINT('',(0.02024,-0.017,-3.46944695195361E-18));
#2421=CARTESIAN_POINT('',(0.02024,-0.017,0.0159973593128807));
#2422=CARTESIAN_POINT('',(0.02024,-0.017,0.01974));
#2423=CARTESIAN_POINT('',(0.02024,0.,0.01974));
#2424=CARTESIAN_POINT('',(0.02024,0.,0.01974));
#2425=CARTESIAN_POINT('',(0.02024,0.,-3.46944695195361E-18));
#2426=CARTESIAN_POINT('',(0.02024,0.,-0.01974));
#2427=CARTESIAN_POINT('',(0.02024,-0.022,-0.01974));
#2428=CARTESIAN_POINT('',(0.02024,-0.017,-0.01974));
#2429=CARTESIAN_POINT('',(0.02024,-0.017,-3.46944695195361E-18));
#2430=CARTESIAN_POINT('',(0.02024,-0.017,-0.0159973593128807));
#2431=CARTESIAN_POINT('',(0.02024,-0.0163333333333334,-0.0169401683544628));
#2432=CARTESIAN_POINT('',(0.02024,-0.0175,-0.0152902525316941));
#2433=CARTESIAN_POINT('',(0.02024,-0.017,-0.0152902525316941));
#2434=CARTESIAN_POINT('',(0.02024,-0.017,0.0152902525316942));
#2435=CARTESIAN_POINT('',(0.02024,-0.0175,0.0152902525316942));
#2436=CARTESIAN_POINT('',(0.02024,-0.0163333333333334,0.0169401683544628));
#2437=CARTESIAN_POINT('',(-0.04054,-0.022,1.04083408558608E-17));
#2438=CARTESIAN_POINT('',(-0.04054,-0.017,1.04083408558608E-17));
#2439=CARTESIAN_POINT('',(-0.04054,-0.017,-0.0159973593128807));
#2440=CARTESIAN_POINT('',(-0.04054,-0.017,-0.01974));
#2441=CARTESIAN_POINT('',(-0.04054,-0.022,-0.01974));
#2442=CARTESIAN_POINT('',(-0.04054,0.,-0.01974));
#2443=CARTESIAN_POINT('',(-0.04054,0.,1.04083408558608E-17));
#2444=CARTESIAN_POINT('',(-0.04054,0.,0.01974));
#2445=CARTESIAN_POINT('',(-0.04054,-0.017,0.01974));
#2446=CARTESIAN_POINT('',(-0.04054,-0.017,0.01974));
#2447=CARTESIAN_POINT('',(-0.04054,-0.017,1.04083408558608E-17));
#2448=CARTESIAN_POINT('',(-0.04054,-0.017,0.0159973593128808));
#2449=CARTESIAN_POINT('',(-0.04054,-0.0163333333333334,0.0169401683544628));
#2450=CARTESIAN_POINT('',(-0.04054,-0.0175,0.0152902525316942));
#2451=CARTESIAN_POINT('',(-0.04054,-0.017,0.0152902525316942));
#2452=CARTESIAN_POINT('',(-0.04054,-0.017,-0.0152902525316942));
#2453=CARTESIAN_POINT('',(-0.04054,-0.0175,-0.0152902525316942));
#2454=CARTESIAN_POINT('',(-0.04054,-0.0136076220569855,-0.0207949062085871));
#2455=CARTESIAN_POINT('',(-3.46944695195361E-18,-0.022,-0.02024));
#2456=CARTESIAN_POINT('',(-3.46944695195361E-18,0.,-0.02024));
#2457=CARTESIAN_POINT('',(-0.03689,0.,-0.02024));
#2458=CARTESIAN_POINT('',(-0.04004,0.,-0.02024));
#2459=CARTESIAN_POINT('',(-0.04004,-0.022,-0.02024));
#2460=CARTESIAN_POINT('',(-0.04004,-0.017,-0.02024));
#2461=CARTESIAN_POINT('',(-3.46944695195361E-18,-0.017,-0.02024));
#2462=CARTESIAN_POINT('',(-0.03689,-0.017,-0.02024));
#2463=CARTESIAN_POINT('',(-0.03689,-0.022,-0.02024));
#2464=CARTESIAN_POINT('',(-0.01015,0.003,3.46944695195361E-18));
#2465=CARTESIAN_POINT('',(-0.0233257864376269,0.003,3.46944695195361E-18));
#2466=CARTESIAN_POINT('',(-0.0233257864376269,0.003,-0.0139142135623731));
#2467=CARTESIAN_POINT('',(-0.0233257864376269,0.003,0.0139142135623731));
#2468=CARTESIAN_POINT('',(-0.01015,0.003,0.0139142135623731));
#2469=CARTESIAN_POINT('',(-0.0364542135623731,0.003,0.0139142135623731));
#2470=CARTESIAN_POINT('',(-0.0364542135623731,0.003,3.46944695195361E-18));
#2471=CARTESIAN_POINT('',(-0.0364542135623731,0.003,-0.0139142135623731));
#2472=CARTESIAN_POINT('',(-0.01015,0.003,-0.0139142135623731));
#2473=CARTESIAN_POINT('',(0.,0.003,-7.62342632469227E-19));
#2474=CARTESIAN_POINT('',(0.01345,0.003,-7.62342632469227E-19));
#2475=CARTESIAN_POINT('',(-0.01524,0.003,0.01524));
#2476=CARTESIAN_POINT('',(-0.01224,0.003,0.01524));
#2477=CARTESIAN_POINT('',(0.01524,0.003,0.01524));
#2478=CARTESIAN_POINT('',(0.01824,0.003,0.01524));
#2479=CARTESIAN_POINT('',(0.01524,0.003,-0.01524));
#2480=CARTESIAN_POINT('',(0.01824,0.003,-0.01524));
#2481=CARTESIAN_POINT('',(-0.01524,0.003,-0.01524));
#2482=CARTESIAN_POINT('',(-0.01224,0.003,-0.01524));
#2483=CARTESIAN_POINT('',(0.02024,0.003,0.02024));
#2484=CARTESIAN_POINT('',(0.02224,0.003,0.02024));
#2485=CARTESIAN_POINT('',(0.02024,0.003,0.02224));
#2486=CARTESIAN_POINT('',(0.02224,0.003,-1.36598277153079E-18));
#2487=CARTESIAN_POINT('',(0.02224,0.003,-0.02024));
#2488=CARTESIAN_POINT('',(0.02024,0.003,-0.02024));
#2489=CARTESIAN_POINT('',(0.02024,0.003,-0.02224));
#2490=CARTESIAN_POINT('',(-0.04354,0.003,-0.02224));
#2491=CARTESIAN_POINT('',(-0.04054,0.003,-0.02224));
#2492=CARTESIAN_POINT('',(-0.04054,0.003,-0.02024));
#2493=CARTESIAN_POINT('',(-0.04254,0.003,-0.02024));
#2494=CARTESIAN_POINT('',(-0.04254,0.003,3.46944695195361E-18));
#2495=CARTESIAN_POINT('',(-0.04254,0.003,0.02024));
#2496=CARTESIAN_POINT('',(-0.04054,0.003,0.02024));
#2497=CARTESIAN_POINT('',(-0.04054,0.003,0.02224));
#2498=CARTESIAN_POINT('',(-0.01015,0.003,0.02224));
#2499=CARTESIAN_POINT('',(-0.01524,0.003,0.01524));
#2500=CARTESIAN_POINT('',(-0.01524,0.,0.01524));
#2501=CARTESIAN_POINT('',(-0.01364,0.,0.01524));
#2502=CARTESIAN_POINT('',(-0.01524,0.001,0.01524));
#2503=CARTESIAN_POINT('',(-0.01364,0.001,0.01524));
#2504=CARTESIAN_POINT('',(-0.01524,0.003,-0.01524));
#2505=CARTESIAN_POINT('',(-0.01524,0.,-0.01524));
#2506=CARTESIAN_POINT('',(-0.01364,0.,-0.01524));
#2507=CARTESIAN_POINT('',(-0.01524,0.001,-0.01524));
#2508=CARTESIAN_POINT('',(-0.01364,0.001,-0.01524));
#2509=CARTESIAN_POINT('',(0.01524,0.003,0.01524));
#2510=CARTESIAN_POINT('',(0.01524,0.,0.01524));
#2511=CARTESIAN_POINT('',(0.01684,0.,0.01524));
#2512=CARTESIAN_POINT('',(0.01524,0.001,0.01524));
#2513=CARTESIAN_POINT('',(0.01684,0.001,0.01524));
#2514=CARTESIAN_POINT('',(0.01524,0.003,-0.01524));
#2515=CARTESIAN_POINT('',(0.01524,0.,-0.01524));
#2516=CARTESIAN_POINT('',(0.01684,0.,-0.01524));
#2517=CARTESIAN_POINT('',(0.01524,0.001,-0.01524));
#2518=CARTESIAN_POINT('',(0.01684,0.001,-0.01524));
#2519=CARTESIAN_POINT('',(-0.03554,0.003,0.));
#2520=CARTESIAN_POINT('',(-0.03554,0.003,-0.013));
#2521=CARTESIAN_POINT('',(-0.03554,0.0025,-0.013));
#2522=CARTESIAN_POINT('',(-0.03554,0.002,-0.013));
#2523=CARTESIAN_POINT('',(-0.03554,0.0025,0.));
#2524=CARTESIAN_POINT('',(-0.03554,0.0025,0.013));
#2525=CARTESIAN_POINT('',(-0.03554,0.003,0.013));
#2526=CARTESIAN_POINT('',(-0.03554,0.002,0.013));
#2527=CARTESIAN_POINT('',(-0.03554,0.002,0.));
#2528=CARTESIAN_POINT('',(-0.02989,0.003,-0.013));
#2529=CARTESIAN_POINT('',(-0.02424,0.003,-0.013));
#2530=CARTESIAN_POINT('',(-0.02424,0.0025,-0.013));
#2531=CARTESIAN_POINT('',(-0.02424,0.002,-0.013));
#2532=CARTESIAN_POINT('',(-0.03554,0.0025,-0.013));
#2533=CARTESIAN_POINT('',(-0.02989,0.002,-0.013));
#2534=CARTESIAN_POINT('',(-0.02424,0.003,0.));
#2535=CARTESIAN_POINT('',(-0.02424,0.003,0.013));
#2536=CARTESIAN_POINT('',(-0.02424,0.0025,0.013));
#2537=CARTESIAN_POINT('',(-0.02424,0.002,0.013));
#2538=CARTESIAN_POINT('',(-0.02424,0.0025,-0.013));
#2539=CARTESIAN_POINT('',(-0.02424,0.002,0.));
#2540=CARTESIAN_POINT('',(-0.02989,0.003,0.013));
#2541=CARTESIAN_POINT('',(-0.02989,0.0025,0.013));
#2542=CARTESIAN_POINT('',(-0.02989,0.002,0.013));
#2543=CARTESIAN_POINT('',(-0.01015,0.,3.46944695195361E-18));
#2544=CARTESIAN_POINT('',(0.,0.,-7.62342632469227E-19));
#2545=CARTESIAN_POINT('',(0.01345,0.,-7.62342632469227E-19));
#2546=CARTESIAN_POINT('',(-0.04054,0.,-0.01974));
#2547=CARTESIAN_POINT('',(-0.03689,0.,8.35223703065044E-18));
#2548=CARTESIAN_POINT('',(-0.03689,0.,0.0195));
#2549=CARTESIAN_POINT('',(-0.02339,0.,0.0195));
#2550=CARTESIAN_POINT('',(-0.02289,0.,0.0195));
#2551=CARTESIAN_POINT('',(-0.02289,0.,-0.02024));
#2552=CARTESIAN_POINT('',(0.01974,0.,-0.02024));
#2553=CARTESIAN_POINT('',(0.02024,0.,0.01974));
#2554=CARTESIAN_POINT('',(0.01974,0.,0.02024));
#2555=CARTESIAN_POINT('',(0.01974,0.,0.02124));
#2556=CARTESIAN_POINT('',(0.01974,0.,0.02124));
#2557=CARTESIAN_POINT('',(-0.03039,0.,0.02124));
#2558=CARTESIAN_POINT('',(-0.04004,0.,0.02124));
#2559=CARTESIAN_POINT('',(-0.04004,0.,0.02124));
#2560=CARTESIAN_POINT('',(-0.04004,0.,0.02024));
#2561=CARTESIAN_POINT('',(-0.04004,0.,0.02024));
#2562=CARTESIAN_POINT('',(0.,0.003,-7.62342632469227E-19));
#2563=CARTESIAN_POINT('',(0.,0.002,-7.62342632469227E-19));
#2564=CARTESIAN_POINT('',(0.01245,0.002,-7.62342632469227E-19));
#2565=CARTESIAN_POINT('',(0.,0.001,-7.62342632469227E-19));
#2566=CARTESIAN_POINT('',(0.01245,0.001,-7.62342632469227E-19));
#2567=CARTESIAN_POINT('',(-0.02989,0.002,0.019));
#2568=CARTESIAN_POINT('',(-0.02339,0.002,0.019));
#2569=CARTESIAN_POINT('',(-0.02339,0.002,0.019));
#2570=CARTESIAN_POINT('',(-0.02339,0.0005,0.019));
#2571=CARTESIAN_POINT('',(-0.03639,0.0005,0.019));
#2572=CARTESIAN_POINT('',(-0.02989,0.002,0.019));
#2573=CARTESIAN_POINT('',(-0.02339,0.002,0.));
#2574=CARTESIAN_POINT('',(-0.02339,0.002,0.));
#2575=CARTESIAN_POINT('',(-0.02339,0.002,-0.02024));
#2576=CARTESIAN_POINT('',(-0.02339,0.01212,-0.01012));
#2577=CARTESIAN_POINT('',(-0.02339,0.0005,0.019));
#2578=CARTESIAN_POINT('',(-0.01015,0.002,3.46944695195361E-18));
#2579=CARTESIAN_POINT('',(-0.02339,0.002,-0.02024));
#2580=CARTESIAN_POINT('',(-0.01524,0.001,-0.01524));
#2581=CARTESIAN_POINT('',(-0.01524,0.001,-0.01524));
#2582=CARTESIAN_POINT('',(-0.01224,0.001,-0.01524));
#2583=CARTESIAN_POINT('',(-0.01015,0.001,3.46944695195361E-18));
#2584=CARTESIAN_POINT('',(0.01524,0.001,-0.01524));
#2585=CARTESIAN_POINT('',(0.01524,0.001,-0.01524));
#2586=CARTESIAN_POINT('',(0.01824,0.001,-0.01524));
#2587=CARTESIAN_POINT('',(-0.01015,0.001,3.46944695195361E-18));
#2588=CARTESIAN_POINT('',(0.01524,0.001,0.01524));
#2589=CARTESIAN_POINT('',(0.01524,0.001,0.01524));
#2590=CARTESIAN_POINT('',(0.01824,0.001,0.01524));
#2591=CARTESIAN_POINT('',(-0.01015,0.001,3.46944695195361E-18));
#2592=CARTESIAN_POINT('',(-0.01524,0.001,0.01524));
#2593=CARTESIAN_POINT('',(-0.01524,0.001,0.01524));
#2594=CARTESIAN_POINT('',(-0.01224,0.001,0.01524));
#2595=CARTESIAN_POINT('',(-0.01015,0.001,3.46944695195361E-18));
#2596=CARTESIAN_POINT('',(-0.01015,0.003,-0.0135));
#2597=CARTESIAN_POINT('',(-0.01921,0.00753,-0.01803));
#2598=CARTESIAN_POINT('',(-0.0240328932188134,0.00270710678118654,-0.0132071067811865));
#2599=CARTESIAN_POINT('',(-0.01015,0.00270710678118654,-0.0132071067811865));
#2600=CARTESIAN_POINT('',(-0.0357471067811866,0.00270710678118655,-0.0132071067811865));
#2601=CARTESIAN_POINT('',(-0.0312066666666666,-0.00183333333333333,-0.00866666666666667));
#2602=CARTESIAN_POINT('',(-0.03554,0.0025,0.));
#2603=CARTESIAN_POINT('',(-0.0357471067811866,0.00270710678118655,0.));
#2604=CARTESIAN_POINT('',(-0.0357471067811866,0.00270710678118655,0.0132071067811865));
#2605=CARTESIAN_POINT('',(-0.0336566666666667,0.000616666666666669,0.0111166666666667));
#2606=CARTESIAN_POINT('',(-0.02374,0.003,3.46944695195361E-18));
#2607=CARTESIAN_POINT('',(-0.0261233333333333,0.000616666666666668,0.0111166666666667));
#2608=CARTESIAN_POINT('',(-0.0240328932188134,0.00270710678118655,0.0132071067811865));
#2609=CARTESIAN_POINT('',(-0.0240328932188134,0.00270710678118655,3.46944695195361E-18));
#2610=CARTESIAN_POINT('',(-0.02989,0.0025,0.013));
#2611=CARTESIAN_POINT('',(-0.02989,0.00270710678118655,0.0132071067811865));
#2612=CARTESIAN_POINT('',(-0.01015,-0.022,0.02324));
#2613=CARTESIAN_POINT('',(-0.01015,0.002,0.02324));
#2614=CARTESIAN_POINT('',(0.02024,0.002,0.02324));
#2615=CARTESIAN_POINT('',(-0.04054,0.002,0.02324));
#2616=CARTESIAN_POINT('',(-0.04054,-0.022,0.02324));
#2617=CARTESIAN_POINT('',(0.02024,-0.022,0.02324));
#2618=CARTESIAN_POINT('',(0.02324,-0.022,6.93889390390723E-18));
#2619=CARTESIAN_POINT('',(0.02324,0.002,-0.02024));
#2620=CARTESIAN_POINT('',(0.02324,0.002,-0.02024));
#2621=CARTESIAN_POINT('',(0.02324,0.002,6.93889390390723E-18));
#2622=CARTESIAN_POINT('',(0.02324,0.002,0.02024));
#2623=CARTESIAN_POINT('',(0.02324,-0.022,0.02024));
#2624=CARTESIAN_POINT('',(-0.04354,-0.022,-0.02174));
#2625=CARTESIAN_POINT('',(-0.04354,-0.022,0.02024));
#2626=CARTESIAN_POINT('',(-0.04354,0.002,0.02024));
#2627=CARTESIAN_POINT('',(-0.04354,0.002,-0.02174));
#2628=CARTESIAN_POINT('',(-0.04354,0.002,-0.02024));
#2629=CARTESIAN_POINT('',(-0.04354,-0.022,-0.02024));
#2630=CARTESIAN_POINT('',(-0.01015,0.002,-0.0139142135623731));
#2631=CARTESIAN_POINT('',(-0.0364542135623731,0.002,-0.0139142135623731));
#2632=CARTESIAN_POINT('',(-0.0233257864376269,0.002,-0.0139142135623731));
#2633=CARTESIAN_POINT('',(-0.0233257864376269,0.002,3.46944695195361E-18));
#2634=CARTESIAN_POINT('',(-0.0233257864376269,0.002,0.0139142135623731));
#2635=CARTESIAN_POINT('',(-0.0364542135623731,0.002,3.46944695195361E-18));
#2636=CARTESIAN_POINT('',(-0.0364542135623731,0.002,0.0139142135623731));
#2637=CARTESIAN_POINT('',(-0.01015,0.002,0.0139142135623731));
#2638=CARTESIAN_POINT('',(0.,0.002,-7.62342632469227E-19));
#2639=CARTESIAN_POINT('',(0.,0.001,-7.62342632469227E-19));
#2640=CARTESIAN_POINT('',(0.02174,0.002,-0.02224));
#2641=CARTESIAN_POINT('',(-0.04054,0.002,-0.02224));
#2642=CARTESIAN_POINT('',(0.02024,0.002,-0.02224));
#2643=CARTESIAN_POINT('',(-0.04254,0.002,3.46944695195361E-18));
#2644=CARTESIAN_POINT('',(-0.04254,0.002,0.02024));
#2645=CARTESIAN_POINT('',(-0.04254,0.002,-0.02024));
#2646=CARTESIAN_POINT('',(0.02224,0.002,-1.36598277153079E-18));
#2647=CARTESIAN_POINT('',(0.02224,0.002,-0.02024));
#2648=CARTESIAN_POINT('',(0.02224,0.002,0.02024));
#2649=CARTESIAN_POINT('',(-0.01015,0.002,0.02224));
#2650=CARTESIAN_POINT('',(0.02024,0.002,0.02224));
#2651=CARTESIAN_POINT('',(-0.04054,0.002,0.02224));
#2652=CARTESIAN_POINT('',(0.02024,-0.022,0.02024));
#2653=CARTESIAN_POINT('',(0.02024,0.002,0.02024));
#2654=CARTESIAN_POINT('',(0.02024,0.002,0.02024));
#2655=CARTESIAN_POINT('',(0.02024,-0.022,-0.02024));
#2656=CARTESIAN_POINT('',(0.02024,0.002,-0.02024));
#2657=CARTESIAN_POINT('',(0.02024,0.002,-0.02024));
#2658=CARTESIAN_POINT('',(-0.04054,-0.022,-0.02024));
#2659=CARTESIAN_POINT('',(-0.04054,0.002,-0.02024));
#2660=CARTESIAN_POINT('',(-0.04054,0.002,-0.02024));
#2661=CARTESIAN_POINT('',(-0.04054,-0.022,0.02024));
#2662=CARTESIAN_POINT('',(-0.04054,0.002,0.02024));
#2663=CARTESIAN_POINT('',(-0.04054,0.002,0.02024));
#2664=CARTESIAN_POINT('',(-0.0355902525316941,-0.017,-0.02049));
#2665=CARTESIAN_POINT('',(-0.0355902525316941,-0.0159409553903188,-0.0224448220313558));
#2666=CARTESIAN_POINT('',(-0.0355902525316941,-0.0175,-0.02024));
#2667=CARTESIAN_POINT('',(-0.0355902525316941,-0.017,-0.02024));
#2668=CARTESIAN_POINT('',(-0.0380651262658471,-0.017,-0.0177651262658471));
#2669=CARTESIAN_POINT('',(-0.0380651262658471,-0.0175,-0.0177651262658471));
#2670=CARTESIAN_POINT('',(-0.01015,-0.017,1.04083408558608E-17));
#2671=CARTESIAN_POINT('',(-0.04054,-0.017,-0.01974));
#2672=CARTESIAN_POINT('',(-0.0333436796564404,-0.017,-0.0231936796564403));
#2673=CARTESIAN_POINT('',(-0.03364,-0.017,-0.02349));
#2674=CARTESIAN_POINT('',(-0.0380651262658471,-0.017,0.0177651262658471));
#2675=CARTESIAN_POINT('',(-0.0355902525316941,-0.0175,0.02024));
#2676=CARTESIAN_POINT('',(-0.0355902525316941,-0.0175,0.02024));
#2677=CARTESIAN_POINT('',(-0.0355902525316941,-0.017,0.02024));
#2678=CARTESIAN_POINT('',(-0.01015,-0.017,1.04083408558608E-17));
#2679=CARTESIAN_POINT('',(-0.04004,-0.017,0.02024));
#2680=CARTESIAN_POINT('',(-0.04004,-0.017,0.02024));
#2681=CARTESIAN_POINT('',(-0.04004,-0.017,0.02124));
#2682=CARTESIAN_POINT('',(-0.04004,-0.017,0.02124));
#2683=CARTESIAN_POINT('',(-0.03039,-0.017,0.02124));
#2684=CARTESIAN_POINT('',(-0.0362973593128807,-0.017,0.02124));
#2685=CARTESIAN_POINT('',(-0.0362973593128807,-0.017,0.02124));
#2686=CARTESIAN_POINT('',(-0.0362973593128807,-0.017,0.02024));
#2687=CARTESIAN_POINT('',(-0.0408935533905933,-0.017,0.0156438059222875));
#2688=CARTESIAN_POINT('',(0.0177651262658471,-0.017,0.0177651262658471));
#2689=CARTESIAN_POINT('',(0.0152902525316941,-0.017,0.02024));
#2690=CARTESIAN_POINT('',(0.0152902525316941,-0.0175,0.02024));
#2691=CARTESIAN_POINT('',(0.02024,-0.0175,0.0152902525316942));
#2692=CARTESIAN_POINT('',(-0.01015,-0.017,1.04083408558608E-17));
#2693=CARTESIAN_POINT('',(0.0156438059222875,-0.017,0.0205935533905933));
#2694=CARTESIAN_POINT('',(0.0159973593128807,-0.017,0.02024));
#2695=CARTESIAN_POINT('',(0.0159973593128807,-0.017,0.02124));
#2696=CARTESIAN_POINT('',(0.0159973593128807,-0.017,0.02124));
#2697=CARTESIAN_POINT('',(-0.03039,-0.017,0.02124));
#2698=CARTESIAN_POINT('',(0.01974,-0.017,0.02124));
#2699=CARTESIAN_POINT('',(0.01974,-0.017,0.02124));
#2700=CARTESIAN_POINT('',(0.01974,-0.017,0.02024));
#2701=CARTESIAN_POINT('',(0.02024,-0.017,0.01974));
#2702=CARTESIAN_POINT('',(-0.01015,-0.017,1.04083408558608E-17));
#2703=CARTESIAN_POINT('',(0.01974,-0.017,-0.02024));
#2704=CARTESIAN_POINT('',(0.0205935533905933,-0.017,-0.0156438059222875));
#2705=CARTESIAN_POINT('',(0.0177651262658471,-0.017,-0.0177651262658471));
#2706=CARTESIAN_POINT('',(0.0152902525316941,-0.0175,-0.02024));
#2707=CARTESIAN_POINT('',(-0.0403632233047033,-0.018,0.0200632233047033));
#2708=CARTESIAN_POINT('',(-0.0403632233047033,-0.018,0.0200632233047033));
#2709=CARTESIAN_POINT('',(-0.0418882233047033,-0.018,0.0200632233047033));
#2710=CARTESIAN_POINT('',(-0.01015,-0.018,1.04083408558608E-17));
#2711=CARTESIAN_POINT('',(-0.0403632233047033,-0.018,-0.0200632233047033));
#2712=CARTESIAN_POINT('',(-0.0403632233047033,-0.018,-0.0200632233047033));
#2713=CARTESIAN_POINT('',(-0.0418882233047033,-0.018,-0.0200632233047033));
#2714=CARTESIAN_POINT('',(-0.01015,-0.018,1.04083408558608E-17));
#2715=CARTESIAN_POINT('',(0.0200632233047034,-0.018,-0.0200632233047033));
#2716=CARTESIAN_POINT('',(0.0200632233047034,-0.018,-0.0200632233047033));
#2717=CARTESIAN_POINT('',(0.0185382233047034,-0.018,-0.0200632233047033));
#2718=CARTESIAN_POINT('',(-0.01015,-0.018,1.04083408558608E-17));
#2719=CARTESIAN_POINT('',(0.0200632233047033,-0.018,0.0200632233047033));
#2720=CARTESIAN_POINT('',(0.0200632233047033,-0.018,0.0200632233047033));
#2721=CARTESIAN_POINT('',(0.0185382233047033,-0.018,0.0200632233047033));
#2722=CARTESIAN_POINT('',(-0.01015,-0.018,1.04083408558608E-17));
#2723=CARTESIAN_POINT('',(-0.04054,-0.022,-0.01974));
#2724=CARTESIAN_POINT('',(-0.04004,-0.022,0.02024));
#2725=CARTESIAN_POINT('',(-0.04004,0.,0.02024));
#2726=CARTESIAN_POINT('',(0.02024,-0.022,0.01974));
#2727=CARTESIAN_POINT('',(0.01974,-0.017,0.02024));
#2728=CARTESIAN_POINT('',(0.01974,-0.022,-0.02024));
#2729=CARTESIAN_POINT('',(0.0177651262658471,-0.0175,-0.0177651262658471));
#2730=CARTESIAN_POINT('',(0.0177651262658471,-0.0175,0.0177651262658471));
#2731=CARTESIAN_POINT('',(0.0169401683544628,-0.0163333333333334,0.02024));
#2732=CARTESIAN_POINT('',(-0.0333436796564404,-0.017,-0.0231936796564403));
#2733=CARTESIAN_POINT('',(-0.0380651262658471,-0.0175,0.0177651262658471));
#2734=CARTESIAN_POINT('',(-0.0372401683544628,-0.0163333333333334,0.02024));
#2735=CARTESIAN_POINT('',(-0.01015,0.002,-0.02024));
#2736=CARTESIAN_POINT('',(-0.03689,-0.022,-0.02024));
#2737=CARTESIAN_POINT('',(-0.0433033333333334,-0.00641333333333332,-0.0138266666666666));
#2738=CARTESIAN_POINT('',(-0.03639,0.0005,0.));
#2739=CARTESIAN_POINT('',(-0.0279766666666666,0.00891333333333335,0.0105866666666666));
#2740=CARTESIAN_POINT('',(-0.01015,0.,0.0195));
#2741=CARTESIAN_POINT('',(-0.02939,0.0065,0.013));
#2742=CARTESIAN_POINT('',(-0.02289,0.,5.79580243447409E-18));
#2743=CARTESIAN_POINT('',(-0.02389,0.001,-0.02124));
#2744=CARTESIAN_POINT('',(-0.02339,0.002,-0.02074));
#2745=CARTESIAN_POINT('',(-0.000149999999999993,-0.027,-0.02024));
#2746=CARTESIAN_POINT('',(-0.04004,0.,0.02124));
#2747=CARTESIAN_POINT('',(-0.04004,0.,0.02124));
#2748=CARTESIAN_POINT('',(0.01974,-0.017,0.02124));
#2749=CARTESIAN_POINT('',(0.01974,-0.017,0.02124));
#2750=CARTESIAN_POINT('',(0.0169401683544628,-0.0163333333333334,0.02124));
#2751=CARTESIAN_POINT('',(0.0152902525316941,-0.0175,0.02124));
#2752=CARTESIAN_POINT('',(0.0152902525316941,-0.0175,0.02124));
#2753=CARTESIAN_POINT('',(0.0169401683544628,-0.0163333333333334,0.02124));
#2754=CARTESIAN_POINT('',(0.0152902525316941,-0.017,0.02124));
#2755=CARTESIAN_POINT('',(0.0152902525316941,-0.017,0.02124));
#2756=CARTESIAN_POINT('',(-0.0355902525316941,-0.017,0.02124));
#2757=CARTESIAN_POINT('',(-0.0355902525316941,-0.0175,0.02124));
#2758=CARTESIAN_POINT('',(-0.0355902525316941,-0.0175,0.02124));
#2759=CARTESIAN_POINT('',(-0.0355902525316941,-0.017,0.02124));
#2760=CARTESIAN_POINT('',(-0.0372401683544628,-0.0163333333333334,0.02124));
#2761=CARTESIAN_POINT('',(-0.0372401683544628,-0.0163333333333334,0.02124));
#2762=CARTESIAN_POINT('',(-0.03039,-0.022,0.02124));
#2763=MECHANICAL_DESIGN_GEOMETRIC_PRESENTATION_REPRESENTATION('',(#1649),
#2765);
#2764=MECHANICAL_DESIGN_GEOMETRIC_PRESENTATION_REPRESENTATION('',(#1650),
#2766);
#2765=(
GEOMETRIC_REPRESENTATION_CONTEXT(3)
GLOBAL_UNCERTAINTY_ASSIGNED_CONTEXT((#2767))
GLOBAL_UNIT_ASSIGNED_CONTEXT((#2773,#2771,#2769))
REPRESENTATION_CONTEXT('Part 2','TOP_LEVEL_ASSEMBLY_PART')
);
#2766=(
GEOMETRIC_REPRESENTATION_CONTEXT(3)
GLOBAL_UNCERTAINTY_ASSIGNED_CONTEXT((#2768))
GLOBAL_UNIT_ASSIGNED_CONTEXT((#2774,#2772,#2770))
REPRESENTATION_CONTEXT('Part 1','TOP_LEVEL_ASSEMBLY_PART')
);
#2767=UNCERTAINTY_MEASURE_WITH_UNIT(LENGTH_MEASURE(1.E-8),#2773,
'DISTANCE_ACCURACY_VALUE','Maximum Tolerance applied to model');
#2768=UNCERTAINTY_MEASURE_WITH_UNIT(LENGTH_MEASURE(1.E-8),#2774,
'DISTANCE_ACCURACY_VALUE','Maximum Tolerance applied to model');
#2769=(
NAMED_UNIT(*)
SI_UNIT($,.STERADIAN.)
SOLID_ANGLE_UNIT()
);
#2770=(
NAMED_UNIT(*)
SI_UNIT($,.STERADIAN.)
SOLID_ANGLE_UNIT()
);
#2771=(
NAMED_UNIT(*)
PLANE_ANGLE_UNIT()
SI_UNIT($,.RADIAN.)
);
#2772=(
NAMED_UNIT(*)
PLANE_ANGLE_UNIT()
SI_UNIT($,.RADIAN.)
);
#2773=(
LENGTH_UNIT()
NAMED_UNIT(*)
SI_UNIT($,.METRE.)
);
#2774=(
LENGTH_UNIT()
NAMED_UNIT(*)
SI_UNIT($,.METRE.)
);
#2775=PRODUCT_DEFINITION_SHAPE('','',#2777);
#2776=PRODUCT_DEFINITION_SHAPE('','',#2778);
#2777=PRODUCT_DEFINITION('','',#2781,#2779);
#2778=PRODUCT_DEFINITION('','',#2782,#2780);
#2779=PRODUCT_DEFINITION_CONTEXT('',#2793,'design');
#2780=PRODUCT_DEFINITION_CONTEXT('',#2794,'design');
#2781=PRODUCT_DEFINITION_FORMATION_WITH_SPECIFIED_SOURCE('','',#2785,
 .NOT_KNOWN.);
#2782=PRODUCT_DEFINITION_FORMATION_WITH_SPECIFIED_SOURCE('','',#2786,
 .NOT_KNOWN.);
#2783=PRODUCT_RELATED_PRODUCT_CATEGORY('','',(#2785));
#2784=PRODUCT_RELATED_PRODUCT_CATEGORY('','',(#2786));
#2785=PRODUCT('Part 2','Part 2','Part 2',(#2789));
#2786=PRODUCT('Part 1','Part 1','Part 1',(#2790));
#2787=PRODUCT_CATEGORY('','');
#2788=PRODUCT_CATEGORY('','');
#2789=PRODUCT_CONTEXT('',#2793,'mechanical');
#2790=PRODUCT_CONTEXT('',#2794,'mechanical');
#2791=APPLICATION_PROTOCOL_DEFINITION('international standard',
'ap242_managed_model_based_3d_engineering',2020,#2793);
#2792=APPLICATION_PROTOCOL_DEFINITION('international standard',
'ap242_managed_model_based_3d_engineering',2020,#2794);
#2793=APPLICATION_CONTEXT('managed model based 3d engineering');
#2794=APPLICATION_CONTEXT('managed model based 3d engineering');
ENDSEC;
END-ISO-10303-21;
