ISO-10303-21;
HEADER;
/*Generated by software containing ST-Developer
 * from STEP Tools, Inc. (www.steptools.com) 
 */
/*OPTION: using custom renumber hook */
/*description */
/*implementation_level */
FILE_DESCRIPTION(('STEP AP242 Edition 2','STEP AP242 Edition 2''CAx-IF Rec.Pracs.---Representation and Presentation of Product Manufa
cturing Information (PMI)---4.0---2014-10-13','STEP AP242 Edition 2''CAx-IF Rec.Pracs.---Representation and Presentation of Product Manufa
cturing Information (PMI)---4.0---2014-10-13''CAx-IF Rec.Pracs.---3D Tessellated Geometry---0.4---2014-09-14','STEP AP242 Edition 2''CAx-IF Rec.Pracs.---Representation and Presentation of Product Manufa
cturing Information (PMI)---4.0---2014-10-13''CAx-IF Rec.Pracs.---3D Tessellated Geometry---0.4---2014-09-14''2;1','STEP AP242 Edition 2''CAx-IF Rec.Pracs.---Representation and Presentation of Product Manufa
cturing Information (PMI)---4.0---2014-10-13''CAx-IF Rec.Pracs.---3D Tessellated Geometry---0.4---2014-09-14''2;1''CAx-IF Rec.Pracs.---User Defined Attributes---1.5---2016-08-15'),'2;1');
/*name */
/*time_stamp */
/*author */
/*organization */
/*preprocessor_version */
/*originating_system */
/*authorisation */
FILE_NAME('/vol/tmp/translate-18180328215550330224/Gimble UI Bottom Plate.step','2026-06-03T20:49:38',(''),(''),'ST-DEVELOPER v20','ONSHAPE BY PTC INC, 1.215','  ');
FILE_SCHEMA(('AP242_MANAGED_MODEL_BASED_3D_ENGINEERING_MIM_LF { 1 0 10303 442 3 1 4 }'));
ENDSEC;
DATA;
#10=SHAPE_REPRESENTATION_RELATIONSHIP('','',#1469,#11);
#11=ADVANCED_BREP_SHAPE_REPRESENTATION('',(#1467),#2391);
#12=CONICAL_SURFACE('',#1582,0.00125,0.785398163397446);
#13=CONICAL_SURFACE('',#1583,0.00125,0.785398163397446);
#14=CONICAL_SURFACE('',#1584,0.00225,0.785398163397448);
#15=CONICAL_SURFACE('',#1585,0.00225,0.785398163397448);
#16=CONICAL_SURFACE('',#1586,0.00225,0.785398163397449);
#17=CONICAL_SURFACE('',#1587,0.00225,0.785398163397449);
#18=CONICAL_SURFACE('',#1588,0.00125,0.785398163397449);
#19=CONICAL_SURFACE('',#1589,0.00125,0.785398163397449);
#20=CYLINDRICAL_SURFACE('',#1511,0.00125);
#21=CYLINDRICAL_SURFACE('',#1514,0.00125);
#22=CYLINDRICAL_SURFACE('',#1517,0.00125);
#23=CYLINDRICAL_SURFACE('',#1520,0.00125);
#24=CYLINDRICAL_SURFACE('',#1523,0.003);
#25=CYLINDRICAL_SURFACE('',#1524,0.003);
#26=CYLINDRICAL_SURFACE('',#1525,0.003);
#27=CYLINDRICAL_SURFACE('',#1526,0.003);
#28=CYLINDRICAL_SURFACE('',#1531,0.001525);
#29=CYLINDRICAL_SURFACE('',#1532,0.001525);
#30=CYLINDRICAL_SURFACE('',#1533,0.001525);
#31=CYLINDRICAL_SURFACE('',#1534,0.001525);
#32=CYLINDRICAL_SURFACE('',#1535,0.006);
#33=LINE('',#2003,#187);
#34=LINE('',#2006,#188);
#35=LINE('',#2008,#189);
#36=LINE('',#2010,#190);
#37=LINE('',#2012,#191);
#38=LINE('',#2014,#192);
#39=LINE('',#2016,#193);
#40=LINE('',#2018,#194);
#41=LINE('',#2022,#195);
#42=LINE('',#2026,#196);
#43=LINE('',#2030,#197);
#44=LINE('',#2034,#198);
#45=LINE('',#2036,#199);
#46=LINE('',#2038,#200);
#47=LINE('',#2040,#201);
#48=LINE('',#2042,#202);
#49=LINE('',#2044,#203);
#50=LINE('',#2046,#204);
#51=LINE('',#2048,#205);
#52=LINE('',#2051,#206);
#53=LINE('',#2053,#207);
#54=LINE('',#2055,#208);
#55=LINE('',#2057,#209);
#56=LINE('',#2059,#210);
#57=LINE('',#2061,#211);
#58=LINE('',#2063,#212);
#59=LINE('',#2065,#213);
#60=LINE('',#2067,#214);
#61=LINE('',#2068,#215);
#62=LINE('',#2071,#216);
#63=LINE('',#2073,#217);
#64=LINE('',#2075,#218);
#65=LINE('',#2077,#219);
#66=LINE('',#2079,#220);
#67=LINE('',#2081,#221);
#68=LINE('',#2083,#222);
#69=LINE('',#2084,#223);
#70=LINE('',#2087,#224);
#71=LINE('',#2089,#225);
#72=LINE('',#2091,#226);
#73=LINE('',#2093,#227);
#74=LINE('',#2095,#228);
#75=LINE('',#2097,#229);
#76=LINE('',#2099,#230);
#77=LINE('',#2101,#231);
#78=LINE('',#2104,#232);
#79=LINE('',#2106,#233);
#80=LINE('',#2108,#234);
#81=LINE('',#2110,#235);
#82=LINE('',#2113,#236);
#83=LINE('',#2115,#237);
#84=LINE('',#2117,#238);
#85=LINE('',#2123,#239);
#86=LINE('',#2128,#240);
#87=LINE('',#2132,#241);
#88=LINE('',#2136,#242);
#89=LINE('',#2144,#243);
#90=LINE('',#2145,#244);
#91=LINE('',#2147,#245);
#92=LINE('',#2148,#246);
#93=LINE('',#2150,#247);
#94=LINE('',#2151,#248);
#95=LINE('',#2153,#249);
#96=LINE('',#2155,#250);
#97=LINE('',#2157,#251);
#98=LINE('',#2159,#252);
#99=LINE('',#2161,#253);
#100=LINE('',#2162,#254);
#101=LINE('',#2164,#255);
#102=LINE('',#2165,#256);
#103=LINE('',#2167,#257);
#104=LINE('',#2170,#258);
#105=LINE('',#2172,#259);
#106=LINE('',#2174,#260);
#107=LINE('',#2176,#261);
#108=LINE('',#2179,#262);
#109=LINE('',#2181,#263);
#110=LINE('',#2183,#264);
#111=LINE('',#2189,#265);
#112=LINE('',#2192,#266);
#113=LINE('',#2194,#267);
#114=LINE('',#2196,#268);
#115=LINE('',#2198,#269);
#116=LINE('',#2201,#270);
#117=LINE('',#2203,#271);
#118=LINE('',#2205,#272);
#119=LINE('',#2207,#273);
#120=LINE('',#2210,#274);
#121=LINE('',#2212,#275);
#122=LINE('',#2214,#276);
#123=LINE('',#2220,#277);
#124=LINE('',#2223,#278);
#125=LINE('',#2225,#279);
#126=LINE('',#2227,#280);
#127=LINE('',#2255,#281);
#128=LINE('',#2257,#282);
#129=LINE('',#2268,#283);
#130=LINE('',#2271,#284);
#131=LINE('',#2273,#285);
#132=LINE('',#2275,#286);
#133=LINE('',#2281,#287);
#134=LINE('',#2284,#288);
#135=LINE('',#2286,#289);
#136=LINE('',#2288,#290);
#137=LINE('',#2290,#291);
#138=LINE('',#2291,#292);
#139=LINE('',#2293,#293);
#140=LINE('',#2294,#294);
#141=LINE('',#2296,#295);
#142=LINE('',#2297,#296);
#143=LINE('',#2299,#297);
#144=LINE('',#2301,#298);
#145=LINE('',#2303,#299);
#146=LINE('',#2304,#300);
#147=LINE('',#2306,#301);
#148=LINE('',#2308,#302);
#149=LINE('',#2310,#303);
#150=LINE('',#2311,#304);
#151=LINE('',#2313,#305);
#152=LINE('',#2315,#306);
#153=LINE('',#2317,#307);
#154=LINE('',#2319,#308);
#155=LINE('',#2321,#309);
#156=LINE('',#2323,#310);
#157=LINE('',#2325,#311);
#158=LINE('',#2327,#312);
#159=LINE('',#2329,#313);
#160=LINE('',#2331,#314);
#161=LINE('',#2334,#315);
#162=LINE('',#2335,#316);
#163=LINE('',#2337,#317);
#164=LINE('',#2338,#318);
#165=LINE('',#2340,#319);
#166=LINE('',#2341,#320);
#167=LINE('',#2343,#321);
#168=LINE('',#2345,#322);
#169=LINE('',#2347,#323);
#170=LINE('',#2348,#324);
#171=LINE('',#2350,#325);
#172=LINE('',#2352,#326);
#173=LINE('',#2354,#327);
#174=LINE('',#2355,#328);
#175=LINE('',#2357,#329);
#176=LINE('',#2359,#330);
#177=LINE('',#2361,#331);
#178=LINE('',#2363,#332);
#179=LINE('',#2365,#333);
#180=LINE('',#2367,#334);
#181=LINE('',#2369,#335);
#182=LINE('',#2371,#336);
#183=LINE('',#2373,#337);
#184=LINE('',#2375,#338);
#185=LINE('',#2386,#339);
#186=LINE('',#2388,#340);
#187=VECTOR('',#1605,1.);
#188=VECTOR('',#1606,1.);
#189=VECTOR('',#1607,1.);
#190=VECTOR('',#1608,1.);
#191=VECTOR('',#1609,1.);
#192=VECTOR('',#1610,1.);
#193=VECTOR('',#1611,1.);
#194=VECTOR('',#1612,1.);
#195=VECTOR('',#1615,1.);
#196=VECTOR('',#1618,1.);
#197=VECTOR('',#1621,1.);
#198=VECTOR('',#1624,1.);
#199=VECTOR('',#1625,1.);
#200=VECTOR('',#1626,1.);
#201=VECTOR('',#1627,1.);
#202=VECTOR('',#1628,1.);
#203=VECTOR('',#1629,1.);
#204=VECTOR('',#1630,1.);
#205=VECTOR('',#1633,1.);
#206=VECTOR('',#1634,1.);
#207=VECTOR('',#1635,1.);
#208=VECTOR('',#1636,1.);
#209=VECTOR('',#1637,1.);
#210=VECTOR('',#1638,1.);
#211=VECTOR('',#1639,1.);
#212=VECTOR('',#1640,1.);
#213=VECTOR('',#1641,1.);
#214=VECTOR('',#1642,1.);
#215=VECTOR('',#1643,1.);
#216=VECTOR('',#1644,1.);
#217=VECTOR('',#1645,1.);
#218=VECTOR('',#1646,1.);
#219=VECTOR('',#1647,1.);
#220=VECTOR('',#1648,1.);
#221=VECTOR('',#1649,1.);
#222=VECTOR('',#1650,1.);
#223=VECTOR('',#1651,1.);
#224=VECTOR('',#1652,1.);
#225=VECTOR('',#1653,1.);
#226=VECTOR('',#1654,1.);
#227=VECTOR('',#1655,1.);
#228=VECTOR('',#1656,1.);
#229=VECTOR('',#1657,1.);
#230=VECTOR('',#1658,1.);
#231=VECTOR('',#1661,1.);
#232=VECTOR('',#1662,1.);
#233=VECTOR('',#1663,1.);
#234=VECTOR('',#1664,1.);
#235=VECTOR('',#1667,1.);
#236=VECTOR('',#1668,1.);
#237=VECTOR('',#1669,1.);
#238=VECTOR('',#1670,1.);
#239=VECTOR('',#1677,1.);
#240=VECTOR('',#1680,1.);
#241=VECTOR('',#1683,1.);
#242=VECTOR('',#1686,1.);
#243=VECTOR('',#1695,1.);
#244=VECTOR('',#1696,1.);
#245=VECTOR('',#1699,1.);
#246=VECTOR('',#1700,1.);
#247=VECTOR('',#1703,1.);
#248=VECTOR('',#1704,1.);
#249=VECTOR('',#1707,1.);
#250=VECTOR('',#1710,1.);
#251=VECTOR('',#1713,1.);
#252=VECTOR('',#1716,1.);
#253=VECTOR('',#1719,1.);
#254=VECTOR('',#1720,1.);
#255=VECTOR('',#1723,1.);
#256=VECTOR('',#1724,1.);
#257=VECTOR('',#1727,1.);
#258=VECTOR('',#1728,1.);
#259=VECTOR('',#1729,1.);
#260=VECTOR('',#1730,1.);
#261=VECTOR('',#1733,1.);
#262=VECTOR('',#1734,1.);
#263=VECTOR('',#1735,1.);
#264=VECTOR('',#1736,1.);
#265=VECTOR('',#1743,1.);
#266=VECTOR('',#1744,1.);
#267=VECTOR('',#1745,1.);
#268=VECTOR('',#1746,1.);
#269=VECTOR('',#1749,1.);
#270=VECTOR('',#1750,1.);
#271=VECTOR('',#1751,1.);
#272=VECTOR('',#1752,1.);
#273=VECTOR('',#1755,1.);
#274=VECTOR('',#1756,1.);
#275=VECTOR('',#1757,1.);
#276=VECTOR('',#1758,1.);
#277=VECTOR('',#1765,1.);
#278=VECTOR('',#1766,1.);
#279=VECTOR('',#1767,1.);
#280=VECTOR('',#1768,1.);
#281=VECTOR('',#1807,1.);
#282=VECTOR('',#1810,1.);
#283=VECTOR('',#1827,1.);
#284=VECTOR('',#1828,1.);
#285=VECTOR('',#1829,1.);
#286=VECTOR('',#1830,1.);
#287=VECTOR('',#1837,1.);
#288=VECTOR('',#1838,1.);
#289=VECTOR('',#1839,1.);
#290=VECTOR('',#1840,1.);
#291=VECTOR('',#1843,1.);
#292=VECTOR('',#1844,1.);
#293=VECTOR('',#1847,1.);
#294=VECTOR('',#1848,1.);
#295=VECTOR('',#1851,1.);
#296=VECTOR('',#1852,1.);
#297=VECTOR('',#1855,1.);
#298=VECTOR('',#1858,1.);
#299=VECTOR('',#1861,1.);
#300=VECTOR('',#1862,1.);
#301=VECTOR('',#1865,1.);
#302=VECTOR('',#1868,1.);
#303=VECTOR('',#1871,1.);
#304=VECTOR('',#1872,1.);
#305=VECTOR('',#1875,1.);
#306=VECTOR('',#1878,1.);
#307=VECTOR('',#1881,1.);
#308=VECTOR('',#1884,1.);
#309=VECTOR('',#1887,1.);
#310=VECTOR('',#1890,1.);
#311=VECTOR('',#1893,1.);
#312=VECTOR('',#1896,1.);
#313=VECTOR('',#1899,1.);
#314=VECTOR('',#1902,1.);
#315=VECTOR('',#1907,1.);
#316=VECTOR('',#1908,1.);
#317=VECTOR('',#1911,1.);
#318=VECTOR('',#1912,1.);
#319=VECTOR('',#1915,1.);
#320=VECTOR('',#1916,1.);
#321=VECTOR('',#1919,1.);
#322=VECTOR('',#1922,1.);
#323=VECTOR('',#1925,1.);
#324=VECTOR('',#1926,1.);
#325=VECTOR('',#1929,1.);
#326=VECTOR('',#1932,1.);
#327=VECTOR('',#1935,1.);
#328=VECTOR('',#1936,1.);
#329=VECTOR('',#1939,1.);
#330=VECTOR('',#1942,1.);
#331=VECTOR('',#1945,1.);
#332=VECTOR('',#1948,1.);
#333=VECTOR('',#1951,1.);
#334=VECTOR('',#1954,1.);
#335=VECTOR('',#1957,1.);
#336=VECTOR('',#1960,1.);
#337=VECTOR('',#1963,1.);
#338=VECTOR('',#1966,1.);
#339=VECTOR('',#1987,1.);
#340=VECTOR('',#1990,1.);
#341=ORIENTED_EDGE('',*,*,#717,.T.);
#342=ORIENTED_EDGE('',*,*,#718,.T.);
#343=ORIENTED_EDGE('',*,*,#719,.F.);
#344=ORIENTED_EDGE('',*,*,#720,.F.);
#345=ORIENTED_EDGE('',*,*,#721,.T.);
#346=ORIENTED_EDGE('',*,*,#722,.T.);
#347=ORIENTED_EDGE('',*,*,#723,.T.);
#348=ORIENTED_EDGE('',*,*,#724,.T.);
#349=ORIENTED_EDGE('',*,*,#725,.T.);
#350=ORIENTED_EDGE('',*,*,#726,.F.);
#351=ORIENTED_EDGE('',*,*,#727,.T.);
#352=ORIENTED_EDGE('',*,*,#728,.T.);
#353=ORIENTED_EDGE('',*,*,#729,.T.);
#354=ORIENTED_EDGE('',*,*,#730,.F.);
#355=ORIENTED_EDGE('',*,*,#731,.T.);
#356=ORIENTED_EDGE('',*,*,#732,.F.);
#357=ORIENTED_EDGE('',*,*,#733,.T.);
#358=ORIENTED_EDGE('',*,*,#734,.T.);
#359=ORIENTED_EDGE('',*,*,#735,.T.);
#360=ORIENTED_EDGE('',*,*,#736,.T.);
#361=ORIENTED_EDGE('',*,*,#737,.F.);
#362=ORIENTED_EDGE('',*,*,#738,.F.);
#363=ORIENTED_EDGE('',*,*,#739,.T.);
#364=ORIENTED_EDGE('',*,*,#740,.F.);
#365=ORIENTED_EDGE('',*,*,#741,.T.);
#366=ORIENTED_EDGE('',*,*,#742,.F.);
#367=ORIENTED_EDGE('',*,*,#743,.T.);
#368=ORIENTED_EDGE('',*,*,#744,.T.);
#369=ORIENTED_EDGE('',*,*,#745,.T.);
#370=ORIENTED_EDGE('',*,*,#746,.F.);
#371=ORIENTED_EDGE('',*,*,#747,.T.);
#372=ORIENTED_EDGE('',*,*,#748,.F.);
#373=ORIENTED_EDGE('',*,*,#749,.F.);
#374=ORIENTED_EDGE('',*,*,#750,.T.);
#375=ORIENTED_EDGE('',*,*,#751,.T.);
#376=ORIENTED_EDGE('',*,*,#752,.T.);
#377=ORIENTED_EDGE('',*,*,#753,.T.);
#378=ORIENTED_EDGE('',*,*,#754,.F.);
#379=ORIENTED_EDGE('',*,*,#755,.T.);
#380=ORIENTED_EDGE('',*,*,#756,.F.);
#381=ORIENTED_EDGE('',*,*,#757,.T.);
#382=ORIENTED_EDGE('',*,*,#758,.F.);
#383=ORIENTED_EDGE('',*,*,#759,.T.);
#384=ORIENTED_EDGE('',*,*,#760,.F.);
#385=ORIENTED_EDGE('',*,*,#761,.T.);
#386=ORIENTED_EDGE('',*,*,#762,.F.);
#387=ORIENTED_EDGE('',*,*,#763,.T.);
#388=ORIENTED_EDGE('',*,*,#764,.F.);
#389=ORIENTED_EDGE('',*,*,#765,.T.);
#390=ORIENTED_EDGE('',*,*,#766,.F.);
#391=ORIENTED_EDGE('',*,*,#767,.T.);
#392=ORIENTED_EDGE('',*,*,#768,.F.);
#393=ORIENTED_EDGE('',*,*,#769,.T.);
#394=ORIENTED_EDGE('',*,*,#770,.T.);
#395=ORIENTED_EDGE('',*,*,#771,.T.);
#396=ORIENTED_EDGE('',*,*,#772,.T.);
#397=ORIENTED_EDGE('',*,*,#773,.T.);
#398=ORIENTED_EDGE('',*,*,#774,.T.);
#399=ORIENTED_EDGE('',*,*,#775,.T.);
#400=ORIENTED_EDGE('',*,*,#776,.T.);
#401=ORIENTED_EDGE('',*,*,#777,.T.);
#402=ORIENTED_EDGE('',*,*,#778,.F.);
#403=ORIENTED_EDGE('',*,*,#779,.T.);
#404=ORIENTED_EDGE('',*,*,#780,.T.);
#405=ORIENTED_EDGE('',*,*,#781,.T.);
#406=ORIENTED_EDGE('',*,*,#782,.T.);
#407=ORIENTED_EDGE('',*,*,#783,.F.);
#408=ORIENTED_EDGE('',*,*,#784,.T.);
#409=ORIENTED_EDGE('',*,*,#785,.F.);
#410=ORIENTED_EDGE('',*,*,#786,.T.);
#411=ORIENTED_EDGE('',*,*,#787,.F.);
#412=ORIENTED_EDGE('',*,*,#788,.T.);
#413=ORIENTED_EDGE('',*,*,#732,.T.);
#414=ORIENTED_EDGE('',*,*,#789,.T.);
#415=ORIENTED_EDGE('',*,*,#779,.F.);
#416=ORIENTED_EDGE('',*,*,#790,.T.);
#417=ORIENTED_EDGE('',*,*,#734,.F.);
#418=ORIENTED_EDGE('',*,*,#791,.T.);
#419=ORIENTED_EDGE('',*,*,#785,.T.);
#420=ORIENTED_EDGE('',*,*,#792,.T.);
#421=ORIENTED_EDGE('',*,*,#781,.F.);
#422=ORIENTED_EDGE('',*,*,#793,.T.);
#423=ORIENTED_EDGE('',*,*,#730,.T.);
#424=ORIENTED_EDGE('',*,*,#794,.T.);
#425=ORIENTED_EDGE('',*,*,#783,.T.);
#426=ORIENTED_EDGE('',*,*,#795,.T.);
#427=ORIENTED_EDGE('',*,*,#728,.F.);
#428=ORIENTED_EDGE('',*,*,#796,.F.);
#429=ORIENTED_EDGE('',*,*,#736,.F.);
#430=ORIENTED_EDGE('',*,*,#797,.T.);
#431=ORIENTED_EDGE('',*,*,#744,.F.);
#432=ORIENTED_EDGE('',*,*,#798,.T.);
#433=ORIENTED_EDGE('',*,*,#738,.T.);
#434=ORIENTED_EDGE('',*,*,#799,.T.);
#435=ORIENTED_EDGE('',*,*,#726,.T.);
#436=ORIENTED_EDGE('',*,*,#800,.T.);
#437=ORIENTED_EDGE('',*,*,#740,.T.);
#438=ORIENTED_EDGE('',*,*,#801,.T.);
#439=ORIENTED_EDGE('',*,*,#752,.F.);
#440=ORIENTED_EDGE('',*,*,#802,.T.);
#441=ORIENTED_EDGE('',*,*,#746,.T.);
#442=ORIENTED_EDGE('',*,*,#803,.T.);
#443=ORIENTED_EDGE('',*,*,#724,.F.);
#444=ORIENTED_EDGE('',*,*,#804,.T.);
#445=ORIENTED_EDGE('',*,*,#805,.T.);
#446=ORIENTED_EDGE('',*,*,#806,.T.);
#447=ORIENTED_EDGE('',*,*,#807,.T.);
#448=ORIENTED_EDGE('',*,*,#808,.T.);
#449=ORIENTED_EDGE('',*,*,#809,.T.);
#450=ORIENTED_EDGE('',*,*,#810,.T.);
#451=ORIENTED_EDGE('',*,*,#811,.T.);
#452=ORIENTED_EDGE('',*,*,#812,.T.);
#453=ORIENTED_EDGE('',*,*,#813,.T.);
#454=ORIENTED_EDGE('',*,*,#814,.T.);
#455=ORIENTED_EDGE('',*,*,#815,.T.);
#456=ORIENTED_EDGE('',*,*,#816,.T.);
#457=ORIENTED_EDGE('',*,*,#817,.T.);
#458=ORIENTED_EDGE('',*,*,#818,.T.);
#459=ORIENTED_EDGE('',*,*,#819,.T.);
#460=ORIENTED_EDGE('',*,*,#820,.T.);
#461=ORIENTED_EDGE('',*,*,#821,.T.);
#462=ORIENTED_EDGE('',*,*,#822,.T.);
#463=ORIENTED_EDGE('',*,*,#823,.T.);
#464=ORIENTED_EDGE('',*,*,#824,.T.);
#465=ORIENTED_EDGE('',*,*,#825,.T.);
#466=ORIENTED_EDGE('',*,*,#826,.T.);
#467=ORIENTED_EDGE('',*,*,#827,.T.);
#468=ORIENTED_EDGE('',*,*,#828,.T.);
#469=ORIENTED_EDGE('',*,*,#829,.T.);
#470=ORIENTED_EDGE('',*,*,#830,.T.);
#471=ORIENTED_EDGE('',*,*,#831,.T.);
#472=ORIENTED_EDGE('',*,*,#832,.T.);
#473=ORIENTED_EDGE('',*,*,#833,.T.);
#474=ORIENTED_EDGE('',*,*,#834,.T.);
#475=ORIENTED_EDGE('',*,*,#835,.T.);
#476=ORIENTED_EDGE('',*,*,#836,.T.);
#477=ORIENTED_EDGE('',*,*,#837,.T.);
#478=ORIENTED_EDGE('',*,*,#838,.T.);
#479=ORIENTED_EDGE('',*,*,#839,.T.);
#480=ORIENTED_EDGE('',*,*,#840,.T.);
#481=ORIENTED_EDGE('',*,*,#731,.F.);
#482=ORIENTED_EDGE('',*,*,#793,.F.);
#483=ORIENTED_EDGE('',*,*,#780,.F.);
#484=ORIENTED_EDGE('',*,*,#789,.F.);
#485=ORIENTED_EDGE('',*,*,#729,.F.);
#486=ORIENTED_EDGE('',*,*,#795,.F.);
#487=ORIENTED_EDGE('',*,*,#782,.F.);
#488=ORIENTED_EDGE('',*,*,#794,.F.);
#489=ORIENTED_EDGE('',*,*,#733,.F.);
#490=ORIENTED_EDGE('',*,*,#790,.F.);
#491=ORIENTED_EDGE('',*,*,#786,.F.);
#492=ORIENTED_EDGE('',*,*,#791,.F.);
#493=ORIENTED_EDGE('',*,*,#735,.F.);
#494=ORIENTED_EDGE('',*,*,#792,.F.);
#495=ORIENTED_EDGE('',*,*,#784,.F.);
#496=ORIENTED_EDGE('',*,*,#797,.F.);
#497=ORIENTED_EDGE('',*,*,#725,.F.);
#498=ORIENTED_EDGE('',*,*,#803,.F.);
#499=ORIENTED_EDGE('',*,*,#745,.F.);
#500=ORIENTED_EDGE('',*,*,#800,.F.);
#501=ORIENTED_EDGE('',*,*,#739,.F.);
#502=ORIENTED_EDGE('',*,*,#798,.F.);
#503=ORIENTED_EDGE('',*,*,#743,.F.);
#504=ORIENTED_EDGE('',*,*,#801,.F.);
#505=ORIENTED_EDGE('',*,*,#723,.F.);
#506=ORIENTED_EDGE('',*,*,#841,.F.);
#507=ORIENTED_EDGE('',*,*,#747,.F.);
#508=ORIENTED_EDGE('',*,*,#804,.F.);
#509=ORIENTED_EDGE('',*,*,#741,.F.);
#510=ORIENTED_EDGE('',*,*,#802,.F.);
#511=ORIENTED_EDGE('',*,*,#751,.F.);
#512=ORIENTED_EDGE('',*,*,#842,.F.);
#513=ORIENTED_EDGE('',*,*,#718,.F.);
#514=ORIENTED_EDGE('',*,*,#778,.T.);
#515=ORIENTED_EDGE('',*,*,#719,.T.);
#516=ORIENTED_EDGE('',*,*,#777,.F.);
#517=ORIENTED_EDGE('',*,*,#717,.F.);
#518=ORIENTED_EDGE('',*,*,#787,.T.);
#519=ORIENTED_EDGE('',*,*,#720,.T.);
#520=ORIENTED_EDGE('',*,*,#788,.F.);
#521=ORIENTED_EDGE('',*,*,#796,.T.);
#522=ORIENTED_EDGE('',*,*,#727,.F.);
#523=ORIENTED_EDGE('',*,*,#799,.F.);
#524=ORIENTED_EDGE('',*,*,#737,.T.);
#525=ORIENTED_EDGE('',*,*,#843,.T.);
#526=ORIENTED_EDGE('',*,*,#844,.T.);
#527=ORIENTED_EDGE('',*,*,#845,.T.);
#528=ORIENTED_EDGE('',*,*,#846,.T.);
#529=ORIENTED_EDGE('',*,*,#847,.T.);
#530=ORIENTED_EDGE('',*,*,#848,.T.);
#531=ORIENTED_EDGE('',*,*,#849,.T.);
#532=ORIENTED_EDGE('',*,*,#850,.T.);
#533=ORIENTED_EDGE('',*,*,#851,.T.);
#534=ORIENTED_EDGE('',*,*,#852,.T.);
#535=ORIENTED_EDGE('',*,*,#853,.T.);
#536=ORIENTED_EDGE('',*,*,#854,.T.);
#537=ORIENTED_EDGE('',*,*,#855,.F.);
#538=ORIENTED_EDGE('',*,*,#773,.F.);
#539=ORIENTED_EDGE('',*,*,#856,.F.);
#540=ORIENTED_EDGE('',*,*,#821,.F.);
#541=ORIENTED_EDGE('',*,*,#857,.F.);
#542=ORIENTED_EDGE('',*,*,#855,.T.);
#543=ORIENTED_EDGE('',*,*,#858,.F.);
#544=ORIENTED_EDGE('',*,*,#859,.F.);
#545=ORIENTED_EDGE('',*,*,#856,.T.);
#546=ORIENTED_EDGE('',*,*,#860,.F.);
#547=ORIENTED_EDGE('',*,*,#858,.T.);
#548=ORIENTED_EDGE('',*,*,#820,.F.);
#549=ORIENTED_EDGE('',*,*,#861,.F.);
#550=ORIENTED_EDGE('',*,*,#851,.F.);
#551=ORIENTED_EDGE('',*,*,#857,.T.);
#552=ORIENTED_EDGE('',*,*,#854,.F.);
#553=ORIENTED_EDGE('',*,*,#862,.F.);
#554=ORIENTED_EDGE('',*,*,#774,.F.);
#555=ORIENTED_EDGE('',*,*,#863,.F.);
#556=ORIENTED_EDGE('',*,*,#775,.F.);
#557=ORIENTED_EDGE('',*,*,#864,.F.);
#558=ORIENTED_EDGE('',*,*,#823,.F.);
#559=ORIENTED_EDGE('',*,*,#860,.T.);
#560=ORIENTED_EDGE('',*,*,#776,.F.);
#561=ORIENTED_EDGE('',*,*,#865,.F.);
#562=ORIENTED_EDGE('',*,*,#829,.F.);
#563=ORIENTED_EDGE('',*,*,#859,.T.);
#564=ORIENTED_EDGE('',*,*,#832,.F.);
#565=ORIENTED_EDGE('',*,*,#866,.F.);
#566=ORIENTED_EDGE('',*,*,#822,.F.);
#567=ORIENTED_EDGE('',*,*,#867,.F.);
#568=ORIENTED_EDGE('',*,*,#763,.F.);
#569=ORIENTED_EDGE('',*,*,#868,.F.);
#570=ORIENTED_EDGE('',*,*,#819,.F.);
#571=ORIENTED_EDGE('',*,*,#762,.T.);
#572=ORIENTED_EDGE('',*,*,#869,.F.);
#573=ORIENTED_EDGE('',*,*,#861,.T.);
#574=ORIENTED_EDGE('',*,*,#868,.T.);
#575=ORIENTED_EDGE('',*,*,#864,.T.);
#576=ORIENTED_EDGE('',*,*,#862,.T.);
#577=ORIENTED_EDGE('',*,*,#870,.F.);
#578=ORIENTED_EDGE('',*,*,#865,.T.);
#579=ORIENTED_EDGE('',*,*,#863,.T.);
#580=ORIENTED_EDGE('',*,*,#871,.F.);
#581=ORIENTED_EDGE('',*,*,#867,.T.);
#582=ORIENTED_EDGE('',*,*,#866,.T.);
#583=ORIENTED_EDGE('',*,*,#872,.F.);
#584=ORIENTED_EDGE('',*,*,#764,.T.);
#585=ORIENTED_EDGE('',*,*,#869,.T.);
#586=ORIENTED_EDGE('',*,*,#761,.F.);
#587=ORIENTED_EDGE('',*,*,#873,.F.);
#588=ORIENTED_EDGE('',*,*,#852,.F.);
#589=ORIENTED_EDGE('',*,*,#870,.T.);
#590=ORIENTED_EDGE('',*,*,#853,.F.);
#591=ORIENTED_EDGE('',*,*,#874,.F.);
#592=ORIENTED_EDGE('',*,*,#824,.F.);
#593=ORIENTED_EDGE('',*,*,#871,.T.);
#594=ORIENTED_EDGE('',*,*,#826,.F.);
#595=ORIENTED_EDGE('',*,*,#875,.F.);
#596=ORIENTED_EDGE('',*,*,#830,.F.);
#597=ORIENTED_EDGE('',*,*,#872,.T.);
#598=ORIENTED_EDGE('',*,*,#831,.F.);
#599=ORIENTED_EDGE('',*,*,#876,.F.);
#600=ORIENTED_EDGE('',*,*,#765,.F.);
#601=ORIENTED_EDGE('',*,*,#873,.T.);
#602=ORIENTED_EDGE('',*,*,#768,.T.);
#603=ORIENTED_EDGE('',*,*,#877,.F.);
#604=ORIENTED_EDGE('',*,*,#874,.T.);
#605=ORIENTED_EDGE('',*,*,#876,.T.);
#606=ORIENTED_EDGE('',*,*,#875,.T.);
#607=ORIENTED_EDGE('',*,*,#878,.F.);
#608=ORIENTED_EDGE('',*,*,#766,.T.);
#609=ORIENTED_EDGE('',*,*,#877,.T.);
#610=ORIENTED_EDGE('',*,*,#767,.F.);
#611=ORIENTED_EDGE('',*,*,#878,.T.);
#612=ORIENTED_EDGE('',*,*,#825,.F.);
#613=ORIENTED_EDGE('',*,*,#879,.F.);
#614=ORIENTED_EDGE('',*,*,#769,.F.);
#615=ORIENTED_EDGE('',*,*,#880,.F.);
#616=ORIENTED_EDGE('',*,*,#807,.F.);
#617=ORIENTED_EDGE('',*,*,#881,.F.);
#618=ORIENTED_EDGE('',*,*,#879,.T.);
#619=ORIENTED_EDGE('',*,*,#882,.F.);
#620=ORIENTED_EDGE('',*,*,#883,.F.);
#621=ORIENTED_EDGE('',*,*,#880,.T.);
#622=ORIENTED_EDGE('',*,*,#884,.F.);
#623=ORIENTED_EDGE('',*,*,#882,.T.);
#624=ORIENTED_EDGE('',*,*,#806,.F.);
#625=ORIENTED_EDGE('',*,*,#885,.F.);
#626=ORIENTED_EDGE('',*,*,#845,.F.);
#627=ORIENTED_EDGE('',*,*,#881,.T.);
#628=ORIENTED_EDGE('',*,*,#848,.F.);
#629=ORIENTED_EDGE('',*,*,#886,.F.);
#630=ORIENTED_EDGE('',*,*,#770,.F.);
#631=ORIENTED_EDGE('',*,*,#887,.F.);
#632=ORIENTED_EDGE('',*,*,#771,.F.);
#633=ORIENTED_EDGE('',*,*,#888,.F.);
#634=ORIENTED_EDGE('',*,*,#809,.F.);
#635=ORIENTED_EDGE('',*,*,#884,.T.);
#636=ORIENTED_EDGE('',*,*,#772,.F.);
#637=ORIENTED_EDGE('',*,*,#889,.F.);
#638=ORIENTED_EDGE('',*,*,#815,.F.);
#639=ORIENTED_EDGE('',*,*,#883,.T.);
#640=ORIENTED_EDGE('',*,*,#818,.F.);
#641=ORIENTED_EDGE('',*,*,#890,.F.);
#642=ORIENTED_EDGE('',*,*,#808,.F.);
#643=ORIENTED_EDGE('',*,*,#891,.F.);
#644=ORIENTED_EDGE('',*,*,#755,.F.);
#645=ORIENTED_EDGE('',*,*,#892,.F.);
#646=ORIENTED_EDGE('',*,*,#805,.F.);
#647=ORIENTED_EDGE('',*,*,#754,.T.);
#648=ORIENTED_EDGE('',*,*,#893,.F.);
#649=ORIENTED_EDGE('',*,*,#885,.T.);
#650=ORIENTED_EDGE('',*,*,#892,.T.);
#651=ORIENTED_EDGE('',*,*,#888,.T.);
#652=ORIENTED_EDGE('',*,*,#886,.T.);
#653=ORIENTED_EDGE('',*,*,#894,.F.);
#654=ORIENTED_EDGE('',*,*,#889,.T.);
#655=ORIENTED_EDGE('',*,*,#887,.T.);
#656=ORIENTED_EDGE('',*,*,#895,.F.);
#657=ORIENTED_EDGE('',*,*,#891,.T.);
#658=ORIENTED_EDGE('',*,*,#890,.T.);
#659=ORIENTED_EDGE('',*,*,#896,.F.);
#660=ORIENTED_EDGE('',*,*,#756,.T.);
#661=ORIENTED_EDGE('',*,*,#893,.T.);
#662=ORIENTED_EDGE('',*,*,#753,.F.);
#663=ORIENTED_EDGE('',*,*,#897,.F.);
#664=ORIENTED_EDGE('',*,*,#846,.F.);
#665=ORIENTED_EDGE('',*,*,#894,.T.);
#666=ORIENTED_EDGE('',*,*,#847,.F.);
#667=ORIENTED_EDGE('',*,*,#898,.F.);
#668=ORIENTED_EDGE('',*,*,#810,.F.);
#669=ORIENTED_EDGE('',*,*,#895,.T.);
#670=ORIENTED_EDGE('',*,*,#812,.F.);
#671=ORIENTED_EDGE('',*,*,#899,.F.);
#672=ORIENTED_EDGE('',*,*,#816,.F.);
#673=ORIENTED_EDGE('',*,*,#896,.T.);
#674=ORIENTED_EDGE('',*,*,#817,.F.);
#675=ORIENTED_EDGE('',*,*,#900,.F.);
#676=ORIENTED_EDGE('',*,*,#757,.F.);
#677=ORIENTED_EDGE('',*,*,#897,.T.);
#678=ORIENTED_EDGE('',*,*,#760,.T.);
#679=ORIENTED_EDGE('',*,*,#901,.F.);
#680=ORIENTED_EDGE('',*,*,#898,.T.);
#681=ORIENTED_EDGE('',*,*,#900,.T.);
#682=ORIENTED_EDGE('',*,*,#899,.T.);
#683=ORIENTED_EDGE('',*,*,#902,.F.);
#684=ORIENTED_EDGE('',*,*,#758,.T.);
#685=ORIENTED_EDGE('',*,*,#901,.T.);
#686=ORIENTED_EDGE('',*,*,#759,.F.);
#687=ORIENTED_EDGE('',*,*,#902,.T.);
#688=ORIENTED_EDGE('',*,*,#811,.F.);
#689=ORIENTED_EDGE('',*,*,#849,.F.);
#690=ORIENTED_EDGE('',*,*,#833,.F.);
#691=ORIENTED_EDGE('',*,*,#850,.F.);
#692=ORIENTED_EDGE('',*,*,#835,.F.);
#693=ORIENTED_EDGE('',*,*,#839,.F.);
#694=ORIENTED_EDGE('',*,*,#843,.F.);
#695=ORIENTED_EDGE('',*,*,#837,.F.);
#696=ORIENTED_EDGE('',*,*,#844,.F.);
#697=ORIENTED_EDGE('',*,*,#834,.F.);
#698=ORIENTED_EDGE('',*,*,#827,.F.);
#699=ORIENTED_EDGE('',*,*,#836,.F.);
#700=ORIENTED_EDGE('',*,*,#828,.F.);
#701=ORIENTED_EDGE('',*,*,#813,.F.);
#702=ORIENTED_EDGE('',*,*,#840,.F.);
#703=ORIENTED_EDGE('',*,*,#814,.F.);
#704=ORIENTED_EDGE('',*,*,#838,.F.);
#705=ORIENTED_EDGE('',*,*,#841,.T.);
#706=ORIENTED_EDGE('',*,*,#722,.F.);
#707=ORIENTED_EDGE('',*,*,#903,.F.);
#708=ORIENTED_EDGE('',*,*,#748,.T.);
#709=ORIENTED_EDGE('',*,*,#842,.T.);
#710=ORIENTED_EDGE('',*,*,#750,.F.);
#711=ORIENTED_EDGE('',*,*,#904,.F.);
#712=ORIENTED_EDGE('',*,*,#742,.T.);
#713=ORIENTED_EDGE('',*,*,#749,.T.);
#714=ORIENTED_EDGE('',*,*,#903,.T.);
#715=ORIENTED_EDGE('',*,*,#721,.F.);
#716=ORIENTED_EDGE('',*,*,#904,.T.);
#717=EDGE_CURVE('',#905,#905,#1025,.T.);
#718=EDGE_CURVE('',#906,#906,#1026,.T.);
#719=EDGE_CURVE('',#907,#907,#1027,.T.);
#720=EDGE_CURVE('',#908,#908,#1028,.T.);
#721=EDGE_CURVE('',#909,#910,#33,.T.);
#722=EDGE_CURVE('',#910,#911,#34,.T.);
#723=EDGE_CURVE('',#911,#912,#35,.F.);
#724=EDGE_CURVE('',#912,#913,#36,.T.);
#725=EDGE_CURVE('',#913,#914,#37,.T.);
#726=EDGE_CURVE('',#915,#914,#38,.T.);
#727=EDGE_CURVE('',#915,#916,#39,.T.);
#728=EDGE_CURVE('',#916,#917,#40,.T.);
#729=EDGE_CURVE('',#917,#918,#1029,.T.);
#730=EDGE_CURVE('',#919,#918,#41,.T.);
#731=EDGE_CURVE('',#919,#920,#1030,.T.);
#732=EDGE_CURVE('',#921,#920,#42,.T.);
#733=EDGE_CURVE('',#921,#922,#1031,.T.);
#734=EDGE_CURVE('',#922,#923,#43,.T.);
#735=EDGE_CURVE('',#923,#924,#1032,.T.);
#736=EDGE_CURVE('',#924,#925,#44,.T.);
#737=EDGE_CURVE('',#926,#925,#45,.T.);
#738=EDGE_CURVE('',#927,#926,#46,.T.);
#739=EDGE_CURVE('',#927,#928,#47,.F.);
#740=EDGE_CURVE('',#929,#928,#48,.T.);
#741=EDGE_CURVE('',#929,#930,#49,.T.);
#742=EDGE_CURVE('',#909,#930,#50,.T.);
#743=EDGE_CURVE('',#931,#932,#51,.F.);
#744=EDGE_CURVE('',#932,#933,#52,.T.);
#745=EDGE_CURVE('',#933,#934,#53,.T.);
#746=EDGE_CURVE('',#935,#934,#54,.T.);
#747=EDGE_CURVE('',#935,#936,#55,.F.);
#748=EDGE_CURVE('',#937,#936,#56,.T.);
#749=EDGE_CURVE('',#938,#937,#57,.T.);
#750=EDGE_CURVE('',#938,#939,#58,.T.);
#751=EDGE_CURVE('',#939,#940,#59,.T.);
#752=EDGE_CURVE('',#940,#931,#60,.T.);
#753=EDGE_CURVE('',#941,#942,#61,.T.);
#754=EDGE_CURVE('',#943,#942,#62,.T.);
#755=EDGE_CURVE('',#943,#944,#63,.T.);
#756=EDGE_CURVE('',#945,#944,#64,.T.);
#757=EDGE_CURVE('',#945,#946,#65,.T.);
#758=EDGE_CURVE('',#947,#946,#66,.T.);
#759=EDGE_CURVE('',#947,#948,#67,.T.);
#760=EDGE_CURVE('',#941,#948,#68,.T.);
#761=EDGE_CURVE('',#949,#950,#69,.T.);
#762=EDGE_CURVE('',#951,#950,#70,.T.);
#763=EDGE_CURVE('',#951,#952,#71,.T.);
#764=EDGE_CURVE('',#953,#952,#72,.T.);
#765=EDGE_CURVE('',#953,#954,#73,.T.);
#766=EDGE_CURVE('',#955,#954,#74,.T.);
#767=EDGE_CURVE('',#955,#956,#75,.T.);
#768=EDGE_CURVE('',#949,#956,#76,.T.);
#769=EDGE_CURVE('',#957,#958,#77,.T.);
#770=EDGE_CURVE('',#958,#959,#78,.T.);
#771=EDGE_CURVE('',#959,#960,#79,.T.);
#772=EDGE_CURVE('',#960,#957,#80,.T.);
#773=EDGE_CURVE('',#961,#962,#81,.T.);
#774=EDGE_CURVE('',#962,#963,#82,.T.);
#775=EDGE_CURVE('',#963,#964,#83,.T.);
#776=EDGE_CURVE('',#964,#961,#84,.T.);
#777=EDGE_CURVE('',#965,#965,#1033,.T.);
#778=EDGE_CURVE('',#966,#966,#1034,.F.);
#779=EDGE_CURVE('',#967,#968,#85,.T.);
#780=EDGE_CURVE('',#968,#969,#1035,.F.);
#781=EDGE_CURVE('',#969,#970,#86,.T.);
#782=EDGE_CURVE('',#970,#971,#1036,.F.);
#783=EDGE_CURVE('',#972,#971,#87,.T.);
#784=EDGE_CURVE('',#972,#973,#1037,.F.);
#785=EDGE_CURVE('',#974,#973,#88,.T.);
#786=EDGE_CURVE('',#974,#967,#1038,.F.);
#787=EDGE_CURVE('',#975,#975,#1039,.F.);
#788=EDGE_CURVE('',#976,#976,#1040,.T.);
#789=EDGE_CURVE('',#920,#968,#89,.T.);
#790=EDGE_CURVE('',#967,#921,#90,.F.);
#791=EDGE_CURVE('',#922,#974,#91,.T.);
#792=EDGE_CURVE('',#973,#923,#92,.F.);
#793=EDGE_CURVE('',#969,#919,#93,.F.);
#794=EDGE_CURVE('',#918,#970,#94,.T.);
#795=EDGE_CURVE('',#971,#917,#95,.F.);
#796=EDGE_CURVE('',#925,#916,#1041,.T.);
#797=EDGE_CURVE('',#924,#972,#96,.T.);
#798=EDGE_CURVE('',#932,#927,#97,.T.);
#799=EDGE_CURVE('',#926,#915,#1042,.T.);
#800=EDGE_CURVE('',#914,#933,#98,.T.);
#801=EDGE_CURVE('',#928,#931,#99,.T.);
#802=EDGE_CURVE('',#940,#929,#100,.T.);
#803=EDGE_CURVE('',#934,#913,#101,.T.);
#804=EDGE_CURVE('',#912,#935,#102,.T.);
#805=EDGE_CURVE('',#977,#978,#103,.T.);
#806=EDGE_CURVE('',#978,#979,#104,.T.);
#807=EDGE_CURVE('',#979,#980,#105,.T.);
#808=EDGE_CURVE('',#980,#977,#106,.T.);
#809=EDGE_CURVE('',#981,#982,#107,.T.);
#810=EDGE_CURVE('',#982,#983,#108,.T.);
#811=EDGE_CURVE('',#983,#984,#109,.T.);
#812=EDGE_CURVE('',#984,#981,#110,.T.);
#813=EDGE_CURVE('',#985,#985,#1043,.F.);
#814=EDGE_CURVE('',#986,#986,#1044,.F.);
#815=EDGE_CURVE('',#987,#988,#111,.T.);
#816=EDGE_CURVE('',#988,#989,#112,.T.);
#817=EDGE_CURVE('',#989,#990,#113,.T.);
#818=EDGE_CURVE('',#990,#987,#114,.T.);
#819=EDGE_CURVE('',#991,#992,#115,.T.);
#820=EDGE_CURVE('',#992,#993,#116,.T.);
#821=EDGE_CURVE('',#993,#994,#117,.T.);
#822=EDGE_CURVE('',#994,#991,#118,.T.);
#823=EDGE_CURVE('',#995,#996,#119,.T.);
#824=EDGE_CURVE('',#996,#997,#120,.T.);
#825=EDGE_CURVE('',#997,#998,#121,.T.);
#826=EDGE_CURVE('',#998,#995,#122,.T.);
#827=EDGE_CURVE('',#999,#999,#1045,.F.);
#828=EDGE_CURVE('',#1000,#1000,#1046,.F.);
#829=EDGE_CURVE('',#1001,#1002,#123,.T.);
#830=EDGE_CURVE('',#1002,#1003,#124,.T.);
#831=EDGE_CURVE('',#1003,#1004,#125,.T.);
#832=EDGE_CURVE('',#1004,#1001,#126,.T.);
#833=EDGE_CURVE('',#1005,#1005,#1047,.F.);
#834=EDGE_CURVE('',#1006,#1006,#1048,.T.);
#835=EDGE_CURVE('',#1007,#1007,#1049,.F.);
#836=EDGE_CURVE('',#1008,#1008,#1050,.T.);
#837=EDGE_CURVE('',#1009,#1009,#1051,.F.);
#838=EDGE_CURVE('',#1010,#1010,#1052,.T.);
#839=EDGE_CURVE('',#1011,#1011,#1053,.F.);
#840=EDGE_CURVE('',#1012,#1012,#1054,.T.);
#841=EDGE_CURVE('',#936,#911,#127,.T.);
#842=EDGE_CURVE('',#930,#939,#128,.T.);
#843=EDGE_CURVE('',#1013,#1013,#1055,.T.);
#844=EDGE_CURVE('',#1014,#1014,#1056,.T.);
#845=EDGE_CURVE('',#1015,#1016,#129,.T.);
#846=EDGE_CURVE('',#1016,#1017,#130,.T.);
#847=EDGE_CURVE('',#1017,#1018,#131,.T.);
#848=EDGE_CURVE('',#1018,#1015,#132,.T.);
#849=EDGE_CURVE('',#1019,#1019,#1057,.T.);
#850=EDGE_CURVE('',#1020,#1020,#1058,.T.);
#851=EDGE_CURVE('',#1021,#1022,#133,.T.);
#852=EDGE_CURVE('',#1022,#1023,#134,.T.);
#853=EDGE_CURVE('',#1023,#1024,#135,.T.);
#854=EDGE_CURVE('',#1024,#1021,#136,.T.);
#855=EDGE_CURVE('',#962,#993,#137,.F.);
#856=EDGE_CURVE('',#994,#961,#138,.F.);
#857=EDGE_CURVE('',#962,#1021,#139,.F.);
#858=EDGE_CURVE('',#1021,#993,#140,.F.);
#859=EDGE_CURVE('',#994,#1001,#141,.T.);
#860=EDGE_CURVE('',#1001,#961,#142,.T.);
#861=EDGE_CURVE('',#1022,#992,#143,.T.);
#862=EDGE_CURVE('',#963,#1024,#144,.T.);
#863=EDGE_CURVE('',#964,#995,#145,.T.);
#864=EDGE_CURVE('',#996,#963,#146,.T.);
#865=EDGE_CURVE('',#1002,#964,#147,.F.);
#866=EDGE_CURVE('',#991,#1004,#148,.F.);
#867=EDGE_CURVE('',#952,#991,#149,.T.);
#868=EDGE_CURVE('',#992,#951,#150,.T.);
#869=EDGE_CURVE('',#1022,#950,#151,.F.);
#870=EDGE_CURVE('',#996,#1024,#152,.T.);
#871=EDGE_CURVE('',#1002,#995,#153,.F.);
#872=EDGE_CURVE('',#953,#1004,#154,.F.);
#873=EDGE_CURVE('',#1023,#949,#155,.T.);
#874=EDGE_CURVE('',#997,#1023,#156,.F.);
#875=EDGE_CURVE('',#1003,#998,#157,.T.);
#876=EDGE_CURVE('',#954,#1003,#158,.T.);
#877=EDGE_CURVE('',#997,#956,#159,.F.);
#878=EDGE_CURVE('',#955,#998,#160,.F.);
#879=EDGE_CURVE('',#958,#979,#161,.F.);
#880=EDGE_CURVE('',#980,#957,#162,.F.);
#881=EDGE_CURVE('',#958,#1015,#163,.F.);
#882=EDGE_CURVE('',#1015,#979,#164,.F.);
#883=EDGE_CURVE('',#980,#987,#165,.T.);
#884=EDGE_CURVE('',#987,#957,#166,.T.);
#885=EDGE_CURVE('',#1016,#978,#167,.T.);
#886=EDGE_CURVE('',#959,#1018,#168,.T.);
#887=EDGE_CURVE('',#960,#981,#169,.T.);
#888=EDGE_CURVE('',#982,#959,#170,.T.);
#889=EDGE_CURVE('',#988,#960,#171,.F.);
#890=EDGE_CURVE('',#977,#990,#172,.F.);
#891=EDGE_CURVE('',#944,#977,#173,.T.);
#892=EDGE_CURVE('',#978,#943,#174,.T.);
#893=EDGE_CURVE('',#1016,#942,#175,.F.);
#894=EDGE_CURVE('',#982,#1018,#176,.T.);
#895=EDGE_CURVE('',#988,#981,#177,.F.);
#896=EDGE_CURVE('',#945,#990,#178,.F.);
#897=EDGE_CURVE('',#1017,#941,#179,.T.);
#898=EDGE_CURVE('',#983,#1017,#180,.F.);
#899=EDGE_CURVE('',#989,#984,#181,.T.);
#900=EDGE_CURVE('',#946,#989,#182,.T.);
#901=EDGE_CURVE('',#983,#948,#183,.F.);
#902=EDGE_CURVE('',#947,#984,#184,.F.);
#903=EDGE_CURVE('',#937,#910,#185,.T.);
#904=EDGE_CURVE('',#909,#938,#186,.T.);
#905=VERTEX_POINT('',#1996);
#906=VERTEX_POINT('',#1998);
#907=VERTEX_POINT('',#2000);
#908=VERTEX_POINT('',#2002);
#909=VERTEX_POINT('',#2004);
#910=VERTEX_POINT('',#2005);
#911=VERTEX_POINT('',#2007);
#912=VERTEX_POINT('',#2009);
#913=VERTEX_POINT('',#2011);
#914=VERTEX_POINT('',#2013);
#915=VERTEX_POINT('',#2015);
#916=VERTEX_POINT('',#2017);
#917=VERTEX_POINT('',#2019);
#918=VERTEX_POINT('',#2021);
#919=VERTEX_POINT('',#2023);
#920=VERTEX_POINT('',#2025);
#921=VERTEX_POINT('',#2027);
#922=VERTEX_POINT('',#2029);
#923=VERTEX_POINT('',#2031);
#924=VERTEX_POINT('',#2033);
#925=VERTEX_POINT('',#2035);
#926=VERTEX_POINT('',#2037);
#927=VERTEX_POINT('',#2039);
#928=VERTEX_POINT('',#2041);
#929=VERTEX_POINT('',#2043);
#930=VERTEX_POINT('',#2045);
#931=VERTEX_POINT('',#2049);
#932=VERTEX_POINT('',#2050);
#933=VERTEX_POINT('',#2052);
#934=VERTEX_POINT('',#2054);
#935=VERTEX_POINT('',#2056);
#936=VERTEX_POINT('',#2058);
#937=VERTEX_POINT('',#2060);
#938=VERTEX_POINT('',#2062);
#939=VERTEX_POINT('',#2064);
#940=VERTEX_POINT('',#2066);
#941=VERTEX_POINT('',#2069);
#942=VERTEX_POINT('',#2070);
#943=VERTEX_POINT('',#2072);
#944=VERTEX_POINT('',#2074);
#945=VERTEX_POINT('',#2076);
#946=VERTEX_POINT('',#2078);
#947=VERTEX_POINT('',#2080);
#948=VERTEX_POINT('',#2082);
#949=VERTEX_POINT('',#2085);
#950=VERTEX_POINT('',#2086);
#951=VERTEX_POINT('',#2088);
#952=VERTEX_POINT('',#2090);
#953=VERTEX_POINT('',#2092);
#954=VERTEX_POINT('',#2094);
#955=VERTEX_POINT('',#2096);
#956=VERTEX_POINT('',#2098);
#957=VERTEX_POINT('',#2102);
#958=VERTEX_POINT('',#2103);
#959=VERTEX_POINT('',#2105);
#960=VERTEX_POINT('',#2107);
#961=VERTEX_POINT('',#2111);
#962=VERTEX_POINT('',#2112);
#963=VERTEX_POINT('',#2114);
#964=VERTEX_POINT('',#2116);
#965=VERTEX_POINT('',#2120);
#966=VERTEX_POINT('',#2122);
#967=VERTEX_POINT('',#2124);
#968=VERTEX_POINT('',#2125);
#969=VERTEX_POINT('',#2127);
#970=VERTEX_POINT('',#2129);
#971=VERTEX_POINT('',#2131);
#972=VERTEX_POINT('',#2133);
#973=VERTEX_POINT('',#2135);
#974=VERTEX_POINT('',#2137);
#975=VERTEX_POINT('',#2140);
#976=VERTEX_POINT('',#2142);
#977=VERTEX_POINT('',#2168);
#978=VERTEX_POINT('',#2169);
#979=VERTEX_POINT('',#2171);
#980=VERTEX_POINT('',#2173);
#981=VERTEX_POINT('',#2177);
#982=VERTEX_POINT('',#2178);
#983=VERTEX_POINT('',#2180);
#984=VERTEX_POINT('',#2182);
#985=VERTEX_POINT('',#2186);
#986=VERTEX_POINT('',#2188);
#987=VERTEX_POINT('',#2190);
#988=VERTEX_POINT('',#2191);
#989=VERTEX_POINT('',#2193);
#990=VERTEX_POINT('',#2195);
#991=VERTEX_POINT('',#2199);
#992=VERTEX_POINT('',#2200);
#993=VERTEX_POINT('',#2202);
#994=VERTEX_POINT('',#2204);
#995=VERTEX_POINT('',#2208);
#996=VERTEX_POINT('',#2209);
#997=VERTEX_POINT('',#2211);
#998=VERTEX_POINT('',#2213);
#999=VERTEX_POINT('',#2217);
#1000=VERTEX_POINT('',#2219);
#1001=VERTEX_POINT('',#2221);
#1002=VERTEX_POINT('',#2222);
#1003=VERTEX_POINT('',#2224);
#1004=VERTEX_POINT('',#2226);
#1005=VERTEX_POINT('',#2230);
#1006=VERTEX_POINT('',#2232);
#1007=VERTEX_POINT('',#2235);
#1008=VERTEX_POINT('',#2237);
#1009=VERTEX_POINT('',#2240);
#1010=VERTEX_POINT('',#2242);
#1011=VERTEX_POINT('',#2245);
#1012=VERTEX_POINT('',#2247);
#1013=VERTEX_POINT('',#2265);
#1014=VERTEX_POINT('',#2267);
#1015=VERTEX_POINT('',#2269);
#1016=VERTEX_POINT('',#2270);
#1017=VERTEX_POINT('',#2272);
#1018=VERTEX_POINT('',#2274);
#1019=VERTEX_POINT('',#2278);
#1020=VERTEX_POINT('',#2280);
#1021=VERTEX_POINT('',#2282);
#1022=VERTEX_POINT('',#2283);
#1023=VERTEX_POINT('',#2285);
#1024=VERTEX_POINT('',#2287);
#1025=CIRCLE('',#1472,0.001525);
#1026=CIRCLE('',#1473,0.001525);
#1027=CIRCLE('',#1474,0.001525);
#1028=CIRCLE('',#1475,0.001525);
#1029=CIRCLE('',#1476,0.003);
#1030=CIRCLE('',#1477,0.003);
#1031=CIRCLE('',#1478,0.003);
#1032=CIRCLE('',#1479,0.003);
#1033=CIRCLE('',#1484,0.001525);
#1034=CIRCLE('',#1485,0.001525);
#1035=CIRCLE('',#1486,0.003);
#1036=CIRCLE('',#1487,0.003);
#1037=CIRCLE('',#1488,0.003);
#1038=CIRCLE('',#1489,0.003);
#1039=CIRCLE('',#1490,0.001525);
#1040=CIRCLE('',#1491,0.001525);
#1041=CIRCLE('',#1496,0.006);
#1042=CIRCLE('',#1498,0.006);
#1043=CIRCLE('',#1504,0.00225);
#1044=CIRCLE('',#1505,0.00225);
#1045=CIRCLE('',#1509,0.00225);
#1046=CIRCLE('',#1510,0.00225);
#1047=CIRCLE('',#1512,0.00125);
#1048=CIRCLE('',#1513,0.00125);
#1049=CIRCLE('',#1515,0.00125);
#1050=CIRCLE('',#1516,0.00125);
#1051=CIRCLE('',#1518,0.00125);
#1052=CIRCLE('',#1519,0.00125);
#1053=CIRCLE('',#1521,0.00125);
#1054=CIRCLE('',#1522,0.00125);
#1055=CIRCLE('',#1537,0.00225);
#1056=CIRCLE('',#1538,0.00225);
#1057=CIRCLE('',#1540,0.00225);
#1058=CIRCLE('',#1541,0.00225);
#1059=EDGE_LOOP('',(#341));
#1060=EDGE_LOOP('',(#342));
#1061=EDGE_LOOP('',(#343));
#1062=EDGE_LOOP('',(#344));
#1063=EDGE_LOOP('',(#345,#346,#347,#348,#349,#350,#351,#352,#353,#354,#355,#356,#357,#358,#359,#360,#361,#362,#363,#364,#365,#366));
#1064=EDGE_LOOP('',(#367,#368,#369,#370,#371,#372,#373,#374,#375,#376));
#1065=EDGE_LOOP('',(#377,#378,#379,#380,#381,#382,#383,#384));
#1066=EDGE_LOOP('',(#385,#386,#387,#388,#389,#390,#391,#392));
#1067=EDGE_LOOP('',(#393,#394,#395,#396));
#1068=EDGE_LOOP('',(#397,#398,#399,#400));
#1069=EDGE_LOOP('',(#401));
#1070=EDGE_LOOP('',(#402));
#1071=EDGE_LOOP('',(#403,#404,#405,#406,#407,#408,#409,#410));
#1072=EDGE_LOOP('',(#411));
#1073=EDGE_LOOP('',(#412));
#1074=EDGE_LOOP('',(#413,#414,#415,#416));
#1075=EDGE_LOOP('',(#417,#418,#419,#420));
#1076=EDGE_LOOP('',(#421,#422,#423,#424));
#1077=EDGE_LOOP('',(#425,#426,#427,#428,#429,#430));
#1078=EDGE_LOOP('',(#431,#432,#433,#434,#435,#436));
#1079=EDGE_LOOP('',(#437,#438,#439,#440));
#1080=EDGE_LOOP('',(#441,#442,#443,#444));
#1081=EDGE_LOOP('',(#445,#446,#447,#448));
#1082=EDGE_LOOP('',(#449,#450,#451,#452));
#1083=EDGE_LOOP('',(#453));
#1084=EDGE_LOOP('',(#454));
#1085=EDGE_LOOP('',(#455,#456,#457,#458));
#1086=EDGE_LOOP('',(#459,#460,#461,#462));
#1087=EDGE_LOOP('',(#463,#464,#465,#466));
#1088=EDGE_LOOP('',(#467));
#1089=EDGE_LOOP('',(#468));
#1090=EDGE_LOOP('',(#469,#470,#471,#472));
#1091=EDGE_LOOP('',(#473));
#1092=EDGE_LOOP('',(#474));
#1093=EDGE_LOOP('',(#475));
#1094=EDGE_LOOP('',(#476));
#1095=EDGE_LOOP('',(#477));
#1096=EDGE_LOOP('',(#478));
#1097=EDGE_LOOP('',(#479));
#1098=EDGE_LOOP('',(#480));
#1099=EDGE_LOOP('',(#481,#482,#483,#484));
#1100=EDGE_LOOP('',(#485,#486,#487,#488));
#1101=EDGE_LOOP('',(#489,#490,#491,#492));
#1102=EDGE_LOOP('',(#493,#494,#495,#496));
#1103=EDGE_LOOP('',(#497,#498,#499,#500));
#1104=EDGE_LOOP('',(#501,#502,#503,#504));
#1105=EDGE_LOOP('',(#505,#506,#507,#508));
#1106=EDGE_LOOP('',(#509,#510,#511,#512));
#1107=EDGE_LOOP('',(#513));
#1108=EDGE_LOOP('',(#514));
#1109=EDGE_LOOP('',(#515));
#1110=EDGE_LOOP('',(#516));
#1111=EDGE_LOOP('',(#517));
#1112=EDGE_LOOP('',(#518));
#1113=EDGE_LOOP('',(#519));
#1114=EDGE_LOOP('',(#520));
#1115=EDGE_LOOP('',(#521,#522,#523,#524));
#1116=EDGE_LOOP('',(#525));
#1117=EDGE_LOOP('',(#526));
#1118=EDGE_LOOP('',(#527,#528,#529,#530));
#1119=EDGE_LOOP('',(#531));
#1120=EDGE_LOOP('',(#532));
#1121=EDGE_LOOP('',(#533,#534,#535,#536));
#1122=EDGE_LOOP('',(#537,#538,#539,#540));
#1123=EDGE_LOOP('',(#541,#542,#543));
#1124=EDGE_LOOP('',(#544,#545,#546));
#1125=EDGE_LOOP('',(#547,#548,#549,#550));
#1126=EDGE_LOOP('',(#551,#552,#553,#554));
#1127=EDGE_LOOP('',(#555,#556,#557,#558));
#1128=EDGE_LOOP('',(#559,#560,#561,#562));
#1129=EDGE_LOOP('',(#563,#564,#565,#566));
#1130=EDGE_LOOP('',(#567,#568,#569,#570));
#1131=EDGE_LOOP('',(#571,#572,#573,#574));
#1132=EDGE_LOOP('',(#575,#576,#577));
#1133=EDGE_LOOP('',(#578,#579,#580));
#1134=EDGE_LOOP('',(#581,#582,#583,#584));
#1135=EDGE_LOOP('',(#585,#586,#587,#588));
#1136=EDGE_LOOP('',(#589,#590,#591,#592));
#1137=EDGE_LOOP('',(#593,#594,#595,#596));
#1138=EDGE_LOOP('',(#597,#598,#599,#600));
#1139=EDGE_LOOP('',(#601,#602,#603,#604));
#1140=EDGE_LOOP('',(#605,#606,#607,#608));
#1141=EDGE_LOOP('',(#609,#610,#611,#612));
#1142=EDGE_LOOP('',(#613,#614,#615,#616));
#1143=EDGE_LOOP('',(#617,#618,#619));
#1144=EDGE_LOOP('',(#620,#621,#622));
#1145=EDGE_LOOP('',(#623,#624,#625,#626));
#1146=EDGE_LOOP('',(#627,#628,#629,#630));
#1147=EDGE_LOOP('',(#631,#632,#633,#634));
#1148=EDGE_LOOP('',(#635,#636,#637,#638));
#1149=EDGE_LOOP('',(#639,#640,#641,#642));
#1150=EDGE_LOOP('',(#643,#644,#645,#646));
#1151=EDGE_LOOP('',(#647,#648,#649,#650));
#1152=EDGE_LOOP('',(#651,#652,#653));
#1153=EDGE_LOOP('',(#654,#655,#656));
#1154=EDGE_LOOP('',(#657,#658,#659,#660));
#1155=EDGE_LOOP('',(#661,#662,#663,#664));
#1156=EDGE_LOOP('',(#665,#666,#667,#668));
#1157=EDGE_LOOP('',(#669,#670,#671,#672));
#1158=EDGE_LOOP('',(#673,#674,#675,#676));
#1159=EDGE_LOOP('',(#677,#678,#679,#680));
#1160=EDGE_LOOP('',(#681,#682,#683,#684));
#1161=EDGE_LOOP('',(#685,#686,#687,#688));
#1162=EDGE_LOOP('',(#689));
#1163=EDGE_LOOP('',(#690));
#1164=EDGE_LOOP('',(#691));
#1165=EDGE_LOOP('',(#692));
#1166=EDGE_LOOP('',(#693));
#1167=EDGE_LOOP('',(#694));
#1168=EDGE_LOOP('',(#695));
#1169=EDGE_LOOP('',(#696));
#1170=EDGE_LOOP('',(#697));
#1171=EDGE_LOOP('',(#698));
#1172=EDGE_LOOP('',(#699));
#1173=EDGE_LOOP('',(#700));
#1174=EDGE_LOOP('',(#701));
#1175=EDGE_LOOP('',(#702));
#1176=EDGE_LOOP('',(#703));
#1177=EDGE_LOOP('',(#704));
#1178=EDGE_LOOP('',(#705,#706,#707,#708));
#1179=EDGE_LOOP('',(#709,#710,#711,#712));
#1180=EDGE_LOOP('',(#713,#714,#715,#716));
#1181=FACE_BOUND('',#1059,.T.);
#1182=FACE_BOUND('',#1060,.T.);
#1183=FACE_BOUND('',#1061,.T.);
#1184=FACE_BOUND('',#1062,.T.);
#1185=FACE_BOUND('',#1063,.T.);
#1186=FACE_BOUND('',#1064,.T.);
#1187=FACE_BOUND('',#1065,.T.);
#1188=FACE_BOUND('',#1066,.T.);
#1189=FACE_BOUND('',#1067,.T.);
#1190=FACE_BOUND('',#1068,.T.);
#1191=FACE_BOUND('',#1069,.T.);
#1192=FACE_BOUND('',#1070,.T.);
#1193=FACE_BOUND('',#1071,.T.);
#1194=FACE_BOUND('',#1072,.T.);
#1195=FACE_BOUND('',#1073,.T.);
#1196=FACE_BOUND('',#1074,.T.);
#1197=FACE_BOUND('',#1075,.T.);
#1198=FACE_BOUND('',#1076,.T.);
#1199=FACE_BOUND('',#1077,.T.);
#1200=FACE_BOUND('',#1078,.T.);
#1201=FACE_BOUND('',#1079,.T.);
#1202=FACE_BOUND('',#1080,.T.);
#1203=FACE_BOUND('',#1081,.T.);
#1204=FACE_BOUND('',#1082,.T.);
#1205=FACE_BOUND('',#1083,.T.);
#1206=FACE_BOUND('',#1084,.T.);
#1207=FACE_BOUND('',#1085,.T.);
#1208=FACE_BOUND('',#1086,.T.);
#1209=FACE_BOUND('',#1087,.T.);
#1210=FACE_BOUND('',#1088,.T.);
#1211=FACE_BOUND('',#1089,.T.);
#1212=FACE_BOUND('',#1090,.T.);
#1213=FACE_BOUND('',#1091,.T.);
#1214=FACE_BOUND('',#1092,.T.);
#1215=FACE_BOUND('',#1093,.T.);
#1216=FACE_BOUND('',#1094,.T.);
#1217=FACE_BOUND('',#1095,.T.);
#1218=FACE_BOUND('',#1096,.T.);
#1219=FACE_BOUND('',#1097,.T.);
#1220=FACE_BOUND('',#1098,.T.);
#1221=FACE_BOUND('',#1099,.T.);
#1222=FACE_BOUND('',#1100,.T.);
#1223=FACE_BOUND('',#1101,.T.);
#1224=FACE_BOUND('',#1102,.T.);
#1225=FACE_BOUND('',#1103,.T.);
#1226=FACE_BOUND('',#1104,.T.);
#1227=FACE_BOUND('',#1105,.T.);
#1228=FACE_BOUND('',#1106,.T.);
#1229=FACE_BOUND('',#1107,.T.);
#1230=FACE_BOUND('',#1108,.T.);
#1231=FACE_BOUND('',#1109,.T.);
#1232=FACE_BOUND('',#1110,.T.);
#1233=FACE_BOUND('',#1111,.T.);
#1234=FACE_BOUND('',#1112,.T.);
#1235=FACE_BOUND('',#1113,.T.);
#1236=FACE_BOUND('',#1114,.T.);
#1237=FACE_BOUND('',#1115,.T.);
#1238=FACE_BOUND('',#1116,.T.);
#1239=FACE_BOUND('',#1117,.T.);
#1240=FACE_BOUND('',#1118,.T.);
#1241=FACE_BOUND('',#1119,.T.);
#1242=FACE_BOUND('',#1120,.T.);
#1243=FACE_BOUND('',#1121,.T.);
#1244=FACE_BOUND('',#1122,.T.);
#1245=FACE_BOUND('',#1123,.T.);
#1246=FACE_BOUND('',#1124,.T.);
#1247=FACE_BOUND('',#1125,.T.);
#1248=FACE_BOUND('',#1126,.T.);
#1249=FACE_BOUND('',#1127,.T.);
#1250=FACE_BOUND('',#1128,.T.);
#1251=FACE_BOUND('',#1129,.T.);
#1252=FACE_BOUND('',#1130,.T.);
#1253=FACE_BOUND('',#1131,.T.);
#1254=FACE_BOUND('',#1132,.T.);
#1255=FACE_BOUND('',#1133,.T.);
#1256=FACE_BOUND('',#1134,.T.);
#1257=FACE_BOUND('',#1135,.T.);
#1258=FACE_BOUND('',#1136,.T.);
#1259=FACE_BOUND('',#1137,.T.);
#1260=FACE_BOUND('',#1138,.T.);
#1261=FACE_BOUND('',#1139,.T.);
#1262=FACE_BOUND('',#1140,.T.);
#1263=FACE_BOUND('',#1141,.T.);
#1264=FACE_BOUND('',#1142,.T.);
#1265=FACE_BOUND('',#1143,.T.);
#1266=FACE_BOUND('',#1144,.T.);
#1267=FACE_BOUND('',#1145,.T.);
#1268=FACE_BOUND('',#1146,.T.);
#1269=FACE_BOUND('',#1147,.T.);
#1270=FACE_BOUND('',#1148,.T.);
#1271=FACE_BOUND('',#1149,.T.);
#1272=FACE_BOUND('',#1150,.T.);
#1273=FACE_BOUND('',#1151,.T.);
#1274=FACE_BOUND('',#1152,.T.);
#1275=FACE_BOUND('',#1153,.T.);
#1276=FACE_BOUND('',#1154,.T.);
#1277=FACE_BOUND('',#1155,.T.);
#1278=FACE_BOUND('',#1156,.T.);
#1279=FACE_BOUND('',#1157,.T.);
#1280=FACE_BOUND('',#1158,.T.);
#1281=FACE_BOUND('',#1159,.T.);
#1282=FACE_BOUND('',#1160,.T.);
#1283=FACE_BOUND('',#1161,.T.);
#1284=FACE_BOUND('',#1162,.T.);
#1285=FACE_BOUND('',#1163,.T.);
#1286=FACE_BOUND('',#1164,.T.);
#1287=FACE_BOUND('',#1165,.T.);
#1288=FACE_BOUND('',#1166,.T.);
#1289=FACE_BOUND('',#1167,.T.);
#1290=FACE_BOUND('',#1168,.T.);
#1291=FACE_BOUND('',#1169,.T.);
#1292=FACE_BOUND('',#1170,.T.);
#1293=FACE_BOUND('',#1171,.T.);
#1294=FACE_BOUND('',#1172,.T.);
#1295=FACE_BOUND('',#1173,.T.);
#1296=FACE_BOUND('',#1174,.T.);
#1297=FACE_BOUND('',#1175,.T.);
#1298=FACE_BOUND('',#1176,.T.);
#1299=FACE_BOUND('',#1177,.T.);
#1300=FACE_BOUND('',#1178,.T.);
#1301=FACE_BOUND('',#1179,.T.);
#1302=FACE_BOUND('',#1180,.T.);
#1303=PLANE('',#1471);
#1304=PLANE('',#1480);
#1305=PLANE('',#1481);
#1306=PLANE('',#1482);
#1307=PLANE('',#1483);
#1308=PLANE('',#1492);
#1309=PLANE('',#1493);
#1310=PLANE('',#1494);
#1311=PLANE('',#1495);
#1312=PLANE('',#1497);
#1313=PLANE('',#1499);
#1314=PLANE('',#1500);
#1315=PLANE('',#1501);
#1316=PLANE('',#1502);
#1317=PLANE('',#1503);
#1318=PLANE('',#1506);
#1319=PLANE('',#1507);
#1320=PLANE('',#1508);
#1321=PLANE('',#1527);
#1322=PLANE('',#1528);
#1323=PLANE('',#1529);
#1324=PLANE('',#1530);
#1325=PLANE('',#1536);
#1326=PLANE('',#1539);
#1327=PLANE('',#1542);
#1328=PLANE('',#1543);
#1329=PLANE('',#1544);
#1330=PLANE('',#1545);
#1331=PLANE('',#1546);
#1332=PLANE('',#1547);
#1333=PLANE('',#1548);
#1334=PLANE('',#1549);
#1335=PLANE('',#1550);
#1336=PLANE('',#1551);
#1337=PLANE('',#1552);
#1338=PLANE('',#1553);
#1339=PLANE('',#1554);
#1340=PLANE('',#1555);
#1341=PLANE('',#1556);
#1342=PLANE('',#1557);
#1343=PLANE('',#1558);
#1344=PLANE('',#1559);
#1345=PLANE('',#1560);
#1346=PLANE('',#1561);
#1347=PLANE('',#1562);
#1348=PLANE('',#1563);
#1349=PLANE('',#1564);
#1350=PLANE('',#1565);
#1351=PLANE('',#1566);
#1352=PLANE('',#1567);
#1353=PLANE('',#1568);
#1354=PLANE('',#1569);
#1355=PLANE('',#1570);
#1356=PLANE('',#1571);
#1357=PLANE('',#1572);
#1358=PLANE('',#1573);
#1359=PLANE('',#1574);
#1360=PLANE('',#1575);
#1361=PLANE('',#1576);
#1362=PLANE('',#1577);
#1363=PLANE('',#1578);
#1364=PLANE('',#1579);
#1365=PLANE('',#1580);
#1366=PLANE('',#1581);
#1367=PLANE('',#1590);
#1368=PLANE('',#1591);
#1369=PLANE('',#1592);
#1370=ADVANCED_FACE('',(#1181,#1182,#1183,#1184,#1185),#1303,.T.);
#1371=ADVANCED_FACE('',(#1186,#1187,#1188),#1304,.T.);
#1372=ADVANCED_FACE('',(#1189),#1305,.T.);
#1373=ADVANCED_FACE('',(#1190),#1306,.T.);
#1374=ADVANCED_FACE('',(#1191,#1192,#1193,#1194,#1195),#1307,.F.);
#1375=ADVANCED_FACE('',(#1196),#1308,.T.);
#1376=ADVANCED_FACE('',(#1197),#1309,.F.);
#1377=ADVANCED_FACE('',(#1198),#1310,.T.);
#1378=ADVANCED_FACE('',(#1199),#1311,.F.);
#1379=ADVANCED_FACE('',(#1200),#1312,.T.);
#1380=ADVANCED_FACE('',(#1201),#1313,.T.);
#1381=ADVANCED_FACE('',(#1202),#1314,.F.);
#1382=ADVANCED_FACE('',(#1203),#1315,.T.);
#1383=ADVANCED_FACE('',(#1204),#1316,.F.);
#1384=ADVANCED_FACE('',(#1205,#1206,#1207),#1317,.T.);
#1385=ADVANCED_FACE('',(#1208),#1318,.T.);
#1386=ADVANCED_FACE('',(#1209),#1319,.F.);
#1387=ADVANCED_FACE('',(#1210,#1211,#1212),#1320,.T.);
#1388=ADVANCED_FACE('',(#1213,#1214),#20,.F.);
#1389=ADVANCED_FACE('',(#1215,#1216),#21,.F.);
#1390=ADVANCED_FACE('',(#1217,#1218),#22,.F.);
#1391=ADVANCED_FACE('',(#1219,#1220),#23,.F.);
#1392=ADVANCED_FACE('',(#1221),#24,.T.);
#1393=ADVANCED_FACE('',(#1222),#25,.T.);
#1394=ADVANCED_FACE('',(#1223),#26,.T.);
#1395=ADVANCED_FACE('',(#1224),#27,.T.);
#1396=ADVANCED_FACE('',(#1225),#1321,.F.);
#1397=ADVANCED_FACE('',(#1226),#1322,.T.);
#1398=ADVANCED_FACE('',(#1227),#1323,.T.);
#1399=ADVANCED_FACE('',(#1228),#1324,.F.);
#1400=ADVANCED_FACE('',(#1229,#1230),#28,.F.);
#1401=ADVANCED_FACE('',(#1231,#1232),#29,.F.);
#1402=ADVANCED_FACE('',(#1233,#1234),#30,.F.);
#1403=ADVANCED_FACE('',(#1235,#1236),#31,.F.);
#1404=ADVANCED_FACE('',(#1237),#32,.F.);
#1405=ADVANCED_FACE('',(#1238,#1239,#1240),#1325,.F.);
#1406=ADVANCED_FACE('',(#1241,#1242,#1243),#1326,.F.);
#1407=ADVANCED_FACE('',(#1244),#1327,.F.);
#1408=ADVANCED_FACE('',(#1245),#1328,.T.);
#1409=ADVANCED_FACE('',(#1246),#1329,.T.);
#1410=ADVANCED_FACE('',(#1247),#1330,.T.);
#1411=ADVANCED_FACE('',(#1248),#1331,.T.);
#1412=ADVANCED_FACE('',(#1249),#1332,.T.);
#1413=ADVANCED_FACE('',(#1250),#1333,.F.);
#1414=ADVANCED_FACE('',(#1251),#1334,.F.);
#1415=ADVANCED_FACE('',(#1252),#1335,.T.);
#1416=ADVANCED_FACE('',(#1253),#1336,.F.);
#1417=ADVANCED_FACE('',(#1254),#1337,.T.);
#1418=ADVANCED_FACE('',(#1255),#1338,.T.);
#1419=ADVANCED_FACE('',(#1256),#1339,.F.);
#1420=ADVANCED_FACE('',(#1257),#1340,.F.);
#1421=ADVANCED_FACE('',(#1258),#1341,.F.);
#1422=ADVANCED_FACE('',(#1259),#1342,.T.);
#1423=ADVANCED_FACE('',(#1260),#1343,.T.);
#1424=ADVANCED_FACE('',(#1261),#1344,.F.);
#1425=ADVANCED_FACE('',(#1262),#1345,.F.);
#1426=ADVANCED_FACE('',(#1263),#1346,.F.);
#1427=ADVANCED_FACE('',(#1264),#1347,.F.);
#1428=ADVANCED_FACE('',(#1265),#1348,.T.);
#1429=ADVANCED_FACE('',(#1266),#1349,.T.);
#1430=ADVANCED_FACE('',(#1267),#1350,.T.);
#1431=ADVANCED_FACE('',(#1268),#1351,.T.);
#1432=ADVANCED_FACE('',(#1269),#1352,.T.);
#1433=ADVANCED_FACE('',(#1270),#1353,.F.);
#1434=ADVANCED_FACE('',(#1271),#1354,.F.);
#1435=ADVANCED_FACE('',(#1272),#1355,.T.);
#1436=ADVANCED_FACE('',(#1273),#1356,.F.);
#1437=ADVANCED_FACE('',(#1274),#1357,.T.);
#1438=ADVANCED_FACE('',(#1275),#1358,.T.);
#1439=ADVANCED_FACE('',(#1276),#1359,.F.);
#1440=ADVANCED_FACE('',(#1277),#1360,.F.);
#1441=ADVANCED_FACE('',(#1278),#1361,.F.);
#1442=ADVANCED_FACE('',(#1279),#1362,.T.);
#1443=ADVANCED_FACE('',(#1280),#1363,.T.);
#1444=ADVANCED_FACE('',(#1281),#1364,.F.);
#1445=ADVANCED_FACE('',(#1282),#1365,.F.);
#1446=ADVANCED_FACE('',(#1283),#1366,.F.);
#1447=ADVANCED_FACE('',(#1284,#1285),#12,.F.);
#1448=ADVANCED_FACE('',(#1286,#1287),#13,.F.);
#1449=ADVANCED_FACE('',(#1288,#1289),#14,.F.);
#1450=ADVANCED_FACE('',(#1290,#1291),#15,.F.);
#1451=ADVANCED_FACE('',(#1292,#1293),#16,.F.);
#1452=ADVANCED_FACE('',(#1294,#1295),#17,.F.);
#1453=ADVANCED_FACE('',(#1296,#1297),#18,.F.);
#1454=ADVANCED_FACE('',(#1298,#1299),#19,.F.);
#1455=ADVANCED_FACE('',(#1300),#1367,.F.);
#1456=ADVANCED_FACE('',(#1301),#1368,.F.);
#1457=ADVANCED_FACE('',(#1302),#1369,.F.);
#1458=CLOSED_SHELL('',(#1370,#1371,#1372,#1373,#1374,#1375,#1376,#1377,#1378,#1379,#1380,#1381,#1382,#1383,#1384,#1385,#1386,#1387,#1388,#1389,#1390,#1391,#1392,#1393,#1394,#1395,#1396,#1397,#1398,#1399,#1400,#1401,#1402,#1403,#1404,#1405,#1406,#1407,#1408,#1409,#1410,#1411,#1412,#1413,#1414,#1415,#1416,#1417,#1418,#1419,#1420,#1421,#1422,#1423,#1424,#1425,#1426,#1427,#1428,#1429,#1430,#1431,#1432,#1433,#1434,#1435,#1436,#1437,#1438,#1439,#1440,#1441,#1442,#1443,#1444,#1445,#1446,#1447,#1448,#1449,#1450,#1451,#1452,#1453,#1454,#1455,#1456,#1457));
#1459=STYLED_ITEM('',(#1460),#1467);
#1460=PRESENTATION_STYLE_ASSIGNMENT((#1461));
#1461=SURFACE_STYLE_USAGE(.BOTH.,#1462);
#1462=SURFACE_SIDE_STYLE('',(#1463));
#1463=SURFACE_STYLE_FILL_AREA(#1464);
#1464=FILL_AREA_STYLE('',(#1465));
#1465=FILL_AREA_STYLE_COLOUR('',#1466);
#1466=COLOUR_RGB('',0.498039215686275,0.498039215686275,0.498039215686275);
#1467=MANIFOLD_SOLID_BREP('Part 1',#1458);
#1468=SHAPE_DEFINITION_REPRESENTATION(#2396,#1469);
#1469=SHAPE_REPRESENTATION('Part 1',(#1470),#2391);
#1470=AXIS2_PLACEMENT_3D('',#1993,#1593,#1594);
#1471=AXIS2_PLACEMENT_3D('',#1994,#1595,#1596);
#1472=AXIS2_PLACEMENT_3D('',#1995,#1597,#1598);
#1473=AXIS2_PLACEMENT_3D('',#1997,#1599,#1600);
#1474=AXIS2_PLACEMENT_3D('',#1999,#1601,#1602);
#1475=AXIS2_PLACEMENT_3D('',#2001,#1603,#1604);
#1476=AXIS2_PLACEMENT_3D('',#2020,#1613,#1614);
#1477=AXIS2_PLACEMENT_3D('',#2024,#1616,#1617);
#1478=AXIS2_PLACEMENT_3D('',#2028,#1619,#1620);
#1479=AXIS2_PLACEMENT_3D('',#2032,#1622,#1623);
#1480=AXIS2_PLACEMENT_3D('',#2047,#1631,#1632);
#1481=AXIS2_PLACEMENT_3D('',#2100,#1659,#1660);
#1482=AXIS2_PLACEMENT_3D('',#2109,#1665,#1666);
#1483=AXIS2_PLACEMENT_3D('',#2118,#1671,#1672);
#1484=AXIS2_PLACEMENT_3D('',#2119,#1673,#1674);
#1485=AXIS2_PLACEMENT_3D('',#2121,#1675,#1676);
#1486=AXIS2_PLACEMENT_3D('',#2126,#1678,#1679);
#1487=AXIS2_PLACEMENT_3D('',#2130,#1681,#1682);
#1488=AXIS2_PLACEMENT_3D('',#2134,#1684,#1685);
#1489=AXIS2_PLACEMENT_3D('',#2138,#1687,#1688);
#1490=AXIS2_PLACEMENT_3D('',#2139,#1689,#1690);
#1491=AXIS2_PLACEMENT_3D('',#2141,#1691,#1692);
#1492=AXIS2_PLACEMENT_3D('',#2143,#1693,#1694);
#1493=AXIS2_PLACEMENT_3D('',#2146,#1697,#1698);
#1494=AXIS2_PLACEMENT_3D('',#2149,#1701,#1702);
#1495=AXIS2_PLACEMENT_3D('',#2152,#1705,#1706);
#1496=AXIS2_PLACEMENT_3D('',#2154,#1708,#1709);
#1497=AXIS2_PLACEMENT_3D('',#2156,#1711,#1712);
#1498=AXIS2_PLACEMENT_3D('',#2158,#1714,#1715);
#1499=AXIS2_PLACEMENT_3D('',#2160,#1717,#1718);
#1500=AXIS2_PLACEMENT_3D('',#2163,#1721,#1722);
#1501=AXIS2_PLACEMENT_3D('',#2166,#1725,#1726);
#1502=AXIS2_PLACEMENT_3D('',#2175,#1731,#1732);
#1503=AXIS2_PLACEMENT_3D('',#2184,#1737,#1738);
#1504=AXIS2_PLACEMENT_3D('',#2185,#1739,#1740);
#1505=AXIS2_PLACEMENT_3D('',#2187,#1741,#1742);
#1506=AXIS2_PLACEMENT_3D('',#2197,#1747,#1748);
#1507=AXIS2_PLACEMENT_3D('',#2206,#1753,#1754);
#1508=AXIS2_PLACEMENT_3D('',#2215,#1759,#1760);
#1509=AXIS2_PLACEMENT_3D('',#2216,#1761,#1762);
#1510=AXIS2_PLACEMENT_3D('',#2218,#1763,#1764);
#1511=AXIS2_PLACEMENT_3D('',#2228,#1769,#1770);
#1512=AXIS2_PLACEMENT_3D('',#2229,#1771,#1772);
#1513=AXIS2_PLACEMENT_3D('',#2231,#1773,#1774);
#1514=AXIS2_PLACEMENT_3D('',#2233,#1775,#1776);
#1515=AXIS2_PLACEMENT_3D('',#2234,#1777,#1778);
#1516=AXIS2_PLACEMENT_3D('',#2236,#1779,#1780);
#1517=AXIS2_PLACEMENT_3D('',#2238,#1781,#1782);
#1518=AXIS2_PLACEMENT_3D('',#2239,#1783,#1784);
#1519=AXIS2_PLACEMENT_3D('',#2241,#1785,#1786);
#1520=AXIS2_PLACEMENT_3D('',#2243,#1787,#1788);
#1521=AXIS2_PLACEMENT_3D('',#2244,#1789,#1790);
#1522=AXIS2_PLACEMENT_3D('',#2246,#1791,#1792);
#1523=AXIS2_PLACEMENT_3D('',#2248,#1793,#1794);
#1524=AXIS2_PLACEMENT_3D('',#2249,#1795,#1796);
#1525=AXIS2_PLACEMENT_3D('',#2250,#1797,#1798);
#1526=AXIS2_PLACEMENT_3D('',#2251,#1799,#1800);
#1527=AXIS2_PLACEMENT_3D('',#2252,#1801,#1802);
#1528=AXIS2_PLACEMENT_3D('',#2253,#1803,#1804);
#1529=AXIS2_PLACEMENT_3D('',#2254,#1805,#1806);
#1530=AXIS2_PLACEMENT_3D('',#2256,#1808,#1809);
#1531=AXIS2_PLACEMENT_3D('',#2258,#1811,#1812);
#1532=AXIS2_PLACEMENT_3D('',#2259,#1813,#1814);
#1533=AXIS2_PLACEMENT_3D('',#2260,#1815,#1816);
#1534=AXIS2_PLACEMENT_3D('',#2261,#1817,#1818);
#1535=AXIS2_PLACEMENT_3D('',#2262,#1819,#1820);
#1536=AXIS2_PLACEMENT_3D('',#2263,#1821,#1822);
#1537=AXIS2_PLACEMENT_3D('',#2264,#1823,#1824);
#1538=AXIS2_PLACEMENT_3D('',#2266,#1825,#1826);
#1539=AXIS2_PLACEMENT_3D('',#2276,#1831,#1832);
#1540=AXIS2_PLACEMENT_3D('',#2277,#1833,#1834);
#1541=AXIS2_PLACEMENT_3D('',#2279,#1835,#1836);
#1542=AXIS2_PLACEMENT_3D('',#2289,#1841,#1842);
#1543=AXIS2_PLACEMENT_3D('',#2292,#1845,#1846);
#1544=AXIS2_PLACEMENT_3D('',#2295,#1849,#1850);
#1545=AXIS2_PLACEMENT_3D('',#2298,#1853,#1854);
#1546=AXIS2_PLACEMENT_3D('',#2300,#1856,#1857);
#1547=AXIS2_PLACEMENT_3D('',#2302,#1859,#1860);
#1548=AXIS2_PLACEMENT_3D('',#2305,#1863,#1864);
#1549=AXIS2_PLACEMENT_3D('',#2307,#1866,#1867);
#1550=AXIS2_PLACEMENT_3D('',#2309,#1869,#1870);
#1551=AXIS2_PLACEMENT_3D('',#2312,#1873,#1874);
#1552=AXIS2_PLACEMENT_3D('',#2314,#1876,#1877);
#1553=AXIS2_PLACEMENT_3D('',#2316,#1879,#1880);
#1554=AXIS2_PLACEMENT_3D('',#2318,#1882,#1883);
#1555=AXIS2_PLACEMENT_3D('',#2320,#1885,#1886);
#1556=AXIS2_PLACEMENT_3D('',#2322,#1888,#1889);
#1557=AXIS2_PLACEMENT_3D('',#2324,#1891,#1892);
#1558=AXIS2_PLACEMENT_3D('',#2326,#1894,#1895);
#1559=AXIS2_PLACEMENT_3D('',#2328,#1897,#1898);
#1560=AXIS2_PLACEMENT_3D('',#2330,#1900,#1901);
#1561=AXIS2_PLACEMENT_3D('',#2332,#1903,#1904);
#1562=AXIS2_PLACEMENT_3D('',#2333,#1905,#1906);
#1563=AXIS2_PLACEMENT_3D('',#2336,#1909,#1910);
#1564=AXIS2_PLACEMENT_3D('',#2339,#1913,#1914);
#1565=AXIS2_PLACEMENT_3D('',#2342,#1917,#1918);
#1566=AXIS2_PLACEMENT_3D('',#2344,#1920,#1921);
#1567=AXIS2_PLACEMENT_3D('',#2346,#1923,#1924);
#1568=AXIS2_PLACEMENT_3D('',#2349,#1927,#1928);
#1569=AXIS2_PLACEMENT_3D('',#2351,#1930,#1931);
#1570=AXIS2_PLACEMENT_3D('',#2353,#1933,#1934);
#1571=AXIS2_PLACEMENT_3D('',#2356,#1937,#1938);
#1572=AXIS2_PLACEMENT_3D('',#2358,#1940,#1941);
#1573=AXIS2_PLACEMENT_3D('',#2360,#1943,#1944);
#1574=AXIS2_PLACEMENT_3D('',#2362,#1946,#1947);
#1575=AXIS2_PLACEMENT_3D('',#2364,#1949,#1950);
#1576=AXIS2_PLACEMENT_3D('',#2366,#1952,#1953);
#1577=AXIS2_PLACEMENT_3D('',#2368,#1955,#1956);
#1578=AXIS2_PLACEMENT_3D('',#2370,#1958,#1959);
#1579=AXIS2_PLACEMENT_3D('',#2372,#1961,#1962);
#1580=AXIS2_PLACEMENT_3D('',#2374,#1964,#1965);
#1581=AXIS2_PLACEMENT_3D('',#2376,#1967,#1968);
#1582=AXIS2_PLACEMENT_3D('',#2377,#1969,#1970);
#1583=AXIS2_PLACEMENT_3D('',#2378,#1971,#1972);
#1584=AXIS2_PLACEMENT_3D('',#2379,#1973,#1974);
#1585=AXIS2_PLACEMENT_3D('',#2380,#1975,#1976);
#1586=AXIS2_PLACEMENT_3D('',#2381,#1977,#1978);
#1587=AXIS2_PLACEMENT_3D('',#2382,#1979,#1980);
#1588=AXIS2_PLACEMENT_3D('',#2383,#1981,#1982);
#1589=AXIS2_PLACEMENT_3D('',#2384,#1983,#1984);
#1590=AXIS2_PLACEMENT_3D('',#2385,#1985,#1986);
#1591=AXIS2_PLACEMENT_3D('',#2387,#1988,#1989);
#1592=AXIS2_PLACEMENT_3D('',#2389,#1991,#1992);
#1593=DIRECTION('',(0.,0.,1.));
#1594=DIRECTION('',(1.,0.,0.));
#1595=DIRECTION('',(0.,1.,0.));
#1596=DIRECTION('',(1.,0.,0.));
#1597=DIRECTION('',(0.,-1.,0.));
#1598=DIRECTION('',(1.,0.,0.));
#1599=DIRECTION('',(0.,-1.,0.));
#1600=DIRECTION('',(1.,0.,0.));
#1601=DIRECTION('',(0.,1.,0.));
#1602=DIRECTION('',(1.,0.,0.));
#1603=DIRECTION('',(0.,1.,0.));
#1604=DIRECTION('',(1.,0.,0.));
#1605=DIRECTION('',(1.,0.,0.));
#1606=DIRECTION('',(0.,0.,1.));
#1607=DIRECTION('',(-0.707106781186548,0.,-0.707106781186547));
#1608=DIRECTION('',(0.,0.,1.));
#1609=DIRECTION('',(-0.707106781186548,0.,0.707106781186548));
#1610=DIRECTION('',(1.,0.,0.));
#1611=DIRECTION('',(0.,0.,1.));
#1612=DIRECTION('',(1.,0.,0.));
#1613=DIRECTION('',(0.,1.,0.));
#1614=DIRECTION('',(1.,0.,0.));
#1615=DIRECTION('',(-2.98575469187058E-16,0.,1.));
#1616=DIRECTION('',(0.,1.,0.));
#1617=DIRECTION('',(1.,0.,0.));
#1618=DIRECTION('',(1.,0.,0.));
#1619=DIRECTION('',(0.,1.,0.));
#1620=DIRECTION('',(1.,0.,0.));
#1621=DIRECTION('',(-2.98575469187058E-16,0.,1.));
#1622=DIRECTION('',(0.,1.,0.));
#1623=DIRECTION('',(1.,0.,0.));
#1624=DIRECTION('',(1.,0.,0.));
#1625=DIRECTION('',(0.,0.,1.));
#1626=DIRECTION('',(1.,0.,0.));
#1627=DIRECTION('',(0.707106781186548,0.,0.707106781186547));
#1628=DIRECTION('',(0.,0.,1.));
#1629=DIRECTION('',(0.707106781186548,0.,-0.707106781186547));
#1630=DIRECTION('',(0.,0.,1.));
#1631=DIRECTION('',(0.,1.,0.));
#1632=DIRECTION('',(1.,0.,0.));
#1633=DIRECTION('',(-0.707106781186548,0.,-0.707106781186547));
#1634=DIRECTION('',(1.,0.,0.));
#1635=DIRECTION('',(0.707106781186548,0.,-0.707106781186548));
#1636=DIRECTION('',(0.,0.,1.));
#1637=DIRECTION('',(0.707106781186548,0.,0.707106781186547));
#1638=DIRECTION('',(0.,0.,1.));
#1639=DIRECTION('',(1.,0.,0.));
#1640=DIRECTION('',(0.,0.,1.));
#1641=DIRECTION('',(-0.707106781186548,0.,0.707106781186547));
#1642=DIRECTION('',(0.,0.,1.));
#1643=DIRECTION('',(1.,0.,4.62592926927148E-16));
#1644=DIRECTION('',(-0.707106781186548,0.,-0.707106781186548));
#1645=DIRECTION('',(-1.73472347597681E-16,0.,1.));
#1646=DIRECTION('',(0.707106781186548,0.,-0.707106781186547));
#1647=DIRECTION('',(-1.,0.,-2.31296463463574E-16));
#1648=DIRECTION('',(0.707106781186548,0.,0.707106781186548));
#1649=DIRECTION('',(1.73472347597681E-16,0.,-1.));
#1650=DIRECTION('',(-0.707106781186548,0.,0.707106781186547));
#1651=DIRECTION('',(1.,0.,0.));
#1652=DIRECTION('',(-0.707106781186548,0.,-0.707106781186547));
#1653=DIRECTION('',(0.,0.,1.));
#1654=DIRECTION('',(0.707106781186547,0.,-0.707106781186548));
#1655=DIRECTION('',(-1.,0.,2.31296463463574E-16));
#1656=DIRECTION('',(0.707106781186548,0.,0.707106781186547));
#1657=DIRECTION('',(-1.7347234759768E-16,0.,-1.));
#1658=DIRECTION('',(-0.707106781186548,0.,0.707106781186547));
#1659=DIRECTION('',(0.,1.,0.));
#1660=DIRECTION('',(1.,0.,0.));
#1661=DIRECTION('',(1.73472347597681E-16,0.,-1.));
#1662=DIRECTION('',(-1.,0.,-4.62592926927148E-16));
#1663=DIRECTION('',(-1.73472347597681E-16,0.,1.));
#1664=DIRECTION('',(1.,0.,2.31296463463574E-16));
#1665=DIRECTION('',(0.,1.,0.));
#1666=DIRECTION('',(1.,0.,0.));
#1667=DIRECTION('',(0.,0.,-1.));
#1668=DIRECTION('',(-1.,0.,0.));
#1669=DIRECTION('',(1.7347234759768E-16,0.,1.));
#1670=DIRECTION('',(1.,0.,-2.31296463463574E-16));
#1671=DIRECTION('',(0.,1.,0.));
#1672=DIRECTION('',(1.,0.,0.));
#1673=DIRECTION('',(0.,1.,0.));
#1674=DIRECTION('',(1.,0.,0.));
#1675=DIRECTION('',(0.,1.,0.));
#1676=DIRECTION('',(1.,0.,0.));
#1677=DIRECTION('',(1.,0.,0.));
#1678=DIRECTION('',(0.,1.,0.));
#1679=DIRECTION('',(1.,0.,0.));
#1680=DIRECTION('',(-2.98575469187058E-16,0.,1.));
#1681=DIRECTION('',(0.,1.,0.));
#1682=DIRECTION('',(1.,0.,0.));
#1683=DIRECTION('',(1.,0.,0.));
#1684=DIRECTION('',(0.,1.,0.));
#1685=DIRECTION('',(1.,0.,0.));
#1686=DIRECTION('',(-2.98575469187058E-16,0.,1.));
#1687=DIRECTION('',(0.,1.,0.));
#1688=DIRECTION('',(1.,0.,0.));
#1689=DIRECTION('',(0.,1.,0.));
#1690=DIRECTION('',(1.,0.,0.));
#1691=DIRECTION('',(0.,1.,0.));
#1692=DIRECTION('',(1.,0.,0.));
#1693=DIRECTION('',(0.,0.,-1.));
#1694=DIRECTION('',(0.,1.,0.));
#1695=DIRECTION('',(0.,-1.,0.));
#1696=DIRECTION('',(0.,-1.,0.));
#1697=DIRECTION('',(1.,0.,2.98575469187058E-16));
#1698=DIRECTION('',(2.98575469187058E-16,0.,-1.));
#1699=DIRECTION('',(0.,-1.,0.));
#1700=DIRECTION('',(0.,-1.,0.));
#1701=DIRECTION('',(1.,0.,2.98575469187058E-16));
#1702=DIRECTION('',(2.98575469187058E-16,0.,-1.));
#1703=DIRECTION('',(0.,-1.,0.));
#1704=DIRECTION('',(0.,-1.,0.));
#1705=DIRECTION('',(0.,0.,-1.));
#1706=DIRECTION('',(0.,1.,0.));
#1707=DIRECTION('',(0.,-1.,0.));
#1708=DIRECTION('',(0.,0.,1.));
#1709=DIRECTION('',(0.,-1.,0.));
#1710=DIRECTION('',(0.,-1.,0.));
#1711=DIRECTION('',(0.,0.,-1.));
#1712=DIRECTION('',(0.,1.,0.));
#1713=DIRECTION('',(0.,1.,0.));
#1714=DIRECTION('',(0.,0.,1.));
#1715=DIRECTION('',(0.,-1.,0.));
#1716=DIRECTION('',(0.,-1.,0.));
#1717=DIRECTION('',(1.,0.,0.));
#1718=DIRECTION('',(0.,-1.,0.));
#1719=DIRECTION('',(0.,-1.,0.));
#1720=DIRECTION('',(0.,1.,0.));
#1721=DIRECTION('',(1.,0.,0.));
#1722=DIRECTION('',(0.,-1.,0.));
#1723=DIRECTION('',(0.,1.,0.));
#1724=DIRECTION('',(0.,-1.,0.));
#1725=DIRECTION('',(1.,0.,1.73472347597681E-16));
#1726=DIRECTION('',(1.73472347597681E-16,0.,-1.));
#1727=DIRECTION('',(1.73472347597681E-16,0.,-1.));
#1728=DIRECTION('',(0.,1.,0.));
#1729=DIRECTION('',(-1.73472347597681E-16,0.,1.));
#1730=DIRECTION('',(0.,-1.,0.));
#1731=DIRECTION('',(1.,0.,1.73472347597681E-16));
#1732=DIRECTION('',(1.73472347597681E-16,0.,-1.));
#1733=DIRECTION('',(1.73472347597681E-16,0.,-1.));
#1734=DIRECTION('',(0.,-1.,0.));
#1735=DIRECTION('',(-1.73472347597681E-16,0.,1.));
#1736=DIRECTION('',(0.,1.,0.));
#1737=DIRECTION('',(-2.31296463463574E-16,0.,1.));
#1738=DIRECTION('',(1.,0.,2.31296463463574E-16));
#1739=DIRECTION('',(-2.31296463463574E-16,0.,1.));
#1740=DIRECTION('',(1.,0.,2.31296463463574E-16));
#1741=DIRECTION('',(-2.31296463463574E-16,0.,1.));
#1742=DIRECTION('',(1.,0.,2.31296463463574E-16));
#1743=DIRECTION('',(-1.,0.,-2.31296463463574E-16));
#1744=DIRECTION('',(0.,-1.,0.));
#1745=DIRECTION('',(1.,0.,2.31296463463574E-16));
#1746=DIRECTION('',(0.,1.,0.));
#1747=DIRECTION('',(1.,0.,0.));
#1748=DIRECTION('',(0.,-1.,0.));
#1749=DIRECTION('',(0.,0.,-1.));
#1750=DIRECTION('',(0.,1.,0.));
#1751=DIRECTION('',(0.,0.,1.));
#1752=DIRECTION('',(0.,-1.,0.));
#1753=DIRECTION('',(1.,0.,-1.7347234759768E-16));
#1754=DIRECTION('',(-1.7347234759768E-16,0.,-1.));
#1755=DIRECTION('',(-1.7347234759768E-16,0.,-1.));
#1756=DIRECTION('',(0.,-1.,0.));
#1757=DIRECTION('',(1.7347234759768E-16,0.,1.));
#1758=DIRECTION('',(0.,1.,0.));
#1759=DIRECTION('',(2.31296463463574E-16,0.,1.));
#1760=DIRECTION('',(1.,0.,-2.31296463463574E-16));
#1761=DIRECTION('',(2.31296463463574E-16,0.,1.));
#1762=DIRECTION('',(1.,0.,-2.31296463463574E-16));
#1763=DIRECTION('',(2.31296463463574E-16,0.,1.));
#1764=DIRECTION('',(1.,0.,-2.31296463463574E-16));
#1765=DIRECTION('',(-1.,0.,2.31296463463574E-16));
#1766=DIRECTION('',(0.,-1.,0.));
#1767=DIRECTION('',(1.,0.,-2.31296463463574E-16));
#1768=DIRECTION('',(0.,1.,0.));
#1769=DIRECTION('',(-2.31296463463574E-16,0.,1.));
#1770=DIRECTION('',(1.,0.,2.31296463463574E-16));
#1771=DIRECTION('',(0.,0.,1.));
#1772=DIRECTION('',(0.,-1.,0.));
#1773=DIRECTION('',(0.,0.,1.));
#1774=DIRECTION('',(0.,-1.,0.));
#1775=DIRECTION('',(-2.31296463463574E-16,0.,1.));
#1776=DIRECTION('',(1.,0.,2.31296463463574E-16));
#1777=DIRECTION('',(0.,0.,1.));
#1778=DIRECTION('',(0.,-1.,0.));
#1779=DIRECTION('',(0.,0.,1.));
#1780=DIRECTION('',(0.,-1.,0.));
#1781=DIRECTION('',(-2.31296463463574E-16,0.,1.));
#1782=DIRECTION('',(1.,0.,2.31296463463574E-16));
#1783=DIRECTION('',(0.,0.,1.));
#1784=DIRECTION('',(0.,-1.,0.));
#1785=DIRECTION('',(0.,0.,1.));
#1786=DIRECTION('',(0.,-1.,0.));
#1787=DIRECTION('',(-2.31296463463574E-16,0.,1.));
#1788=DIRECTION('',(1.,0.,2.31296463463574E-16));
#1789=DIRECTION('',(0.,0.,1.));
#1790=DIRECTION('',(0.,-1.,0.));
#1791=DIRECTION('',(0.,0.,1.));
#1792=DIRECTION('',(0.,-1.,0.));
#1793=DIRECTION('',(0.,-1.,0.));
#1794=DIRECTION('',(-1.,0.,0.));
#1795=DIRECTION('',(0.,1.,0.));
#1796=DIRECTION('',(1.,0.,0.));
#1797=DIRECTION('',(0.,1.,0.));
#1798=DIRECTION('',(1.,0.,0.));
#1799=DIRECTION('',(0.,-1.,0.));
#1800=DIRECTION('',(-1.,0.,0.));
#1801=DIRECTION('',(0.707106781186548,0.,0.707106781186548));
#1802=DIRECTION('',(0.,-1.,0.));
#1803=DIRECTION('',(0.707106781186547,0.,-0.707106781186548));
#1804=DIRECTION('',(0.,1.,0.));
#1805=DIRECTION('',(-0.707106781186547,0.,0.707106781186548));
#1806=DIRECTION('',(0.,1.,0.));
#1807=DIRECTION('',(0.,1.,0.));
#1808=DIRECTION('',(-0.707106781186547,0.,-0.707106781186548));
#1809=DIRECTION('',(0.,-1.,0.));
#1810=DIRECTION('',(0.,-1.,0.));
#1811=DIRECTION('',(0.,1.,0.));
#1812=DIRECTION('',(1.,0.,0.));
#1813=DIRECTION('',(0.,1.,0.));
#1814=DIRECTION('',(1.,0.,0.));
#1815=DIRECTION('',(0.,1.,0.));
#1816=DIRECTION('',(1.,0.,0.));
#1817=DIRECTION('',(0.,1.,0.));
#1818=DIRECTION('',(1.,0.,0.));
#1819=DIRECTION('',(0.,0.,1.));
#1820=DIRECTION('',(0.,-1.,0.));
#1821=DIRECTION('',(-4.62592926927148E-16,0.,1.));
#1822=DIRECTION('',(1.,0.,4.62592926927148E-16));
#1823=DIRECTION('',(-4.62592926927148E-16,0.,1.));
#1824=DIRECTION('',(1.,0.,4.62592926927148E-16));
#1825=DIRECTION('',(-4.62592926927148E-16,0.,1.));
#1826=DIRECTION('',(1.,0.,4.62592926927148E-16));
#1827=DIRECTION('',(0.,-1.,0.));
#1828=DIRECTION('',(-1.,0.,-4.62592926927148E-16));
#1829=DIRECTION('',(0.,1.,0.));
#1830=DIRECTION('',(1.,0.,4.62592926927148E-16));
#1831=DIRECTION('',(0.,0.,1.));
#1832=DIRECTION('',(0.,-1.,0.));
#1833=DIRECTION('',(0.,0.,1.));
#1834=DIRECTION('',(0.,-1.,0.));
#1835=DIRECTION('',(0.,0.,1.));
#1836=DIRECTION('',(0.,-1.,0.));
#1837=DIRECTION('',(0.,-1.,0.));
#1838=DIRECTION('',(-1.,0.,0.));
#1839=DIRECTION('',(0.,1.,0.));
#1840=DIRECTION('',(1.,0.,0.));
#1841=DIRECTION('',(-0.707106781186548,-0.707106781186548,0.));
#1842=DIRECTION('',(0.,0.,1.));
#1843=DIRECTION('',(-0.707106781186548,0.707106781186548,0.));
#1844=DIRECTION('',(0.707106781186548,-0.707106781186548,-1.18153318744577E-15));
#1845=DIRECTION('',(0.577350269189626,0.577350269189626,-0.577350269189626));
#1846=DIRECTION('',(0.,0.707106781186548,0.707106781186547));
#1847=DIRECTION('',(1.23903709934807E-16,0.707106781186548,0.707106781186547));
#1848=DIRECTION('',(-0.707106781186548,-1.19609907444043E-16,-0.707106781186547));
#1849=DIRECTION('',(0.577350269189626,0.577350269189625,0.577350269189625));
#1850=DIRECTION('',(0.707106781186547,-0.707106781186548,0.));
#1851=DIRECTION('',(-0.707106781186547,2.77555756156289E-17,0.707106781186548));
#1852=DIRECTION('',(-6.73036940234247E-16,0.707106781186548,-0.707106781186547));
#1853=DIRECTION('',(0.707106781186547,0.,-0.707106781186548));
#1854=DIRECTION('',(0.,1.,0.));
#1855=DIRECTION('',(0.707106781186548,0.,0.707106781186547));
#1856=DIRECTION('',(0.,0.707106781186547,-0.707106781186548));
#1857=DIRECTION('',(1.,0.,0.));
#1858=DIRECTION('',(2.88444402957535E-16,-0.707106781186548,-0.707106781186547));
#1859=DIRECTION('',(-0.707106781186548,0.707106781186548,1.2266347333467E-16));
#1860=DIRECTION('',(-1.7347234759768E-16,0.,-1.));
#1861=DIRECTION('',(-0.707106781186548,-0.707106781186548,1.34607388046849E-15));
#1862=DIRECTION('',(0.707106781186548,0.707106781186548,3.56836961661084E-16));
#1863=DIRECTION('',(-1.6355129777956E-16,-0.707106781186547,-0.707106781186548));
#1864=DIRECTION('',(-1.,0.,2.31296463463574E-16));
#1865=DIRECTION('',(6.73036940234248E-16,-0.707106781186548,0.707106781186547));
#1866=DIRECTION('',(-0.707106781186548,0.,-0.707106781186547));
#1867=DIRECTION('',(0.,-1.,0.));
#1868=DIRECTION('',(0.707106781186547,0.,-0.707106781186548));
#1869=DIRECTION('',(0.707106781186547,0.707106781186548,0.));
#1870=DIRECTION('',(0.,0.,-1.));
#1871=DIRECTION('',(-0.707106781186548,0.707106781186547,0.));
#1872=DIRECTION('',(0.707106781186548,-0.707106781186547,0.));
#1873=DIRECTION('',(-0.577350269189625,-0.577350269189626,0.577350269189626));
#1874=DIRECTION('',(0.,-0.707106781186548,-0.707106781186548));
#1875=DIRECTION('',(0.,0.707106781186548,0.707106781186548));
#1876=DIRECTION('',(-0.577350269189625,0.577350269189626,-0.577350269189626));
#1877=DIRECTION('',(0.,0.707106781186548,0.707106781186547));
#1878=DIRECTION('',(0.707106781186548,-5.51125990970486E-16,-0.707106781186547));
#1879=DIRECTION('',(-0.577350269189625,0.577350269189626,0.577350269189627));
#1880=DIRECTION('',(0.,-0.707106781186548,0.707106781186547));
#1881=DIRECTION('',(0.707106781186548,-1.34147179682906E-15,0.707106781186547));
#1882=DIRECTION('',(-0.577350269189626,-0.577350269189627,-0.577350269189625));
#1883=DIRECTION('',(-0.707106781186548,0.707106781186547,0.));
#1884=DIRECTION('',(0.,-0.707106781186548,0.707106781186547));
#1885=DIRECTION('',(0.,-0.707106781186548,0.707106781186548));
#1886=DIRECTION('',(-1.,0.,0.));
#1887=DIRECTION('',(0.,-0.707106781186548,-0.707106781186548));
#1888=DIRECTION('',(0.707106781186547,0.,0.707106781186548));
#1889=DIRECTION('',(0.,-1.,0.));
#1890=DIRECTION('',(-0.707106781186548,0.,0.707106781186547));
#1891=DIRECTION('',(-0.707106781186547,0.,0.707106781186548));
#1892=DIRECTION('',(0.,1.,0.));
#1893=DIRECTION('',(-0.707106781186548,0.,-0.707106781186547));
#1894=DIRECTION('',(1.6355129777956E-16,0.707106781186548,0.707106781186548));
#1895=DIRECTION('',(1.,0.,-2.31296463463574E-16));
#1896=DIRECTION('',(0.,0.707106781186547,-0.707106781186548));
#1897=DIRECTION('',(0.577350269189625,-0.577350269189626,0.577350269189626));
#1898=DIRECTION('',(0.,-0.707106781186548,-0.707106781186547));
#1899=DIRECTION('',(0.707106781186548,0.707106781186547,0.));
#1900=DIRECTION('',(0.577350269189624,-0.577350269189627,-0.577350269189626));
#1901=DIRECTION('',(0.,0.707106781186547,-0.707106781186548));
#1902=DIRECTION('',(-0.707106781186548,-0.707106781186547,0.));
#1903=DIRECTION('',(0.707106781186547,-0.707106781186548,-1.2266347333467E-16));
#1904=DIRECTION('',(1.7347234759768E-16,0.,1.));
#1905=DIRECTION('',(-0.707106781186548,-0.707106781186548,-1.2266347333467E-16));
#1906=DIRECTION('',(-1.73472347597681E-16,0.,1.));
#1907=DIRECTION('',(-0.707106781186548,0.707106781186548,9.61481343191781E-17));
#1908=DIRECTION('',(0.707106781186548,-0.707106781186548,1.34607388046849E-15));
#1909=DIRECTION('',(0.577350269189626,0.577350269189626,-0.577350269189626));
#1910=DIRECTION('',(0.,0.707106781186548,0.707106781186547));
#1911=DIRECTION('',(1.92296268638356E-16,0.707106781186548,0.707106781186547));
#1912=DIRECTION('',(-0.707106781186548,-4.87027234757701E-16,-0.707106781186548));
#1913=DIRECTION('',(0.577350269189625,0.577350269189626,0.577350269189627));
#1914=DIRECTION('',(0.,-0.707106781186548,0.707106781186547));
#1915=DIRECTION('',(-0.707106781186548,-1.34147179682906E-15,0.707106781186547));
#1916=DIRECTION('',(6.73036940234248E-16,0.707106781186548,-0.707106781186547));
#1917=DIRECTION('',(0.707106781186547,0.,-0.707106781186548));
#1918=DIRECTION('',(0.,1.,0.));
#1919=DIRECTION('',(0.707106781186548,0.,0.707106781186548));
#1920=DIRECTION('',(3.2710259555912E-16,0.707106781186547,-0.707106781186548));
#1921=DIRECTION('',(1.,0.,4.62592926927148E-16));
#1922=DIRECTION('',(1.92296268638356E-16,-0.707106781186548,-0.707106781186547));
#1923=DIRECTION('',(-0.707106781186547,0.707106781186548,-1.2266347333467E-16));
#1924=DIRECTION('',(1.73472347597681E-16,0.,-1.));
#1925=DIRECTION('',(-0.707106781186548,-0.707106781186548,-1.44222201478767E-15));
#1926=DIRECTION('',(0.707106781186548,0.707106781186548,-1.92296268638356E-16));
#1927=DIRECTION('',(1.6355129777956E-16,-0.707106781186547,-0.707106781186548));
#1928=DIRECTION('',(-1.,0.,-2.31296463463574E-16));
#1929=DIRECTION('',(-6.73036940234247E-16,-0.707106781186548,0.707106781186547));
#1930=DIRECTION('',(-0.707106781186547,0.,-0.707106781186548));
#1931=DIRECTION('',(0.,-1.,0.));
#1932=DIRECTION('',(0.707106781186548,0.,-0.707106781186547));
#1933=DIRECTION('',(0.707106781186547,0.707106781186548,1.2266347333467E-16));
#1934=DIRECTION('',(1.73472347597681E-16,0.,-1.));
#1935=DIRECTION('',(-0.707106781186548,0.707106781186547,0.));
#1936=DIRECTION('',(0.707106781186548,-0.707106781186547,0.));
#1937=DIRECTION('',(-0.577350269189626,-0.577350269189626,0.577350269189626));
#1938=DIRECTION('',(0.,-0.707106781186548,-0.707106781186548));
#1939=DIRECTION('',(0.,0.707106781186548,0.707106781186548));
#1940=DIRECTION('',(-0.577350269189626,0.577350269189626,-0.577350269189626));
#1941=DIRECTION('',(0.,0.707106781186548,0.707106781186547));
#1942=DIRECTION('',(0.707106781186548,2.39219814888086E-16,-0.707106781186547));
#1943=DIRECTION('',(-0.577350269189626,0.577350269189625,0.577350269189625));
#1944=DIRECTION('',(0.707106781186547,0.707106781186548,0.));
#1945=DIRECTION('',(0.707106781186548,1.18551870878786E-15,0.707106781186548));
#1946=DIRECTION('',(-0.577350269189625,-0.577350269189625,-0.577350269189627));
#1947=DIRECTION('',(0.,0.707106781186549,-0.707106781186547));
#1948=DIRECTION('',(0.,-0.707106781186547,0.707106781186548));
#1949=DIRECTION('',(-3.2710259555912E-16,-0.707106781186548,0.707106781186548));
#1950=DIRECTION('',(-1.,0.,-4.62592926927148E-16));
#1951=DIRECTION('',(0.,-0.707106781186548,-0.707106781186548));
#1952=DIRECTION('',(0.707106781186547,0.,0.707106781186548));
#1953=DIRECTION('',(0.,-1.,0.));
#1954=DIRECTION('',(-0.707106781186548,0.,0.707106781186547));
#1955=DIRECTION('',(-0.707106781186548,0.,0.707106781186548));
#1956=DIRECTION('',(0.,1.,0.));
#1957=DIRECTION('',(-0.707106781186548,0.,-0.707106781186548));
#1958=DIRECTION('',(-1.6355129777956E-16,0.707106781186548,0.707106781186548));
#1959=DIRECTION('',(1.,0.,2.31296463463574E-16));
#1960=DIRECTION('',(0.,0.707106781186548,-0.707106781186547));
#1961=DIRECTION('',(0.577350269189626,-0.577350269189626,0.577350269189626));
#1962=DIRECTION('',(0.,-0.707106781186548,-0.707106781186548));
#1963=DIRECTION('',(0.707106781186548,0.707106781186547,0.));
#1964=DIRECTION('',(0.577350269189627,-0.577350269189625,-0.577350269189626));
#1965=DIRECTION('',(-0.707106781186547,0.,-0.707106781186548));
#1966=DIRECTION('',(-0.707106781186548,-0.707106781186547,0.));
#1967=DIRECTION('',(0.707106781186547,-0.707106781186548,1.2266347333467E-16));
#1968=DIRECTION('',(-1.73472347597681E-16,0.,1.));
#1969=DIRECTION('',(0.,0.,-1.));
#1970=DIRECTION('',(0.,1.,0.));
#1971=DIRECTION('',(0.,0.,-1.));
#1972=DIRECTION('',(0.,1.,0.));
#1973=DIRECTION('',(0.,0.,-1.));
#1974=DIRECTION('',(0.,1.,0.));
#1975=DIRECTION('',(0.,0.,-1.));
#1976=DIRECTION('',(0.,1.,0.));
#1977=DIRECTION('',(0.,0.,1.));
#1978=DIRECTION('',(0.,-1.,0.));
#1979=DIRECTION('',(0.,0.,1.));
#1980=DIRECTION('',(0.,-1.,0.));
#1981=DIRECTION('',(0.,0.,1.));
#1982=DIRECTION('',(0.,-1.,0.));
#1983=DIRECTION('',(0.,0.,1.));
#1984=DIRECTION('',(0.,-1.,0.));
#1985=DIRECTION('',(1.,0.,0.));
#1986=DIRECTION('',(0.,-1.,0.));
#1987=DIRECTION('',(0.,1.,0.));
#1988=DIRECTION('',(-1.,0.,0.));
#1989=DIRECTION('',(0.,1.,0.));
#1990=DIRECTION('',(0.,-1.,0.));
#1991=DIRECTION('',(0.,0.,-1.));
#1992=DIRECTION('',(0.,1.,0.));
#1993=CARTESIAN_POINT('',(0.,0.,0.));
#1994=CARTESIAN_POINT('',(0.,0.018,3.46944695195361E-18));
#1995=CARTESIAN_POINT('',(0.0302132233047034,0.018,0.0200632233047033));
#1996=CARTESIAN_POINT('',(0.0317382233047034,0.018,0.0200632233047033));
#1997=CARTESIAN_POINT('',(-0.0302132233047034,0.018,-0.0200632233047033));
#1998=CARTESIAN_POINT('',(-0.0286882233047034,0.018,-0.0200632233047033));
#1999=CARTESIAN_POINT('',(0.0302132233047034,0.018,-0.0200632233047033));
#2000=CARTESIAN_POINT('',(0.0317382233047034,0.018,-0.0200632233047033));
#2001=CARTESIAN_POINT('',(-0.0302132233047034,0.018,0.0200632233047033));
#2002=CARTESIAN_POINT('',(-0.0286882233047034,0.018,0.0200632233047033));
#2003=CARTESIAN_POINT('',(0.,0.018,-0.02124));
#2004=CARTESIAN_POINT('',(-0.02544025,0.018,-0.02124));
#2005=CARTESIAN_POINT('',(0.02544025,0.018,-0.02124));
#2006=CARTESIAN_POINT('',(0.02544025,0.018,-0.02124));
#2007=CARTESIAN_POINT('',(0.02544025,0.018,-0.02024));
#2008=CARTESIAN_POINT('',(0.03039,0.018,-0.01529025));
#2009=CARTESIAN_POINT('',(0.03039,0.018,-0.01529025));
#2010=CARTESIAN_POINT('',(0.03039,0.018,0.));
#2011=CARTESIAN_POINT('',(0.03039,0.018,0.01529025));
#2012=CARTESIAN_POINT('',(0.02544025,0.018,0.02024));
#2013=CARTESIAN_POINT('',(0.02544025,0.018,0.02024));
#2014=CARTESIAN_POINT('',(0.025695,0.018,0.02024));
#2015=CARTESIAN_POINT('',(-0.00668337520964461,0.018,0.02024));
#2016=CARTESIAN_POINT('',(-0.00668337520964461,0.018,0.02024));
#2017=CARTESIAN_POINT('',(-0.00668337520964461,0.018,0.02324));
#2018=CARTESIAN_POINT('',(-6.93889390390723E-18,0.018,0.02324));
#2019=CARTESIAN_POINT('',(0.03039,0.018,0.02324));
#2020=CARTESIAN_POINT('',(0.03039,0.018,0.02024));
#2021=CARTESIAN_POINT('',(0.03339,0.018,0.02024));
#2022=CARTESIAN_POINT('',(0.03339,0.018,0.));
#2023=CARTESIAN_POINT('',(0.03339,0.018,-0.02024));
#2024=CARTESIAN_POINT('',(0.03039,0.018,-0.02024));
#2025=CARTESIAN_POINT('',(0.03039,0.018,-0.02324));
#2026=CARTESIAN_POINT('',(6.93889390390723E-18,0.018,-0.02324));
#2027=CARTESIAN_POINT('',(-0.03039,0.018,-0.02324));
#2028=CARTESIAN_POINT('',(-0.03039,0.018,-0.02024));
#2029=CARTESIAN_POINT('',(-0.03339,0.018,-0.02024));
#2030=CARTESIAN_POINT('',(-0.03339,0.018,0.));
#2031=CARTESIAN_POINT('',(-0.03339,0.018,0.02024));
#2032=CARTESIAN_POINT('',(-0.03039,0.018,0.02024));
#2033=CARTESIAN_POINT('',(-0.03039,0.018,0.02324));
#2034=CARTESIAN_POINT('',(-6.93889390390723E-18,0.018,0.02324));
#2035=CARTESIAN_POINT('',(-0.0133166247903554,0.018,0.02324));
#2036=CARTESIAN_POINT('',(-0.0133166247903554,0.018,0.02024));
#2037=CARTESIAN_POINT('',(-0.0133166247903554,0.018,0.02024));
#2038=CARTESIAN_POINT('',(-0.025695,0.018,0.02024));
#2039=CARTESIAN_POINT('',(-0.02544025,0.018,0.02024));
#2040=CARTESIAN_POINT('',(-0.03039,0.018,0.01529025));
#2041=CARTESIAN_POINT('',(-0.03039,0.018,0.01529025));
#2042=CARTESIAN_POINT('',(-0.03039,0.018,0.));
#2043=CARTESIAN_POINT('',(-0.03039,0.018,-0.01529025));
#2044=CARTESIAN_POINT('',(-0.02544025,0.018,-0.02024));
#2045=CARTESIAN_POINT('',(-0.02544025,0.018,-0.02024));
#2046=CARTESIAN_POINT('',(-0.02544025,0.018,-0.02124));
#2047=CARTESIAN_POINT('',(0.,0.003,3.46944695195361E-18));
#2048=CARTESIAN_POINT('',(-0.022840125,0.003,0.022840125));
#2049=CARTESIAN_POINT('',(-0.03039,0.003,0.01529025));
#2050=CARTESIAN_POINT('',(-0.02544025,0.003,0.02024));
#2051=CARTESIAN_POINT('',(0.025695,0.003,0.02024));
#2052=CARTESIAN_POINT('',(0.02544025,0.003,0.02024));
#2053=CARTESIAN_POINT('',(0.022840125,0.003,0.022840125));
#2054=CARTESIAN_POINT('',(0.03039,0.003,0.01529025));
#2055=CARTESIAN_POINT('',(0.03039,0.003,0.));
#2056=CARTESIAN_POINT('',(0.03039,0.003,-0.01529025));
#2057=CARTESIAN_POINT('',(0.022840125,0.003,-0.022840125));
#2058=CARTESIAN_POINT('',(0.02544025,0.003,-0.02024));
#2059=CARTESIAN_POINT('',(0.02544025,0.003,-0.02124));
#2060=CARTESIAN_POINT('',(0.02544025,0.003,-0.02124));
#2061=CARTESIAN_POINT('',(0.,0.003,-0.02124));
#2062=CARTESIAN_POINT('',(-0.02544025,0.003,-0.02124));
#2063=CARTESIAN_POINT('',(-0.02544025,0.003,-0.02124));
#2064=CARTESIAN_POINT('',(-0.02544025,0.003,-0.02024));
#2065=CARTESIAN_POINT('',(-0.022840125,0.003,-0.022840125));
#2066=CARTESIAN_POINT('',(-0.03039,0.003,-0.01529025));
#2067=CARTESIAN_POINT('',(-0.03039,0.003,0.));
#2068=CARTESIAN_POINT('',(-1.11022302462513E-19,0.003,0.00024));
#2069=CARTESIAN_POINT('',(-0.02775,0.003,0.000239999999999986));
#2070=CARTESIAN_POINT('',(-0.02225,0.003,0.000239999999999989));
#2071=CARTESIAN_POINT('',(-0.011245,0.003,0.011245));
#2072=CARTESIAN_POINT('',(-0.02025,0.003,0.00224));
#2073=CARTESIAN_POINT('',(-0.02025,0.003,0.00874));
#2074=CARTESIAN_POINT('',(-0.02025,0.003,0.00774));
#2075=CARTESIAN_POINT('',(-0.006255,0.003,-0.006255));
#2076=CARTESIAN_POINT('',(-0.02225,0.003,0.00974));
#2077=CARTESIAN_POINT('',(-0.02875,0.003,0.00974));
#2078=CARTESIAN_POINT('',(-0.02775,0.003,0.00974));
#2079=CARTESIAN_POINT('',(-0.018745,0.003,0.018745));
#2080=CARTESIAN_POINT('',(-0.02975,0.003,0.00774));
#2081=CARTESIAN_POINT('',(-0.02975,0.003,-1.69135538907739E-18));
#2082=CARTESIAN_POINT('',(-0.02975,0.003,0.00224));
#2083=CARTESIAN_POINT('',(-0.013755,0.003,-0.013755));
#2084=CARTESIAN_POINT('',(0.,0.003,0.000239999999999986));
#2085=CARTESIAN_POINT('',(0.02225,0.003,0.000239999999999986));
#2086=CARTESIAN_POINT('',(0.02775,0.003,0.000239999999999986));
#2087=CARTESIAN_POINT('',(0.013755,0.003,-0.013755));
#2088=CARTESIAN_POINT('',(0.02975,0.003,0.00224));
#2089=CARTESIAN_POINT('',(0.02975,0.003,0.00874));
#2090=CARTESIAN_POINT('',(0.02975,0.003,0.00774));
#2091=CARTESIAN_POINT('',(0.018745,0.003,0.018745));
#2092=CARTESIAN_POINT('',(0.02775,0.003,0.00974));
#2093=CARTESIAN_POINT('',(0.02125,0.003,0.00974));
#2094=CARTESIAN_POINT('',(0.02225,0.003,0.00974));
#2095=CARTESIAN_POINT('',(0.006255,0.003,-0.006255));
#2096=CARTESIAN_POINT('',(0.02025,0.003,0.00774));
#2097=CARTESIAN_POINT('',(0.02025,0.003,-4.336808689942E-20));
#2098=CARTESIAN_POINT('',(0.02025,0.003,0.00224));
#2099=CARTESIAN_POINT('',(0.011245,0.003,0.011245));
#2100=CARTESIAN_POINT('',(0.,0.023,3.46944695195361E-18));
#2101=CARTESIAN_POINT('',(-0.02225,0.023,-3.90312782094784E-19));
#2102=CARTESIAN_POINT('',(-0.02225,0.023,0.00774));
#2103=CARTESIAN_POINT('',(-0.02225,0.023,0.00224));
#2104=CARTESIAN_POINT('',(-0.02875,0.023,0.00224));
#2105=CARTESIAN_POINT('',(-0.02775,0.023,0.00224));
#2106=CARTESIAN_POINT('',(-0.02775,0.023,0.00874));
#2107=CARTESIAN_POINT('',(-0.02775,0.023,0.00774));
#2108=CARTESIAN_POINT('',(-1.79023462720806E-18,0.023,0.00774));
#2109=CARTESIAN_POINT('',(0.,0.023,3.46944695195361E-18));
#2110=CARTESIAN_POINT('',(0.02775,0.023,3.46944695195361E-18));
#2111=CARTESIAN_POINT('',(0.02775,0.023,0.00774));
#2112=CARTESIAN_POINT('',(0.02775,0.023,0.00224));
#2113=CARTESIAN_POINT('',(0.02125,0.023,0.00224));
#2114=CARTESIAN_POINT('',(0.02225,0.023,0.00224));
#2115=CARTESIAN_POINT('',(0.02225,0.023,0.00874));
#2116=CARTESIAN_POINT('',(0.02225,0.023,0.00774));
#2117=CARTESIAN_POINT('',(1.79023462720806E-18,0.023,0.00774));
#2118=CARTESIAN_POINT('',(0.,0.,3.46944695195361E-18));
#2119=CARTESIAN_POINT('',(0.0302132233047034,0.,-0.0200632233047033));
#2120=CARTESIAN_POINT('',(0.0317382233047034,0.,-0.0200632233047033));
#2121=CARTESIAN_POINT('',(-0.0302132233047034,0.,-0.0200632233047033));
#2122=CARTESIAN_POINT('',(-0.0286882233047034,0.,-0.0200632233047033));
#2123=CARTESIAN_POINT('',(6.93889390390723E-18,0.,-0.02324));
#2124=CARTESIAN_POINT('',(-0.03039,0.,-0.02324));
#2125=CARTESIAN_POINT('',(0.03039,0.,-0.02324));
#2126=CARTESIAN_POINT('',(0.03039,0.,-0.02024));
#2127=CARTESIAN_POINT('',(0.03339,0.,-0.02024));
#2128=CARTESIAN_POINT('',(0.03339,0.,0.));
#2129=CARTESIAN_POINT('',(0.03339,0.,0.02024));
#2130=CARTESIAN_POINT('',(0.03039,0.,0.02024));
#2131=CARTESIAN_POINT('',(0.03039,0.,0.02324));
#2132=CARTESIAN_POINT('',(-6.93889390390723E-18,0.,0.02324));
#2133=CARTESIAN_POINT('',(-0.03039,0.,0.02324));
#2134=CARTESIAN_POINT('',(-0.03039,0.,0.02024));
#2135=CARTESIAN_POINT('',(-0.03339,0.,0.02024));
#2136=CARTESIAN_POINT('',(-0.03339,0.,0.));
#2137=CARTESIAN_POINT('',(-0.03339,0.,-0.02024));
#2138=CARTESIAN_POINT('',(-0.03039,0.,-0.02024));
#2139=CARTESIAN_POINT('',(0.0302132233047034,0.,0.0200632233047033));
#2140=CARTESIAN_POINT('',(0.0317382233047034,0.,0.0200632233047033));
#2141=CARTESIAN_POINT('',(-0.0302132233047034,0.,0.0200632233047033));
#2142=CARTESIAN_POINT('',(-0.0286882233047034,0.,0.0200632233047033));
#2143=CARTESIAN_POINT('',(6.93889390390723E-18,0.003,-0.02324));
#2144=CARTESIAN_POINT('',(0.03039,0.003,-0.02324));
#2145=CARTESIAN_POINT('',(-0.03039,0.018,-0.02324));
#2146=CARTESIAN_POINT('',(-0.03339,0.003,0.));
#2147=CARTESIAN_POINT('',(-0.03339,0.,-0.02024));
#2148=CARTESIAN_POINT('',(-0.03339,0.003,0.02024));
#2149=CARTESIAN_POINT('',(0.03339,0.003,0.));
#2150=CARTESIAN_POINT('',(0.03339,0.003,-0.02024));
#2151=CARTESIAN_POINT('',(0.03339,0.,0.02024));
#2152=CARTESIAN_POINT('',(-6.93889390390723E-18,0.003,0.02324));
#2153=CARTESIAN_POINT('',(0.03039,0.018,0.02324));
#2154=CARTESIAN_POINT('',(-0.01,0.013,0.02324));
#2155=CARTESIAN_POINT('',(-0.03039,0.003,0.02324));
#2156=CARTESIAN_POINT('',(-0.025695,0.023,0.02024));
#2157=CARTESIAN_POINT('',(-0.02544025,0.018,0.02024));
#2158=CARTESIAN_POINT('',(-0.01,0.013,0.02024));
#2159=CARTESIAN_POINT('',(0.02544025,0.023,0.02024));
#2160=CARTESIAN_POINT('',(-0.03039,0.023,0.));
#2161=CARTESIAN_POINT('',(-0.03039,0.003,0.01529025));
#2162=CARTESIAN_POINT('',(-0.03039,0.023,-0.01529025));
#2163=CARTESIAN_POINT('',(0.03039,0.023,0.));
#2164=CARTESIAN_POINT('',(0.03039,0.023,0.01529025));
#2165=CARTESIAN_POINT('',(0.03039,0.003,-0.01529025));
#2166=CARTESIAN_POINT('',(-0.02125,0.023,-0.00126));
#2167=CARTESIAN_POINT('',(-0.02125,0.004,0.00124));
#2168=CARTESIAN_POINT('',(-0.02125,0.004,0.00774));
#2169=CARTESIAN_POINT('',(-0.02125,0.004,0.00224));
#2170=CARTESIAN_POINT('',(-0.02125,0.023,0.00224));
#2171=CARTESIAN_POINT('',(-0.02125,0.022,0.00224));
#2172=CARTESIAN_POINT('',(-0.02125,0.022,-0.00126));
#2173=CARTESIAN_POINT('',(-0.02125,0.022,0.00774));
#2174=CARTESIAN_POINT('',(-0.02125,0.023,0.00774));
#2175=CARTESIAN_POINT('',(-0.02875,0.023,-0.00126000000000001));
#2176=CARTESIAN_POINT('',(-0.02875,0.022,0.00123999999999999));
#2177=CARTESIAN_POINT('',(-0.02875,0.022,0.00774));
#2178=CARTESIAN_POINT('',(-0.02875,0.022,0.00224));
#2179=CARTESIAN_POINT('',(-0.02875,0.023,0.00224));
#2180=CARTESIAN_POINT('',(-0.02875,0.004,0.00224));
#2181=CARTESIAN_POINT('',(-0.02875,0.004,-0.00126000000000001));
#2182=CARTESIAN_POINT('',(-0.02875,0.004,0.00774));
#2183=CARTESIAN_POINT('',(-0.02875,0.023,0.00774));
#2184=CARTESIAN_POINT('',(-0.025,0.023,0.00874));
#2185=CARTESIAN_POINT('',(-0.025,0.008,0.00874));
#2186=CARTESIAN_POINT('',(-0.02275,0.008,0.00874));
#2187=CARTESIAN_POINT('',(-0.025,0.018,0.00874));
#2188=CARTESIAN_POINT('',(-0.02275,0.018,0.00874));
#2189=CARTESIAN_POINT('',(-0.025,0.022,0.00874));
#2190=CARTESIAN_POINT('',(-0.02225,0.022,0.00874));
#2191=CARTESIAN_POINT('',(-0.02775,0.022,0.00874));
#2192=CARTESIAN_POINT('',(-0.02775,0.003,0.00874));
#2193=CARTESIAN_POINT('',(-0.02775,0.004,0.00874));
#2194=CARTESIAN_POINT('',(-0.02125,0.004,0.00874));
#2195=CARTESIAN_POINT('',(-0.02225,0.004,0.00874));
#2196=CARTESIAN_POINT('',(-0.02225,0.023,0.00874));
#2197=CARTESIAN_POINT('',(0.02875,0.023,-0.00126000000000001));
#2198=CARTESIAN_POINT('',(0.02875,0.004,0.00123999999999999));
#2199=CARTESIAN_POINT('',(0.02875,0.004,0.00774));
#2200=CARTESIAN_POINT('',(0.02875,0.004,0.00224));
#2201=CARTESIAN_POINT('',(0.02875,0.023,0.00224));
#2202=CARTESIAN_POINT('',(0.02875,0.022,0.00224));
#2203=CARTESIAN_POINT('',(0.02875,0.022,-0.00126000000000001));
#2204=CARTESIAN_POINT('',(0.02875,0.022,0.00774));
#2205=CARTESIAN_POINT('',(0.02875,0.023,0.00774));
#2206=CARTESIAN_POINT('',(0.02125,0.023,-0.00126000000000001));
#2207=CARTESIAN_POINT('',(0.02125,0.022,0.00123999999999999));
#2208=CARTESIAN_POINT('',(0.02125,0.022,0.00774));
#2209=CARTESIAN_POINT('',(0.02125,0.022,0.00224));
#2210=CARTESIAN_POINT('',(0.02125,0.023,0.00224));
#2211=CARTESIAN_POINT('',(0.02125,0.004,0.00224));
#2212=CARTESIAN_POINT('',(0.02125,0.004,-0.00126000000000001));
#2213=CARTESIAN_POINT('',(0.02125,0.004,0.00774));
#2214=CARTESIAN_POINT('',(0.02125,0.023,0.00774));
#2215=CARTESIAN_POINT('',(0.025,0.023,0.00874));
#2216=CARTESIAN_POINT('',(0.025,0.008,0.00874));
#2217=CARTESIAN_POINT('',(0.02725,0.008,0.00874));
#2218=CARTESIAN_POINT('',(0.025,0.018,0.00874));
#2219=CARTESIAN_POINT('',(0.02725,0.018,0.00874));
#2220=CARTESIAN_POINT('',(0.025,0.022,0.00874));
#2221=CARTESIAN_POINT('',(0.02775,0.022,0.00874));
#2222=CARTESIAN_POINT('',(0.02225,0.022,0.00874));
#2223=CARTESIAN_POINT('',(0.02225,0.003,0.00874));
#2224=CARTESIAN_POINT('',(0.02225,0.004,0.00874));
#2225=CARTESIAN_POINT('',(0.02875,0.004,0.00874));
#2226=CARTESIAN_POINT('',(0.02775,0.004,0.00874));
#2227=CARTESIAN_POINT('',(0.02775,0.023,0.00874));
#2228=CARTESIAN_POINT('',(0.025,0.008,-0.01626));
#2229=CARTESIAN_POINT('',(0.025,0.008,0.00224));
#2230=CARTESIAN_POINT('',(0.025,0.00675,0.00224));
#2231=CARTESIAN_POINT('',(0.025,0.008,0.00774));
#2232=CARTESIAN_POINT('',(0.025,0.00675,0.00774));
#2233=CARTESIAN_POINT('',(0.025,0.018,-0.01626));
#2234=CARTESIAN_POINT('',(0.025,0.018,0.00224));
#2235=CARTESIAN_POINT('',(0.025,0.01675,0.00224));
#2236=CARTESIAN_POINT('',(0.025,0.018,0.00774));
#2237=CARTESIAN_POINT('',(0.025,0.01675,0.00774));
#2238=CARTESIAN_POINT('',(-0.025,0.018,-0.01626));
#2239=CARTESIAN_POINT('',(-0.025,0.018,0.00224));
#2240=CARTESIAN_POINT('',(-0.025,0.01675,0.00224));
#2241=CARTESIAN_POINT('',(-0.025,0.018,0.00774));
#2242=CARTESIAN_POINT('',(-0.025,0.01675,0.00774));
#2243=CARTESIAN_POINT('',(-0.025,0.008,-0.01626));
#2244=CARTESIAN_POINT('',(-0.025,0.008,0.00224));
#2245=CARTESIAN_POINT('',(-0.025,0.00675,0.00224));
#2246=CARTESIAN_POINT('',(-0.025,0.008,0.00774));
#2247=CARTESIAN_POINT('',(-0.025,0.00675,0.00774));
#2248=CARTESIAN_POINT('',(0.03039,0.003,-0.02024));
#2249=CARTESIAN_POINT('',(0.03039,0.003,0.02024));
#2250=CARTESIAN_POINT('',(-0.03039,0.003,-0.02024));
#2251=CARTESIAN_POINT('',(-0.03039,0.003,0.02024));
#2252=CARTESIAN_POINT('',(0.02544025,0.023,0.02024));
#2253=CARTESIAN_POINT('',(-0.03039,0.023,0.01529025));
#2254=CARTESIAN_POINT('',(0.03039,0.023,-0.01529025));
#2255=CARTESIAN_POINT('',(0.02544025,0.018,-0.02024));
#2256=CARTESIAN_POINT('',(-0.02544025,0.023,-0.02024));
#2257=CARTESIAN_POINT('',(-0.02544025,0.023,-0.02024));
#2258=CARTESIAN_POINT('',(-0.0302132233047034,-0.007,-0.0200632233047033));
#2259=CARTESIAN_POINT('',(0.0302132233047034,-0.007,-0.0200632233047033));
#2260=CARTESIAN_POINT('',(0.0302132233047034,-0.007,0.0200632233047033));
#2261=CARTESIAN_POINT('',(-0.0302132233047034,-0.007,0.0200632233047033));
#2262=CARTESIAN_POINT('',(-0.01,0.013,0.02024));
#2263=CARTESIAN_POINT('',(-0.025,0.023,0.00123999999999999));
#2264=CARTESIAN_POINT('',(-0.025,0.008,0.00123999999999999));
#2265=CARTESIAN_POINT('',(-0.02275,0.008,0.00123999999999999));
#2266=CARTESIAN_POINT('',(-0.025,0.018,0.00123999999999999));
#2267=CARTESIAN_POINT('',(-0.02275,0.018,0.00123999999999999));
#2268=CARTESIAN_POINT('',(-0.02225,0.003,0.00124));
#2269=CARTESIAN_POINT('',(-0.02225,0.022,0.00124));
#2270=CARTESIAN_POINT('',(-0.02225,0.004,0.00124));
#2271=CARTESIAN_POINT('',(-0.025,0.004,0.00123999999999999));
#2272=CARTESIAN_POINT('',(-0.02775,0.004,0.00123999999999999));
#2273=CARTESIAN_POINT('',(-0.02775,0.023,0.00123999999999999));
#2274=CARTESIAN_POINT('',(-0.02775,0.022,0.00123999999999999));
#2275=CARTESIAN_POINT('',(-0.02125,0.022,0.00124));
#2276=CARTESIAN_POINT('',(0.025,0.023,0.00123999999999999));
#2277=CARTESIAN_POINT('',(0.025,0.008,0.00123999999999999));
#2278=CARTESIAN_POINT('',(0.025,0.00575,0.00123999999999999));
#2279=CARTESIAN_POINT('',(0.025,0.018,0.00123999999999999));
#2280=CARTESIAN_POINT('',(0.025,0.01575,0.00123999999999999));
#2281=CARTESIAN_POINT('',(0.02775,0.003,0.00123999999999999));
#2282=CARTESIAN_POINT('',(0.02775,0.022,0.00123999999999999));
#2283=CARTESIAN_POINT('',(0.02775,0.004,0.00123999999999999));
#2284=CARTESIAN_POINT('',(0.025,0.004,0.00123999999999999));
#2285=CARTESIAN_POINT('',(0.02225,0.004,0.00123999999999999));
#2286=CARTESIAN_POINT('',(0.02225,0.023,0.00123999999999999));
#2287=CARTESIAN_POINT('',(0.02225,0.022,0.00123999999999999));
#2288=CARTESIAN_POINT('',(0.02875,0.022,0.00123999999999999));
#2289=CARTESIAN_POINT('',(0.02875,0.022,-0.00126000000000001));
#2290=CARTESIAN_POINT('',(0.02775,0.023,0.00224));
#2291=CARTESIAN_POINT('',(0.02875,0.022,0.00774));
#2292=CARTESIAN_POINT('',(0.02775,0.023,0.00224));
#2293=CARTESIAN_POINT('',(0.02775,0.023,0.00224));
#2294=CARTESIAN_POINT('',(0.02825,0.022,0.00174));
#2295=CARTESIAN_POINT('',(0.02875,0.022,0.00774));
#2296=CARTESIAN_POINT('',(0.02875,0.022,0.00774));
#2297=CARTESIAN_POINT('',(0.02775,0.0225,0.00824));
#2298=CARTESIAN_POINT('',(0.02775,0.023,0.00123999999999999));
#2299=CARTESIAN_POINT('',(0.02775,0.004,0.00123999999999999));
#2300=CARTESIAN_POINT('',(0.,0.023,0.00224));
#2301=CARTESIAN_POINT('',(0.02225,0.0225,0.00174));
#2302=CARTESIAN_POINT('',(0.02225,0.023,-3.90312782094782E-19));
#2303=CARTESIAN_POINT('',(0.02225,0.023,0.00774));
#2304=CARTESIAN_POINT('',(0.02125,0.022,0.00224));
#2305=CARTESIAN_POINT('',(0.025,0.022,0.00874));
#2306=CARTESIAN_POINT('',(0.02225,0.023,0.00774));
#2307=CARTESIAN_POINT('',(0.02875,0.023,0.00774));
#2308=CARTESIAN_POINT('',(0.02875,0.004,0.00774));
#2309=CARTESIAN_POINT('',(0.02975,0.003,3.46944695195361E-18));
#2310=CARTESIAN_POINT('',(0.02975,0.003,0.00774));
#2311=CARTESIAN_POINT('',(0.02875,0.004,0.00224));
#2312=CARTESIAN_POINT('',(0.02775,0.004,0.00123999999999999));
#2313=CARTESIAN_POINT('',(0.02775,0.003,0.000239999999999986));
#2314=CARTESIAN_POINT('',(0.02125,0.022,0.00224));
#2315=CARTESIAN_POINT('',(0.02125,0.022,0.00224));
#2316=CARTESIAN_POINT('',(0.02225,0.023,0.00774));
#2317=CARTESIAN_POINT('',(0.02175,0.022,0.00824));
#2318=CARTESIAN_POINT('',(0.02875,0.004,0.00774));
#2319=CARTESIAN_POINT('',(0.02775,0.004,0.00874));
#2320=CARTESIAN_POINT('',(0.025,0.004,0.00123999999999999));
#2321=CARTESIAN_POINT('',(0.02225,0.004,0.00123999999999999));
#2322=CARTESIAN_POINT('',(0.02125,0.023,0.00224));
#2323=CARTESIAN_POINT('',(0.02125,0.004,0.00224));
#2324=CARTESIAN_POINT('',(0.02225,0.023,0.00874));
#2325=CARTESIAN_POINT('',(0.02225,0.004,0.00874));
#2326=CARTESIAN_POINT('',(2.25282755413521E-18,0.003,0.00974));
#2327=CARTESIAN_POINT('',(0.02225,0.003,0.00974));
#2328=CARTESIAN_POINT('',(0.02125,0.004,0.00224));
#2329=CARTESIAN_POINT('',(0.02025,0.003,0.00224));
#2330=CARTESIAN_POINT('',(0.02225,0.004,0.00874));
#2331=CARTESIAN_POINT('',(0.02125,0.004,0.00774));
#2332=CARTESIAN_POINT('',(0.02125,0.004,-0.00126000000000001));
#2333=CARTESIAN_POINT('',(-0.02125,0.022,-0.00126));
#2334=CARTESIAN_POINT('',(-0.02225,0.023,0.00224));
#2335=CARTESIAN_POINT('',(-0.02125,0.022,0.00774));
#2336=CARTESIAN_POINT('',(-0.02225,0.023,0.00224));
#2337=CARTESIAN_POINT('',(-0.02225,0.023,0.00224));
#2338=CARTESIAN_POINT('',(-0.02175,0.022,0.00174));
#2339=CARTESIAN_POINT('',(-0.02125,0.022,0.00774));
#2340=CARTESIAN_POINT('',(-0.02125,0.022,0.00774));
#2341=CARTESIAN_POINT('',(-0.02225,0.0225,0.00824));
#2342=CARTESIAN_POINT('',(-0.02225,0.023,0.00124));
#2343=CARTESIAN_POINT('',(-0.02225,0.004,0.00124));
#2344=CARTESIAN_POINT('',(-1.03620815631681E-18,0.023,0.00224));
#2345=CARTESIAN_POINT('',(-0.02775,0.0225,0.00174));
#2346=CARTESIAN_POINT('',(-0.02775,0.023,-1.34441069388203E-18));
#2347=CARTESIAN_POINT('',(-0.02775,0.023,0.00774));
#2348=CARTESIAN_POINT('',(-0.02875,0.022,0.00224));
#2349=CARTESIAN_POINT('',(-0.025,0.022,0.00874));
#2350=CARTESIAN_POINT('',(-0.02775,0.023,0.00774));
#2351=CARTESIAN_POINT('',(-0.02125,0.023,0.00774));
#2352=CARTESIAN_POINT('',(-0.02125,0.004,0.00774));
#2353=CARTESIAN_POINT('',(-0.02025,0.003,-4.33680868994216E-20));
#2354=CARTESIAN_POINT('',(-0.02025,0.003,0.00774));
#2355=CARTESIAN_POINT('',(-0.02125,0.004,0.00224));
#2356=CARTESIAN_POINT('',(-0.02225,0.004,0.00124));
#2357=CARTESIAN_POINT('',(-0.02225,0.003,0.000239999999999989));
#2358=CARTESIAN_POINT('',(-0.02875,0.022,0.00224));
#2359=CARTESIAN_POINT('',(-0.02875,0.022,0.00224));
#2360=CARTESIAN_POINT('',(-0.02775,0.023,0.00774));
#2361=CARTESIAN_POINT('',(-0.02825,0.022,0.00824));
#2362=CARTESIAN_POINT('',(-0.02125,0.004,0.00774));
#2363=CARTESIAN_POINT('',(-0.02225,0.004,0.00874));
#2364=CARTESIAN_POINT('',(-0.025,0.004,0.00123999999999999));
#2365=CARTESIAN_POINT('',(-0.02775,0.004,0.00123999999999999));
#2366=CARTESIAN_POINT('',(-0.02875,0.023,0.00224));
#2367=CARTESIAN_POINT('',(-0.02875,0.004,0.00224));
#2368=CARTESIAN_POINT('',(-0.02775,0.023,0.00874));
#2369=CARTESIAN_POINT('',(-0.02775,0.004,0.00874));
#2370=CARTESIAN_POINT('',(-2.25282755413521E-18,0.003,0.00974));
#2371=CARTESIAN_POINT('',(-0.02775,0.003,0.00974));
#2372=CARTESIAN_POINT('',(-0.02875,0.004,0.00224));
#2373=CARTESIAN_POINT('',(-0.02975,0.003,0.00224));
#2374=CARTESIAN_POINT('',(-0.02775,0.004,0.00874));
#2375=CARTESIAN_POINT('',(-0.02875,0.004,0.00774));
#2376=CARTESIAN_POINT('',(-0.02875,0.004,-0.00126000000000001));
#2377=CARTESIAN_POINT('',(0.025,0.008,0.00224));
#2378=CARTESIAN_POINT('',(0.025,0.018,0.00224));
#2379=CARTESIAN_POINT('',(-0.025,0.008,0.00123999999999999));
#2380=CARTESIAN_POINT('',(-0.025,0.018,0.00123999999999999));
#2381=CARTESIAN_POINT('',(0.025,0.008,0.00874));
#2382=CARTESIAN_POINT('',(0.025,0.018,0.00874));
#2383=CARTESIAN_POINT('',(-0.025,0.008,0.00774));
#2384=CARTESIAN_POINT('',(-0.025,0.018,0.00774));
#2385=CARTESIAN_POINT('',(0.02544025,0.018,-0.02124));
#2386=CARTESIAN_POINT('',(0.02544025,0.018,-0.02124));
#2387=CARTESIAN_POINT('',(-0.02544025,0.023,-0.02124));
#2388=CARTESIAN_POINT('',(-0.02544025,0.023,-0.02124));
#2389=CARTESIAN_POINT('',(0.,0.023,-0.02124));
#2390=MECHANICAL_DESIGN_GEOMETRIC_PRESENTATION_REPRESENTATION('',(#1459),#2391);
#2391=(
GEOMETRIC_REPRESENTATION_CONTEXT(3)
GLOBAL_UNCERTAINTY_ASSIGNED_CONTEXT((#2392))
GLOBAL_UNIT_ASSIGNED_CONTEXT((#2395,#2394,#2393))
REPRESENTATION_CONTEXT('Part 1','TOP_LEVEL_ASSEMBLY_PART')
);
#2392=UNCERTAINTY_MEASURE_WITH_UNIT(LENGTH_MEASURE(1.E-08),#2395,'DISTANCE_ACCURACY_VALUE','Maximum Tolerance applied to model');
#2393=(
NAMED_UNIT(*)
SI_UNIT($,.STERADIAN.)
SOLID_ANGLE_UNIT()
);
#2394=(
NAMED_UNIT(*)
PLANE_ANGLE_UNIT()
SI_UNIT($,.RADIAN.)
);
#2395=(
LENGTH_UNIT()
NAMED_UNIT(*)
SI_UNIT($,.METRE.)
);
#2396=PRODUCT_DEFINITION_SHAPE('','',#2397);
#2397=PRODUCT_DEFINITION('','',#2399,#2398);
#2398=PRODUCT_DEFINITION_CONTEXT('',#2405,'design');
#2399=PRODUCT_DEFINITION_FORMATION_WITH_SPECIFIED_SOURCE('','',#2401,.NOT_KNOWN.);
#2400=PRODUCT_RELATED_PRODUCT_CATEGORY('','',(#2401));
#2401=PRODUCT('Part 1','Part 1','Part 1',(#2403));
#2402=PRODUCT_CATEGORY('','');
#2403=PRODUCT_CONTEXT('',#2405,'mechanical');
#2404=APPLICATION_PROTOCOL_DEFINITION('international standard','ap242_managed_model_based_3d_engineering',2020,#2405);
#2405=APPLICATION_CONTEXT('managed model based 3d engineering');
#2406=COMPOSITE_SHAPE_ASPECT('DISTANCE.FXe9df8uipt5Jm5_1',$,#2396,$);
#2407=SHAPE_ASPECT('DISTANCE.FXe9df8uipt5Jm5_1',$,#2396,.T.);
#2408=GEOMETRIC_ITEM_SPECIFIC_USAGE('','',#2407,#11,#1381);
#2409=SHAPE_ASPECT_RELATIONSHIP('','',#2406,#2407);
#2410=SHAPE_ASPECT('DISTANCE.FXe9df8uipt5Jm5_1',$,#2396,.T.);
#2411=GEOMETRIC_ITEM_SPECIFIC_USAGE('','',#2410,#11,#1379);
#2412=SHAPE_ASPECT_RELATIONSHIP('','',#2406,#2410);
#2413=COMPOSITE_SHAPE_ASPECT('DISTANCE.FXe9df8uipt5Jm5_1',$,#2396,$);
#2414=SHAPE_ASPECT('DISTANCE.FXe9df8uipt5Jm5_1',$,#2396,.T.);
#2415=GEOMETRIC_ITEM_SPECIFIC_USAGE('','',#2414,#11,#1379);
#2416=SHAPE_ASPECT_RELATIONSHIP('','',#2413,#2414);
#2417=SHAPE_ASPECT('DISTANCE.FXe9df8uipt5Jm5_1',$,#2396,.T.);
#2418=GEOMETRIC_ITEM_SPECIFIC_USAGE('','',#2417,#11,#1380);
#2419=SHAPE_ASPECT_RELATIONSHIP('','',#2413,#2417);
#2420=SHAPE_ASPECT('DISTANCE.FXe9df8uipt5Jm5_1',$,#2396,.T.);
#2421=GEOMETRIC_ITEM_SPECIFIC_USAGE('','',#2420,#11,#1381);
#2422=SHAPE_ASPECT_RELATIONSHIP('','',#2413,#2420);
#2423=SHAPE_ASPECT('DISTANCE.FXe9df8uipt5Jm5_1',$,#2396,.T.);
#2424=GEOMETRIC_ITEM_SPECIFIC_USAGE('','',#2423,#11,#1380);
#2425=SHAPE_ASPECT_RELATIONSHIP('','',#2413,#2423);
#2426=DIMENSIONAL_LOCATION('linear distance','DISTANCE.FXe9df8uipt5Jm5_1',#2406,#2413);
#2428=(
LENGTH_UNIT()
NAMED_UNIT(*)
SI_UNIT(.MILLI.,.METRE.)
);
#2429=PRECISION_QUALIFIER(3);
#2427=(
LENGTH_MEASURE_WITH_UNIT()
MEASURE_REPRESENTATION_ITEM()
MEASURE_WITH_UNIT(POSITIVE_LENGTH_MEASURE(4.94975),#2428)
QUALIFIED_REPRESENTATION_ITEM((#2429))
REPRESENTATION_ITEM('nominal value')
);
#2430=SHAPE_DIMENSION_REPRESENTATION('',(#2427),#2391);
#2431=DIMENSIONAL_CHARACTERISTIC_REPRESENTATION(#2426,#2430);
#2432=PRESENTATION_STYLE_ASSIGNMENT((NULL_STYLE(.NULL.)));
#2433=CARTESIAN_POINT('',(0.03039,0.0105,0.017765125));
#2434=DIRECTION('',(0.,-1.,0.));
#2435=DIRECTION('',(0.,0.,-1.));
#2436=AXIS2_PLACEMENT_3D('',#2433,#2434,#2435);
#2437=PLANE('',#2436);
#2438=ANNOTATION_PLANE('',(#2432),#2437,(#2465));
#2439=CARTESIAN_POINT('',(0.,0.,0.));
#2440=DIRECTION('',(0.,0.,1.));
#2441=DIRECTION('',(1.,0.,0.));
#2442=AXIS2_PLACEMENT_3D('',#2439,#2440,#2441);
#2443=CARTESIAN_POINT('',(0.,0.,0.));
#2444=DIRECTION('',(0.,0.,1.));
#2445=DIRECTION('',(1.,0.,0.));
#2446=AXIS2_PLACEMENT_3D('',#2443,#2444,#2445);
#2447=SHAPE_REPRESENTATION('',(#2446,#1467),#2391);
#2448=REPRESENTATION_MAP(#2442,#2447);
#2449=MAPPED_ITEM('',#2448,#2442);
#2450=PRESENTATION_STYLE_ASSIGNMENT((NULL_STYLE(.NULL.)));
#2451=STYLED_ITEM('',(#2450),#2449);
#2452=DRAUGHTING_MODEL('',(#2438,#2442,#2449,#2451),#2391);
#2453=DRAUGHTING_PRE_DEFINED_CURVE_FONT('continuous');
#2454=COLOUR_RGB('',0.,0.,0.);
#2455=CURVE_STYLE('',#2453,POSITIVE_LENGTH_MEASURE(0.02),#2454);
#2456=PRESENTATION_STYLE_ASSIGNMENT((#2455));
#2457=COORDINATES_LIST('coordinates',999,((0.0312844,0.0105000,0.0175567),(0.0303900,0.0105000,0.0202400),(0.0294956,0.0105000,0.0175567),(0.0294956,0.0105000,0.0179735),(0.0303900,0.0105000,0.0152902),(0.0312844,0.0105000,0.0179735),(0.0309651,0.0105000,0.0167147),(0.0309705,0.0105000,0.0168497),(0.0309692,0.0105000,0.0169529),(0.0309651,0.0105000,0.0167147),(0.0309692,0.0105000,0.0169529),(0.0309653,0.0105000,0.0170521),(0.0309651,0.0105000,0.0167147),(0.0309653,0.0105000,0.0170521),(0.0309587,0.0105000,0.0171473),(0.0309651,0.0105000,0.0167147),(0.0309587,0.0105000,0.0171473),(0.0309495,0.0105000,0.0172383),(0.0309651,0.0105000,0.0167147),(0.0309495,0.0105000,0.0172383),(0.0309377,0.0105000,0.0173253),(0.0309651,0.0105000,0.0167147),(0.0309377,0.0105000,0.0173253),(0.0309233,0.0105000,0.0174083),(0.0309651,0.0105000,0.0167147),(0.0309233,0.0105000,0.0174083),(0.0309063,0.0105000,0.0174871),(0.0309651,0.0105000,0.0167147),(0.0309063,0.0105000,0.0174871),(0.0308866,0.0105000,0.0175619),(0.0309651,0.0105000,0.0167147),(0.0308866,0.0105000,0.0175619),(0.0308394,0.0105000,0.0176993),(0.0309651,0.0105000,0.0167147),(0.0308394,0.0105000,0.0176993),(0.0307818,0.0105000,0.0178204),(0.0309651,0.0105000,0.0167147),(0.0307818,0.0105000,0.0178204),(0.0307136,0.0105000,0.0179253),(0.0309651,0.0105000,0.0167147),(0.0307136,0.0105000,0.0179253),(0.0306350,0.0105000,0.0180138),(0.0309651,0.0105000,0.0167147),(0.0306350,0.0105000,0.0180138),(0.0305567,0.0105000,0.0180843),(0.0309651,0.0105000,0.0167147),(0.0305567,0.0105000,0.0180843),(0.0304759,0.0105000,0.0181453),(0.0309651,0.0105000,0.0167147),(0.0304759,0.0105000,0.0181453),(0.0303926,0.0105000,0.0181970),(0.0309651,0.0105000,0.0167147),(0.0303926,0.0105000,0.0181970),(0.0303067,0.0105000,0.0182393),(0.0309651,0.0105000,0.0167147),(0.0303067,0.0105000,0.0182393),(0.0302182,0.0105000,0.0182721),(0.0309651,0.0105000,0.0167147),(0.0302182,0.0105000,0.0182721),(0.0301272,0.0105000,0.0182956),(0.0309651,0.0105000,0.0167147),(0.0301272,0.0105000,0.0182956),(0.0300337,0.0105000,0.0183097),(0.0300337,0.0105000,0.0183097),(0.0299376,0.0105000,0.0183144),(0.0298485,0.0105000,0.0183109),(0.0300337,0.0105000,0.0183097),(0.0298485,0.0105000,0.0183109),(0.0297627,0.0105000,0.0183004),(0.0300337,0.0105000,0.0183097),(0.0297627,0.0105000,0.0183004),(0.0296802,0.0105000,0.0182828),(0.0300337,0.0105000,0.0183097),(0.0296802,0.0105000,0.0182828),(0.0296010,0.0105000,0.0182583),(0.0300337,0.0105000,0.0183097),(0.0296010,0.0105000,0.0182583),(0.0295251,0.0105000,0.0182268),(0.0300337,0.0105000,0.0183097),(0.0295251,0.0105000,0.0182268),(0.0294526,0.0105000,0.0181882),(0.0300337,0.0105000,0.0183097),(0.0294526,0.0105000,0.0181882),(0.0293833,0.0105000,0.0181426),(0.0300337,0.0105000,0.0183097),(0.0293833,0.0105000,0.0181426),(0.0293174,0.0105000,0.0180900),(0.0304289,0.0105000,0.0189894),(0.0304964,0.0105000,0.0188478),(0.0305794,0.0105000,0.0187541),(0.0304289,0.0105000,0.0189894),(0.0305794,0.0105000,0.0187541),(0.0306953,0.0105000,0.0187017),(0.0303344,0.0105000,0.0191092),(0.0304289,0.0105000,0.0189894),(0.0306953,0.0105000,0.0187017),(0.0303344,0.0105000,0.0191092),(0.0306953,0.0105000,0.0187017),(0.0307709,0.0105000,0.0187325),(0.0303344,0.0105000,0.0191092),(0.0307709,0.0105000,0.0187325),(0.0308316,0.0105000,0.0187782),(0.0302412,0.0105000,0.0191870),(0.0303344,0.0105000,0.0191092),(0.0308316,0.0105000,0.0187782),(0.0302412,0.0105000,0.0191870),(0.0308316,0.0105000,0.0187782),(0.0309081,0.0105000,0.0189145),(0.0301426,0.0105000,0.0192426),(0.0302412,0.0105000,0.0191870),(0.0309081,0.0105000,0.0189145),(0.0301426,0.0105000,0.0192426),(0.0309081,0.0105000,0.0189145),(0.0309006,0.0105000,0.0189864),(0.0301426,0.0105000,0.0192426),(0.0309006,0.0105000,0.0189864),(0.0308520,0.0105000,0.0191042),(0.0300386,0.0105000,0.0192759),(0.0301426,0.0105000,0.0192426),(0.0308520,0.0105000,0.0191042),(0.0300386,0.0105000,0.0192759),(0.0308520,0.0105000,0.0191042),(0.0307908,0.0105000,0.0192140),(0.0299291,0.0105000,0.0192870),(0.0300386,0.0105000,0.0192759),(0.0307908,0.0105000,0.0192140),(0.0299291,0.0105000,0.0192870),(0.0307908,0.0105000,0.0192140),(0.0307171,0.0105000,0.0193158),(0.0299291,0.0105000,0.0192870),(0.0307171,0.0105000,0.0193158),(0.0306308,0.0105000,0.0194098),(0.0298345,0.0105000,0.0192753),(0.0299291,0.0105000,0.0192870),(0.0306308,0.0105000,0.0194098),(0.0298345,0.0105000,0.0192753),(0.0306308,0.0105000,0.0194098),(0.0305538,0.0105000,0.0194805),(0.0298345,0.0105000,0.0192753),(0.0305538,0.0105000,0.0194805),(0.0304738,0.0105000,0.0195417),(0.0297338,0.0105000,0.0192402),(0.0298345,0.0105000,0.0192753),(0.0304738,0.0105000,0.0195417),(0.0297338,0.0105000,0.0192402),(0.0304738,0.0105000,0.0195417),(0.0303907,0.0105000,0.0195936),(0.0297338,0.0105000,0.0192402),(0.0303907,0.0105000,0.0195936),(0.0303045,0.0105000,0.0196360),(0.0296271,0.0105000,0.0191816),(0.0297338,0.0105000,0.0192402),(0.0303045,0.0105000,0.0196360),(0.0296271,0.0105000,0.0191816),(0.0303045,0.0105000,0.0196360),(0.0302153,0.0105000,0.0196690),(0.0295142,0.0105000,0.0190997),(0.0296271,0.0105000,0.0191816),(0.0302153,0.0105000,0.0196690),(0.0295142,0.0105000,0.0190997),(0.0302153,0.0105000,0.0196690),(0.0301230,0.0105000,0.0196925),(0.0295142,0.0105000,0.0190997),(0.0301230,0.0105000,0.0196925),(0.0300276,0.0105000,0.0197067),(0.0294281,0.0105000,0.0190017),(0.0295142,0.0105000,0.0190997),(0.0300276,0.0105000,0.0197067),(0.0294281,0.0105000,0.0190017),(0.0300276,0.0105000,0.0197067),(0.0299291,0.0105000,0.0197114),(0.0294281,0.0105000,0.0190017),(0.0299291,0.0105000,0.0197114),(0.0298442,0.0105000,0.0197069),(0.0294281,0.0105000,0.0190017),(0.0298442,0.0105000,0.0197069),(0.0297590,0.0105000,0.0196933),(0.0293666,0.0105000,0.0188737),(0.0294281,0.0105000,0.0190017),(0.0297590,0.0105000,0.0196933),(0.0293666,0.0105000,0.0188737),(0.0297590,0.0105000,0.0196933),(0.0296733,0.0105000,0.0196706),(0.0293666,0.0105000,0.0188737),(0.0296733,0.0105000,0.0196706),(0.0295873,0.0105000,0.0196389),(0.0293666,0.0105000,0.0188737),(0.0295873,0.0105000,0.0196389),(0.0295008,0.0105000,0.0195981),(0.0293451,0.0105000,0.0187986),(0.0293666,0.0105000,0.0188737),(0.0295008,0.0105000,0.0195981),(0.0293451,0.0105000,0.0187986),(0.0295008,0.0105000,0.0195981),(0.0294140,0.0105000,0.0195483),(0.0293297,0.0105000,0.0187159),(0.0293451,0.0105000,0.0187986),(0.0294140,0.0105000,0.0195483),(0.0293205,0.0105000,0.0186258),(0.0293297,0.0105000,0.0187159),(0.0294140,0.0105000,0.0195483),(0.0293205,0.0105000,0.0186258),(0.0294140,0.0105000,0.0195483),(0.0293267,0.0105000,0.0194894),(0.0293174,0.0105000,0.0185282),(0.0293205,0.0105000,0.0186258),(0.0293267,0.0105000,0.0194894),(0.0293174,0.0105000,0.0185282),(0.0293267,0.0105000,0.0194894),(0.0292391,0.0105000,0.0194214),(0.0293174,0.0105000,0.0180900),(0.0293174,0.0105000,0.0185282),(0.0292391,0.0105000,0.0194214),(0.0293174,0.0105000,0.0180900),(0.0292391,0.0105000,0.0194214),(0.0291572,0.0105000,0.0193437),(0.0293174,0.0105000,0.0180900),(0.0291572,0.0105000,0.0193437),(0.0290863,0.0105000,0.0192564),(0.0293174,0.0105000,0.0180900),(0.0290863,0.0105000,0.0192564),(0.0290262,0.0105000,0.0191598),(0.0293174,0.0105000,0.0180900),(0.0290262,0.0105000,0.0191598),(0.0289771,0.0105000,0.0190536),(0.0293174,0.0105000,0.0180900),(0.0289771,0.0105000,0.0190536),(0.0289389,0.0105000,0.0189381),(0.0293174,0.0105000,0.0180900),(0.0289389,0.0105000,0.0189381),(0.0289116,0.0105000,0.0188130),(0.0293174,0.0105000,0.0180900),(0.0289116,0.0105000,0.0188130),(0.0288953,0.0105000,0.0186785),(0.0293174,0.0105000,0.0180900),(0.0288953,0.0105000,0.0186785),(0.0288898,0.0105000,0.0185345),(0.0293174,0.0105000,0.0180900),(0.0288898,0.0105000,0.0185345),(0.0288898,0.0105000,0.0172180),(0.0300337,0.0105000,0.0183097),(0.0293174,0.0105000,0.0180900),(0.0288898,0.0105000,0.0172180),(0.0288898,0.0105000,0.0172180),(0.0292856,0.0105000,0.0172296),(0.0293011,0.0105000,0.0173526),(0.0288898,0.0105000,0.0172180),(0.0293011,0.0105000,0.0173526),(0.0293475,0.0105000,0.0174738),(0.0288898,0.0105000,0.0172180),(0.0293475,0.0105000,0.0174738),(0.0294249,0.0105000,0.0175933),(0.0300337,0.0105000,0.0183097),(0.0288898,0.0105000,0.0172180),(0.0294249,0.0105000,0.0175933),(0.0300337,0.0105000,0.0183097),(0.0294249,0.0105000,0.0175933),(0.0295333,0.0105000,0.0177111),(0.0300337,0.0105000,0.0183097),(0.0295333,0.0105000,0.0177111),(0.0296288,0.0105000,0.0177899),(0.0300337,0.0105000,0.0183097),(0.0296288,0.0105000,0.0177899),(0.0297280,0.0105000,0.0178461),(0.0300337,0.0105000,0.0183097),(0.0297280,0.0105000,0.0178461),(0.0298309,0.0105000,0.0178798),(0.0300337,0.0105000,0.0183097),(0.0298309,0.0105000,0.0178798),(0.0299376,0.0105000,0.0178911),(0.0300337,0.0105000,0.0183097),(0.0299376,0.0105000,0.0178911),(0.0300437,0.0105000,0.0178798),(0.0300337,0.0105000,0.0183097),(0.0300437,0.0105000,0.0178798),(0.0301463,0.0105000,0.0178461),(0.0300337,0.0105000,0.0183097),(0.0301463,0.0105000,0.0178461),(0.0302453,0.0105000,0.0177899),(0.0300337,0.0105000,0.0183097),(0.0302453,0.0105000,0.0177899),(0.0303408,0.0105000,0.0177111),(0.0300337,0.0105000,0.0183097),(0.0303408,0.0105000,0.0177111),(0.0304288,0.0105000,0.0175823),(0.0309651,0.0105000,0.0167147),(0.0300337,0.0105000,0.0183097),(0.0304288,0.0105000,0.0175823),(0.0309651,0.0105000,0.0167147),(0.0304288,0.0105000,0.0175823),(0.0304633,0.0105000,0.0174962),(0.0309651,0.0105000,0.0167147),(0.0304633,0.0105000,0.0174962),(0.0304916,0.0105000,0.0173958),(0.0309651,0.0105000,0.0167147),(0.0304916,0.0105000,0.0173958),(0.0305136,0.0105000,0.0172809),(0.0309651,0.0105000,0.0167147),(0.0305136,0.0105000,0.0172809),(0.0305293,0.0105000,0.0171516),(0.0309651,0.0105000,0.0167147),(0.0305293,0.0105000,0.0171516),(0.0305387,0.0105000,0.0170078),(0.0309651,0.0105000,0.0167147),(0.0305387,0.0105000,0.0170078),(0.0305419,0.0105000,0.0168497),(0.0309651,0.0105000,0.0167147),(0.0305419,0.0105000,0.0168497),(0.0305385,0.0105000,0.0167583),(0.0309651,0.0105000,0.0167147),(0.0305385,0.0105000,0.0167583),(0.0305284,0.0105000,0.0166719),(0.0309651,0.0105000,0.0167147),(0.0305284,0.0105000,0.0166719),(0.0305117,0.0105000,0.0165905),(0.0309651,0.0105000,0.0167147),(0.0305117,0.0105000,0.0165905),(0.0304882,0.0105000,0.0165142),(0.0309651,0.0105000,0.0167147),(0.0304882,0.0105000,0.0165142),(0.0304210,0.0105000,0.0163766),(0.0309651,0.0105000,0.0167147),(0.0304210,0.0105000,0.0163766),(0.0303270,0.0105000,0.0162591),(0.0309651,0.0105000,0.0167147),(0.0303270,0.0105000,0.0162591),(0.0302357,0.0105000,0.0161813),(0.0292866,0.0105000,0.0171384),(0.0292856,0.0105000,0.0172296),(0.0288898,0.0105000,0.0172180),(0.0292893,0.0105000,0.0170513),(0.0292866,0.0105000,0.0171384),(0.0288898,0.0105000,0.0172180),(0.0293005,0.0105000,0.0168893),(0.0292893,0.0105000,0.0170513),(0.0288898,0.0105000,0.0172180),(0.0293191,0.0105000,0.0167437),(0.0293005,0.0105000,0.0168893),(0.0288898,0.0105000,0.0172180),(0.0293452,0.0105000,0.0166145),(0.0293191,0.0105000,0.0167437),(0.0288898,0.0105000,0.0172180),(0.0293786,0.0105000,0.0165016),(0.0293452,0.0105000,0.0166145),(0.0288898,0.0105000,0.0172180),(0.0294196,0.0105000,0.0164051),(0.0293786,0.0105000,0.0165016),(0.0288898,0.0105000,0.0172180),(0.0294679,0.0105000,0.0163250),(0.0294196,0.0105000,0.0164051),(0.0288898,0.0105000,0.0172180),(0.0294679,0.0105000,0.0163250),(0.0288898,0.0105000,0.0172180),(0.0288911,0.0105000,0.0171025),(0.0294679,0.0105000,0.0163250),(0.0288911,0.0105000,0.0171025),(0.0288952,0.0105000,0.0169919),(0.0294679,0.0105000,0.0163250),(0.0288952,0.0105000,0.0169919),(0.0289018,0.0105000,0.0168862),(0.0295238,0.0105000,0.0162612),(0.0294679,0.0105000,0.0163250),(0.0289018,0.0105000,0.0168862),(0.0295238,0.0105000,0.0162612),(0.0289018,0.0105000,0.0168862),(0.0289112,0.0105000,0.0167853),(0.0295238,0.0105000,0.0162612),(0.0289112,0.0105000,0.0167853),(0.0289232,0.0105000,0.0166893),(0.0296204,0.0105000,0.0161825),(0.0295238,0.0105000,0.0162612),(0.0289232,0.0105000,0.0166893),(0.0296204,0.0105000,0.0161825),(0.0289232,0.0105000,0.0166893),(0.0289379,0.0105000,0.0165981),(0.0296204,0.0105000,0.0161825),(0.0289379,0.0105000,0.0165981),(0.0289552,0.0105000,0.0165118),(0.0297209,0.0105000,0.0161263),(0.0296204,0.0105000,0.0161825),(0.0289552,0.0105000,0.0165118),(0.0297209,0.0105000,0.0161263),(0.0289552,0.0105000,0.0165118),(0.0289753,0.0105000,0.0164303),(0.0297209,0.0105000,0.0161263),(0.0289753,0.0105000,0.0164303),(0.0289980,0.0105000,0.0163537),(0.0298252,0.0105000,0.0160926),(0.0297209,0.0105000,0.0161263),(0.0289980,0.0105000,0.0163537),(0.0298252,0.0105000,0.0160926),(0.0289980,0.0105000,0.0163537),(0.0290233,0.0105000,0.0162819),(0.0298252,0.0105000,0.0160926),(0.0290233,0.0105000,0.0162819),(0.0290821,0.0105000,0.0161530),(0.0299333,0.0105000,0.0160813),(0.0298252,0.0105000,0.0160926),(0.0290821,0.0105000,0.0161530),(0.0299333,0.0105000,0.0160813),(0.0290821,0.0105000,0.0161530),(0.0291515,0.0105000,0.0160434),(0.0299333,0.0105000,0.0160813),(0.0291515,0.0105000,0.0160434),(0.0292317,0.0105000,0.0159533),(0.0300389,0.0105000,0.0160924),(0.0299333,0.0105000,0.0160813),(0.0292317,0.0105000,0.0159533),(0.0300389,0.0105000,0.0160924),(0.0292317,0.0105000,0.0159533),(0.0293113,0.0105000,0.0158833),(0.0300389,0.0105000,0.0160924),(0.0293113,0.0105000,0.0158833),(0.0293934,0.0105000,0.0158227),(0.0301397,0.0105000,0.0161258),(0.0300389,0.0105000,0.0160924),(0.0293934,0.0105000,0.0158227),(0.0301397,0.0105000,0.0161258),(0.0293934,0.0105000,0.0158227),(0.0294782,0.0105000,0.0157714),(0.0301397,0.0105000,0.0161258),(0.0294782,0.0105000,0.0157714),(0.0295656,0.0105000,0.0157294),(0.0302357,0.0105000,0.0161813),(0.0301397,0.0105000,0.0161258),(0.0295656,0.0105000,0.0157294),(0.0302357,0.0105000,0.0161813),(0.0295656,0.0105000,0.0157294),(0.0296555,0.0105000,0.0156968),(0.0309651,0.0105000,0.0167147),(0.0302357,0.0105000,0.0161813),(0.0296555,0.0105000,0.0156968),(0.0309651,0.0105000,0.0167147),(0.0296555,0.0105000,0.0156968),(0.0297480,0.0105000,0.0156735),(0.0309651,0.0105000,0.0167147),(0.0297480,0.0105000,0.0156735),(0.0298431,0.0105000,0.0156595),(0.0309651,0.0105000,0.0167147),(0.0298431,0.0105000,0.0156595),(0.0299407,0.0105000,0.0156548),(0.0309651,0.0105000,0.0167147),(0.0299407,0.0105000,0.0156548),(0.0300360,0.0105000,0.0156596),(0.0309651,0.0105000,0.0167147),(0.0300360,0.0105000,0.0156596),(0.0301285,0.0105000,0.0156738),(0.0309651,0.0105000,0.0167147),(0.0301285,0.0105000,0.0156738),(0.0302184,0.0105000,0.0156975),(0.0309651,0.0105000,0.0167147),(0.0302184,0.0105000,0.0156975),(0.0303056,0.0105000,0.0157307),(0.0309651,0.0105000,0.0167147),(0.0303056,0.0105000,0.0157307),(0.0303901,0.0105000,0.0157735),(0.0309651,0.0105000,0.0167147),(0.0303901,0.0105000,0.0157735),(0.0304720,0.0105000,0.0158257),(0.0309651,0.0105000,0.0167147),(0.0304720,0.0105000,0.0158257),(0.0305511,0.0105000,0.0158874),(0.0309651,0.0105000,0.0167147),(0.0305511,0.0105000,0.0158874),(0.0306276,0.0105000,0.0159585),(0.0309651,0.0105000,0.0167147),(0.0306276,0.0105000,0.0159585),(0.0307080,0.0105000,0.0160463),(0.0309651,0.0105000,0.0167147),(0.0307080,0.0105000,0.0160463),(0.0307776,0.0105000,0.0161408),(0.0309651,0.0105000,0.0167147),(0.0307776,0.0105000,0.0161408),(0.0308366,0.0105000,0.0162421),(0.0309651,0.0105000,0.0167147),(0.0308366,0.0105000,0.0162421),(0.0308848,0.0105000,0.0163501),(0.0309651,0.0105000,0.0167147),(0.0308848,0.0105000,0.0163501),(0.0309223,0.0105000,0.0164649),(0.0309651,0.0105000,0.0167147),(0.0309223,0.0105000,0.0164649),(0.0309491,0.0105000,0.0165864),(0.0282220,0.0105000,0.0187917),(0.0282199,0.0105000,0.0188404),(0.0281960,0.0105000,0.0189325),(0.0282220,0.0105000,0.0187917),(0.0281960,0.0105000,0.0189325),(0.0281681,0.0105000,0.0190188),(0.0282220,0.0105000,0.0187917),(0.0281681,0.0105000,0.0190188),(0.0281363,0.0105000,0.0190993),(0.0282220,0.0105000,0.0187917),(0.0281363,0.0105000,0.0190993),(0.0281006,0.0105000,0.0191740),(0.0282220,0.0105000,0.0187917),(0.0281006,0.0105000,0.0191740),(0.0280609,0.0105000,0.0192430),(0.0282220,0.0105000,0.0187917),(0.0280609,0.0105000,0.0192430),(0.0280173,0.0105000,0.0193061),(0.0282220,0.0105000,0.0187917),(0.0280173,0.0105000,0.0193061),(0.0279183,0.0105000,0.0194151),(0.0282220,0.0105000,0.0187917),(0.0279183,0.0105000,0.0194151),(0.0278373,0.0105000,0.0194845),(0.0282220,0.0105000,0.0187917),(0.0278373,0.0105000,0.0194845),(0.0277542,0.0105000,0.0195447),(0.0282220,0.0105000,0.0187917),(0.0277542,0.0105000,0.0195447),(0.0276689,0.0105000,0.0195956),(0.0282220,0.0105000,0.0187917),(0.0276689,0.0105000,0.0195956),(0.0275814,0.0105000,0.0196373),(0.0282220,0.0105000,0.0187917),(0.0275814,0.0105000,0.0196373),(0.0274919,0.0105000,0.0196697),(0.0282220,0.0105000,0.0187917),(0.0274919,0.0105000,0.0196697),(0.0274001,0.0105000,0.0196929),(0.0282220,0.0105000,0.0187917),(0.0274001,0.0105000,0.0196929),(0.0273063,0.0105000,0.0197068),(0.0282220,0.0105000,0.0187917),(0.0273063,0.0105000,0.0197068),(0.0272102,0.0105000,0.0197114),(0.0282220,0.0105000,0.0187917),(0.0272102,0.0105000,0.0197114),(0.0271150,0.0105000,0.0197067),(0.0282220,0.0105000,0.0187917),(0.0271150,0.0105000,0.0197067),(0.0270224,0.0105000,0.0196925),(0.0282220,0.0105000,0.0187917),(0.0270224,0.0105000,0.0196925),(0.0269324,0.0105000,0.0196690),(0.0282220,0.0105000,0.0187917),(0.0269324,0.0105000,0.0196690),(0.0268451,0.0105000,0.0196360),(0.0268451,0.0105000,0.0196360),(0.0267604,0.0105000,0.0195936),(0.0266784,0.0105000,0.0195417),(0.0268451,0.0105000,0.0196360),(0.0266784,0.0105000,0.0195417),(0.0265990,0.0105000,0.0194805),(0.0268451,0.0105000,0.0196360),(0.0265990,0.0105000,0.0194805),(0.0265223,0.0105000,0.0194098),(0.0268451,0.0105000,0.0196360),(0.0265223,0.0105000,0.0194098),(0.0264422,0.0105000,0.0193215),(0.0268451,0.0105000,0.0196360),(0.0264422,0.0105000,0.0193215),(0.0263728,0.0105000,0.0192267),(0.0268451,0.0105000,0.0196360),(0.0263728,0.0105000,0.0192267),(0.0263140,0.0105000,0.0191252),(0.0268451,0.0105000,0.0196360),(0.0263140,0.0105000,0.0191252),(0.0262659,0.0105000,0.0190171),(0.0268451,0.0105000,0.0196360),(0.0262659,0.0105000,0.0190171),(0.0262286,0.0105000,0.0189024),(0.0268451,0.0105000,0.0196360),(0.0262286,0.0105000,0.0189024),(0.0262018,0.0105000,0.0187811),(0.0268451,0.0105000,0.0196360),(0.0262018,0.0105000,0.0187811),(0.0261858,0.0105000,0.0186532),(0.0268451,0.0105000,0.0196360),(0.0261858,0.0105000,0.0186532),(0.0261805,0.0105000,0.0185187),(0.0268451,0.0105000,0.0196360),(0.0261805,0.0105000,0.0185187),(0.0261818,0.0105000,0.0184154),(0.0268451,0.0105000,0.0196360),(0.0261818,0.0105000,0.0184154),(0.0261856,0.0105000,0.0183161),(0.0268451,0.0105000,0.0196360),(0.0261856,0.0105000,0.0183161),(0.0261921,0.0105000,0.0182209),(0.0268451,0.0105000,0.0196360),(0.0261921,0.0105000,0.0182209),(0.0262011,0.0105000,0.0181298),(0.0268451,0.0105000,0.0196360),(0.0262011,0.0105000,0.0181298),(0.0262127,0.0105000,0.0180427),(0.0268451,0.0105000,0.0196360),(0.0262127,0.0105000,0.0180427),(0.0262269,0.0105000,0.0179596),(0.0268451,0.0105000,0.0196360),(0.0262269,0.0105000,0.0179596),(0.0262437,0.0105000,0.0178806),(0.0268451,0.0105000,0.0196360),(0.0262437,0.0105000,0.0178806),(0.0262630,0.0105000,0.0178056),(0.0268451,0.0105000,0.0196360),(0.0262630,0.0105000,0.0178056),(0.0263095,0.0105000,0.0176678),(0.0263095,0.0105000,0.0176678),(0.0263662,0.0105000,0.0175461),(0.0264333,0.0105000,0.0174406),(0.0263095,0.0105000,0.0176678),(0.0264333,0.0105000,0.0174406),(0.0265107,0.0105000,0.0173513),(0.0263095,0.0105000,0.0176678),(0.0265107,0.0105000,0.0173513),(0.0265902,0.0105000,0.0172819),(0.0263095,0.0105000,0.0176678),(0.0265902,0.0105000,0.0172819),(0.0266720,0.0105000,0.0172217),(0.0263095,0.0105000,0.0176678),(0.0266720,0.0105000,0.0172217),(0.0267562,0.0105000,0.0171707),(0.0263095,0.0105000,0.0176678),(0.0267562,0.0105000,0.0171707),(0.0268427,0.0105000,0.0171291),(0.0263095,0.0105000,0.0176678),(0.0268427,0.0105000,0.0171291),(0.0269316,0.0105000,0.0170967),(0.0263095,0.0105000,0.0176678),(0.0269316,0.0105000,0.0170967),(0.0270228,0.0105000,0.0170735),(0.0263095,0.0105000,0.0176678),(0.0270228,0.0105000,0.0170735),(0.0271164,0.0105000,0.0170596),(0.0263095,0.0105000,0.0176678),(0.0271164,0.0105000,0.0170596),(0.0272124,0.0105000,0.0170550),(0.0263095,0.0105000,0.0176678),(0.0272124,0.0105000,0.0170550),(0.0272977,0.0105000,0.0170582),(0.0263095,0.0105000,0.0176678),(0.0272977,0.0105000,0.0170582),(0.0273800,0.0105000,0.0170680),(0.0263095,0.0105000,0.0176678),(0.0273800,0.0105000,0.0170680),(0.0274595,0.0105000,0.0170843),(0.0263095,0.0105000,0.0176678),(0.0274595,0.0105000,0.0170843),(0.0275359,0.0105000,0.0171071),(0.0263095,0.0105000,0.0176678),(0.0275359,0.0105000,0.0171071),(0.0276801,0.0105000,0.0171723),(0.0263095,0.0105000,0.0176678),(0.0276801,0.0105000,0.0171723),(0.0278124,0.0105000,0.0172635),(0.0277701,0.0105000,0.0160855),(0.0264948,0.0105000,0.0160855),(0.0264133,0.0105000,0.0160697),(0.0277701,0.0105000,0.0160855),(0.0264133,0.0105000,0.0160697),(0.0263445,0.0105000,0.0160220),(0.0277701,0.0105000,0.0160855),(0.0263445,0.0105000,0.0160220),(0.0262977,0.0105000,0.0159527),(0.0277701,0.0105000,0.0160855),(0.0262977,0.0105000,0.0159527),(0.0262821,0.0105000,0.0158718),(0.0277701,0.0105000,0.0160855),(0.0262821,0.0105000,0.0158718),(0.0262977,0.0105000,0.0157911),(0.0277701,0.0105000,0.0160855),(0.0262977,0.0105000,0.0157911),(0.0263445,0.0105000,0.0157225),(0.0277701,0.0105000,0.0160855),(0.0263445,0.0105000,0.0157225),(0.0264133,0.0105000,0.0156749),(0.0277701,0.0105000,0.0160855),(0.0264133,0.0105000,0.0156749),(0.0264948,0.0105000,0.0156590),(0.0277701,0.0105000,0.0160855),(0.0264948,0.0105000,0.0156590),(0.0279669,0.0105000,0.0156590),(0.0278124,0.0105000,0.0172635),(0.0277701,0.0105000,0.0160855),(0.0279669,0.0105000,0.0156590),(0.0278124,0.0105000,0.0172635),(0.0279669,0.0105000,0.0156590),(0.0280474,0.0105000,0.0156731),(0.0278124,0.0105000,0.0172635),(0.0280474,0.0105000,0.0156731),(0.0281172,0.0105000,0.0157151),(0.0278124,0.0105000,0.0172635),(0.0281172,0.0105000,0.0157151),(0.0281649,0.0105000,0.0157802),(0.0278124,0.0105000,0.0172635),(0.0281649,0.0105000,0.0157802),(0.0281807,0.0105000,0.0158591),(0.0278124,0.0105000,0.0172635),(0.0281807,0.0105000,0.0158591),(0.0282612,0.0105000,0.0179239),(0.0278124,0.0105000,0.0172635),(0.0282612,0.0105000,0.0179239),(0.0282479,0.0105000,0.0180032),(0.0278124,0.0105000,0.0172635),(0.0282479,0.0105000,0.0180032),(0.0282082,0.0105000,0.0180742),(0.0278124,0.0105000,0.0172635),(0.0282082,0.0105000,0.0180742),(0.0281432,0.0105000,0.0181281),(0.0278124,0.0105000,0.0172635),(0.0281432,0.0105000,0.0181281),(0.0280601,0.0105000,0.0181461),(0.0278124,0.0105000,0.0172635),(0.0280601,0.0105000,0.0181461),(0.0279789,0.0105000,0.0181326),(0.0278124,0.0105000,0.0172635),(0.0279789,0.0105000,0.0181326),(0.0279066,0.0105000,0.0180921),(0.0278124,0.0105000,0.0172635),(0.0279066,0.0105000,0.0180921),(0.0278442,0.0105000,0.0179905),(0.0278124,0.0105000,0.0172635),(0.0278442,0.0105000,0.0179905),(0.0278102,0.0105000,0.0179054),(0.0278124,0.0105000,0.0172635),(0.0278102,0.0105000,0.0179054),(0.0277611,0.0105000,0.0178215),(0.0278124,0.0105000,0.0172635),(0.0277611,0.0105000,0.0178215),(0.0276969,0.0105000,0.0177387),(0.0278124,0.0105000,0.0172635),(0.0276969,0.0105000,0.0177387),(0.0276177,0.0105000,0.0176572),(0.0278124,0.0105000,0.0172635),(0.0276177,0.0105000,0.0176572),(0.0275221,0.0105000,0.0175794),(0.0278124,0.0105000,0.0172635),(0.0275221,0.0105000,0.0175794),(0.0274227,0.0105000,0.0175238),(0.0278124,0.0105000,0.0172635),(0.0274227,0.0105000,0.0175238),(0.0273194,0.0105000,0.0174905),(0.0278124,0.0105000,0.0172635),(0.0273194,0.0105000,0.0174905),(0.0272124,0.0105000,0.0174794),(0.0278124,0.0105000,0.0172635),(0.0272124,0.0105000,0.0174794),(0.0271059,0.0105000,0.0174905),(0.0263095,0.0105000,0.0176678),(0.0278124,0.0105000,0.0172635),(0.0271059,0.0105000,0.0174905),(0.0263095,0.0105000,0.0176678),(0.0271059,0.0105000,0.0174905),(0.0270033,0.0105000,0.0175238),(0.0263095,0.0105000,0.0176678),(0.0270033,0.0105000,0.0175238),(0.0269048,0.0105000,0.0175794),(0.0263095,0.0105000,0.0176678),(0.0269048,0.0105000,0.0175794),(0.0268102,0.0105000,0.0176572),(0.0263095,0.0105000,0.0176678),(0.0268102,0.0105000,0.0176572),(0.0267199,0.0105000,0.0177858),(0.0263095,0.0105000,0.0176678),(0.0267199,0.0105000,0.0177858),(0.0266844,0.0105000,0.0178719),(0.0263095,0.0105000,0.0176678),(0.0266844,0.0105000,0.0178719),(0.0266554,0.0105000,0.0179726),(0.0263095,0.0105000,0.0176678),(0.0266554,0.0105000,0.0179726),(0.0266328,0.0105000,0.0180878),(0.0263095,0.0105000,0.0176678),(0.0266328,0.0105000,0.0180878),(0.0266167,0.0105000,0.0182176),(0.0263095,0.0105000,0.0176678),(0.0266167,0.0105000,0.0182176),(0.0266070,0.0105000,0.0183619),(0.0263095,0.0105000,0.0176678),(0.0266070,0.0105000,0.0183619),(0.0266038,0.0105000,0.0185208),(0.0263095,0.0105000,0.0176678),(0.0266038,0.0105000,0.0185208),(0.0266073,0.0105000,0.0186122),(0.0263095,0.0105000,0.0176678),(0.0266073,0.0105000,0.0186122),(0.0266176,0.0105000,0.0186987),(0.0263095,0.0105000,0.0176678),(0.0266176,0.0105000,0.0186987),(0.0266348,0.0105000,0.0187802),(0.0268451,0.0105000,0.0196360),(0.0263095,0.0105000,0.0176678),(0.0266348,0.0105000,0.0187802),(0.0268451,0.0105000,0.0196360),(0.0266348,0.0105000,0.0187802),(0.0266588,0.0105000,0.0188568),(0.0268451,0.0105000,0.0196360),(0.0266588,0.0105000,0.0188568),(0.0267276,0.0105000,0.0189950),(0.0268451,0.0105000,0.0196360),(0.0267276,0.0105000,0.0189950),(0.0268239,0.0105000,0.0191134),(0.0268451,0.0105000,0.0196360),(0.0268239,0.0105000,0.0191134),(0.0269152,0.0105000,0.0191894),(0.0268451,0.0105000,0.0196360),(0.0269152,0.0105000,0.0191894),(0.0270113,0.0105000,0.0192436),(0.0268451,0.0105000,0.0196360),(0.0270113,0.0105000,0.0192436),(0.0271121,0.0105000,0.0192762),(0.0268451,0.0105000,0.0196360),(0.0271121,0.0105000,0.0192762),(0.0272176,0.0105000,0.0192870),(0.0268451,0.0105000,0.0196360),(0.0272176,0.0105000,0.0192870),(0.0273202,0.0105000,0.0192758),(0.0268451,0.0105000,0.0196360),(0.0273202,0.0105000,0.0192758),(0.0274227,0.0105000,0.0192420),(0.0268451,0.0105000,0.0196360),(0.0274227,0.0105000,0.0192420),(0.0275250,0.0105000,0.0191858),(0.0282220,0.0105000,0.0187917),(0.0268451,0.0105000,0.0196360),(0.0275250,0.0105000,0.0191858),(0.0282220,0.0105000,0.0187917),(0.0275250,0.0105000,0.0191858),(0.0276272,0.0105000,0.0191071),(0.0282220,0.0105000,0.0187917),(0.0276272,0.0105000,0.0191071),(0.0277293,0.0105000,0.0189642),(0.0282220,0.0105000,0.0187917),(0.0277293,0.0105000,0.0189642),(0.0277689,0.0105000,0.0188642),(0.0282220,0.0105000,0.0187917),(0.0277689,0.0105000,0.0188642),(0.0278008,0.0105000,0.0187451),(0.0282220,0.0105000,0.0187917),(0.0278008,0.0105000,0.0187451),(0.0278448,0.0105000,0.0186724),(0.0282220,0.0105000,0.0187917),(0.0278448,0.0105000,0.0186724),(0.0278934,0.0105000,0.0186205),(0.0282220,0.0105000,0.0187917),(0.0278934,0.0105000,0.0186205),(0.0280040,0.0105000,0.0185790),(0.0282220,0.0105000,0.0187917),(0.0280040,0.0105000,0.0185790),(0.0280114,0.0105000,0.0185790),(0.0282220,0.0105000,0.0187917),(0.0280114,0.0105000,0.0185790),(0.0280853,0.0105000,0.0185947),(0.0282220,0.0105000,0.0187917),(0.0280853,0.0105000,0.0185947),(0.0281450,0.0105000,0.0186353),(0.0328956,0.0105000,0.0180466),(0.0333009,0.0105000,0.0180466),(0.0339910,0.0105000,0.0180604),(0.0326532,0.0105000,0.0180466),(0.0328956,0.0105000,0.0180466),(0.0339910,0.0105000,0.0180604),(0.0333009,0.0105000,0.0167110),(0.0333009,0.0105000,0.0180466),(0.0328956,0.0105000,0.0180466),(0.0333009,0.0105000,0.0167110),(0.0328956,0.0105000,0.0180466),(0.0328956,0.0105000,0.0158591),(0.0339910,0.0105000,0.0180604),(0.0333009,0.0105000,0.0167110),(0.0328956,0.0105000,0.0158591),(0.0339910,0.0105000,0.0180604),(0.0328956,0.0105000,0.0158591),(0.0329054,0.0105000,0.0157842),(0.0339910,0.0105000,0.0180604),(0.0329054,0.0105000,0.0157842),(0.0329348,0.0105000,0.0157268),(0.0339910,0.0105000,0.0180604),(0.0329348,0.0105000,0.0157268),(0.0330438,0.0105000,0.0156527),(0.0339910,0.0105000,0.0180604),(0.0330438,0.0105000,0.0156527),(0.0331041,0.0105000,0.0156453),(0.0339910,0.0105000,0.0180604),(0.0331041,0.0105000,0.0156453),(0.0331803,0.0105000,0.0156548),(0.0339910,0.0105000,0.0180604),(0.0331803,0.0105000,0.0156548),(0.0332872,0.0105000,0.0157384),(0.0339910,0.0105000,0.0180604),(0.0332872,0.0105000,0.0157384),(0.0345646,0.0105000,0.0181578),(0.0326532,0.0105000,0.0180466),(0.0339910,0.0105000,0.0180604),(0.0345646,0.0105000,0.0181578),(0.0326532,0.0105000,0.0180466),(0.0345646,0.0105000,0.0181578),(0.0345995,0.0105000,0.0182848),(0.0326532,0.0105000,0.0180466),(0.0345995,0.0105000,0.0182848),(0.0345741,0.0105000,0.0183726),(0.0326532,0.0105000,0.0180466),(0.0345741,0.0105000,0.0183726),(0.0344971,0.0105000,0.0184472),(0.0326532,0.0105000,0.0180466),(0.0344971,0.0105000,0.0184472),(0.0343868,0.0105000,0.0184721),(0.0326532,0.0105000,0.0180466),(0.0343868,0.0105000,0.0184721),(0.0333221,0.0105000,0.0184721),(0.0333221,0.0105000,0.0184721),(0.0333221,0.0105000,0.0194839),(0.0333065,0.0105000,0.0195672),(0.0333221,0.0105000,0.0184721),(0.0333065,0.0105000,0.0195672),(0.0332597,0.0105000,0.0196352),(0.0333221,0.0105000,0.0184721),(0.0332597,0.0105000,0.0196352),(0.0331909,0.0105000,0.0196812),(0.0333221,0.0105000,0.0184721),(0.0331909,0.0105000,0.0196812),(0.0331094,0.0105000,0.0196966),(0.0333221,0.0105000,0.0184721),(0.0331094,0.0105000,0.0196966),(0.0330271,0.0105000,0.0196812),(0.0333221,0.0105000,0.0184721),(0.0330271,0.0105000,0.0196812),(0.0329580,0.0105000,0.0196352),(0.0333221,0.0105000,0.0184721),(0.0329580,0.0105000,0.0196352),(0.0329112,0.0105000,0.0195672),(0.0333221,0.0105000,0.0184721),(0.0329112,0.0105000,0.0195672),(0.0328956,0.0105000,0.0194839),(0.0333221,0.0105000,0.0184721),(0.0328956,0.0105000,0.0194839),(0.0328956,0.0105000,0.0184721),(0.0326532,0.0105000,0.0180466),(0.0333221,0.0105000,0.0184721),(0.0328956,0.0105000,0.0184721),(0.0326532,0.0105000,0.0180466),(0.0328956,0.0105000,0.0184721),(0.0326532,0.0105000,0.0184721),(0.0326532,0.0105000,0.0180466),(0.0326532,0.0105000,0.0184721),(0.0325696,0.0105000,0.0184565),(0.0326532,0.0105000,0.0180466),(0.0325696,0.0105000,0.0184565),(0.0325008,0.0105000,0.0184096),(0.0326532,0.0105000,0.0180466),(0.0325008,0.0105000,0.0184096),(0.0324548,0.0105000,0.0183409),(0.0326532,0.0105000,0.0180466),(0.0324548,0.0105000,0.0183409),(0.0324395,0.0105000,0.0182594),(0.0326532,0.0105000,0.0180466),(0.0324395,0.0105000,0.0182594),(0.0324548,0.0105000,0.0181779),(0.0326532,0.0105000,0.0180466),(0.0324548,0.0105000,0.0181779),(0.0325008,0.0105000,0.0181091),(0.0326532,0.0105000,0.0180466),(0.0325008,0.0105000,0.0181091),(0.0325696,0.0105000,0.0180623),(0.0320214,0.0105000,0.0196810),(0.0319484,0.0105000,0.0197876),(0.0318418,0.0105000,0.0198606),(0.0320214,0.0105000,0.0196810),(0.0318418,0.0105000,0.0198606),(0.0317166,0.0105000,0.0198850),(0.0320214,0.0105000,0.0196810),(0.0317166,0.0105000,0.0198850),(0.0315917,0.0105000,0.0198606),(0.0320214,0.0105000,0.0196810),(0.0315917,0.0105000,0.0198606),(0.0314859,0.0105000,0.0197876),(0.0320214,0.0105000,0.0196810),(0.0314859,0.0105000,0.0197876),(0.0314129,0.0105000,0.0196810),(0.0320214,0.0105000,0.0196810),(0.0314129,0.0105000,0.0196810),(0.0313885,0.0105000,0.0195558),(0.0320214,0.0105000,0.0196810),(0.0313885,0.0105000,0.0195558),(0.0314129,0.0105000,0.0194307),(0.0320214,0.0105000,0.0196810),(0.0314129,0.0105000,0.0194307),(0.0314859,0.0105000,0.0193240),(0.0320214,0.0105000,0.0196810),(0.0314859,0.0105000,0.0193240),(0.0315917,0.0105000,0.0192510),(0.0320214,0.0105000,0.0196810),(0.0315917,0.0105000,0.0192510),(0.0317166,0.0105000,0.0192267),(0.0320214,0.0105000,0.0196810),(0.0317166,0.0105000,0.0192267),(0.0318418,0.0105000,0.0192510),(0.0320214,0.0105000,0.0196810),(0.0318418,0.0105000,0.0192510),(0.0319484,0.0105000,0.0193240),(0.0320214,0.0105000,0.0196810),(0.0319484,0.0105000,0.0193240),(0.0320214,0.0105000,0.0194307),(0.0320214,0.0105000,0.0196810),(0.0320214,0.0105000,0.0194307),(0.0320458,0.0105000,0.0195558)));
#2458=COMPLEX_TRIANGULATED_SURFACE_SET('surface set',#2457,999,(),(),(),((1,2,3),(4,5,6),(7,8,9),(10,11,12),(13,14,15),(16,17,18),(19,20,21),(22,23,24),(25,26,27),(28,29,30),(31,32,33),(34,35,36),(37,38,39),(40,41,42),(43,44,45),(46,47,48),(49,50,51),(52,53,54),(55,56,57),(58,59,60),(61,62,63),(64,65,66),(67,68,69),(70,71,72),(73,74,75),(76,77,78),(79,80,81),(82,83,84),(85,86,87),(88,89,90),(91,92,93),(94,95,96),(97,98,99),(100,101,102),(103,104,105),(106,107,108),(109,110,111),(112,113,114),(115,116,117),(118,119,120),(121,122,123),(124,125,126),(127,128,129),(130,131,132),(133,134,135),(136,137,138),(139,140,141),(142,143,144),(145,146,147),(148,149,150),(151,152,153),(154,155,156),(157,158,159),(160,161,162),(163,164,165),(166,167,168),(169,170,171),(172,173,174),(175,176,177),(178,179,180),(181,182,183),(184,185,186),(187,188,189),(190,191,192),(193,194,195),(196,197,198),(199,200,201),(202,203,204),(205,206,207),(208,209,210),(211,212,213),(214,215,216),(217,218,219),(220,221,222),(223,224,225),(226,227,228),(229,230,231),(232,233,234),(235,236,237),(238,239,240),(241,242,243),(244,245,246),(247,248,249),(250,251,252),(253,254,255),(256,257,258),(259,260,261),(262,263,264),(265,266,267),(268,269,270),(271,272,273),(274,275,276),(277,278,279),(280,281,282),(283,284,285),(286,287,288),(289,290,291),(292,293,294),(295,296,297),(298,299,300),(301,302,303),(304,305,306),(307,308,309),(310,311,312),(313,314,315),(316,317,318),(319,320,321),(322,323,324),(325,326,327),(328,329,330),(331,332,333),(334,335,336),(337,338,339),(340,341,342),(343,344,345),(346,347,348),(349,350,351),(352,353,354),(355,356,357),(358,359,360),(361,362,363),(364,365,366),(367,368,369),(370,371,372),(373,374,375),(376,377,378),(379,380,381),(382,383,384),(385,386,387),(388,389,390),(391,392,393),(394,395,396),(397,398,399),(400,401,402),(403,404,405),(406,407,408),(409,410,411),(412,413,414),(415,416,417),(418,419,420),(421,422,423),(424,425,426),(427,428,429),(430,431,432),(433,434,435),(436,437,438),(439,440,441),(442,443,444),(445,446,447),(448,449,450),(451,452,453),(454,455,456),(457,458,459),(460,461,462),(463,464,465),(466,467,468),(469,470,471),(472,473,474),(475,476,477),(478,479,480),(481,482,483),(484,485,486),(487,488,489),(490,491,492),(493,494,495),(496,497,498),(499,500,501),(502,503,504),(505,506,507),(508,509,510),(511,512,513),(514,515,516),(517,518,519),(520,521,522),(523,524,525),(526,527,528),(529,530,531),(532,533,534),(535,536,537),(538,539,540),(541,542,543),(544,545,546),(547,548,549),(550,551,552),(553,554,555),(556,557,558),(559,560,561),(562,563,564),(565,566,567),(568,569,570),(571,572,573),(574,575,576),(577,578,579),(580,581,582),(583,584,585),(586,587,588),(589,590,591),(592,593,594),(595,596,597),(598,599,600),(601,602,603),(604,605,606),(607,608,609),(610,611,612),(613,614,615),(616,617,618),(619,620,621),(622,623,624),(625,626,627),(628,629,630),(631,632,633),(634,635,636),(637,638,639),(640,641,642),(643,644,645),(646,647,648),(649,650,651),(652,653,654),(655,656,657),(658,659,660),(661,662,663),(664,665,666),(667,668,669),(670,671,672),(673,674,675),(676,677,678),(679,680,681),(682,683,684),(685,686,687),(688,689,690),(691,692,693),(694,695,696),(697,698,699),(700,701,702),(703,704,705),(706,707,708),(709,710,711),(712,713,714),(715,716,717),(718,719,720),(721,722,723),(724,725,726),(727,728,729),(730,731,732),(733,734,735),(736,737,738),(739,740,741),(742,743,744),(745,746,747),(748,749,750),(751,752,753),(754,755,756),(757,758,759),(760,761,762),(763,764,765),(766,767,768),(769,770,771),(772,773,774),(775,776,777),(778,779,780),(781,782,783),(784,785,786),(787,788,789),(790,791,792),(793,794,795),(796,797,798),(799,800,801),(802,803,804),(805,806,807),(808,809,810),(811,812,813),(814,815,816),(817,818,819),(820,821,822),(823,824,825),(826,827,828),(829,830,831),(832,833,834),(835,836,837),(838,839,840),(841,842,843),(844,845,846),(847,848,849),(850,851,852),(853,854,855),(856,857,858),(859,860,861),(862,863,864),(865,866,867),(868,869,870),(871,872,873),(874,875,876),(877,878,879),(880,881,882),(883,884,885),(886,887,888),(889,890,891),(892,893,894),(895,896,897),(898,899,900),(901,902,903),(904,905,906),(907,908,909),(910,911,912),(913,914,915),(916,917,918),(919,920,921),(922,923,924),(925,926,927),(928,929,930),(931,932,933),(934,935,936),(937,938,939),(940,941,942),(943,944,945),(946,947,948),(949,950,951),(952,953,954),(955,956,957),(958,959,960),(961,962,963),(964,965,966),(967,968,969),(970,971,972),(973,974,975),(976,977,978),(979,980,981),(982,983,984),(985,986,987),(988,989,990),(991,992,993),(994,995,996),(997,998,999)));
#2459=TESSELLATED_GEOMETRIC_SET('linear dimension',(#2458));
#2460=COORDINATES_LIST('coordinates',10,((0.0303900,0.0030000,0.0202400),(0.0303900,0.0180000,0.0202400),(0.0303900,0.0105000,0.0202400),(0.0303900,0.0105000,0.0202400),(0.0303900,0.0105000,0.0152902),(0.0303900,0.0105000,0.0152902),(0.0303900,0.0105000,0.0229746),(0.0303900,0.0105000,0.0229746),(0.0303900,0.0105000,0.0125556),(0.0303900,0.0105000,0.0125556)));
#2461=TESSELLATED_CURVE_SET('curve set',#2460,((1,2),(3,4),(5,6),(7,8),(9,10)));
#2462=TESSELLATED_GEOMETRIC_SET('linear dimension',(#2461));
#2463=TESSELLATED_ANNOTATION_OCCURRENCE('linear dimension',(#2456),#2459);
#2464=TESSELLATED_ANNOTATION_OCCURRENCE('linear dimension',(#2456),#2462);
#2465=DRAUGHTING_CALLOUT('linear dimension',(#2463,#2464));
#2466=DRAUGHTING_MODEL_ITEM_ASSOCIATION('','',#2406,#2452,#2465);
#2467=DRAUGHTING_MODEL_ITEM_ASSOCIATION('','',#2413,#2452,#2465);
#2468=DRAUGHTING_MODEL_ITEM_ASSOCIATION('','',#2426,#2452,#2465);
ENDSEC;
END-ISO-10303-21;
