ISO-10303-21;
HEADER;
/* Generated by software containing ST-Developer
 * from STEP Tools, Inc. (www.steptools.com) 
 */
/* OPTION: using custom renumber hook */

FILE_DESCRIPTION(
/* description */ ('STEP AP242 Edition 2',
'CAx-IF Rec.Pracs.---Representation and Presentation of Product Manufa
cturing Information (PMI)---4.0---2014-10-13',
'CAx-IF Rec.Pracs.---3D Tessellated Geometry---0.4---2014-09-14','2;1',
'CAx-IF Rec.Pracs.---User Defined Attributes---1.5---2016-08-15'),
/* implementation_level */ '2;1');

FILE_NAME(
/* name */ 'Gimble Main - Part 3',
/* time_stamp */ '2026-06-08T01:07:51Z',
/* author */ (''),
/* organization */ (''),
/* preprocessor_version */ 'ST-DEVELOPER v20',
/* originating_system */ 'ONSHAPE BY PTC INC, 1.216',
/* authorisation */ '  ');

FILE_SCHEMA (('AP242_MANAGED_MODEL_BASED_3D_ENGINEERING_MIM_LF { 1 0 10303 442 3 1 4 }'));
ENDSEC;

DATA;
#10=SHAPE_REPRESENTATION_RELATIONSHIP('','',#2974,#11);
#11=ADVANCED_BREP_SHAPE_REPRESENTATION('',(#2972),#5049);
#12=ELLIPSE('',#3223,0.00353553390593274,0.0025);
#13=ELLIPSE('',#3225,0.00353553390593274,0.0025);
#14=SPHERICAL_SURFACE('',#3206,0.0025);
#15=SPHERICAL_SURFACE('',#3217,0.0025);
#16=SPHERICAL_SURFACE('',#3237,0.0025);
#17=SPHERICAL_SURFACE('',#3241,0.0025);
#18=SPHERICAL_SURFACE('',#3253,0.0025);
#19=SPHERICAL_SURFACE('',#3257,0.0025);
#20=TOROIDAL_SURFACE('',#3201,0.0143002976164114,0.0025);
#21=TOROIDAL_SURFACE('',#3209,0.005,0.0025);
#22=TOROIDAL_SURFACE('',#3213,0.0143002976164114,0.0025);
#23=TOROIDAL_SURFACE('',#3219,0.005,0.0025);
#24=TOROIDAL_SURFACE('',#3229,0.009,0.0025);
#25=TOROIDAL_SURFACE('',#3233,0.009,0.0025);
#26=TOROIDAL_SURFACE('',#3245,0.011,0.0025);
#27=TOROIDAL_SURFACE('',#3249,0.011,0.0025);
#28=B_SPLINE_CURVE_WITH_KNOTS('',3,(#4848,#4849,#4850,#4851,#4852),
 .UNSPECIFIED.,.F.,.F.,(4,1,4),(0.,0.00243379416658607,0.00486758833317213),
 .UNSPECIFIED.);
#29=B_SPLINE_CURVE_WITH_KNOTS('',3,(#4856,#4857,#4858,#4859,#4860),
 .UNSPECIFIED.,.F.,.F.,(4,1,4),(0.,0.00243379416658608,0.00486758833317215),
 .UNSPECIFIED.);
#30=B_SPLINE_CURVE_WITH_KNOTS('',3,(#4898,#4899,#4900,#4901),
 .UNSPECIFIED.,.F.,.F.,(4,4),(0.,0.00225148512751454),.UNSPECIFIED.);
#31=B_SPLINE_CURVE_WITH_KNOTS('',3,(#4905,#4906,#4907,#4908),
 .UNSPECIFIED.,.F.,.F.,(4,4),(0.,0.00224185990494291),.UNSPECIFIED.);
#32=B_SPLINE_CURVE_WITH_KNOTS('',3,(#4953,#4954,#4955,#4956,#4957),
 .UNSPECIFIED.,.F.,.F.,(4,1,4),(0.,0.00201039011591924,0.00402078023183848),
 .UNSPECIFIED.);
#33=B_SPLINE_CURVE_WITH_KNOTS('',3,(#4966,#4967,#4968,#4969,#4970),
 .UNSPECIFIED.,.F.,.F.,(4,1,4),(0.,0.00201039011591924,0.00402078023183848),
 .UNSPECIFIED.);
#34=B_SPLINE_CURVE_WITH_KNOTS('',3,(#4994,#4995,#4996,#4997),
 .UNSPECIFIED.,.F.,.F.,(4,4),(0.,0.00105017163005252),.UNSPECIFIED.);
#35=B_SPLINE_CURVE_WITH_KNOTS('',3,(#4998,#4999,#5000,#5001),
 .UNSPECIFIED.,.F.,.F.,(4,4),(0.,0.00105017163005254),.UNSPECIFIED.);
#36=B_SPLINE_CURVE_WITH_KNOTS('',3,(#5018,#5019,#5020,#5021),
 .UNSPECIFIED.,.F.,.F.,(4,4),(0.,0.00105017163005254),.UNSPECIFIED.);
#37=B_SPLINE_CURVE_WITH_KNOTS('',3,(#5023,#5024,#5025,#5026),
 .UNSPECIFIED.,.F.,.F.,(4,4),(0.,0.00105017163005254),.UNSPECIFIED.);
#38=VERTEX_LOOP('',#1764);
#39=CONICAL_SURFACE('',#3162,0.004,1.02974425867665);
#40=CYLINDRICAL_SURFACE('',#2989,0.0135);
#41=CYLINDRICAL_SURFACE('',#2992,0.0065);
#42=CYLINDRICAL_SURFACE('',#3005,0.0135);
#43=CYLINDRICAL_SURFACE('',#3007,0.0065);
#44=CYLINDRICAL_SURFACE('',#3048,0.00295000000000232);
#45=CYLINDRICAL_SURFACE('',#3052,0.00295);
#46=CYLINDRICAL_SURFACE('',#3056,0.00295000000000201);
#47=CYLINDRICAL_SURFACE('',#3060,0.002950000000001);
#48=CYLINDRICAL_SURFACE('',#3064,0.00295000000000022);
#49=CYLINDRICAL_SURFACE('',#3068,0.00294999999999934);
#50=CYLINDRICAL_SURFACE('',#3072,0.00294999999999835);
#51=CYLINDRICAL_SURFACE('',#3076,0.00294999999999816);
#52=CYLINDRICAL_SURFACE('',#3080,0.00294999999999826);
#53=CYLINDRICAL_SURFACE('',#3084,0.00294999999999903);
#54=CYLINDRICAL_SURFACE('',#3089,0.00349999999999951);
#55=CYLINDRICAL_SURFACE('',#3094,0.00294999999999886);
#56=CYLINDRICAL_SURFACE('',#3098,0.002949999999997);
#57=CYLINDRICAL_SURFACE('',#3102,0.0029499999999989);
#58=CYLINDRICAL_SURFACE('',#3106,0.0029499999999995);
#59=CYLINDRICAL_SURFACE('',#3110,0.0029499999999998);
#60=CYLINDRICAL_SURFACE('',#3114,0.00295000000000007);
#61=CYLINDRICAL_SURFACE('',#3118,0.0029500000000005);
#62=CYLINDRICAL_SURFACE('',#3122,0.00295000000000188);
#63=CYLINDRICAL_SURFACE('',#3126,0.00295000000000131);
#64=CYLINDRICAL_SURFACE('',#3130,0.00295000000000234);
#65=CYLINDRICAL_SURFACE('',#3135,0.0035000000000002);
#66=CYLINDRICAL_SURFACE('',#3139,0.00475);
#67=CYLINDRICAL_SURFACE('',#3143,0.0015);
#68=CYLINDRICAL_SURFACE('',#3144,0.0025);
#69=CYLINDRICAL_SURFACE('',#3146,0.0025);
#70=CYLINDRICAL_SURFACE('',#3148,0.0025);
#71=CYLINDRICAL_SURFACE('',#3150,0.0025);
#72=CYLINDRICAL_SURFACE('',#3164,0.004);
#73=CYLINDRICAL_SURFACE('',#3167,0.0168002976164115);
#74=CYLINDRICAL_SURFACE('',#3170,0.0119268604418766);
#75=CYLINDRICAL_SURFACE('',#3175,0.0168002976164115);
#76=CYLINDRICAL_SURFACE('',#3178,0.0119268604418766);
#77=CYLINDRICAL_SURFACE('',#3200,0.0025);
#78=CYLINDRICAL_SURFACE('',#3203,0.0025);
#79=CYLINDRICAL_SURFACE('',#3208,0.0025);
#80=CYLINDRICAL_SURFACE('',#3211,0.0025);
#81=CYLINDRICAL_SURFACE('',#3215,0.0025);
#82=CYLINDRICAL_SURFACE('',#3221,0.0025);
#83=CYLINDRICAL_SURFACE('',#3222,0.0025);
#84=CYLINDRICAL_SURFACE('',#3224,0.0025);
#85=CYLINDRICAL_SURFACE('',#3226,0.0025);
#86=CYLINDRICAL_SURFACE('',#3227,0.0025);
#87=CYLINDRICAL_SURFACE('',#3231,0.0025);
#88=CYLINDRICAL_SURFACE('',#3235,0.0025);
#89=CYLINDRICAL_SURFACE('',#3239,0.0025);
#90=CYLINDRICAL_SURFACE('',#3243,0.0025);
#91=CYLINDRICAL_SURFACE('',#3247,0.0025);
#92=CYLINDRICAL_SURFACE('',#3251,0.0025);
#93=CYLINDRICAL_SURFACE('',#3255,0.0025);
#94=CYLINDRICAL_SURFACE('',#3259,0.0025);
#95=CYLINDRICAL_SURFACE('',#3260,0.0025);
#96=CYLINDRICAL_SURFACE('',#3261,0.0025);
#97=CYLINDRICAL_SURFACE('',#3262,0.0025);
#98=CYLINDRICAL_SURFACE('',#3263,0.0025);
#99=CYLINDRICAL_SURFACE('',#3264,0.0025);
#100=CYLINDRICAL_SURFACE('',#3265,0.0025);
#101=CYLINDRICAL_SURFACE('',#3266,0.00125);
#102=CYLINDRICAL_SURFACE('',#3267,0.00125);
#103=CYLINDRICAL_SURFACE('',#3268,0.00125);
#104=CYLINDRICAL_SURFACE('',#3269,0.00125);
#105=CIRCLE('',#2977,0.0025);
#106=CIRCLE('',#2978,0.0135);
#107=CIRCLE('',#2979,0.0025);
#108=CIRCLE('',#2980,0.0025);
#109=CIRCLE('',#2981,0.0065);
#110=CIRCLE('',#2982,0.0025);
#111=CIRCLE('',#2985,0.00475);
#112=CIRCLE('',#2987,0.004);
#113=CIRCLE('',#2990,0.0135);
#114=CIRCLE('',#2991,0.0135);
#115=CIRCLE('',#2993,0.0065);
#116=CIRCLE('',#2994,0.0065);
#117=CIRCLE('',#2996,0.00125);
#118=CIRCLE('',#2997,0.00125);
#119=CIRCLE('',#2998,0.00125);
#120=CIRCLE('',#2999,0.00125);
#121=CIRCLE('',#3001,0.00125);
#122=CIRCLE('',#3002,0.00125);
#123=CIRCLE('',#3003,0.00125);
#124=CIRCLE('',#3004,0.00125);
#125=CIRCLE('',#3006,0.0135);
#126=CIRCLE('',#3008,0.0065);
#127=CIRCLE('',#3010,0.0025);
#128=CIRCLE('',#3011,0.0025);
#129=CIRCLE('',#3012,0.0025);
#130=CIRCLE('',#3013,0.0025);
#131=CIRCLE('',#3015,0.00295000000000232);
#132=CIRCLE('',#3016,0.0035000000000002);
#133=CIRCLE('',#3017,0.00295000000000234);
#134=CIRCLE('',#3018,0.00295000000000131);
#135=CIRCLE('',#3019,0.00295000000000188);
#136=CIRCLE('',#3020,0.0029500000000005);
#137=CIRCLE('',#3021,0.00295000000000007);
#138=CIRCLE('',#3022,0.0029499999999998);
#139=CIRCLE('',#3023,0.0029499999999995);
#140=CIRCLE('',#3024,0.0029499999999989);
#141=CIRCLE('',#3025,0.002949999999997);
#142=CIRCLE('',#3026,0.00294999999999886);
#143=CIRCLE('',#3027,0.00349999999999951);
#144=CIRCLE('',#3028,0.00294999999999903);
#145=CIRCLE('',#3029,0.00294999999999826);
#146=CIRCLE('',#3030,0.00294999999999816);
#147=CIRCLE('',#3031,0.00294999999999835);
#148=CIRCLE('',#3032,0.00294999999999934);
#149=CIRCLE('',#3033,0.00295000000000022);
#150=CIRCLE('',#3034,0.002950000000001);
#151=CIRCLE('',#3035,0.00295000000000201);
#152=CIRCLE('',#3036,0.00295);
#153=CIRCLE('',#3038,0.011);
#154=CIRCLE('',#3039,0.011);
#155=CIRCLE('',#3040,0.009);
#156=CIRCLE('',#3041,0.009);
#157=CIRCLE('',#3049,0.00295000000000232);
#158=CIRCLE('',#3053,0.00295);
#159=CIRCLE('',#3057,0.00295000000000201);
#160=CIRCLE('',#3061,0.002950000000001);
#161=CIRCLE('',#3065,0.00295000000000022);
#162=CIRCLE('',#3069,0.00294999999999934);
#163=CIRCLE('',#3073,0.00294999999999835);
#164=CIRCLE('',#3077,0.00294999999999816);
#165=CIRCLE('',#3081,0.00294999999999826);
#166=CIRCLE('',#3085,0.00294999999999903);
#167=CIRCLE('',#3090,0.00349999999999951);
#168=CIRCLE('',#3095,0.00294999999999886);
#169=CIRCLE('',#3099,0.002949999999997);
#170=CIRCLE('',#3103,0.0029499999999989);
#171=CIRCLE('',#3107,0.0029499999999995);
#172=CIRCLE('',#3111,0.0029499999999998);
#173=CIRCLE('',#3115,0.00295000000000007);
#174=CIRCLE('',#3119,0.0029500000000005);
#175=CIRCLE('',#3123,0.00295000000000188);
#176=CIRCLE('',#3127,0.00295000000000131);
#177=CIRCLE('',#3131,0.00295000000000234);
#178=CIRCLE('',#3136,0.0035000000000002);
#179=CIRCLE('',#3138,0.0015);
#180=CIRCLE('',#3140,0.00475);
#181=CIRCLE('',#3142,0.0015);
#182=CIRCLE('',#3145,0.0025);
#183=CIRCLE('',#3147,0.0025);
#184=CIRCLE('',#3149,0.0025);
#185=CIRCLE('',#3151,0.0025);
#186=CIRCLE('',#3154,0.0025);
#187=CIRCLE('',#3158,0.0025);
#188=CIRCLE('',#3163,0.004);
#189=CIRCLE('',#3168,0.0168002976164115);
#190=CIRCLE('',#3169,0.0168002976164115);
#191=CIRCLE('',#3171,0.0119268604418766);
#192=CIRCLE('',#3172,0.0119268604418766);
#193=CIRCLE('',#3176,0.0168002976164115);
#194=CIRCLE('',#3177,0.0168002976164115);
#195=CIRCLE('',#3179,0.0119268604418766);
#196=CIRCLE('',#3180,0.0119268604418766);
#197=CIRCLE('',#3182,0.0143002976164114);
#198=CIRCLE('',#3183,0.005);
#199=CIRCLE('',#3184,0.0025);
#200=CIRCLE('',#3185,0.0025);
#201=CIRCLE('',#3186,0.0025);
#202=CIRCLE('',#3187,0.0025);
#203=CIRCLE('',#3188,0.0025);
#204=CIRCLE('',#3189,0.0025);
#205=CIRCLE('',#3191,0.0025);
#206=CIRCLE('',#3192,0.0025);
#207=CIRCLE('',#3193,0.0025);
#208=CIRCLE('',#3194,0.0025);
#209=CIRCLE('',#3195,0.0025);
#210=CIRCLE('',#3196,0.0025);
#211=CIRCLE('',#3197,0.005);
#212=CIRCLE('',#3198,0.0143002976164114);
#213=CIRCLE('',#3202,0.0025);
#214=CIRCLE('',#3204,0.0025);
#215=CIRCLE('',#3205,0.0025);
#216=CIRCLE('',#3207,0.0025);
#217=CIRCLE('',#3210,0.0025);
#218=CIRCLE('',#3212,0.0025);
#219=CIRCLE('',#3214,0.0025);
#220=CIRCLE('',#3216,0.0025);
#221=CIRCLE('',#3218,0.0025);
#222=CIRCLE('',#3220,0.0025);
#223=CIRCLE('',#3228,0.0025);
#224=CIRCLE('',#3230,0.0025);
#225=CIRCLE('',#3232,0.0025);
#226=CIRCLE('',#3234,0.0025);
#227=CIRCLE('',#3236,0.0025);
#228=CIRCLE('',#3238,0.0025);
#229=CIRCLE('',#3240,0.0025);
#230=CIRCLE('',#3242,0.0025);
#231=CIRCLE('',#3244,0.0025);
#232=CIRCLE('',#3246,0.0025);
#233=CIRCLE('',#3248,0.0025);
#234=CIRCLE('',#3250,0.0025);
#235=CIRCLE('',#3252,0.0025);
#236=CIRCLE('',#3254,0.0025);
#237=CIRCLE('',#3256,0.0025);
#238=CIRCLE('',#3258,0.0025);
#239=ORIENTED_EDGE('',*,*,#1099,.F.);
#240=ORIENTED_EDGE('',*,*,#1100,.T.);
#241=ORIENTED_EDGE('',*,*,#1101,.F.);
#242=ORIENTED_EDGE('',*,*,#1102,.F.);
#243=ORIENTED_EDGE('',*,*,#1103,.F.);
#244=ORIENTED_EDGE('',*,*,#1104,.T.);
#245=ORIENTED_EDGE('',*,*,#1105,.T.);
#246=ORIENTED_EDGE('',*,*,#1106,.T.);
#247=ORIENTED_EDGE('',*,*,#1107,.T.);
#248=ORIENTED_EDGE('',*,*,#1108,.F.);
#249=ORIENTED_EDGE('',*,*,#1109,.T.);
#250=ORIENTED_EDGE('',*,*,#1110,.T.);
#251=ORIENTED_EDGE('',*,*,#1111,.T.);
#252=ORIENTED_EDGE('',*,*,#1112,.T.);
#253=ORIENTED_EDGE('',*,*,#1113,.F.);
#254=ORIENTED_EDGE('',*,*,#1114,.T.);
#255=ORIENTED_EDGE('',*,*,#1115,.T.);
#256=ORIENTED_EDGE('',*,*,#1116,.T.);
#257=ORIENTED_EDGE('',*,*,#1117,.T.);
#258=ORIENTED_EDGE('',*,*,#1118,.T.);
#259=ORIENTED_EDGE('',*,*,#1119,.T.);
#260=ORIENTED_EDGE('',*,*,#1120,.T.);
#261=ORIENTED_EDGE('',*,*,#1121,.T.);
#262=ORIENTED_EDGE('',*,*,#1122,.T.);
#263=ORIENTED_EDGE('',*,*,#1123,.T.);
#264=ORIENTED_EDGE('',*,*,#1107,.F.);
#265=ORIENTED_EDGE('',*,*,#1124,.F.);
#266=ORIENTED_EDGE('',*,*,#1125,.T.);
#267=ORIENTED_EDGE('',*,*,#1126,.T.);
#268=ORIENTED_EDGE('',*,*,#1112,.F.);
#269=ORIENTED_EDGE('',*,*,#1127,.F.);
#270=ORIENTED_EDGE('',*,*,#1128,.T.);
#271=ORIENTED_EDGE('',*,*,#1129,.T.);
#272=ORIENTED_EDGE('',*,*,#1130,.T.);
#273=ORIENTED_EDGE('',*,*,#1131,.T.);
#274=ORIENTED_EDGE('',*,*,#1132,.T.);
#275=ORIENTED_EDGE('',*,*,#1133,.T.);
#276=ORIENTED_EDGE('',*,*,#1134,.T.);
#277=ORIENTED_EDGE('',*,*,#1135,.T.);
#278=ORIENTED_EDGE('',*,*,#1136,.F.);
#279=ORIENTED_EDGE('',*,*,#1131,.F.);
#280=ORIENTED_EDGE('',*,*,#1137,.T.);
#281=ORIENTED_EDGE('',*,*,#1138,.T.);
#282=ORIENTED_EDGE('',*,*,#1139,.T.);
#283=ORIENTED_EDGE('',*,*,#1140,.T.);
#284=ORIENTED_EDGE('',*,*,#1141,.T.);
#285=ORIENTED_EDGE('',*,*,#1133,.F.);
#286=ORIENTED_EDGE('',*,*,#1142,.F.);
#287=ORIENTED_EDGE('',*,*,#1143,.F.);
#288=ORIENTED_EDGE('',*,*,#1144,.T.);
#289=ORIENTED_EDGE('',*,*,#1145,.F.);
#290=ORIENTED_EDGE('',*,*,#1146,.T.);
#291=ORIENTED_EDGE('',*,*,#1147,.T.);
#292=ORIENTED_EDGE('',*,*,#1101,.T.);
#293=ORIENTED_EDGE('',*,*,#1148,.T.);
#294=ORIENTED_EDGE('',*,*,#1149,.F.);
#295=ORIENTED_EDGE('',*,*,#1150,.T.);
#296=ORIENTED_EDGE('',*,*,#1151,.T.);
#297=ORIENTED_EDGE('',*,*,#1138,.F.);
#298=ORIENTED_EDGE('',*,*,#1152,.T.);
#299=ORIENTED_EDGE('',*,*,#1153,.F.);
#300=ORIENTED_EDGE('',*,*,#1154,.F.);
#301=ORIENTED_EDGE('',*,*,#1155,.F.);
#302=ORIENTED_EDGE('',*,*,#1156,.F.);
#303=ORIENTED_EDGE('',*,*,#1157,.F.);
#304=ORIENTED_EDGE('',*,*,#1158,.T.);
#305=ORIENTED_EDGE('',*,*,#1140,.F.);
#306=ORIENTED_EDGE('',*,*,#1159,.F.);
#307=ORIENTED_EDGE('',*,*,#1160,.T.);
#308=ORIENTED_EDGE('',*,*,#1161,.T.);
#309=ORIENTED_EDGE('',*,*,#1162,.T.);
#310=ORIENTED_EDGE('',*,*,#1119,.F.);
#311=ORIENTED_EDGE('',*,*,#1163,.T.);
#312=ORIENTED_EDGE('',*,*,#1164,.T.);
#313=ORIENTED_EDGE('',*,*,#1165,.F.);
#314=ORIENTED_EDGE('',*,*,#1166,.T.);
#315=ORIENTED_EDGE('',*,*,#1147,.F.);
#316=ORIENTED_EDGE('',*,*,#1167,.T.);
#317=ORIENTED_EDGE('',*,*,#1168,.T.);
#318=ORIENTED_EDGE('',*,*,#1102,.T.);
#319=ORIENTED_EDGE('',*,*,#1169,.T.);
#320=ORIENTED_EDGE('',*,*,#1170,.T.);
#321=ORIENTED_EDGE('',*,*,#1163,.F.);
#322=ORIENTED_EDGE('',*,*,#1118,.F.);
#323=ORIENTED_EDGE('',*,*,#1171,.F.);
#324=ORIENTED_EDGE('',*,*,#1172,.T.);
#325=ORIENTED_EDGE('',*,*,#1159,.T.);
#326=ORIENTED_EDGE('',*,*,#1142,.T.);
#327=ORIENTED_EDGE('',*,*,#1136,.T.);
#328=ORIENTED_EDGE('',*,*,#1173,.T.);
#329=ORIENTED_EDGE('',*,*,#1174,.F.);
#330=ORIENTED_EDGE('',*,*,#1175,.T.);
#331=ORIENTED_EDGE('',*,*,#1132,.F.);
#332=ORIENTED_EDGE('',*,*,#1139,.F.);
#333=ORIENTED_EDGE('',*,*,#1151,.F.);
#334=ORIENTED_EDGE('',*,*,#1176,.T.);
#335=ORIENTED_EDGE('',*,*,#1177,.F.);
#336=ORIENTED_EDGE('',*,*,#1178,.T.);
#337=ORIENTED_EDGE('',*,*,#1179,.T.);
#338=ORIENTED_EDGE('',*,*,#1180,.T.);
#339=ORIENTED_EDGE('',*,*,#1181,.F.);
#340=ORIENTED_EDGE('',*,*,#1182,.F.);
#341=ORIENTED_EDGE('',*,*,#1183,.T.);
#342=ORIENTED_EDGE('',*,*,#1184,.T.);
#343=ORIENTED_EDGE('',*,*,#1185,.F.);
#344=ORIENTED_EDGE('',*,*,#1186,.T.);
#345=ORIENTED_EDGE('',*,*,#1187,.T.);
#346=ORIENTED_EDGE('',*,*,#1188,.F.);
#347=ORIENTED_EDGE('',*,*,#1189,.T.);
#348=ORIENTED_EDGE('',*,*,#1190,.T.);
#349=ORIENTED_EDGE('',*,*,#1191,.F.);
#350=ORIENTED_EDGE('',*,*,#1192,.T.);
#351=ORIENTED_EDGE('',*,*,#1193,.T.);
#352=ORIENTED_EDGE('',*,*,#1194,.F.);
#353=ORIENTED_EDGE('',*,*,#1195,.T.);
#354=ORIENTED_EDGE('',*,*,#1196,.T.);
#355=ORIENTED_EDGE('',*,*,#1197,.F.);
#356=ORIENTED_EDGE('',*,*,#1198,.T.);
#357=ORIENTED_EDGE('',*,*,#1199,.T.);
#358=ORIENTED_EDGE('',*,*,#1200,.F.);
#359=ORIENTED_EDGE('',*,*,#1201,.T.);
#360=ORIENTED_EDGE('',*,*,#1202,.T.);
#361=ORIENTED_EDGE('',*,*,#1203,.F.);
#362=ORIENTED_EDGE('',*,*,#1204,.T.);
#363=ORIENTED_EDGE('',*,*,#1205,.T.);
#364=ORIENTED_EDGE('',*,*,#1206,.F.);
#365=ORIENTED_EDGE('',*,*,#1207,.T.);
#366=ORIENTED_EDGE('',*,*,#1208,.T.);
#367=ORIENTED_EDGE('',*,*,#1209,.F.);
#368=ORIENTED_EDGE('',*,*,#1210,.T.);
#369=ORIENTED_EDGE('',*,*,#1211,.T.);
#370=ORIENTED_EDGE('',*,*,#1212,.F.);
#371=ORIENTED_EDGE('',*,*,#1213,.T.);
#372=ORIENTED_EDGE('',*,*,#1214,.T.);
#373=ORIENTED_EDGE('',*,*,#1215,.T.);
#374=ORIENTED_EDGE('',*,*,#1216,.F.);
#375=ORIENTED_EDGE('',*,*,#1217,.F.);
#376=ORIENTED_EDGE('',*,*,#1218,.F.);
#377=ORIENTED_EDGE('',*,*,#1219,.F.);
#378=ORIENTED_EDGE('',*,*,#1220,.F.);
#379=ORIENTED_EDGE('',*,*,#1221,.F.);
#380=ORIENTED_EDGE('',*,*,#1222,.F.);
#381=ORIENTED_EDGE('',*,*,#1223,.F.);
#382=ORIENTED_EDGE('',*,*,#1224,.F.);
#383=ORIENTED_EDGE('',*,*,#1225,.F.);
#384=ORIENTED_EDGE('',*,*,#1226,.F.);
#385=ORIENTED_EDGE('',*,*,#1227,.F.);
#386=ORIENTED_EDGE('',*,*,#1228,.F.);
#387=ORIENTED_EDGE('',*,*,#1229,.F.);
#388=ORIENTED_EDGE('',*,*,#1230,.F.);
#389=ORIENTED_EDGE('',*,*,#1231,.F.);
#390=ORIENTED_EDGE('',*,*,#1232,.F.);
#391=ORIENTED_EDGE('',*,*,#1233,.F.);
#392=ORIENTED_EDGE('',*,*,#1234,.F.);
#393=ORIENTED_EDGE('',*,*,#1235,.F.);
#394=ORIENTED_EDGE('',*,*,#1236,.F.);
#395=ORIENTED_EDGE('',*,*,#1237,.F.);
#396=ORIENTED_EDGE('',*,*,#1238,.F.);
#397=ORIENTED_EDGE('',*,*,#1239,.F.);
#398=ORIENTED_EDGE('',*,*,#1240,.F.);
#399=ORIENTED_EDGE('',*,*,#1241,.F.);
#400=ORIENTED_EDGE('',*,*,#1242,.F.);
#401=ORIENTED_EDGE('',*,*,#1243,.F.);
#402=ORIENTED_EDGE('',*,*,#1244,.F.);
#403=ORIENTED_EDGE('',*,*,#1245,.F.);
#404=ORIENTED_EDGE('',*,*,#1246,.F.);
#405=ORIENTED_EDGE('',*,*,#1168,.F.);
#406=ORIENTED_EDGE('',*,*,#1247,.T.);
#407=ORIENTED_EDGE('',*,*,#1248,.T.);
#408=ORIENTED_EDGE('',*,*,#1103,.T.);
#409=ORIENTED_EDGE('',*,*,#1249,.T.);
#410=ORIENTED_EDGE('',*,*,#1250,.F.);
#411=ORIENTED_EDGE('',*,*,#1251,.F.);
#412=ORIENTED_EDGE('',*,*,#1252,.T.);
#413=ORIENTED_EDGE('',*,*,#1253,.T.);
#414=ORIENTED_EDGE('',*,*,#1125,.F.);
#415=ORIENTED_EDGE('',*,*,#1254,.F.);
#416=ORIENTED_EDGE('',*,*,#1255,.T.);
#417=ORIENTED_EDGE('',*,*,#1256,.F.);
#418=ORIENTED_EDGE('',*,*,#1257,.T.);
#419=ORIENTED_EDGE('',*,*,#1258,.T.);
#420=ORIENTED_EDGE('',*,*,#1259,.T.);
#421=ORIENTED_EDGE('',*,*,#1260,.T.);
#422=ORIENTED_EDGE('',*,*,#1261,.T.);
#423=ORIENTED_EDGE('',*,*,#1262,.T.);
#424=ORIENTED_EDGE('',*,*,#1263,.T.);
#425=ORIENTED_EDGE('',*,*,#1264,.T.);
#426=ORIENTED_EDGE('',*,*,#1265,.T.);
#427=ORIENTED_EDGE('',*,*,#1266,.T.);
#428=ORIENTED_EDGE('',*,*,#1267,.T.);
#429=ORIENTED_EDGE('',*,*,#1268,.T.);
#430=ORIENTED_EDGE('',*,*,#1269,.T.);
#431=ORIENTED_EDGE('',*,*,#1270,.F.);
#432=ORIENTED_EDGE('',*,*,#1271,.T.);
#433=ORIENTED_EDGE('',*,*,#1169,.F.);
#434=ORIENTED_EDGE('',*,*,#1117,.F.);
#435=ORIENTED_EDGE('',*,*,#1272,.T.);
#436=ORIENTED_EDGE('',*,*,#1273,.T.);
#437=ORIENTED_EDGE('',*,*,#1274,.T.);
#438=ORIENTED_EDGE('',*,*,#1174,.T.);
#439=ORIENTED_EDGE('',*,*,#1275,.T.);
#440=ORIENTED_EDGE('',*,*,#1276,.T.);
#441=ORIENTED_EDGE('',*,*,#1277,.T.);
#442=ORIENTED_EDGE('',*,*,#1105,.F.);
#443=ORIENTED_EDGE('',*,*,#1180,.F.);
#444=ORIENTED_EDGE('',*,*,#1278,.F.);
#445=ORIENTED_EDGE('',*,*,#1279,.T.);
#446=ORIENTED_EDGE('',*,*,#1280,.T.);
#447=ORIENTED_EDGE('',*,*,#1179,.F.);
#448=ORIENTED_EDGE('',*,*,#1281,.F.);
#449=ORIENTED_EDGE('',*,*,#1282,.T.);
#450=ORIENTED_EDGE('',*,*,#1278,.T.);
#451=ORIENTED_EDGE('',*,*,#1178,.F.);
#452=ORIENTED_EDGE('',*,*,#1283,.F.);
#453=ORIENTED_EDGE('',*,*,#1284,.T.);
#454=ORIENTED_EDGE('',*,*,#1281,.T.);
#455=ORIENTED_EDGE('',*,*,#1177,.T.);
#456=ORIENTED_EDGE('',*,*,#1285,.F.);
#457=ORIENTED_EDGE('',*,*,#1286,.F.);
#458=ORIENTED_EDGE('',*,*,#1283,.T.);
#459=ORIENTED_EDGE('',*,*,#1246,.T.);
#460=ORIENTED_EDGE('',*,*,#1287,.F.);
#461=ORIENTED_EDGE('',*,*,#1288,.F.);
#462=ORIENTED_EDGE('',*,*,#1285,.T.);
#463=ORIENTED_EDGE('',*,*,#1245,.T.);
#464=ORIENTED_EDGE('',*,*,#1289,.F.);
#465=ORIENTED_EDGE('',*,*,#1290,.F.);
#466=ORIENTED_EDGE('',*,*,#1287,.T.);
#467=ORIENTED_EDGE('',*,*,#1244,.T.);
#468=ORIENTED_EDGE('',*,*,#1291,.F.);
#469=ORIENTED_EDGE('',*,*,#1292,.F.);
#470=ORIENTED_EDGE('',*,*,#1289,.T.);
#471=ORIENTED_EDGE('',*,*,#1243,.T.);
#472=ORIENTED_EDGE('',*,*,#1293,.F.);
#473=ORIENTED_EDGE('',*,*,#1294,.F.);
#474=ORIENTED_EDGE('',*,*,#1291,.T.);
#475=ORIENTED_EDGE('',*,*,#1242,.T.);
#476=ORIENTED_EDGE('',*,*,#1295,.F.);
#477=ORIENTED_EDGE('',*,*,#1296,.F.);
#478=ORIENTED_EDGE('',*,*,#1293,.T.);
#479=ORIENTED_EDGE('',*,*,#1241,.T.);
#480=ORIENTED_EDGE('',*,*,#1297,.F.);
#481=ORIENTED_EDGE('',*,*,#1298,.F.);
#482=ORIENTED_EDGE('',*,*,#1295,.T.);
#483=ORIENTED_EDGE('',*,*,#1240,.T.);
#484=ORIENTED_EDGE('',*,*,#1299,.F.);
#485=ORIENTED_EDGE('',*,*,#1300,.F.);
#486=ORIENTED_EDGE('',*,*,#1297,.T.);
#487=ORIENTED_EDGE('',*,*,#1239,.T.);
#488=ORIENTED_EDGE('',*,*,#1301,.F.);
#489=ORIENTED_EDGE('',*,*,#1302,.F.);
#490=ORIENTED_EDGE('',*,*,#1299,.T.);
#491=ORIENTED_EDGE('',*,*,#1238,.T.);
#492=ORIENTED_EDGE('',*,*,#1303,.F.);
#493=ORIENTED_EDGE('',*,*,#1304,.F.);
#494=ORIENTED_EDGE('',*,*,#1301,.T.);
#495=ORIENTED_EDGE('',*,*,#1237,.T.);
#496=ORIENTED_EDGE('',*,*,#1305,.F.);
#497=ORIENTED_EDGE('',*,*,#1306,.F.);
#498=ORIENTED_EDGE('',*,*,#1303,.T.);
#499=ORIENTED_EDGE('',*,*,#1236,.T.);
#500=ORIENTED_EDGE('',*,*,#1307,.F.);
#501=ORIENTED_EDGE('',*,*,#1308,.F.);
#502=ORIENTED_EDGE('',*,*,#1305,.T.);
#503=ORIENTED_EDGE('',*,*,#1235,.T.);
#504=ORIENTED_EDGE('',*,*,#1309,.F.);
#505=ORIENTED_EDGE('',*,*,#1310,.F.);
#506=ORIENTED_EDGE('',*,*,#1307,.T.);
#507=ORIENTED_EDGE('',*,*,#1234,.T.);
#508=ORIENTED_EDGE('',*,*,#1311,.F.);
#509=ORIENTED_EDGE('',*,*,#1312,.F.);
#510=ORIENTED_EDGE('',*,*,#1309,.T.);
#511=ORIENTED_EDGE('',*,*,#1233,.T.);
#512=ORIENTED_EDGE('',*,*,#1313,.F.);
#513=ORIENTED_EDGE('',*,*,#1314,.F.);
#514=ORIENTED_EDGE('',*,*,#1311,.T.);
#515=ORIENTED_EDGE('',*,*,#1232,.T.);
#516=ORIENTED_EDGE('',*,*,#1315,.F.);
#517=ORIENTED_EDGE('',*,*,#1316,.F.);
#518=ORIENTED_EDGE('',*,*,#1313,.T.);
#519=ORIENTED_EDGE('',*,*,#1231,.T.);
#520=ORIENTED_EDGE('',*,*,#1317,.F.);
#521=ORIENTED_EDGE('',*,*,#1318,.F.);
#522=ORIENTED_EDGE('',*,*,#1315,.T.);
#523=ORIENTED_EDGE('',*,*,#1230,.T.);
#524=ORIENTED_EDGE('',*,*,#1319,.F.);
#525=ORIENTED_EDGE('',*,*,#1320,.F.);
#526=ORIENTED_EDGE('',*,*,#1317,.T.);
#527=ORIENTED_EDGE('',*,*,#1229,.T.);
#528=ORIENTED_EDGE('',*,*,#1321,.F.);
#529=ORIENTED_EDGE('',*,*,#1322,.F.);
#530=ORIENTED_EDGE('',*,*,#1319,.T.);
#531=ORIENTED_EDGE('',*,*,#1228,.T.);
#532=ORIENTED_EDGE('',*,*,#1323,.F.);
#533=ORIENTED_EDGE('',*,*,#1324,.F.);
#534=ORIENTED_EDGE('',*,*,#1321,.T.);
#535=ORIENTED_EDGE('',*,*,#1227,.T.);
#536=ORIENTED_EDGE('',*,*,#1325,.F.);
#537=ORIENTED_EDGE('',*,*,#1326,.F.);
#538=ORIENTED_EDGE('',*,*,#1323,.T.);
#539=ORIENTED_EDGE('',*,*,#1226,.T.);
#540=ORIENTED_EDGE('',*,*,#1327,.F.);
#541=ORIENTED_EDGE('',*,*,#1328,.F.);
#542=ORIENTED_EDGE('',*,*,#1325,.T.);
#543=ORIENTED_EDGE('',*,*,#1225,.T.);
#544=ORIENTED_EDGE('',*,*,#1329,.F.);
#545=ORIENTED_EDGE('',*,*,#1330,.F.);
#546=ORIENTED_EDGE('',*,*,#1327,.T.);
#547=ORIENTED_EDGE('',*,*,#1224,.T.);
#548=ORIENTED_EDGE('',*,*,#1331,.F.);
#549=ORIENTED_EDGE('',*,*,#1332,.F.);
#550=ORIENTED_EDGE('',*,*,#1329,.T.);
#551=ORIENTED_EDGE('',*,*,#1223,.T.);
#552=ORIENTED_EDGE('',*,*,#1333,.F.);
#553=ORIENTED_EDGE('',*,*,#1334,.F.);
#554=ORIENTED_EDGE('',*,*,#1331,.T.);
#555=ORIENTED_EDGE('',*,*,#1222,.T.);
#556=ORIENTED_EDGE('',*,*,#1335,.F.);
#557=ORIENTED_EDGE('',*,*,#1336,.F.);
#558=ORIENTED_EDGE('',*,*,#1333,.T.);
#559=ORIENTED_EDGE('',*,*,#1221,.T.);
#560=ORIENTED_EDGE('',*,*,#1337,.F.);
#561=ORIENTED_EDGE('',*,*,#1338,.F.);
#562=ORIENTED_EDGE('',*,*,#1335,.T.);
#563=ORIENTED_EDGE('',*,*,#1220,.T.);
#564=ORIENTED_EDGE('',*,*,#1339,.F.);
#565=ORIENTED_EDGE('',*,*,#1340,.F.);
#566=ORIENTED_EDGE('',*,*,#1337,.T.);
#567=ORIENTED_EDGE('',*,*,#1219,.T.);
#568=ORIENTED_EDGE('',*,*,#1341,.F.);
#569=ORIENTED_EDGE('',*,*,#1342,.F.);
#570=ORIENTED_EDGE('',*,*,#1339,.T.);
#571=ORIENTED_EDGE('',*,*,#1218,.T.);
#572=ORIENTED_EDGE('',*,*,#1343,.F.);
#573=ORIENTED_EDGE('',*,*,#1344,.F.);
#574=ORIENTED_EDGE('',*,*,#1341,.T.);
#575=ORIENTED_EDGE('',*,*,#1217,.T.);
#576=ORIENTED_EDGE('',*,*,#1345,.F.);
#577=ORIENTED_EDGE('',*,*,#1346,.F.);
#578=ORIENTED_EDGE('',*,*,#1343,.T.);
#579=ORIENTED_EDGE('',*,*,#1216,.T.);
#580=ORIENTED_EDGE('',*,*,#1347,.F.);
#581=ORIENTED_EDGE('',*,*,#1348,.F.);
#582=ORIENTED_EDGE('',*,*,#1345,.T.);
#583=ORIENTED_EDGE('',*,*,#1215,.F.);
#584=ORIENTED_EDGE('',*,*,#1349,.F.);
#585=ORIENTED_EDGE('',*,*,#1350,.T.);
#586=ORIENTED_EDGE('',*,*,#1347,.T.);
#587=ORIENTED_EDGE('',*,*,#1214,.F.);
#588=ORIENTED_EDGE('',*,*,#1351,.F.);
#589=ORIENTED_EDGE('',*,*,#1352,.T.);
#590=ORIENTED_EDGE('',*,*,#1349,.T.);
#591=ORIENTED_EDGE('',*,*,#1213,.F.);
#592=ORIENTED_EDGE('',*,*,#1353,.F.);
#593=ORIENTED_EDGE('',*,*,#1354,.T.);
#594=ORIENTED_EDGE('',*,*,#1351,.T.);
#595=ORIENTED_EDGE('',*,*,#1212,.T.);
#596=ORIENTED_EDGE('',*,*,#1355,.F.);
#597=ORIENTED_EDGE('',*,*,#1356,.F.);
#598=ORIENTED_EDGE('',*,*,#1353,.T.);
#599=ORIENTED_EDGE('',*,*,#1211,.F.);
#600=ORIENTED_EDGE('',*,*,#1357,.F.);
#601=ORIENTED_EDGE('',*,*,#1358,.T.);
#602=ORIENTED_EDGE('',*,*,#1355,.T.);
#603=ORIENTED_EDGE('',*,*,#1210,.F.);
#604=ORIENTED_EDGE('',*,*,#1359,.F.);
#605=ORIENTED_EDGE('',*,*,#1360,.T.);
#606=ORIENTED_EDGE('',*,*,#1357,.T.);
#607=ORIENTED_EDGE('',*,*,#1209,.T.);
#608=ORIENTED_EDGE('',*,*,#1361,.F.);
#609=ORIENTED_EDGE('',*,*,#1362,.F.);
#610=ORIENTED_EDGE('',*,*,#1359,.T.);
#611=ORIENTED_EDGE('',*,*,#1208,.F.);
#612=ORIENTED_EDGE('',*,*,#1363,.F.);
#613=ORIENTED_EDGE('',*,*,#1364,.T.);
#614=ORIENTED_EDGE('',*,*,#1361,.T.);
#615=ORIENTED_EDGE('',*,*,#1207,.F.);
#616=ORIENTED_EDGE('',*,*,#1365,.F.);
#617=ORIENTED_EDGE('',*,*,#1366,.T.);
#618=ORIENTED_EDGE('',*,*,#1363,.T.);
#619=ORIENTED_EDGE('',*,*,#1206,.T.);
#620=ORIENTED_EDGE('',*,*,#1367,.F.);
#621=ORIENTED_EDGE('',*,*,#1368,.F.);
#622=ORIENTED_EDGE('',*,*,#1365,.T.);
#623=ORIENTED_EDGE('',*,*,#1205,.F.);
#624=ORIENTED_EDGE('',*,*,#1369,.F.);
#625=ORIENTED_EDGE('',*,*,#1370,.T.);
#626=ORIENTED_EDGE('',*,*,#1367,.T.);
#627=ORIENTED_EDGE('',*,*,#1204,.F.);
#628=ORIENTED_EDGE('',*,*,#1371,.F.);
#629=ORIENTED_EDGE('',*,*,#1372,.T.);
#630=ORIENTED_EDGE('',*,*,#1369,.T.);
#631=ORIENTED_EDGE('',*,*,#1203,.T.);
#632=ORIENTED_EDGE('',*,*,#1373,.F.);
#633=ORIENTED_EDGE('',*,*,#1374,.F.);
#634=ORIENTED_EDGE('',*,*,#1371,.T.);
#635=ORIENTED_EDGE('',*,*,#1202,.F.);
#636=ORIENTED_EDGE('',*,*,#1375,.F.);
#637=ORIENTED_EDGE('',*,*,#1376,.T.);
#638=ORIENTED_EDGE('',*,*,#1373,.T.);
#639=ORIENTED_EDGE('',*,*,#1201,.F.);
#640=ORIENTED_EDGE('',*,*,#1377,.F.);
#641=ORIENTED_EDGE('',*,*,#1378,.T.);
#642=ORIENTED_EDGE('',*,*,#1375,.T.);
#643=ORIENTED_EDGE('',*,*,#1200,.T.);
#644=ORIENTED_EDGE('',*,*,#1379,.F.);
#645=ORIENTED_EDGE('',*,*,#1380,.F.);
#646=ORIENTED_EDGE('',*,*,#1377,.T.);
#647=ORIENTED_EDGE('',*,*,#1199,.F.);
#648=ORIENTED_EDGE('',*,*,#1381,.F.);
#649=ORIENTED_EDGE('',*,*,#1382,.T.);
#650=ORIENTED_EDGE('',*,*,#1379,.T.);
#651=ORIENTED_EDGE('',*,*,#1198,.F.);
#652=ORIENTED_EDGE('',*,*,#1383,.F.);
#653=ORIENTED_EDGE('',*,*,#1384,.T.);
#654=ORIENTED_EDGE('',*,*,#1381,.T.);
#655=ORIENTED_EDGE('',*,*,#1197,.T.);
#656=ORIENTED_EDGE('',*,*,#1385,.F.);
#657=ORIENTED_EDGE('',*,*,#1386,.F.);
#658=ORIENTED_EDGE('',*,*,#1383,.T.);
#659=ORIENTED_EDGE('',*,*,#1196,.F.);
#660=ORIENTED_EDGE('',*,*,#1387,.F.);
#661=ORIENTED_EDGE('',*,*,#1388,.T.);
#662=ORIENTED_EDGE('',*,*,#1385,.T.);
#663=ORIENTED_EDGE('',*,*,#1195,.F.);
#664=ORIENTED_EDGE('',*,*,#1389,.F.);
#665=ORIENTED_EDGE('',*,*,#1390,.T.);
#666=ORIENTED_EDGE('',*,*,#1387,.T.);
#667=ORIENTED_EDGE('',*,*,#1194,.T.);
#668=ORIENTED_EDGE('',*,*,#1391,.F.);
#669=ORIENTED_EDGE('',*,*,#1392,.F.);
#670=ORIENTED_EDGE('',*,*,#1389,.T.);
#671=ORIENTED_EDGE('',*,*,#1193,.F.);
#672=ORIENTED_EDGE('',*,*,#1393,.F.);
#673=ORIENTED_EDGE('',*,*,#1394,.T.);
#674=ORIENTED_EDGE('',*,*,#1391,.T.);
#675=ORIENTED_EDGE('',*,*,#1192,.F.);
#676=ORIENTED_EDGE('',*,*,#1395,.F.);
#677=ORIENTED_EDGE('',*,*,#1396,.T.);
#678=ORIENTED_EDGE('',*,*,#1393,.T.);
#679=ORIENTED_EDGE('',*,*,#1191,.T.);
#680=ORIENTED_EDGE('',*,*,#1397,.F.);
#681=ORIENTED_EDGE('',*,*,#1398,.F.);
#682=ORIENTED_EDGE('',*,*,#1395,.T.);
#683=ORIENTED_EDGE('',*,*,#1190,.F.);
#684=ORIENTED_EDGE('',*,*,#1399,.F.);
#685=ORIENTED_EDGE('',*,*,#1400,.T.);
#686=ORIENTED_EDGE('',*,*,#1397,.T.);
#687=ORIENTED_EDGE('',*,*,#1189,.F.);
#688=ORIENTED_EDGE('',*,*,#1401,.F.);
#689=ORIENTED_EDGE('',*,*,#1402,.T.);
#690=ORIENTED_EDGE('',*,*,#1399,.T.);
#691=ORIENTED_EDGE('',*,*,#1188,.T.);
#692=ORIENTED_EDGE('',*,*,#1403,.F.);
#693=ORIENTED_EDGE('',*,*,#1404,.F.);
#694=ORIENTED_EDGE('',*,*,#1401,.T.);
#695=ORIENTED_EDGE('',*,*,#1187,.F.);
#696=ORIENTED_EDGE('',*,*,#1405,.F.);
#697=ORIENTED_EDGE('',*,*,#1406,.T.);
#698=ORIENTED_EDGE('',*,*,#1403,.T.);
#699=ORIENTED_EDGE('',*,*,#1186,.F.);
#700=ORIENTED_EDGE('',*,*,#1407,.F.);
#701=ORIENTED_EDGE('',*,*,#1408,.T.);
#702=ORIENTED_EDGE('',*,*,#1405,.T.);
#703=ORIENTED_EDGE('',*,*,#1185,.T.);
#704=ORIENTED_EDGE('',*,*,#1409,.F.);
#705=ORIENTED_EDGE('',*,*,#1410,.F.);
#706=ORIENTED_EDGE('',*,*,#1407,.T.);
#707=ORIENTED_EDGE('',*,*,#1184,.F.);
#708=ORIENTED_EDGE('',*,*,#1411,.F.);
#709=ORIENTED_EDGE('',*,*,#1412,.T.);
#710=ORIENTED_EDGE('',*,*,#1409,.T.);
#711=ORIENTED_EDGE('',*,*,#1183,.F.);
#712=ORIENTED_EDGE('',*,*,#1413,.F.);
#713=ORIENTED_EDGE('',*,*,#1414,.T.);
#714=ORIENTED_EDGE('',*,*,#1411,.T.);
#715=ORIENTED_EDGE('',*,*,#1182,.T.);
#716=ORIENTED_EDGE('',*,*,#1415,.F.);
#717=ORIENTED_EDGE('',*,*,#1416,.F.);
#718=ORIENTED_EDGE('',*,*,#1413,.T.);
#719=ORIENTED_EDGE('',*,*,#1181,.T.);
#720=ORIENTED_EDGE('',*,*,#1280,.F.);
#721=ORIENTED_EDGE('',*,*,#1417,.F.);
#722=ORIENTED_EDGE('',*,*,#1415,.T.);
#723=ORIENTED_EDGE('',*,*,#1418,.T.);
#724=ORIENTED_EDGE('',*,*,#1279,.F.);
#725=ORIENTED_EDGE('',*,*,#1282,.F.);
#726=ORIENTED_EDGE('',*,*,#1284,.F.);
#727=ORIENTED_EDGE('',*,*,#1286,.T.);
#728=ORIENTED_EDGE('',*,*,#1288,.T.);
#729=ORIENTED_EDGE('',*,*,#1290,.T.);
#730=ORIENTED_EDGE('',*,*,#1292,.T.);
#731=ORIENTED_EDGE('',*,*,#1294,.T.);
#732=ORIENTED_EDGE('',*,*,#1296,.T.);
#733=ORIENTED_EDGE('',*,*,#1298,.T.);
#734=ORIENTED_EDGE('',*,*,#1300,.T.);
#735=ORIENTED_EDGE('',*,*,#1302,.T.);
#736=ORIENTED_EDGE('',*,*,#1304,.T.);
#737=ORIENTED_EDGE('',*,*,#1306,.T.);
#738=ORIENTED_EDGE('',*,*,#1308,.T.);
#739=ORIENTED_EDGE('',*,*,#1310,.T.);
#740=ORIENTED_EDGE('',*,*,#1312,.T.);
#741=ORIENTED_EDGE('',*,*,#1314,.T.);
#742=ORIENTED_EDGE('',*,*,#1316,.T.);
#743=ORIENTED_EDGE('',*,*,#1318,.T.);
#744=ORIENTED_EDGE('',*,*,#1320,.T.);
#745=ORIENTED_EDGE('',*,*,#1322,.T.);
#746=ORIENTED_EDGE('',*,*,#1324,.T.);
#747=ORIENTED_EDGE('',*,*,#1326,.T.);
#748=ORIENTED_EDGE('',*,*,#1328,.T.);
#749=ORIENTED_EDGE('',*,*,#1330,.T.);
#750=ORIENTED_EDGE('',*,*,#1332,.T.);
#751=ORIENTED_EDGE('',*,*,#1334,.T.);
#752=ORIENTED_EDGE('',*,*,#1336,.T.);
#753=ORIENTED_EDGE('',*,*,#1338,.T.);
#754=ORIENTED_EDGE('',*,*,#1340,.T.);
#755=ORIENTED_EDGE('',*,*,#1342,.T.);
#756=ORIENTED_EDGE('',*,*,#1344,.T.);
#757=ORIENTED_EDGE('',*,*,#1346,.T.);
#758=ORIENTED_EDGE('',*,*,#1348,.T.);
#759=ORIENTED_EDGE('',*,*,#1350,.F.);
#760=ORIENTED_EDGE('',*,*,#1352,.F.);
#761=ORIENTED_EDGE('',*,*,#1354,.F.);
#762=ORIENTED_EDGE('',*,*,#1356,.T.);
#763=ORIENTED_EDGE('',*,*,#1358,.F.);
#764=ORIENTED_EDGE('',*,*,#1360,.F.);
#765=ORIENTED_EDGE('',*,*,#1362,.T.);
#766=ORIENTED_EDGE('',*,*,#1364,.F.);
#767=ORIENTED_EDGE('',*,*,#1366,.F.);
#768=ORIENTED_EDGE('',*,*,#1368,.T.);
#769=ORIENTED_EDGE('',*,*,#1370,.F.);
#770=ORIENTED_EDGE('',*,*,#1372,.F.);
#771=ORIENTED_EDGE('',*,*,#1374,.T.);
#772=ORIENTED_EDGE('',*,*,#1376,.F.);
#773=ORIENTED_EDGE('',*,*,#1378,.F.);
#774=ORIENTED_EDGE('',*,*,#1380,.T.);
#775=ORIENTED_EDGE('',*,*,#1382,.F.);
#776=ORIENTED_EDGE('',*,*,#1384,.F.);
#777=ORIENTED_EDGE('',*,*,#1386,.T.);
#778=ORIENTED_EDGE('',*,*,#1388,.F.);
#779=ORIENTED_EDGE('',*,*,#1390,.F.);
#780=ORIENTED_EDGE('',*,*,#1392,.T.);
#781=ORIENTED_EDGE('',*,*,#1394,.F.);
#782=ORIENTED_EDGE('',*,*,#1396,.F.);
#783=ORIENTED_EDGE('',*,*,#1398,.T.);
#784=ORIENTED_EDGE('',*,*,#1400,.F.);
#785=ORIENTED_EDGE('',*,*,#1402,.F.);
#786=ORIENTED_EDGE('',*,*,#1404,.T.);
#787=ORIENTED_EDGE('',*,*,#1406,.F.);
#788=ORIENTED_EDGE('',*,*,#1408,.F.);
#789=ORIENTED_EDGE('',*,*,#1410,.T.);
#790=ORIENTED_EDGE('',*,*,#1412,.F.);
#791=ORIENTED_EDGE('',*,*,#1414,.F.);
#792=ORIENTED_EDGE('',*,*,#1416,.T.);
#793=ORIENTED_EDGE('',*,*,#1417,.T.);
#794=ORIENTED_EDGE('',*,*,#1419,.F.);
#795=ORIENTED_EDGE('',*,*,#1127,.T.);
#796=ORIENTED_EDGE('',*,*,#1420,.F.);
#797=ORIENTED_EDGE('',*,*,#1419,.T.);
#798=ORIENTED_EDGE('',*,*,#1418,.F.);
#799=ORIENTED_EDGE('',*,*,#1420,.T.);
#800=ORIENTED_EDGE('',*,*,#1135,.F.);
#801=ORIENTED_EDGE('',*,*,#1421,.T.);
#802=ORIENTED_EDGE('',*,*,#1272,.F.);
#803=ORIENTED_EDGE('',*,*,#1173,.F.);
#804=ORIENTED_EDGE('',*,*,#1274,.F.);
#805=ORIENTED_EDGE('',*,*,#1422,.T.);
#806=ORIENTED_EDGE('',*,*,#1129,.F.);
#807=ORIENTED_EDGE('',*,*,#1175,.F.);
#808=ORIENTED_EDGE('',*,*,#1277,.F.);
#809=ORIENTED_EDGE('',*,*,#1423,.T.);
#810=ORIENTED_EDGE('',*,*,#1121,.F.);
#811=ORIENTED_EDGE('',*,*,#1106,.F.);
#812=ORIENTED_EDGE('',*,*,#1248,.F.);
#813=ORIENTED_EDGE('',*,*,#1424,.T.);
#814=ORIENTED_EDGE('',*,*,#1275,.F.);
#815=ORIENTED_EDGE('',*,*,#1104,.F.);
#816=ORIENTED_EDGE('',*,*,#1253,.F.);
#817=ORIENTED_EDGE('',*,*,#1425,.T.);
#818=ORIENTED_EDGE('',*,*,#1113,.T.);
#819=ORIENTED_EDGE('',*,*,#1126,.F.);
#820=ORIENTED_EDGE('',*,*,#1250,.T.);
#821=ORIENTED_EDGE('',*,*,#1426,.T.);
#822=ORIENTED_EDGE('',*,*,#1270,.T.);
#823=ORIENTED_EDGE('',*,*,#1116,.F.);
#824=ORIENTED_EDGE('',*,*,#1427,.F.);
#825=ORIENTED_EDGE('',*,*,#1115,.F.);
#826=ORIENTED_EDGE('',*,*,#1428,.T.);
#827=ORIENTED_EDGE('',*,*,#1251,.T.);
#828=ORIENTED_EDGE('',*,*,#1427,.T.);
#829=ORIENTED_EDGE('',*,*,#1111,.F.);
#830=ORIENTED_EDGE('',*,*,#1429,.T.);
#831=ORIENTED_EDGE('',*,*,#1254,.T.);
#832=ORIENTED_EDGE('',*,*,#1124,.T.);
#833=ORIENTED_EDGE('',*,*,#1123,.F.);
#834=ORIENTED_EDGE('',*,*,#1430,.T.);
#835=ORIENTED_EDGE('',*,*,#1257,.F.);
#836=ORIENTED_EDGE('',*,*,#1431,.T.);
#837=ORIENTED_EDGE('',*,*,#1108,.T.);
#838=ORIENTED_EDGE('',*,*,#1256,.T.);
#839=ORIENTED_EDGE('',*,*,#1432,.T.);
#840=ORIENTED_EDGE('',*,*,#1109,.F.);
#841=ORIENTED_EDGE('',*,*,#1431,.F.);
#842=ORIENTED_EDGE('',*,*,#1252,.F.);
#843=ORIENTED_EDGE('',*,*,#1428,.F.);
#844=ORIENTED_EDGE('',*,*,#1114,.F.);
#845=ORIENTED_EDGE('',*,*,#1425,.F.);
#846=ORIENTED_EDGE('',*,*,#1255,.F.);
#847=ORIENTED_EDGE('',*,*,#1429,.F.);
#848=ORIENTED_EDGE('',*,*,#1110,.F.);
#849=ORIENTED_EDGE('',*,*,#1432,.F.);
#850=ORIENTED_EDGE('',*,*,#1433,.F.);
#851=ORIENTED_EDGE('',*,*,#1433,.T.);
#852=ORIENTED_EDGE('',*,*,#1128,.F.);
#853=ORIENTED_EDGE('',*,*,#1434,.F.);
#854=ORIENTED_EDGE('',*,*,#1435,.T.);
#855=ORIENTED_EDGE('',*,*,#1436,.T.);
#856=ORIENTED_EDGE('',*,*,#1437,.T.);
#857=ORIENTED_EDGE('',*,*,#1438,.F.);
#858=ORIENTED_EDGE('',*,*,#1439,.T.);
#859=ORIENTED_EDGE('',*,*,#1440,.T.);
#860=ORIENTED_EDGE('',*,*,#1441,.T.);
#861=ORIENTED_EDGE('',*,*,#1442,.T.);
#862=ORIENTED_EDGE('',*,*,#1443,.T.);
#863=ORIENTED_EDGE('',*,*,#1444,.F.);
#864=ORIENTED_EDGE('',*,*,#1445,.T.);
#865=ORIENTED_EDGE('',*,*,#1446,.T.);
#866=ORIENTED_EDGE('',*,*,#1447,.T.);
#867=ORIENTED_EDGE('',*,*,#1448,.T.);
#868=ORIENTED_EDGE('',*,*,#1449,.T.);
#869=ORIENTED_EDGE('',*,*,#1450,.F.);
#870=ORIENTED_EDGE('',*,*,#1451,.T.);
#871=ORIENTED_EDGE('',*,*,#1452,.T.);
#872=ORIENTED_EDGE('',*,*,#1453,.T.);
#873=ORIENTED_EDGE('',*,*,#1454,.T.);
#874=ORIENTED_EDGE('',*,*,#1455,.T.);
#875=ORIENTED_EDGE('',*,*,#1456,.F.);
#876=ORIENTED_EDGE('',*,*,#1457,.T.);
#877=ORIENTED_EDGE('',*,*,#1458,.T.);
#878=ORIENTED_EDGE('',*,*,#1459,.T.);
#879=ORIENTED_EDGE('',*,*,#1460,.T.);
#880=ORIENTED_EDGE('',*,*,#1461,.T.);
#881=ORIENTED_EDGE('',*,*,#1149,.T.);
#882=ORIENTED_EDGE('',*,*,#1462,.T.);
#883=ORIENTED_EDGE('',*,*,#1463,.F.);
#884=ORIENTED_EDGE('',*,*,#1464,.T.);
#885=ORIENTED_EDGE('',*,*,#1465,.T.);
#886=ORIENTED_EDGE('',*,*,#1466,.T.);
#887=ORIENTED_EDGE('',*,*,#1467,.T.);
#888=ORIENTED_EDGE('',*,*,#1468,.T.);
#889=ORIENTED_EDGE('',*,*,#1467,.F.);
#890=ORIENTED_EDGE('',*,*,#1469,.T.);
#891=ORIENTED_EDGE('',*,*,#1171,.T.);
#892=ORIENTED_EDGE('',*,*,#1470,.T.);
#893=ORIENTED_EDGE('',*,*,#1471,.T.);
#894=ORIENTED_EDGE('',*,*,#1472,.T.);
#895=ORIENTED_EDGE('',*,*,#1473,.T.);
#896=ORIENTED_EDGE('',*,*,#1444,.T.);
#897=ORIENTED_EDGE('',*,*,#1474,.T.);
#898=ORIENTED_EDGE('',*,*,#1434,.T.);
#899=ORIENTED_EDGE('',*,*,#1475,.T.);
#900=ORIENTED_EDGE('',*,*,#1476,.F.);
#901=ORIENTED_EDGE('',*,*,#1477,.T.);
#902=ORIENTED_EDGE('',*,*,#1440,.F.);
#903=ORIENTED_EDGE('',*,*,#1478,.T.);
#904=ORIENTED_EDGE('',*,*,#1448,.F.);
#905=ORIENTED_EDGE('',*,*,#1479,.T.);
#906=ORIENTED_EDGE('',*,*,#1458,.F.);
#907=ORIENTED_EDGE('',*,*,#1480,.T.);
#908=ORIENTED_EDGE('',*,*,#1099,.T.);
#909=ORIENTED_EDGE('',*,*,#1481,.T.);
#910=ORIENTED_EDGE('',*,*,#1463,.T.);
#911=ORIENTED_EDGE('',*,*,#1482,.T.);
#912=ORIENTED_EDGE('',*,*,#1456,.T.);
#913=ORIENTED_EDGE('',*,*,#1483,.T.);
#914=ORIENTED_EDGE('',*,*,#1450,.T.);
#915=ORIENTED_EDGE('',*,*,#1484,.T.);
#916=ORIENTED_EDGE('',*,*,#1438,.T.);
#917=ORIENTED_EDGE('',*,*,#1485,.T.);
#918=ORIENTED_EDGE('',*,*,#1486,.F.);
#919=ORIENTED_EDGE('',*,*,#1487,.T.);
#920=ORIENTED_EDGE('',*,*,#1436,.F.);
#921=ORIENTED_EDGE('',*,*,#1488,.T.);
#922=ORIENTED_EDGE('',*,*,#1442,.F.);
#923=ORIENTED_EDGE('',*,*,#1489,.T.);
#924=ORIENTED_EDGE('',*,*,#1490,.T.);
#925=ORIENTED_EDGE('',*,*,#1491,.T.);
#926=ORIENTED_EDGE('',*,*,#1492,.T.);
#927=ORIENTED_EDGE('',*,*,#1486,.T.);
#928=ORIENTED_EDGE('',*,*,#1493,.T.);
#929=ORIENTED_EDGE('',*,*,#1476,.T.);
#930=ORIENTED_EDGE('',*,*,#1494,.T.);
#931=ORIENTED_EDGE('',*,*,#1100,.F.);
#932=ORIENTED_EDGE('',*,*,#1492,.F.);
#933=ORIENTED_EDGE('',*,*,#1495,.F.);
#934=ORIENTED_EDGE('',*,*,#1148,.F.);
#935=ORIENTED_EDGE('',*,*,#1495,.T.);
#936=ORIENTED_EDGE('',*,*,#1491,.F.);
#937=ORIENTED_EDGE('',*,*,#1496,.F.);
#938=ORIENTED_EDGE('',*,*,#1462,.F.);
#939=ORIENTED_EDGE('',*,*,#1497,.F.);
#940=ORIENTED_EDGE('',*,*,#1490,.F.);
#941=ORIENTED_EDGE('',*,*,#1498,.F.);
#942=ORIENTED_EDGE('',*,*,#1452,.F.);
#943=ORIENTED_EDGE('',*,*,#1496,.T.);
#944=ORIENTED_EDGE('',*,*,#1497,.T.);
#945=ORIENTED_EDGE('',*,*,#1499,.F.);
#946=ORIENTED_EDGE('',*,*,#1176,.F.);
#947=ORIENTED_EDGE('',*,*,#1150,.F.);
#948=ORIENTED_EDGE('',*,*,#1500,.F.);
#949=ORIENTED_EDGE('',*,*,#1470,.F.);
#950=ORIENTED_EDGE('',*,*,#1489,.F.);
#951=ORIENTED_EDGE('',*,*,#1447,.F.);
#952=ORIENTED_EDGE('',*,*,#1501,.F.);
#953=ORIENTED_EDGE('',*,*,#1498,.T.);
#954=ORIENTED_EDGE('',*,*,#1499,.T.);
#955=ORIENTED_EDGE('',*,*,#1455,.F.);
#956=ORIENTED_EDGE('',*,*,#1502,.F.);
#957=ORIENTED_EDGE('',*,*,#1460,.F.);
#958=ORIENTED_EDGE('',*,*,#1500,.T.);
#959=ORIENTED_EDGE('',*,*,#1461,.F.);
#960=ORIENTED_EDGE('',*,*,#1503,.F.);
#961=ORIENTED_EDGE('',*,*,#1471,.F.);
#962=ORIENTED_EDGE('',*,*,#1501,.T.);
#963=ORIENTED_EDGE('',*,*,#1446,.F.);
#964=ORIENTED_EDGE('',*,*,#1504,.F.);
#965=ORIENTED_EDGE('',*,*,#1453,.F.);
#966=ORIENTED_EDGE('',*,*,#1503,.T.);
#967=ORIENTED_EDGE('',*,*,#1502,.T.);
#968=ORIENTED_EDGE('',*,*,#1505,.F.);
#969=ORIENTED_EDGE('',*,*,#1445,.F.);
#970=ORIENTED_EDGE('',*,*,#1473,.F.);
#971=ORIENTED_EDGE('',*,*,#1506,.F.);
#972=ORIENTED_EDGE('',*,*,#1504,.T.);
#973=ORIENTED_EDGE('',*,*,#1505,.T.);
#974=ORIENTED_EDGE('',*,*,#1454,.F.);
#975=ORIENTED_EDGE('',*,*,#1506,.T.);
#976=ORIENTED_EDGE('',*,*,#1472,.F.);
#977=ORIENTED_EDGE('',*,*,#1469,.F.);
#978=ORIENTED_EDGE('',*,*,#1466,.F.);
#979=ORIENTED_EDGE('',*,*,#1507,.F.);
#980=ORIENTED_EDGE('',*,*,#1160,.F.);
#981=ORIENTED_EDGE('',*,*,#1172,.F.);
#982=ORIENTED_EDGE('',*,*,#1507,.T.);
#983=ORIENTED_EDGE('',*,*,#1465,.F.);
#984=ORIENTED_EDGE('',*,*,#1508,.F.);
#985=ORIENTED_EDGE('',*,*,#1161,.F.);
#986=ORIENTED_EDGE('',*,*,#1120,.F.);
#987=ORIENTED_EDGE('',*,*,#1162,.F.);
#988=ORIENTED_EDGE('',*,*,#1508,.T.);
#989=ORIENTED_EDGE('',*,*,#1464,.F.);
#990=ORIENTED_EDGE('',*,*,#1481,.F.);
#991=ORIENTED_EDGE('',*,*,#1426,.F.);
#992=ORIENTED_EDGE('',*,*,#1249,.F.);
#993=ORIENTED_EDGE('',*,*,#1509,.F.);
#994=ORIENTED_EDGE('',*,*,#1271,.F.);
#995=ORIENTED_EDGE('',*,*,#1509,.T.);
#996=ORIENTED_EDGE('',*,*,#1269,.F.);
#997=ORIENTED_EDGE('',*,*,#1510,.F.);
#998=ORIENTED_EDGE('',*,*,#1170,.F.);
#999=ORIENTED_EDGE('',*,*,#1511,.F.);
#1000=ORIENTED_EDGE('',*,*,#1166,.F.);
#1001=ORIENTED_EDGE('',*,*,#1512,.F.);
#1002=ORIENTED_EDGE('',*,*,#1164,.F.);
#1003=ORIENTED_EDGE('',*,*,#1510,.T.);
#1004=ORIENTED_EDGE('',*,*,#1268,.F.);
#1005=ORIENTED_EDGE('',*,*,#1513,.F.);
#1006=ORIENTED_EDGE('',*,*,#1158,.F.);
#1007=ORIENTED_EDGE('',*,*,#1513,.T.);
#1008=ORIENTED_EDGE('',*,*,#1267,.F.);
#1009=ORIENTED_EDGE('',*,*,#1514,.F.);
#1010=ORIENTED_EDGE('',*,*,#1141,.F.);
#1011=ORIENTED_EDGE('',*,*,#1515,.F.);
#1012=ORIENTED_EDGE('',*,*,#1134,.F.);
#1013=ORIENTED_EDGE('',*,*,#1514,.T.);
#1014=ORIENTED_EDGE('',*,*,#1266,.F.);
#1015=ORIENTED_EDGE('',*,*,#1421,.F.);
#1016=ORIENTED_EDGE('',*,*,#1515,.T.);
#1017=ORIENTED_EDGE('',*,*,#1516,.F.);
#1018=ORIENTED_EDGE('',*,*,#1517,.F.);
#1019=ORIENTED_EDGE('',*,*,#1273,.F.);
#1020=ORIENTED_EDGE('',*,*,#1516,.T.);
#1021=ORIENTED_EDGE('',*,*,#1265,.F.);
#1022=ORIENTED_EDGE('',*,*,#1422,.F.);
#1023=ORIENTED_EDGE('',*,*,#1517,.T.);
#1024=ORIENTED_EDGE('',*,*,#1518,.F.);
#1025=ORIENTED_EDGE('',*,*,#1518,.T.);
#1026=ORIENTED_EDGE('',*,*,#1264,.F.);
#1027=ORIENTED_EDGE('',*,*,#1519,.F.);
#1028=ORIENTED_EDGE('',*,*,#1130,.F.);
#1029=ORIENTED_EDGE('',*,*,#1519,.T.);
#1030=ORIENTED_EDGE('',*,*,#1263,.F.);
#1031=ORIENTED_EDGE('',*,*,#1520,.F.);
#1032=ORIENTED_EDGE('',*,*,#1137,.F.);
#1033=ORIENTED_EDGE('',*,*,#1521,.F.);
#1034=ORIENTED_EDGE('',*,*,#1152,.F.);
#1035=ORIENTED_EDGE('',*,*,#1520,.T.);
#1036=ORIENTED_EDGE('',*,*,#1262,.F.);
#1037=ORIENTED_EDGE('',*,*,#1522,.F.);
#1038=ORIENTED_EDGE('',*,*,#1146,.F.);
#1039=ORIENTED_EDGE('',*,*,#1523,.F.);
#1040=ORIENTED_EDGE('',*,*,#1144,.F.);
#1041=ORIENTED_EDGE('',*,*,#1522,.T.);
#1042=ORIENTED_EDGE('',*,*,#1261,.F.);
#1043=ORIENTED_EDGE('',*,*,#1524,.F.);
#1044=ORIENTED_EDGE('',*,*,#1167,.F.);
#1045=ORIENTED_EDGE('',*,*,#1525,.F.);
#1046=ORIENTED_EDGE('',*,*,#1247,.F.);
#1047=ORIENTED_EDGE('',*,*,#1524,.T.);
#1048=ORIENTED_EDGE('',*,*,#1260,.F.);
#1049=ORIENTED_EDGE('',*,*,#1424,.F.);
#1050=ORIENTED_EDGE('',*,*,#1525,.T.);
#1051=ORIENTED_EDGE('',*,*,#1526,.F.);
#1052=ORIENTED_EDGE('',*,*,#1527,.F.);
#1053=ORIENTED_EDGE('',*,*,#1276,.F.);
#1054=ORIENTED_EDGE('',*,*,#1526,.T.);
#1055=ORIENTED_EDGE('',*,*,#1259,.F.);
#1056=ORIENTED_EDGE('',*,*,#1423,.F.);
#1057=ORIENTED_EDGE('',*,*,#1527,.T.);
#1058=ORIENTED_EDGE('',*,*,#1528,.F.);
#1059=ORIENTED_EDGE('',*,*,#1528,.T.);
#1060=ORIENTED_EDGE('',*,*,#1258,.F.);
#1061=ORIENTED_EDGE('',*,*,#1430,.F.);
#1062=ORIENTED_EDGE('',*,*,#1122,.F.);
#1063=ORIENTED_EDGE('',*,*,#1474,.F.);
#1064=ORIENTED_EDGE('',*,*,#1443,.F.);
#1065=ORIENTED_EDGE('',*,*,#1488,.F.);
#1066=ORIENTED_EDGE('',*,*,#1435,.F.);
#1067=ORIENTED_EDGE('',*,*,#1484,.F.);
#1068=ORIENTED_EDGE('',*,*,#1449,.F.);
#1069=ORIENTED_EDGE('',*,*,#1478,.F.);
#1070=ORIENTED_EDGE('',*,*,#1439,.F.);
#1071=ORIENTED_EDGE('',*,*,#1482,.F.);
#1072=ORIENTED_EDGE('',*,*,#1468,.F.);
#1073=ORIENTED_EDGE('',*,*,#1480,.F.);
#1074=ORIENTED_EDGE('',*,*,#1457,.F.);
#1075=ORIENTED_EDGE('',*,*,#1483,.F.);
#1076=ORIENTED_EDGE('',*,*,#1459,.F.);
#1077=ORIENTED_EDGE('',*,*,#1479,.F.);
#1078=ORIENTED_EDGE('',*,*,#1451,.F.);
#1079=ORIENTED_EDGE('',*,*,#1485,.F.);
#1080=ORIENTED_EDGE('',*,*,#1441,.F.);
#1081=ORIENTED_EDGE('',*,*,#1477,.F.);
#1082=ORIENTED_EDGE('',*,*,#1493,.F.);
#1083=ORIENTED_EDGE('',*,*,#1475,.F.);
#1084=ORIENTED_EDGE('',*,*,#1437,.F.);
#1085=ORIENTED_EDGE('',*,*,#1487,.F.);
#1086=ORIENTED_EDGE('',*,*,#1494,.F.);
#1087=ORIENTED_EDGE('',*,*,#1165,.T.);
#1088=ORIENTED_EDGE('',*,*,#1512,.T.);
#1089=ORIENTED_EDGE('',*,*,#1523,.T.);
#1090=ORIENTED_EDGE('',*,*,#1145,.T.);
#1091=ORIENTED_EDGE('',*,*,#1157,.T.);
#1092=ORIENTED_EDGE('',*,*,#1511,.T.);
#1093=ORIENTED_EDGE('',*,*,#1521,.T.);
#1094=ORIENTED_EDGE('',*,*,#1143,.T.);
#1095=ORIENTED_EDGE('',*,*,#1156,.T.);
#1096=ORIENTED_EDGE('',*,*,#1154,.T.);
#1097=ORIENTED_EDGE('',*,*,#1155,.T.);
#1098=ORIENTED_EDGE('',*,*,#1153,.T.);
#1099=EDGE_CURVE('',#1529,#1530,#1810,.T.);
#1100=EDGE_CURVE('',#1529,#1531,#105,.F.);
#1101=EDGE_CURVE('',#1532,#1531,#1811,.T.);
#1102=EDGE_CURVE('',#1533,#1532,#106,.T.);
#1103=EDGE_CURVE('',#1534,#1533,#1812,.T.);
#1104=EDGE_CURVE('',#1534,#1535,#107,.T.);
#1105=EDGE_CURVE('',#1535,#1536,#1813,.F.);
#1106=EDGE_CURVE('',#1536,#1537,#108,.T.);
#1107=EDGE_CURVE('',#1537,#1538,#1814,.T.);
#1108=EDGE_CURVE('',#1539,#1538,#1815,.T.);
#1109=EDGE_CURVE('',#1539,#1540,#1816,.T.);
#1110=EDGE_CURVE('',#1540,#1541,#1817,.T.);
#1111=EDGE_CURVE('',#1541,#1542,#1818,.T.);
#1112=EDGE_CURVE('',#1542,#1543,#1819,.T.);
#1113=EDGE_CURVE('',#1544,#1543,#1820,.T.);
#1114=EDGE_CURVE('',#1544,#1545,#1821,.F.);
#1115=EDGE_CURVE('',#1545,#1546,#1822,.T.);
#1116=EDGE_CURVE('',#1546,#1547,#1823,.T.);
#1117=EDGE_CURVE('',#1547,#1548,#1824,.T.);
#1118=EDGE_CURVE('',#1548,#1549,#109,.T.);
#1119=EDGE_CURVE('',#1549,#1550,#1825,.T.);
#1120=EDGE_CURVE('',#1550,#1530,#110,.F.);
#1121=EDGE_CURVE('',#1537,#1551,#1826,.T.);
#1122=EDGE_CURVE('',#1551,#1552,#1827,.T.);
#1123=EDGE_CURVE('',#1552,#1538,#1828,.T.);
#1124=EDGE_CURVE('',#1553,#1542,#1829,.T.);
#1125=EDGE_CURVE('',#1553,#1554,#1830,.T.);
#1126=EDGE_CURVE('',#1554,#1543,#1831,.T.);
#1127=EDGE_CURVE('',#1555,#1555,#111,.T.);
#1128=EDGE_CURVE('',#1556,#1556,#112,.T.);
#1129=EDGE_CURVE('',#1557,#1558,#1832,.F.);
#1130=EDGE_CURVE('',#1558,#1559,#1833,.F.);
#1131=EDGE_CURVE('',#1559,#1560,#1834,.T.);
#1132=EDGE_CURVE('',#1560,#1557,#1835,.T.);
#1133=EDGE_CURVE('',#1561,#1562,#1836,.F.);
#1134=EDGE_CURVE('',#1562,#1563,#1837,.T.);
#1135=EDGE_CURVE('',#1563,#1564,#1838,.F.);
#1136=EDGE_CURVE('',#1561,#1564,#1839,.T.);
#1137=EDGE_CURVE('',#1559,#1565,#113,.F.);
#1138=EDGE_CURVE('',#1565,#1566,#1840,.T.);
#1139=EDGE_CURVE('',#1566,#1560,#114,.T.);
#1140=EDGE_CURVE('',#1567,#1568,#1841,.F.);
#1141=EDGE_CURVE('',#1568,#1562,#115,.T.);
#1142=EDGE_CURVE('',#1567,#1561,#116,.T.);
#1143=EDGE_CURVE('',#1569,#1570,#117,.T.);
#1144=EDGE_CURVE('',#1569,#1571,#1842,.F.);
#1145=EDGE_CURVE('',#1572,#1571,#118,.T.);
#1146=EDGE_CURVE('',#1572,#1573,#1843,.F.);
#1147=EDGE_CURVE('',#1573,#1532,#1844,.T.);
#1148=EDGE_CURVE('',#1531,#1574,#1845,.T.);
#1149=EDGE_CURVE('',#1575,#1574,#1846,.F.);
#1150=EDGE_CURVE('',#1575,#1576,#1847,.F.);
#1151=EDGE_CURVE('',#1576,#1566,#1848,.T.);
#1152=EDGE_CURVE('',#1565,#1570,#1849,.F.);
#1153=EDGE_CURVE('',#1577,#1577,#119,.T.);
#1154=EDGE_CURVE('',#1578,#1578,#120,.T.);
#1155=EDGE_CURVE('',#1579,#1579,#121,.T.);
#1156=EDGE_CURVE('',#1580,#1580,#122,.T.);
#1157=EDGE_CURVE('',#1581,#1582,#123,.T.);
#1158=EDGE_CURVE('',#1581,#1568,#1850,.T.);
#1159=EDGE_CURVE('',#1583,#1567,#1851,.T.);
#1160=EDGE_CURVE('',#1583,#1584,#1852,.T.);
#1161=EDGE_CURVE('',#1584,#1585,#1853,.F.);
#1162=EDGE_CURVE('',#1585,#1550,#1854,.F.);
#1163=EDGE_CURVE('',#1549,#1586,#1855,.F.);
#1164=EDGE_CURVE('',#1586,#1587,#1856,.T.);
#1165=EDGE_CURVE('',#1588,#1587,#124,.T.);
#1166=EDGE_CURVE('',#1588,#1582,#1857,.T.);
#1167=EDGE_CURVE('',#1573,#1589,#125,.F.);
#1168=EDGE_CURVE('',#1589,#1533,#1858,.T.);
#1169=EDGE_CURVE('',#1548,#1590,#1859,.F.);
#1170=EDGE_CURVE('',#1590,#1586,#126,.T.);
#1171=EDGE_CURVE('',#1591,#1592,#1860,.T.);
#1172=EDGE_CURVE('',#1591,#1583,#127,.F.);
#1173=EDGE_CURVE('',#1564,#1593,#128,.T.);
#1174=EDGE_CURVE('',#1594,#1593,#1861,.F.);
#1175=EDGE_CURVE('',#1594,#1557,#129,.T.);
#1176=EDGE_CURVE('',#1576,#1592,#130,.F.);
#1177=EDGE_CURVE('',#1595,#1596,#131,.T.);
#1178=EDGE_CURVE('',#1595,#1597,#1862,.T.);
#1179=EDGE_CURVE('',#1597,#1598,#1863,.T.);
#1180=EDGE_CURVE('',#1598,#1599,#1864,.T.);
#1181=EDGE_CURVE('',#1600,#1599,#132,.T.);
#1182=EDGE_CURVE('',#1601,#1600,#1865,.T.);
#1183=EDGE_CURVE('',#1601,#1602,#1866,.T.);
#1184=EDGE_CURVE('',#1602,#1603,#1867,.T.);
#1185=EDGE_CURVE('',#1604,#1603,#133,.T.);
#1186=EDGE_CURVE('',#1604,#1605,#1868,.T.);
#1187=EDGE_CURVE('',#1605,#1606,#1869,.T.);
#1188=EDGE_CURVE('',#1607,#1606,#134,.T.);
#1189=EDGE_CURVE('',#1607,#1608,#1870,.T.);
#1190=EDGE_CURVE('',#1608,#1609,#1871,.T.);
#1191=EDGE_CURVE('',#1610,#1609,#135,.T.);
#1192=EDGE_CURVE('',#1610,#1611,#1872,.T.);
#1193=EDGE_CURVE('',#1611,#1612,#1873,.T.);
#1194=EDGE_CURVE('',#1613,#1612,#136,.T.);
#1195=EDGE_CURVE('',#1613,#1614,#1874,.T.);
#1196=EDGE_CURVE('',#1614,#1615,#1875,.T.);
#1197=EDGE_CURVE('',#1616,#1615,#137,.T.);
#1198=EDGE_CURVE('',#1616,#1617,#1876,.T.);
#1199=EDGE_CURVE('',#1617,#1618,#1877,.T.);
#1200=EDGE_CURVE('',#1619,#1618,#138,.T.);
#1201=EDGE_CURVE('',#1619,#1620,#1878,.T.);
#1202=EDGE_CURVE('',#1620,#1621,#1879,.T.);
#1203=EDGE_CURVE('',#1622,#1621,#139,.T.);
#1204=EDGE_CURVE('',#1622,#1623,#1880,.T.);
#1205=EDGE_CURVE('',#1623,#1624,#1881,.T.);
#1206=EDGE_CURVE('',#1625,#1624,#140,.T.);
#1207=EDGE_CURVE('',#1625,#1626,#1882,.T.);
#1208=EDGE_CURVE('',#1626,#1627,#1883,.T.);
#1209=EDGE_CURVE('',#1628,#1627,#141,.T.);
#1210=EDGE_CURVE('',#1628,#1629,#1884,.T.);
#1211=EDGE_CURVE('',#1629,#1630,#1885,.T.);
#1212=EDGE_CURVE('',#1631,#1630,#142,.T.);
#1213=EDGE_CURVE('',#1631,#1632,#1886,.T.);
#1214=EDGE_CURVE('',#1632,#1633,#1887,.T.);
#1215=EDGE_CURVE('',#1633,#1634,#1888,.T.);
#1216=EDGE_CURVE('',#1635,#1634,#143,.T.);
#1217=EDGE_CURVE('',#1636,#1635,#1889,.T.);
#1218=EDGE_CURVE('',#1637,#1636,#1890,.T.);
#1219=EDGE_CURVE('',#1638,#1637,#1891,.T.);
#1220=EDGE_CURVE('',#1639,#1638,#144,.T.);
#1221=EDGE_CURVE('',#1640,#1639,#1892,.T.);
#1222=EDGE_CURVE('',#1641,#1640,#1893,.T.);
#1223=EDGE_CURVE('',#1642,#1641,#145,.T.);
#1224=EDGE_CURVE('',#1643,#1642,#1894,.T.);
#1225=EDGE_CURVE('',#1644,#1643,#1895,.T.);
#1226=EDGE_CURVE('',#1645,#1644,#146,.T.);
#1227=EDGE_CURVE('',#1646,#1645,#1896,.T.);
#1228=EDGE_CURVE('',#1647,#1646,#1897,.T.);
#1229=EDGE_CURVE('',#1648,#1647,#147,.T.);
#1230=EDGE_CURVE('',#1649,#1648,#1898,.T.);
#1231=EDGE_CURVE('',#1650,#1649,#1899,.T.);
#1232=EDGE_CURVE('',#1651,#1650,#148,.T.);
#1233=EDGE_CURVE('',#1652,#1651,#1900,.T.);
#1234=EDGE_CURVE('',#1653,#1652,#1901,.T.);
#1235=EDGE_CURVE('',#1654,#1653,#149,.T.);
#1236=EDGE_CURVE('',#1655,#1654,#1902,.T.);
#1237=EDGE_CURVE('',#1656,#1655,#1903,.T.);
#1238=EDGE_CURVE('',#1657,#1656,#150,.T.);
#1239=EDGE_CURVE('',#1658,#1657,#1904,.T.);
#1240=EDGE_CURVE('',#1659,#1658,#1905,.T.);
#1241=EDGE_CURVE('',#1660,#1659,#151,.T.);
#1242=EDGE_CURVE('',#1661,#1660,#1906,.T.);
#1243=EDGE_CURVE('',#1662,#1661,#1907,.T.);
#1244=EDGE_CURVE('',#1663,#1662,#152,.T.);
#1245=EDGE_CURVE('',#1664,#1663,#1908,.T.);
#1246=EDGE_CURVE('',#1596,#1664,#1909,.T.);
#1247=EDGE_CURVE('',#1589,#1665,#1910,.F.);
#1248=EDGE_CURVE('',#1665,#1534,#1911,.T.);
#1249=EDGE_CURVE('',#1666,#1667,#1912,.F.);
#1250=EDGE_CURVE('',#1668,#1667,#1913,.T.);
#1251=EDGE_CURVE('',#1669,#1668,#1914,.T.);
#1252=EDGE_CURVE('',#1669,#1670,#1915,.F.);
#1253=EDGE_CURVE('',#1670,#1554,#1916,.T.);
#1254=EDGE_CURVE('',#1671,#1553,#1917,.T.);
#1255=EDGE_CURVE('',#1671,#1672,#1918,.T.);
#1256=EDGE_CURVE('',#1673,#1672,#1919,.T.);
#1257=EDGE_CURVE('',#1673,#1674,#1920,.T.);
#1258=EDGE_CURVE('',#1674,#1675,#1921,.F.);
#1259=EDGE_CURVE('',#1675,#1676,#1922,.T.);
#1260=EDGE_CURVE('',#1676,#1677,#1923,.T.);
#1261=EDGE_CURVE('',#1677,#1678,#153,.T.);
#1262=EDGE_CURVE('',#1678,#1679,#1924,.T.);
#1263=EDGE_CURVE('',#1679,#1680,#154,.T.);
#1264=EDGE_CURVE('',#1680,#1681,#1925,.T.);
#1265=EDGE_CURVE('',#1681,#1682,#1926,.F.);
#1266=EDGE_CURVE('',#1682,#1683,#1927,.F.);
#1267=EDGE_CURVE('',#1683,#1684,#155,.F.);
#1268=EDGE_CURVE('',#1684,#1685,#1928,.F.);
#1269=EDGE_CURVE('',#1685,#1666,#156,.F.);
#1270=EDGE_CURVE('',#1686,#1547,#1929,.T.);
#1271=EDGE_CURVE('',#1686,#1590,#1930,.T.);
#1272=EDGE_CURVE('',#1593,#1687,#1931,.T.);
#1273=EDGE_CURVE('',#1687,#1688,#1932,.T.);
#1274=EDGE_CURVE('',#1688,#1594,#1933,.T.);
#1275=EDGE_CURVE('',#1535,#1689,#1934,.F.);
#1276=EDGE_CURVE('',#1689,#1690,#1935,.F.);
#1277=EDGE_CURVE('',#1690,#1536,#1936,.F.);
#1278=EDGE_CURVE('',#1691,#1598,#1937,.T.);
#1279=EDGE_CURVE('',#1691,#1692,#1938,.T.);
#1280=EDGE_CURVE('',#1692,#1599,#1939,.T.);
#1281=EDGE_CURVE('',#1693,#1597,#1940,.T.);
#1282=EDGE_CURVE('',#1693,#1691,#1941,.T.);
#1283=EDGE_CURVE('',#1694,#1595,#1942,.T.);
#1284=EDGE_CURVE('',#1694,#1693,#1943,.T.);
#1285=EDGE_CURVE('',#1695,#1596,#1944,.T.);
#1286=EDGE_CURVE('',#1694,#1695,#157,.T.);
#1287=EDGE_CURVE('',#1696,#1664,#1945,.T.);
#1288=EDGE_CURVE('',#1695,#1696,#1946,.T.);
#1289=EDGE_CURVE('',#1697,#1663,#1947,.T.);
#1290=EDGE_CURVE('',#1696,#1697,#1948,.T.);
#1291=EDGE_CURVE('',#1698,#1662,#1949,.T.);
#1292=EDGE_CURVE('',#1697,#1698,#158,.T.);
#1293=EDGE_CURVE('',#1699,#1661,#1950,.T.);
#1294=EDGE_CURVE('',#1698,#1699,#1951,.T.);
#1295=EDGE_CURVE('',#1700,#1660,#1952,.T.);
#1296=EDGE_CURVE('',#1699,#1700,#1953,.T.);
#1297=EDGE_CURVE('',#1701,#1659,#1954,.T.);
#1298=EDGE_CURVE('',#1700,#1701,#159,.T.);
#1299=EDGE_CURVE('',#1702,#1658,#1955,.T.);
#1300=EDGE_CURVE('',#1701,#1702,#1956,.T.);
#1301=EDGE_CURVE('',#1703,#1657,#1957,.T.);
#1302=EDGE_CURVE('',#1702,#1703,#1958,.T.);
#1303=EDGE_CURVE('',#1704,#1656,#1959,.T.);
#1304=EDGE_CURVE('',#1703,#1704,#160,.T.);
#1305=EDGE_CURVE('',#1705,#1655,#1960,.T.);
#1306=EDGE_CURVE('',#1704,#1705,#1961,.T.);
#1307=EDGE_CURVE('',#1706,#1654,#1962,.T.);
#1308=EDGE_CURVE('',#1705,#1706,#1963,.T.);
#1309=EDGE_CURVE('',#1707,#1653,#1964,.T.);
#1310=EDGE_CURVE('',#1706,#1707,#161,.T.);
#1311=EDGE_CURVE('',#1708,#1652,#1965,.T.);
#1312=EDGE_CURVE('',#1707,#1708,#1966,.T.);
#1313=EDGE_CURVE('',#1709,#1651,#1967,.T.);
#1314=EDGE_CURVE('',#1708,#1709,#1968,.T.);
#1315=EDGE_CURVE('',#1710,#1650,#1969,.T.);
#1316=EDGE_CURVE('',#1709,#1710,#162,.T.);
#1317=EDGE_CURVE('',#1711,#1649,#1970,.T.);
#1318=EDGE_CURVE('',#1710,#1711,#1971,.T.);
#1319=EDGE_CURVE('',#1712,#1648,#1972,.T.);
#1320=EDGE_CURVE('',#1711,#1712,#1973,.T.);
#1321=EDGE_CURVE('',#1713,#1647,#1974,.T.);
#1322=EDGE_CURVE('',#1712,#1713,#163,.T.);
#1323=EDGE_CURVE('',#1714,#1646,#1975,.T.);
#1324=EDGE_CURVE('',#1713,#1714,#1976,.T.);
#1325=EDGE_CURVE('',#1715,#1645,#1977,.T.);
#1326=EDGE_CURVE('',#1714,#1715,#1978,.T.);
#1327=EDGE_CURVE('',#1716,#1644,#1979,.T.);
#1328=EDGE_CURVE('',#1715,#1716,#164,.T.);
#1329=EDGE_CURVE('',#1717,#1643,#1980,.T.);
#1330=EDGE_CURVE('',#1716,#1717,#1981,.T.);
#1331=EDGE_CURVE('',#1718,#1642,#1982,.T.);
#1332=EDGE_CURVE('',#1717,#1718,#1983,.T.);
#1333=EDGE_CURVE('',#1719,#1641,#1984,.T.);
#1334=EDGE_CURVE('',#1718,#1719,#165,.T.);
#1335=EDGE_CURVE('',#1720,#1640,#1985,.T.);
#1336=EDGE_CURVE('',#1719,#1720,#1986,.T.);
#1337=EDGE_CURVE('',#1721,#1639,#1987,.T.);
#1338=EDGE_CURVE('',#1720,#1721,#1988,.T.);
#1339=EDGE_CURVE('',#1722,#1638,#1989,.T.);
#1340=EDGE_CURVE('',#1721,#1722,#166,.T.);
#1341=EDGE_CURVE('',#1723,#1637,#1990,.T.);
#1342=EDGE_CURVE('',#1722,#1723,#1991,.T.);
#1343=EDGE_CURVE('',#1724,#1636,#1992,.T.);
#1344=EDGE_CURVE('',#1723,#1724,#1993,.T.);
#1345=EDGE_CURVE('',#1725,#1635,#1994,.T.);
#1346=EDGE_CURVE('',#1724,#1725,#1995,.T.);
#1347=EDGE_CURVE('',#1726,#1634,#1996,.T.);
#1348=EDGE_CURVE('',#1725,#1726,#167,.T.);
#1349=EDGE_CURVE('',#1727,#1633,#1997,.T.);
#1350=EDGE_CURVE('',#1727,#1726,#1998,.T.);
#1351=EDGE_CURVE('',#1728,#1632,#1999,.T.);
#1352=EDGE_CURVE('',#1728,#1727,#2000,.T.);
#1353=EDGE_CURVE('',#1729,#1631,#2001,.T.);
#1354=EDGE_CURVE('',#1729,#1728,#2002,.T.);
#1355=EDGE_CURVE('',#1730,#1630,#2003,.T.);
#1356=EDGE_CURVE('',#1729,#1730,#168,.T.);
#1357=EDGE_CURVE('',#1731,#1629,#2004,.T.);
#1358=EDGE_CURVE('',#1731,#1730,#2005,.T.);
#1359=EDGE_CURVE('',#1732,#1628,#2006,.T.);
#1360=EDGE_CURVE('',#1732,#1731,#2007,.T.);
#1361=EDGE_CURVE('',#1733,#1627,#2008,.T.);
#1362=EDGE_CURVE('',#1732,#1733,#169,.T.);
#1363=EDGE_CURVE('',#1734,#1626,#2009,.T.);
#1364=EDGE_CURVE('',#1734,#1733,#2010,.T.);
#1365=EDGE_CURVE('',#1735,#1625,#2011,.T.);
#1366=EDGE_CURVE('',#1735,#1734,#2012,.T.);
#1367=EDGE_CURVE('',#1736,#1624,#2013,.T.);
#1368=EDGE_CURVE('',#1735,#1736,#170,.T.);
#1369=EDGE_CURVE('',#1737,#1623,#2014,.T.);
#1370=EDGE_CURVE('',#1737,#1736,#2015,.T.);
#1371=EDGE_CURVE('',#1738,#1622,#2016,.T.);
#1372=EDGE_CURVE('',#1738,#1737,#2017,.T.);
#1373=EDGE_CURVE('',#1739,#1621,#2018,.T.);
#1374=EDGE_CURVE('',#1738,#1739,#171,.T.);
#1375=EDGE_CURVE('',#1740,#1620,#2019,.T.);
#1376=EDGE_CURVE('',#1740,#1739,#2020,.T.);
#1377=EDGE_CURVE('',#1741,#1619,#2021,.T.);
#1378=EDGE_CURVE('',#1741,#1740,#2022,.T.);
#1379=EDGE_CURVE('',#1742,#1618,#2023,.T.);
#1380=EDGE_CURVE('',#1741,#1742,#172,.T.);
#1381=EDGE_CURVE('',#1743,#1617,#2024,.T.);
#1382=EDGE_CURVE('',#1743,#1742,#2025,.T.);
#1383=EDGE_CURVE('',#1744,#1616,#2026,.T.);
#1384=EDGE_CURVE('',#1744,#1743,#2027,.T.);
#1385=EDGE_CURVE('',#1745,#1615,#2028,.T.);
#1386=EDGE_CURVE('',#1744,#1745,#173,.T.);
#1387=EDGE_CURVE('',#1746,#1614,#2029,.T.);
#1388=EDGE_CURVE('',#1746,#1745,#2030,.T.);
#1389=EDGE_CURVE('',#1747,#1613,#2031,.T.);
#1390=EDGE_CURVE('',#1747,#1746,#2032,.T.);
#1391=EDGE_CURVE('',#1748,#1612,#2033,.T.);
#1392=EDGE_CURVE('',#1747,#1748,#174,.T.);
#1393=EDGE_CURVE('',#1749,#1611,#2034,.T.);
#1394=EDGE_CURVE('',#1749,#1748,#2035,.T.);
#1395=EDGE_CURVE('',#1750,#1610,#2036,.T.);
#1396=EDGE_CURVE('',#1750,#1749,#2037,.T.);
#1397=EDGE_CURVE('',#1751,#1609,#2038,.T.);
#1398=EDGE_CURVE('',#1750,#1751,#175,.T.);
#1399=EDGE_CURVE('',#1752,#1608,#2039,.T.);
#1400=EDGE_CURVE('',#1752,#1751,#2040,.T.);
#1401=EDGE_CURVE('',#1753,#1607,#2041,.T.);
#1402=EDGE_CURVE('',#1753,#1752,#2042,.T.);
#1403=EDGE_CURVE('',#1754,#1606,#2043,.T.);
#1404=EDGE_CURVE('',#1753,#1754,#176,.T.);
#1405=EDGE_CURVE('',#1755,#1605,#2044,.T.);
#1406=EDGE_CURVE('',#1755,#1754,#2045,.T.);
#1407=EDGE_CURVE('',#1756,#1604,#2046,.T.);
#1408=EDGE_CURVE('',#1756,#1755,#2047,.T.);
#1409=EDGE_CURVE('',#1757,#1603,#2048,.T.);
#1410=EDGE_CURVE('',#1756,#1757,#177,.T.);
#1411=EDGE_CURVE('',#1758,#1602,#2049,.T.);
#1412=EDGE_CURVE('',#1758,#1757,#2050,.T.);
#1413=EDGE_CURVE('',#1759,#1601,#2051,.T.);
#1414=EDGE_CURVE('',#1759,#1758,#2052,.T.);
#1415=EDGE_CURVE('',#1760,#1600,#2053,.T.);
#1416=EDGE_CURVE('',#1759,#1760,#2054,.T.);
#1417=EDGE_CURVE('',#1760,#1692,#178,.T.);
#1418=EDGE_CURVE('',#1761,#1761,#179,.T.);
#1419=EDGE_CURVE('',#1762,#1762,#180,.T.);
#1420=EDGE_CURVE('',#1763,#1763,#181,.T.);
#1421=EDGE_CURVE('',#1563,#1687,#182,.F.);
#1422=EDGE_CURVE('',#1688,#1558,#183,.T.);
#1423=EDGE_CURVE('',#1690,#1551,#184,.T.);
#1424=EDGE_CURVE('',#1665,#1689,#185,.F.);
#1425=EDGE_CURVE('',#1670,#1544,#2055,.T.);
#1426=EDGE_CURVE('',#1667,#1686,#186,.T.);
#1427=EDGE_CURVE('',#1668,#1546,#2056,.T.);
#1428=EDGE_CURVE('',#1545,#1669,#2057,.T.);
#1429=EDGE_CURVE('',#1541,#1671,#2058,.T.);
#1430=EDGE_CURVE('',#1552,#1674,#187,.F.);
#1431=EDGE_CURVE('',#1673,#1539,#2059,.T.);
#1432=EDGE_CURVE('',#1672,#1540,#2060,.T.);
#1433=EDGE_CURVE('',#1765,#1765,#188,.T.);
#1434=EDGE_CURVE('',#1766,#1767,#2061,.T.);
#1435=EDGE_CURVE('',#1766,#1768,#2062,.F.);
#1436=EDGE_CURVE('',#1768,#1769,#2063,.T.);
#1437=EDGE_CURVE('',#1769,#1767,#2064,.F.);
#1438=EDGE_CURVE('',#1770,#1771,#2065,.T.);
#1439=EDGE_CURVE('',#1770,#1772,#2066,.F.);
#1440=EDGE_CURVE('',#1772,#1773,#2067,.T.);
#1441=EDGE_CURVE('',#1773,#1771,#2068,.F.);
#1442=EDGE_CURVE('',#1774,#1775,#189,.T.);
#1443=EDGE_CURVE('',#1775,#1776,#2069,.T.);
#1444=EDGE_CURVE('',#1777,#1776,#190,.T.);
#1445=EDGE_CURVE('',#1777,#1778,#28,.T.);
#1446=EDGE_CURVE('',#1778,#1779,#2070,.F.);
#1447=EDGE_CURVE('',#1779,#1774,#29,.F.);
#1448=EDGE_CURVE('',#1780,#1781,#191,.T.);
#1449=EDGE_CURVE('',#1781,#1782,#2071,.F.);
#1450=EDGE_CURVE('',#1783,#1782,#192,.T.);
#1451=EDGE_CURVE('',#1783,#1780,#2072,.T.);
#1452=EDGE_CURVE('',#1784,#1785,#2073,.T.);
#1453=EDGE_CURVE('',#1785,#1786,#2074,.F.);
#1454=EDGE_CURVE('',#1786,#1787,#2075,.F.);
#1455=EDGE_CURVE('',#1787,#1784,#2076,.F.);
#1456=EDGE_CURVE('',#1788,#1789,#2077,.T.);
#1457=EDGE_CURVE('',#1788,#1790,#2078,.F.);
#1458=EDGE_CURVE('',#1790,#1791,#2079,.T.);
#1459=EDGE_CURVE('',#1791,#1789,#2080,.F.);
#1460=EDGE_CURVE('',#1792,#1793,#2081,.T.);
#1461=EDGE_CURVE('',#1793,#1575,#193,.F.);
#1462=EDGE_CURVE('',#1574,#1792,#194,.F.);
#1463=EDGE_CURVE('',#1794,#1795,#195,.T.);
#1464=EDGE_CURVE('',#1794,#1796,#30,.T.);
#1465=EDGE_CURVE('',#1796,#1797,#2082,.T.);
#1466=EDGE_CURVE('',#1797,#1798,#31,.T.);
#1467=EDGE_CURVE('',#1798,#1799,#196,.T.);
#1468=EDGE_CURVE('',#1799,#1795,#2083,.F.);
#1469=EDGE_CURVE('',#1798,#1591,#2084,.F.);
#1470=EDGE_CURVE('',#1592,#1800,#2085,.T.);
#1471=EDGE_CURVE('',#1800,#1801,#197,.T.);
#1472=EDGE_CURVE('',#1801,#1802,#2086,.T.);
#1473=EDGE_CURVE('',#1802,#1777,#198,.F.);
#1474=EDGE_CURVE('',#1776,#1766,#199,.T.);
#1475=EDGE_CURVE('',#1767,#1803,#200,.T.);
#1476=EDGE_CURVE('',#1804,#1803,#2087,.T.);
#1477=EDGE_CURVE('',#1804,#1773,#201,.T.);
#1478=EDGE_CURVE('',#1772,#1781,#202,.F.);
#1479=EDGE_CURVE('',#1780,#1791,#203,.T.);
#1480=EDGE_CURVE('',#1790,#1799,#204,.F.);
#1481=EDGE_CURVE('',#1530,#1794,#2088,.T.);
#1482=EDGE_CURVE('',#1795,#1788,#205,.F.);
#1483=EDGE_CURVE('',#1789,#1783,#206,.T.);
#1484=EDGE_CURVE('',#1782,#1770,#207,.F.);
#1485=EDGE_CURVE('',#1771,#1805,#208,.T.);
#1486=EDGE_CURVE('',#1806,#1805,#2089,.F.);
#1487=EDGE_CURVE('',#1806,#1769,#209,.T.);
#1488=EDGE_CURVE('',#1768,#1775,#210,.T.);
#1489=EDGE_CURVE('',#1774,#1807,#211,.F.);
#1490=EDGE_CURVE('',#1807,#1808,#2090,.F.);
#1491=EDGE_CURVE('',#1808,#1809,#212,.T.);
#1492=EDGE_CURVE('',#1809,#1529,#2091,.F.);
#1493=EDGE_CURVE('',#1805,#1804,#2092,.T.);
#1494=EDGE_CURVE('',#1803,#1806,#2093,.T.);
#1495=EDGE_CURVE('',#1574,#1809,#32,.T.);
#1496=EDGE_CURVE('',#1792,#1808,#213,.T.);
#1497=EDGE_CURVE('',#1808,#1784,#214,.T.);
#1498=EDGE_CURVE('',#1785,#1807,#215,.T.);
#1499=EDGE_CURVE('',#1792,#1784,#216,.F.);
#1500=EDGE_CURVE('',#1800,#1575,#33,.F.);
#1501=EDGE_CURVE('',#1785,#1779,#217,.T.);
#1502=EDGE_CURVE('',#1793,#1787,#218,.T.);
#1503=EDGE_CURVE('',#1801,#1793,#219,.T.);
#1504=EDGE_CURVE('',#1786,#1778,#220,.F.);
#1505=EDGE_CURVE('',#1801,#1787,#221,.F.);
#1506=EDGE_CURVE('',#1786,#1802,#222,.T.);
#1507=EDGE_CURVE('',#1584,#1797,#12,.F.);
#1508=EDGE_CURVE('',#1585,#1796,#13,.F.);
#1509=EDGE_CURVE('',#1590,#1666,#223,.T.);
#1510=EDGE_CURVE('',#1586,#1685,#224,.T.);
#1511=EDGE_CURVE('',#1582,#1581,#34,.T.);
#1512=EDGE_CURVE('',#1587,#1588,#35,.T.);
#1513=EDGE_CURVE('',#1568,#1684,#225,.T.);
#1514=EDGE_CURVE('',#1562,#1683,#226,.T.);
#1515=EDGE_CURVE('',#1563,#1682,#227,.T.);
#1516=EDGE_CURVE('',#1687,#1682,#228,.T.);
#1517=EDGE_CURVE('',#1688,#1681,#229,.T.);
#1518=EDGE_CURVE('',#1558,#1681,#230,.T.);
#1519=EDGE_CURVE('',#1559,#1680,#231,.T.);
#1520=EDGE_CURVE('',#1565,#1679,#232,.T.);
#1521=EDGE_CURVE('',#1570,#1569,#36,.T.);
#1522=EDGE_CURVE('',#1573,#1678,#233,.T.);
#1523=EDGE_CURVE('',#1571,#1572,#37,.T.);
#1524=EDGE_CURVE('',#1589,#1677,#234,.T.);
#1525=EDGE_CURVE('',#1665,#1676,#235,.T.);
#1526=EDGE_CURVE('',#1689,#1676,#236,.T.);
#1527=EDGE_CURVE('',#1690,#1675,#237,.T.);
#1528=EDGE_CURVE('',#1551,#1675,#238,.T.);
#1529=VERTEX_POINT('',#4147);
#1530=VERTEX_POINT('',#4148);
#1531=VERTEX_POINT('',#4150);
#1532=VERTEX_POINT('',#4152);
#1533=VERTEX_POINT('',#4154);
#1534=VERTEX_POINT('',#4156);
#1535=VERTEX_POINT('',#4158);
#1536=VERTEX_POINT('',#4160);
#1537=VERTEX_POINT('',#4162);
#1538=VERTEX_POINT('',#4164);
#1539=VERTEX_POINT('',#4166);
#1540=VERTEX_POINT('',#4168);
#1541=VERTEX_POINT('',#4170);
#1542=VERTEX_POINT('',#4172);
#1543=VERTEX_POINT('',#4174);
#1544=VERTEX_POINT('',#4176);
#1545=VERTEX_POINT('',#4178);
#1546=VERTEX_POINT('',#4180);
#1547=VERTEX_POINT('',#4182);
#1548=VERTEX_POINT('',#4184);
#1549=VERTEX_POINT('',#4186);
#1550=VERTEX_POINT('',#4188);
#1551=VERTEX_POINT('',#4192);
#1552=VERTEX_POINT('',#4194);
#1553=VERTEX_POINT('',#4198);
#1554=VERTEX_POINT('',#4200);
#1555=VERTEX_POINT('',#4203);
#1556=VERTEX_POINT('',#4206);
#1557=VERTEX_POINT('',#4208);
#1558=VERTEX_POINT('',#4209);
#1559=VERTEX_POINT('',#4211);
#1560=VERTEX_POINT('',#4213);
#1561=VERTEX_POINT('',#4217);
#1562=VERTEX_POINT('',#4218);
#1563=VERTEX_POINT('',#4220);
#1564=VERTEX_POINT('',#4222);
#1565=VERTEX_POINT('',#4226);
#1566=VERTEX_POINT('',#4228);
#1567=VERTEX_POINT('',#4232);
#1568=VERTEX_POINT('',#4233);
#1569=VERTEX_POINT('',#4238);
#1570=VERTEX_POINT('',#4239);
#1571=VERTEX_POINT('',#4241);
#1572=VERTEX_POINT('',#4243);
#1573=VERTEX_POINT('',#4245);
#1574=VERTEX_POINT('',#4248);
#1575=VERTEX_POINT('',#4250);
#1576=VERTEX_POINT('',#4252);
#1577=VERTEX_POINT('',#4256);
#1578=VERTEX_POINT('',#4258);
#1579=VERTEX_POINT('',#4261);
#1580=VERTEX_POINT('',#4263);
#1581=VERTEX_POINT('',#4265);
#1582=VERTEX_POINT('',#4266);
#1583=VERTEX_POINT('',#4269);
#1584=VERTEX_POINT('',#4271);
#1585=VERTEX_POINT('',#4273);
#1586=VERTEX_POINT('',#4276);
#1587=VERTEX_POINT('',#4278);
#1588=VERTEX_POINT('',#4280);
#1589=VERTEX_POINT('',#4284);
#1590=VERTEX_POINT('',#4288);
#1591=VERTEX_POINT('',#4292);
#1592=VERTEX_POINT('',#4293);
#1593=VERTEX_POINT('',#4296);
#1594=VERTEX_POINT('',#4298);
#1595=VERTEX_POINT('',#4303);
#1596=VERTEX_POINT('',#4304);
#1597=VERTEX_POINT('',#4306);
#1598=VERTEX_POINT('',#4308);
#1599=VERTEX_POINT('',#4310);
#1600=VERTEX_POINT('',#4312);
#1601=VERTEX_POINT('',#4314);
#1602=VERTEX_POINT('',#4316);
#1603=VERTEX_POINT('',#4318);
#1604=VERTEX_POINT('',#4320);
#1605=VERTEX_POINT('',#4322);
#1606=VERTEX_POINT('',#4324);
#1607=VERTEX_POINT('',#4326);
#1608=VERTEX_POINT('',#4328);
#1609=VERTEX_POINT('',#4330);
#1610=VERTEX_POINT('',#4332);
#1611=VERTEX_POINT('',#4334);
#1612=VERTEX_POINT('',#4336);
#1613=VERTEX_POINT('',#4338);
#1614=VERTEX_POINT('',#4340);
#1615=VERTEX_POINT('',#4342);
#1616=VERTEX_POINT('',#4344);
#1617=VERTEX_POINT('',#4346);
#1618=VERTEX_POINT('',#4348);
#1619=VERTEX_POINT('',#4350);
#1620=VERTEX_POINT('',#4352);
#1621=VERTEX_POINT('',#4354);
#1622=VERTEX_POINT('',#4356);
#1623=VERTEX_POINT('',#4358);
#1624=VERTEX_POINT('',#4360);
#1625=VERTEX_POINT('',#4362);
#1626=VERTEX_POINT('',#4364);
#1627=VERTEX_POINT('',#4366);
#1628=VERTEX_POINT('',#4368);
#1629=VERTEX_POINT('',#4370);
#1630=VERTEX_POINT('',#4372);
#1631=VERTEX_POINT('',#4374);
#1632=VERTEX_POINT('',#4376);
#1633=VERTEX_POINT('',#4378);
#1634=VERTEX_POINT('',#4380);
#1635=VERTEX_POINT('',#4382);
#1636=VERTEX_POINT('',#4384);
#1637=VERTEX_POINT('',#4386);
#1638=VERTEX_POINT('',#4388);
#1639=VERTEX_POINT('',#4390);
#1640=VERTEX_POINT('',#4392);
#1641=VERTEX_POINT('',#4394);
#1642=VERTEX_POINT('',#4396);
#1643=VERTEX_POINT('',#4398);
#1644=VERTEX_POINT('',#4400);
#1645=VERTEX_POINT('',#4402);
#1646=VERTEX_POINT('',#4404);
#1647=VERTEX_POINT('',#4406);
#1648=VERTEX_POINT('',#4408);
#1649=VERTEX_POINT('',#4410);
#1650=VERTEX_POINT('',#4412);
#1651=VERTEX_POINT('',#4414);
#1652=VERTEX_POINT('',#4416);
#1653=VERTEX_POINT('',#4418);
#1654=VERTEX_POINT('',#4420);
#1655=VERTEX_POINT('',#4422);
#1656=VERTEX_POINT('',#4424);
#1657=VERTEX_POINT('',#4426);
#1658=VERTEX_POINT('',#4428);
#1659=VERTEX_POINT('',#4430);
#1660=VERTEX_POINT('',#4432);
#1661=VERTEX_POINT('',#4434);
#1662=VERTEX_POINT('',#4436);
#1663=VERTEX_POINT('',#4438);
#1664=VERTEX_POINT('',#4440);
#1665=VERTEX_POINT('',#4443);
#1666=VERTEX_POINT('',#4447);
#1667=VERTEX_POINT('',#4448);
#1668=VERTEX_POINT('',#4450);
#1669=VERTEX_POINT('',#4452);
#1670=VERTEX_POINT('',#4454);
#1671=VERTEX_POINT('',#4457);
#1672=VERTEX_POINT('',#4459);
#1673=VERTEX_POINT('',#4461);
#1674=VERTEX_POINT('',#4463);
#1675=VERTEX_POINT('',#4465);
#1676=VERTEX_POINT('',#4467);
#1677=VERTEX_POINT('',#4469);
#1678=VERTEX_POINT('',#4471);
#1679=VERTEX_POINT('',#4473);
#1680=VERTEX_POINT('',#4475);
#1681=VERTEX_POINT('',#4477);
#1682=VERTEX_POINT('',#4479);
#1683=VERTEX_POINT('',#4481);
#1684=VERTEX_POINT('',#4483);
#1685=VERTEX_POINT('',#4485);
#1686=VERTEX_POINT('',#4489);
#1687=VERTEX_POINT('',#4493);
#1688=VERTEX_POINT('',#4495);
#1689=VERTEX_POINT('',#4499);
#1690=VERTEX_POINT('',#4501);
#1691=VERTEX_POINT('',#4505);
#1692=VERTEX_POINT('',#4507);
#1693=VERTEX_POINT('',#4511);
#1694=VERTEX_POINT('',#4515);
#1695=VERTEX_POINT('',#4519);
#1696=VERTEX_POINT('',#4523);
#1697=VERTEX_POINT('',#4527);
#1698=VERTEX_POINT('',#4531);
#1699=VERTEX_POINT('',#4535);
#1700=VERTEX_POINT('',#4539);
#1701=VERTEX_POINT('',#4543);
#1702=VERTEX_POINT('',#4547);
#1703=VERTEX_POINT('',#4551);
#1704=VERTEX_POINT('',#4555);
#1705=VERTEX_POINT('',#4559);
#1706=VERTEX_POINT('',#4563);
#1707=VERTEX_POINT('',#4567);
#1708=VERTEX_POINT('',#4571);
#1709=VERTEX_POINT('',#4575);
#1710=VERTEX_POINT('',#4579);
#1711=VERTEX_POINT('',#4583);
#1712=VERTEX_POINT('',#4587);
#1713=VERTEX_POINT('',#4591);
#1714=VERTEX_POINT('',#4595);
#1715=VERTEX_POINT('',#4599);
#1716=VERTEX_POINT('',#4603);
#1717=VERTEX_POINT('',#4607);
#1718=VERTEX_POINT('',#4611);
#1719=VERTEX_POINT('',#4615);
#1720=VERTEX_POINT('',#4619);
#1721=VERTEX_POINT('',#4623);
#1722=VERTEX_POINT('',#4627);
#1723=VERTEX_POINT('',#4631);
#1724=VERTEX_POINT('',#4635);
#1725=VERTEX_POINT('',#4639);
#1726=VERTEX_POINT('',#4643);
#1727=VERTEX_POINT('',#4647);
#1728=VERTEX_POINT('',#4651);
#1729=VERTEX_POINT('',#4655);
#1730=VERTEX_POINT('',#4659);
#1731=VERTEX_POINT('',#4663);
#1732=VERTEX_POINT('',#4667);
#1733=VERTEX_POINT('',#4671);
#1734=VERTEX_POINT('',#4675);
#1735=VERTEX_POINT('',#4679);
#1736=VERTEX_POINT('',#4683);
#1737=VERTEX_POINT('',#4687);
#1738=VERTEX_POINT('',#4691);
#1739=VERTEX_POINT('',#4695);
#1740=VERTEX_POINT('',#4699);
#1741=VERTEX_POINT('',#4703);
#1742=VERTEX_POINT('',#4707);
#1743=VERTEX_POINT('',#4711);
#1744=VERTEX_POINT('',#4715);
#1745=VERTEX_POINT('',#4719);
#1746=VERTEX_POINT('',#4723);
#1747=VERTEX_POINT('',#4727);
#1748=VERTEX_POINT('',#4731);
#1749=VERTEX_POINT('',#4735);
#1750=VERTEX_POINT('',#4739);
#1751=VERTEX_POINT('',#4743);
#1752=VERTEX_POINT('',#4747);
#1753=VERTEX_POINT('',#4751);
#1754=VERTEX_POINT('',#4755);
#1755=VERTEX_POINT('',#4759);
#1756=VERTEX_POINT('',#4763);
#1757=VERTEX_POINT('',#4767);
#1758=VERTEX_POINT('',#4771);
#1759=VERTEX_POINT('',#4775);
#1760=VERTEX_POINT('',#4779);
#1761=VERTEX_POINT('',#4785);
#1762=VERTEX_POINT('',#4788);
#1763=VERTEX_POINT('',#4791);
#1764=VERTEX_POINT('',#4818);
#1765=VERTEX_POINT('',#4820);
#1766=VERTEX_POINT('',#4824);
#1767=VERTEX_POINT('',#4825);
#1768=VERTEX_POINT('',#4827);
#1769=VERTEX_POINT('',#4829);
#1770=VERTEX_POINT('',#4833);
#1771=VERTEX_POINT('',#4834);
#1772=VERTEX_POINT('',#4836);
#1773=VERTEX_POINT('',#4838);
#1774=VERTEX_POINT('',#4842);
#1775=VERTEX_POINT('',#4843);
#1776=VERTEX_POINT('',#4845);
#1777=VERTEX_POINT('',#4847);
#1778=VERTEX_POINT('',#4853);
#1779=VERTEX_POINT('',#4855);
#1780=VERTEX_POINT('',#4863);
#1781=VERTEX_POINT('',#4864);
#1782=VERTEX_POINT('',#4866);
#1783=VERTEX_POINT('',#4868);
#1784=VERTEX_POINT('',#4872);
#1785=VERTEX_POINT('',#4873);
#1786=VERTEX_POINT('',#4875);
#1787=VERTEX_POINT('',#4877);
#1788=VERTEX_POINT('',#4881);
#1789=VERTEX_POINT('',#4882);
#1790=VERTEX_POINT('',#4884);
#1791=VERTEX_POINT('',#4886);
#1792=VERTEX_POINT('',#4890);
#1793=VERTEX_POINT('',#4891);
#1794=VERTEX_POINT('',#4896);
#1795=VERTEX_POINT('',#4897);
#1796=VERTEX_POINT('',#4902);
#1797=VERTEX_POINT('',#4904);
#1798=VERTEX_POINT('',#4909);
#1799=VERTEX_POINT('',#4911);
#1800=VERTEX_POINT('',#4916);
#1801=VERTEX_POINT('',#4918);
#1802=VERTEX_POINT('',#4920);
#1803=VERTEX_POINT('',#4924);
#1804=VERTEX_POINT('',#4926);
#1805=VERTEX_POINT('',#4937);
#1806=VERTEX_POINT('',#4939);
#1807=VERTEX_POINT('',#4943);
#1808=VERTEX_POINT('',#4945);
#1809=VERTEX_POINT('',#4947);
#1810=LINE('',#4146,#2094);
#1811=LINE('',#4151,#2095);
#1812=LINE('',#4155,#2096);
#1813=LINE('',#4159,#2097);
#1814=LINE('',#4163,#2098);
#1815=LINE('',#4165,#2099);
#1816=LINE('',#4167,#2100);
#1817=LINE('',#4169,#2101);
#1818=LINE('',#4171,#2102);
#1819=LINE('',#4173,#2103);
#1820=LINE('',#4175,#2104);
#1821=LINE('',#4177,#2105);
#1822=LINE('',#4179,#2106);
#1823=LINE('',#4181,#2107);
#1824=LINE('',#4183,#2108);
#1825=LINE('',#4187,#2109);
#1826=LINE('',#4191,#2110);
#1827=LINE('',#4193,#2111);
#1828=LINE('',#4195,#2112);
#1829=LINE('',#4197,#2113);
#1830=LINE('',#4199,#2114);
#1831=LINE('',#4201,#2115);
#1832=LINE('',#4207,#2116);
#1833=LINE('',#4210,#2117);
#1834=LINE('',#4212,#2118);
#1835=LINE('',#4214,#2119);
#1836=LINE('',#4216,#2120);
#1837=LINE('',#4219,#2121);
#1838=LINE('',#4221,#2122);
#1839=LINE('',#4223,#2123);
#1840=LINE('',#4227,#2124);
#1841=LINE('',#4231,#2125);
#1842=LINE('',#4240,#2126);
#1843=LINE('',#4244,#2127);
#1844=LINE('',#4246,#2128);
#1845=LINE('',#4247,#2129);
#1846=LINE('',#4249,#2130);
#1847=LINE('',#4251,#2131);
#1848=LINE('',#4253,#2132);
#1849=LINE('',#4254,#2133);
#1850=LINE('',#4267,#2134);
#1851=LINE('',#4268,#2135);
#1852=LINE('',#4270,#2136);
#1853=LINE('',#4272,#2137);
#1854=LINE('',#4274,#2138);
#1855=LINE('',#4275,#2139);
#1856=LINE('',#4277,#2140);
#1857=LINE('',#4281,#2141);
#1858=LINE('',#4285,#2142);
#1859=LINE('',#4287,#2143);
#1860=LINE('',#4291,#2144);
#1861=LINE('',#4297,#2145);
#1862=LINE('',#4305,#2146);
#1863=LINE('',#4307,#2147);
#1864=LINE('',#4309,#2148);
#1865=LINE('',#4313,#2149);
#1866=LINE('',#4315,#2150);
#1867=LINE('',#4317,#2151);
#1868=LINE('',#4321,#2152);
#1869=LINE('',#4323,#2153);
#1870=LINE('',#4327,#2154);
#1871=LINE('',#4329,#2155);
#1872=LINE('',#4333,#2156);
#1873=LINE('',#4335,#2157);
#1874=LINE('',#4339,#2158);
#1875=LINE('',#4341,#2159);
#1876=LINE('',#4345,#2160);
#1877=LINE('',#4347,#2161);
#1878=LINE('',#4351,#2162);
#1879=LINE('',#4353,#2163);
#1880=LINE('',#4357,#2164);
#1881=LINE('',#4359,#2165);
#1882=LINE('',#4363,#2166);
#1883=LINE('',#4365,#2167);
#1884=LINE('',#4369,#2168);
#1885=LINE('',#4371,#2169);
#1886=LINE('',#4375,#2170);
#1887=LINE('',#4377,#2171);
#1888=LINE('',#4379,#2172);
#1889=LINE('',#4383,#2173);
#1890=LINE('',#4385,#2174);
#1891=LINE('',#4387,#2175);
#1892=LINE('',#4391,#2176);
#1893=LINE('',#4393,#2177);
#1894=LINE('',#4397,#2178);
#1895=LINE('',#4399,#2179);
#1896=LINE('',#4403,#2180);
#1897=LINE('',#4405,#2181);
#1898=LINE('',#4409,#2182);
#1899=LINE('',#4411,#2183);
#1900=LINE('',#4415,#2184);
#1901=LINE('',#4417,#2185);
#1902=LINE('',#4421,#2186);
#1903=LINE('',#4423,#2187);
#1904=LINE('',#4427,#2188);
#1905=LINE('',#4429,#2189);
#1906=LINE('',#4433,#2190);
#1907=LINE('',#4435,#2191);
#1908=LINE('',#4439,#2192);
#1909=LINE('',#4441,#2193);
#1910=LINE('',#4442,#2194);
#1911=LINE('',#4444,#2195);
#1912=LINE('',#4446,#2196);
#1913=LINE('',#4449,#2197);
#1914=LINE('',#4451,#2198);
#1915=LINE('',#4453,#2199);
#1916=LINE('',#4455,#2200);
#1917=LINE('',#4456,#2201);
#1918=LINE('',#4458,#2202);
#1919=LINE('',#4460,#2203);
#1920=LINE('',#4462,#2204);
#1921=LINE('',#4464,#2205);
#1922=LINE('',#4466,#2206);
#1923=LINE('',#4468,#2207);
#1924=LINE('',#4472,#2208);
#1925=LINE('',#4476,#2209);
#1926=LINE('',#4478,#2210);
#1927=LINE('',#4480,#2211);
#1928=LINE('',#4484,#2212);
#1929=LINE('',#4488,#2213);
#1930=LINE('',#4490,#2214);
#1931=LINE('',#4492,#2215);
#1932=LINE('',#4494,#2216);
#1933=LINE('',#4496,#2217);
#1934=LINE('',#4498,#2218);
#1935=LINE('',#4500,#2219);
#1936=LINE('',#4502,#2220);
#1937=LINE('',#4504,#2221);
#1938=LINE('',#4506,#2222);
#1939=LINE('',#4508,#2223);
#1940=LINE('',#4510,#2224);
#1941=LINE('',#4512,#2225);
#1942=LINE('',#4514,#2226);
#1943=LINE('',#4516,#2227);
#1944=LINE('',#4518,#2228);
#1945=LINE('',#4522,#2229);
#1946=LINE('',#4524,#2230);
#1947=LINE('',#4526,#2231);
#1948=LINE('',#4528,#2232);
#1949=LINE('',#4530,#2233);
#1950=LINE('',#4534,#2234);
#1951=LINE('',#4536,#2235);
#1952=LINE('',#4538,#2236);
#1953=LINE('',#4540,#2237);
#1954=LINE('',#4542,#2238);
#1955=LINE('',#4546,#2239);
#1956=LINE('',#4548,#2240);
#1957=LINE('',#4550,#2241);
#1958=LINE('',#4552,#2242);
#1959=LINE('',#4554,#2243);
#1960=LINE('',#4558,#2244);
#1961=LINE('',#4560,#2245);
#1962=LINE('',#4562,#2246);
#1963=LINE('',#4564,#2247);
#1964=LINE('',#4566,#2248);
#1965=LINE('',#4570,#2249);
#1966=LINE('',#4572,#2250);
#1967=LINE('',#4574,#2251);
#1968=LINE('',#4576,#2252);
#1969=LINE('',#4578,#2253);
#1970=LINE('',#4582,#2254);
#1971=LINE('',#4584,#2255);
#1972=LINE('',#4586,#2256);
#1973=LINE('',#4588,#2257);
#1974=LINE('',#4590,#2258);
#1975=LINE('',#4594,#2259);
#1976=LINE('',#4596,#2260);
#1977=LINE('',#4598,#2261);
#1978=LINE('',#4600,#2262);
#1979=LINE('',#4602,#2263);
#1980=LINE('',#4606,#2264);
#1981=LINE('',#4608,#2265);
#1982=LINE('',#4610,#2266);
#1983=LINE('',#4612,#2267);
#1984=LINE('',#4614,#2268);
#1985=LINE('',#4618,#2269);
#1986=LINE('',#4620,#2270);
#1987=LINE('',#4622,#2271);
#1988=LINE('',#4624,#2272);
#1989=LINE('',#4626,#2273);
#1990=LINE('',#4630,#2274);
#1991=LINE('',#4632,#2275);
#1992=LINE('',#4634,#2276);
#1993=LINE('',#4636,#2277);
#1994=LINE('',#4638,#2278);
#1995=LINE('',#4640,#2279);
#1996=LINE('',#4642,#2280);
#1997=LINE('',#4646,#2281);
#1998=LINE('',#4648,#2282);
#1999=LINE('',#4650,#2283);
#2000=LINE('',#4652,#2284);
#2001=LINE('',#4654,#2285);
#2002=LINE('',#4656,#2286);
#2003=LINE('',#4658,#2287);
#2004=LINE('',#4662,#2288);
#2005=LINE('',#4664,#2289);
#2006=LINE('',#4666,#2290);
#2007=LINE('',#4668,#2291);
#2008=LINE('',#4670,#2292);
#2009=LINE('',#4674,#2293);
#2010=LINE('',#4676,#2294);
#2011=LINE('',#4678,#2295);
#2012=LINE('',#4680,#2296);
#2013=LINE('',#4682,#2297);
#2014=LINE('',#4686,#2298);
#2015=LINE('',#4688,#2299);
#2016=LINE('',#4690,#2300);
#2017=LINE('',#4692,#2301);
#2018=LINE('',#4694,#2302);
#2019=LINE('',#4698,#2303);
#2020=LINE('',#4700,#2304);
#2021=LINE('',#4702,#2305);
#2022=LINE('',#4704,#2306);
#2023=LINE('',#4706,#2307);
#2024=LINE('',#4710,#2308);
#2025=LINE('',#4712,#2309);
#2026=LINE('',#4714,#2310);
#2027=LINE('',#4716,#2311);
#2028=LINE('',#4718,#2312);
#2029=LINE('',#4722,#2313);
#2030=LINE('',#4724,#2314);
#2031=LINE('',#4726,#2315);
#2032=LINE('',#4728,#2316);
#2033=LINE('',#4730,#2317);
#2034=LINE('',#4734,#2318);
#2035=LINE('',#4736,#2319);
#2036=LINE('',#4738,#2320);
#2037=LINE('',#4740,#2321);
#2038=LINE('',#4742,#2322);
#2039=LINE('',#4746,#2323);
#2040=LINE('',#4748,#2324);
#2041=LINE('',#4750,#2325);
#2042=LINE('',#4752,#2326);
#2043=LINE('',#4754,#2327);
#2044=LINE('',#4758,#2328);
#2045=LINE('',#4760,#2329);
#2046=LINE('',#4762,#2330);
#2047=LINE('',#4764,#2331);
#2048=LINE('',#4766,#2332);
#2049=LINE('',#4770,#2333);
#2050=LINE('',#4772,#2334);
#2051=LINE('',#4774,#2335);
#2052=LINE('',#4776,#2336);
#2053=LINE('',#4778,#2337);
#2054=LINE('',#4780,#2338);
#2055=LINE('',#4802,#2339);
#2056=LINE('',#4805,#2340);
#2057=LINE('',#4807,#2341);
#2058=LINE('',#4809,#2342);
#2059=LINE('',#4812,#2343);
#2060=LINE('',#4814,#2344);
#2061=LINE('',#4823,#2345);
#2062=LINE('',#4826,#2346);
#2063=LINE('',#4828,#2347);
#2064=LINE('',#4830,#2348);
#2065=LINE('',#4832,#2349);
#2066=LINE('',#4835,#2350);
#2067=LINE('',#4837,#2351);
#2068=LINE('',#4839,#2352);
#2069=LINE('',#4844,#2353);
#2070=LINE('',#4854,#2354);
#2071=LINE('',#4865,#2355);
#2072=LINE('',#4869,#2356);
#2073=LINE('',#4871,#2357);
#2074=LINE('',#4874,#2358);
#2075=LINE('',#4876,#2359);
#2076=LINE('',#4878,#2360);
#2077=LINE('',#4880,#2361);
#2078=LINE('',#4883,#2362);
#2079=LINE('',#4885,#2363);
#2080=LINE('',#4887,#2364);
#2081=LINE('',#4889,#2365);
#2082=LINE('',#4903,#2366);
#2083=LINE('',#4912,#2367);
#2084=LINE('',#4914,#2368);
#2085=LINE('',#4915,#2369);
#2086=LINE('',#4919,#2370);
#2087=LINE('',#4925,#2371);
#2088=LINE('',#4932,#2372);
#2089=LINE('',#4938,#2373);
#2090=LINE('',#4944,#2374);
#2091=LINE('',#4948,#2375);
#2092=LINE('',#4950,#2376);
#2093=LINE('',#4951,#2377);
#2094=VECTOR('',#3274,1.);
#2095=VECTOR('',#3277,1.);
#2096=VECTOR('',#3280,1.);
#2097=VECTOR('',#3283,1.);
#2098=VECTOR('',#3286,1.);
#2099=VECTOR('',#3287,1.);
#2100=VECTOR('',#3288,1.);
#2101=VECTOR('',#3289,1.);
#2102=VECTOR('',#3290,1.);
#2103=VECTOR('',#3291,1.);
#2104=VECTOR('',#3292,1.);
#2105=VECTOR('',#3293,1.);
#2106=VECTOR('',#3294,1.);
#2107=VECTOR('',#3295,1.);
#2108=VECTOR('',#3296,1.);
#2109=VECTOR('',#3299,1.);
#2110=VECTOR('',#3304,1.);
#2111=VECTOR('',#3305,1.);
#2112=VECTOR('',#3306,1.);
#2113=VECTOR('',#3309,1.);
#2114=VECTOR('',#3310,1.);
#2115=VECTOR('',#3311,1.);
#2116=VECTOR('',#3318,1.);
#2117=VECTOR('',#3319,1.);
#2118=VECTOR('',#3320,1.);
#2119=VECTOR('',#3321,1.);
#2120=VECTOR('',#3324,1.);
#2121=VECTOR('',#3325,1.);
#2122=VECTOR('',#3326,1.);
#2123=VECTOR('',#3327,1.);
#2124=VECTOR('',#3332,1.);
#2125=VECTOR('',#3337,1.);
#2126=VECTOR('',#3346,1.);
#2127=VECTOR('',#3349,1.);
#2128=VECTOR('',#3350,1.);
#2129=VECTOR('',#3351,1.);
#2130=VECTOR('',#3352,1.);
#2131=VECTOR('',#3353,1.);
#2132=VECTOR('',#3354,1.);
#2133=VECTOR('',#3355,1.);
#2134=VECTOR('',#3368,1.);
#2135=VECTOR('',#3369,1.);
#2136=VECTOR('',#3370,1.);
#2137=VECTOR('',#3371,1.);
#2138=VECTOR('',#3372,1.);
#2139=VECTOR('',#3373,1.);
#2140=VECTOR('',#3374,1.);
#2141=VECTOR('',#3377,1.);
#2142=VECTOR('',#3382,1.);
#2143=VECTOR('',#3385,1.);
#2144=VECTOR('',#3390,1.);
#2145=VECTOR('',#3395,1.);
#2146=VECTOR('',#3404,1.);
#2147=VECTOR('',#3405,1.);
#2148=VECTOR('',#3406,1.);
#2149=VECTOR('',#3409,1.);
#2150=VECTOR('',#3410,1.);
#2151=VECTOR('',#3411,1.);
#2152=VECTOR('',#3414,1.);
#2153=VECTOR('',#3415,1.);
#2154=VECTOR('',#3418,1.);
#2155=VECTOR('',#3419,1.);
#2156=VECTOR('',#3422,1.);
#2157=VECTOR('',#3423,1.);
#2158=VECTOR('',#3426,1.);
#2159=VECTOR('',#3427,1.);
#2160=VECTOR('',#3430,1.);
#2161=VECTOR('',#3431,1.);
#2162=VECTOR('',#3434,1.);
#2163=VECTOR('',#3435,1.);
#2164=VECTOR('',#3438,1.);
#2165=VECTOR('',#3439,1.);
#2166=VECTOR('',#3442,1.);
#2167=VECTOR('',#3443,1.);
#2168=VECTOR('',#3446,1.);
#2169=VECTOR('',#3447,1.);
#2170=VECTOR('',#3450,1.);
#2171=VECTOR('',#3451,1.);
#2172=VECTOR('',#3452,1.);
#2173=VECTOR('',#3455,1.);
#2174=VECTOR('',#3456,1.);
#2175=VECTOR('',#3457,1.);
#2176=VECTOR('',#3460,1.);
#2177=VECTOR('',#3461,1.);
#2178=VECTOR('',#3464,1.);
#2179=VECTOR('',#3465,1.);
#2180=VECTOR('',#3468,1.);
#2181=VECTOR('',#3469,1.);
#2182=VECTOR('',#3472,1.);
#2183=VECTOR('',#3473,1.);
#2184=VECTOR('',#3476,1.);
#2185=VECTOR('',#3477,1.);
#2186=VECTOR('',#3480,1.);
#2187=VECTOR('',#3481,1.);
#2188=VECTOR('',#3484,1.);
#2189=VECTOR('',#3485,1.);
#2190=VECTOR('',#3488,1.);
#2191=VECTOR('',#3489,1.);
#2192=VECTOR('',#3492,1.);
#2193=VECTOR('',#3493,1.);
#2194=VECTOR('',#3494,1.);
#2195=VECTOR('',#3495,1.);
#2196=VECTOR('',#3498,1.);
#2197=VECTOR('',#3499,1.);
#2198=VECTOR('',#3500,1.);
#2199=VECTOR('',#3501,1.);
#2200=VECTOR('',#3502,1.);
#2201=VECTOR('',#3503,1.);
#2202=VECTOR('',#3504,1.);
#2203=VECTOR('',#3505,1.);
#2204=VECTOR('',#3506,1.);
#2205=VECTOR('',#3507,1.);
#2206=VECTOR('',#3508,1.);
#2207=VECTOR('',#3509,1.);
#2208=VECTOR('',#3512,1.);
#2209=VECTOR('',#3515,1.);
#2210=VECTOR('',#3516,1.);
#2211=VECTOR('',#3517,1.);
#2212=VECTOR('',#3520,1.);
#2213=VECTOR('',#3525,1.);
#2214=VECTOR('',#3526,1.);
#2215=VECTOR('',#3529,1.);
#2216=VECTOR('',#3530,1.);
#2217=VECTOR('',#3531,1.);
#2218=VECTOR('',#3534,1.);
#2219=VECTOR('',#3535,1.);
#2220=VECTOR('',#3536,1.);
#2221=VECTOR('',#3539,1.);
#2222=VECTOR('',#3540,1.);
#2223=VECTOR('',#3541,1.);
#2224=VECTOR('',#3544,1.);
#2225=VECTOR('',#3545,1.);
#2226=VECTOR('',#3548,1.);
#2227=VECTOR('',#3549,1.);
#2228=VECTOR('',#3552,1.);
#2229=VECTOR('',#3557,1.);
#2230=VECTOR('',#3558,1.);
#2231=VECTOR('',#3561,1.);
#2232=VECTOR('',#3562,1.);
#2233=VECTOR('',#3565,1.);
#2234=VECTOR('',#3570,1.);
#2235=VECTOR('',#3571,1.);
#2236=VECTOR('',#3574,1.);
#2237=VECTOR('',#3575,1.);
#2238=VECTOR('',#3578,1.);
#2239=VECTOR('',#3583,1.);
#2240=VECTOR('',#3584,1.);
#2241=VECTOR('',#3587,1.);
#2242=VECTOR('',#3588,1.);
#2243=VECTOR('',#3591,1.);
#2244=VECTOR('',#3596,1.);
#2245=VECTOR('',#3597,1.);
#2246=VECTOR('',#3600,1.);
#2247=VECTOR('',#3601,1.);
#2248=VECTOR('',#3604,1.);
#2249=VECTOR('',#3609,1.);
#2250=VECTOR('',#3610,1.);
#2251=VECTOR('',#3613,1.);
#2252=VECTOR('',#3614,1.);
#2253=VECTOR('',#3617,1.);
#2254=VECTOR('',#3622,1.);
#2255=VECTOR('',#3623,1.);
#2256=VECTOR('',#3626,1.);
#2257=VECTOR('',#3627,1.);
#2258=VECTOR('',#3630,1.);
#2259=VECTOR('',#3635,1.);
#2260=VECTOR('',#3636,1.);
#2261=VECTOR('',#3639,1.);
#2262=VECTOR('',#3640,1.);
#2263=VECTOR('',#3643,1.);
#2264=VECTOR('',#3648,1.);
#2265=VECTOR('',#3649,1.);
#2266=VECTOR('',#3652,1.);
#2267=VECTOR('',#3653,1.);
#2268=VECTOR('',#3656,1.);
#2269=VECTOR('',#3661,1.);
#2270=VECTOR('',#3662,1.);
#2271=VECTOR('',#3665,1.);
#2272=VECTOR('',#3666,1.);
#2273=VECTOR('',#3669,1.);
#2274=VECTOR('',#3674,1.);
#2275=VECTOR('',#3675,1.);
#2276=VECTOR('',#3678,1.);
#2277=VECTOR('',#3679,1.);
#2278=VECTOR('',#3682,1.);
#2279=VECTOR('',#3683,1.);
#2280=VECTOR('',#3686,1.);
#2281=VECTOR('',#3691,1.);
#2282=VECTOR('',#3692,1.);
#2283=VECTOR('',#3695,1.);
#2284=VECTOR('',#3696,1.);
#2285=VECTOR('',#3699,1.);
#2286=VECTOR('',#3700,1.);
#2287=VECTOR('',#3703,1.);
#2288=VECTOR('',#3708,1.);
#2289=VECTOR('',#3709,1.);
#2290=VECTOR('',#3712,1.);
#2291=VECTOR('',#3713,1.);
#2292=VECTOR('',#3716,1.);
#2293=VECTOR('',#3721,1.);
#2294=VECTOR('',#3722,1.);
#2295=VECTOR('',#3725,1.);
#2296=VECTOR('',#3726,1.);
#2297=VECTOR('',#3729,1.);
#2298=VECTOR('',#3734,1.);
#2299=VECTOR('',#3735,1.);
#2300=VECTOR('',#3738,1.);
#2301=VECTOR('',#3739,1.);
#2302=VECTOR('',#3742,1.);
#2303=VECTOR('',#3747,1.);
#2304=VECTOR('',#3748,1.);
#2305=VECTOR('',#3751,1.);
#2306=VECTOR('',#3752,1.);
#2307=VECTOR('',#3755,1.);
#2308=VECTOR('',#3760,1.);
#2309=VECTOR('',#3761,1.);
#2310=VECTOR('',#3764,1.);
#2311=VECTOR('',#3765,1.);
#2312=VECTOR('',#3768,1.);
#2313=VECTOR('',#3773,1.);
#2314=VECTOR('',#3774,1.);
#2315=VECTOR('',#3777,1.);
#2316=VECTOR('',#3778,1.);
#2317=VECTOR('',#3781,1.);
#2318=VECTOR('',#3786,1.);
#2319=VECTOR('',#3787,1.);
#2320=VECTOR('',#3790,1.);
#2321=VECTOR('',#3791,1.);
#2322=VECTOR('',#3794,1.);
#2323=VECTOR('',#3799,1.);
#2324=VECTOR('',#3800,1.);
#2325=VECTOR('',#3803,1.);
#2326=VECTOR('',#3804,1.);
#2327=VECTOR('',#3807,1.);
#2328=VECTOR('',#3812,1.);
#2329=VECTOR('',#3813,1.);
#2330=VECTOR('',#3816,1.);
#2331=VECTOR('',#3817,1.);
#2332=VECTOR('',#3820,1.);
#2333=VECTOR('',#3825,1.);
#2334=VECTOR('',#3826,1.);
#2335=VECTOR('',#3829,1.);
#2336=VECTOR('',#3830,1.);
#2337=VECTOR('',#3833,1.);
#2338=VECTOR('',#3834,1.);
#2339=VECTOR('',#3871,1.);
#2340=VECTOR('',#3876,1.);
#2341=VECTOR('',#3879,1.);
#2342=VECTOR('',#3882,1.);
#2343=VECTOR('',#3887,1.);
#2344=VECTOR('',#3890,1.);
#2345=VECTOR('',#3903,1.);
#2346=VECTOR('',#3904,1.);
#2347=VECTOR('',#3905,1.);
#2348=VECTOR('',#3906,1.);
#2349=VECTOR('',#3909,1.);
#2350=VECTOR('',#3910,1.);
#2351=VECTOR('',#3911,1.);
#2352=VECTOR('',#3912,1.);
#2353=VECTOR('',#3917,1.);
#2354=VECTOR('',#3920,1.);
#2355=VECTOR('',#3925,1.);
#2356=VECTOR('',#3928,1.);
#2357=VECTOR('',#3931,1.);
#2358=VECTOR('',#3932,1.);
#2359=VECTOR('',#3933,1.);
#2360=VECTOR('',#3934,1.);
#2361=VECTOR('',#3937,1.);
#2362=VECTOR('',#3938,1.);
#2363=VECTOR('',#3939,1.);
#2364=VECTOR('',#3940,1.);
#2365=VECTOR('',#3943,1.);
#2366=VECTOR('',#3952,1.);
#2367=VECTOR('',#3955,1.);
#2368=VECTOR('',#3958,1.);
#2369=VECTOR('',#3959,1.);
#2370=VECTOR('',#3962,1.);
#2371=VECTOR('',#3969,1.);
#2372=VECTOR('',#3980,1.);
#2373=VECTOR('',#3989,1.);
#2374=VECTOR('',#3996,1.);
#2375=VECTOR('',#3999,1.);
#2376=VECTOR('',#4002,1.);
#2377=VECTOR('',#4003,1.);
#2378=EDGE_LOOP('',(#239,#240,#241,#242,#243,#244,#245,#246,#247,#248,#249,
#250,#251,#252,#253,#254,#255,#256,#257,#258,#259,#260));
#2379=EDGE_LOOP('',(#261,#262,#263,#264));
#2380=EDGE_LOOP('',(#265,#266,#267,#268));
#2381=EDGE_LOOP('',(#269));
#2382=EDGE_LOOP('',(#270));
#2383=EDGE_LOOP('',(#271,#272,#273,#274));
#2384=EDGE_LOOP('',(#275,#276,#277,#278));
#2385=EDGE_LOOP('',(#279,#280,#281,#282));
#2386=EDGE_LOOP('',(#283,#284,#285,#286));
#2387=EDGE_LOOP('',(#287,#288,#289,#290,#291,#292,#293,#294,#295,#296,#297,
#298));
#2388=EDGE_LOOP('',(#299));
#2389=EDGE_LOOP('',(#300));
#2390=EDGE_LOOP('',(#301));
#2391=EDGE_LOOP('',(#302));
#2392=EDGE_LOOP('',(#303,#304,#305,#306,#307,#308,#309,#310,#311,#312,#313,
#314));
#2393=EDGE_LOOP('',(#315,#316,#317,#318));
#2394=EDGE_LOOP('',(#319,#320,#321,#322));
#2395=EDGE_LOOP('',(#323,#324,#325,#326,#327,#328,#329,#330,#331,#332,#333,
#334));
#2396=EDGE_LOOP('',(#335,#336,#337,#338,#339,#340,#341,#342,#343,#344,#345,
#346,#347,#348,#349,#350,#351,#352,#353,#354,#355,#356,#357,#358,#359,#360,
#361,#362,#363,#364,#365,#366,#367,#368,#369,#370,#371,#372,#373,#374,#375,
#376,#377,#378,#379,#380,#381,#382,#383,#384,#385,#386,#387,#388,#389,#390,
#391,#392,#393,#394,#395,#396,#397,#398,#399,#400,#401,#402,#403,#404));
#2397=EDGE_LOOP('',(#405,#406,#407,#408));
#2398=EDGE_LOOP('',(#409,#410,#411,#412,#413,#414,#415,#416,#417,#418,#419,
#420,#421,#422,#423,#424,#425,#426,#427,#428,#429,#430));
#2399=EDGE_LOOP('',(#431,#432,#433,#434));
#2400=EDGE_LOOP('',(#435,#436,#437,#438));
#2401=EDGE_LOOP('',(#439,#440,#441,#442));
#2402=EDGE_LOOP('',(#443,#444,#445,#446));
#2403=EDGE_LOOP('',(#447,#448,#449,#450));
#2404=EDGE_LOOP('',(#451,#452,#453,#454));
#2405=EDGE_LOOP('',(#455,#456,#457,#458));
#2406=EDGE_LOOP('',(#459,#460,#461,#462));
#2407=EDGE_LOOP('',(#463,#464,#465,#466));
#2408=EDGE_LOOP('',(#467,#468,#469,#470));
#2409=EDGE_LOOP('',(#471,#472,#473,#474));
#2410=EDGE_LOOP('',(#475,#476,#477,#478));
#2411=EDGE_LOOP('',(#479,#480,#481,#482));
#2412=EDGE_LOOP('',(#483,#484,#485,#486));
#2413=EDGE_LOOP('',(#487,#488,#489,#490));
#2414=EDGE_LOOP('',(#491,#492,#493,#494));
#2415=EDGE_LOOP('',(#495,#496,#497,#498));
#2416=EDGE_LOOP('',(#499,#500,#501,#502));
#2417=EDGE_LOOP('',(#503,#504,#505,#506));
#2418=EDGE_LOOP('',(#507,#508,#509,#510));
#2419=EDGE_LOOP('',(#511,#512,#513,#514));
#2420=EDGE_LOOP('',(#515,#516,#517,#518));
#2421=EDGE_LOOP('',(#519,#520,#521,#522));
#2422=EDGE_LOOP('',(#523,#524,#525,#526));
#2423=EDGE_LOOP('',(#527,#528,#529,#530));
#2424=EDGE_LOOP('',(#531,#532,#533,#534));
#2425=EDGE_LOOP('',(#535,#536,#537,#538));
#2426=EDGE_LOOP('',(#539,#540,#541,#542));
#2427=EDGE_LOOP('',(#543,#544,#545,#546));
#2428=EDGE_LOOP('',(#547,#548,#549,#550));
#2429=EDGE_LOOP('',(#551,#552,#553,#554));
#2430=EDGE_LOOP('',(#555,#556,#557,#558));
#2431=EDGE_LOOP('',(#559,#560,#561,#562));
#2432=EDGE_LOOP('',(#563,#564,#565,#566));
#2433=EDGE_LOOP('',(#567,#568,#569,#570));
#2434=EDGE_LOOP('',(#571,#572,#573,#574));
#2435=EDGE_LOOP('',(#575,#576,#577,#578));
#2436=EDGE_LOOP('',(#579,#580,#581,#582));
#2437=EDGE_LOOP('',(#583,#584,#585,#586));
#2438=EDGE_LOOP('',(#587,#588,#589,#590));
#2439=EDGE_LOOP('',(#591,#592,#593,#594));
#2440=EDGE_LOOP('',(#595,#596,#597,#598));
#2441=EDGE_LOOP('',(#599,#600,#601,#602));
#2442=EDGE_LOOP('',(#603,#604,#605,#606));
#2443=EDGE_LOOP('',(#607,#608,#609,#610));
#2444=EDGE_LOOP('',(#611,#612,#613,#614));
#2445=EDGE_LOOP('',(#615,#616,#617,#618));
#2446=EDGE_LOOP('',(#619,#620,#621,#622));
#2447=EDGE_LOOP('',(#623,#624,#625,#626));
#2448=EDGE_LOOP('',(#627,#628,#629,#630));
#2449=EDGE_LOOP('',(#631,#632,#633,#634));
#2450=EDGE_LOOP('',(#635,#636,#637,#638));
#2451=EDGE_LOOP('',(#639,#640,#641,#642));
#2452=EDGE_LOOP('',(#643,#644,#645,#646));
#2453=EDGE_LOOP('',(#647,#648,#649,#650));
#2454=EDGE_LOOP('',(#651,#652,#653,#654));
#2455=EDGE_LOOP('',(#655,#656,#657,#658));
#2456=EDGE_LOOP('',(#659,#660,#661,#662));
#2457=EDGE_LOOP('',(#663,#664,#665,#666));
#2458=EDGE_LOOP('',(#667,#668,#669,#670));
#2459=EDGE_LOOP('',(#671,#672,#673,#674));
#2460=EDGE_LOOP('',(#675,#676,#677,#678));
#2461=EDGE_LOOP('',(#679,#680,#681,#682));
#2462=EDGE_LOOP('',(#683,#684,#685,#686));
#2463=EDGE_LOOP('',(#687,#688,#689,#690));
#2464=EDGE_LOOP('',(#691,#692,#693,#694));
#2465=EDGE_LOOP('',(#695,#696,#697,#698));
#2466=EDGE_LOOP('',(#699,#700,#701,#702));
#2467=EDGE_LOOP('',(#703,#704,#705,#706));
#2468=EDGE_LOOP('',(#707,#708,#709,#710));
#2469=EDGE_LOOP('',(#711,#712,#713,#714));
#2470=EDGE_LOOP('',(#715,#716,#717,#718));
#2471=EDGE_LOOP('',(#719,#720,#721,#722));
#2472=EDGE_LOOP('',(#723));
#2473=EDGE_LOOP('',(#724,#725,#726,#727,#728,#729,#730,#731,#732,#733,#734,
#735,#736,#737,#738,#739,#740,#741,#742,#743,#744,#745,#746,#747,#748,#749,
#750,#751,#752,#753,#754,#755,#756,#757,#758,#759,#760,#761,#762,#763,#764,
#765,#766,#767,#768,#769,#770,#771,#772,#773,#774,#775,#776,#777,#778,#779,
#780,#781,#782,#783,#784,#785,#786,#787,#788,#789,#790,#791,#792,#793));
#2474=EDGE_LOOP('',(#794));
#2475=EDGE_LOOP('',(#795));
#2476=EDGE_LOOP('',(#796));
#2477=EDGE_LOOP('',(#797));
#2478=EDGE_LOOP('',(#798));
#2479=EDGE_LOOP('',(#799));
#2480=EDGE_LOOP('',(#800,#801,#802,#803));
#2481=EDGE_LOOP('',(#804,#805,#806,#807));
#2482=EDGE_LOOP('',(#808,#809,#810,#811));
#2483=EDGE_LOOP('',(#812,#813,#814,#815));
#2484=EDGE_LOOP('',(#816,#817,#818,#819));
#2485=EDGE_LOOP('',(#820,#821,#822,#823,#824));
#2486=EDGE_LOOP('',(#825,#826,#827,#828));
#2487=EDGE_LOOP('',(#829,#830,#831,#832));
#2488=EDGE_LOOP('',(#833,#834,#835,#836,#837));
#2489=EDGE_LOOP('',(#838,#839,#840,#841));
#2490=EDGE_LOOP('',(#842,#843,#844,#845));
#2491=EDGE_LOOP('',(#846,#847,#848,#849));
#2492=EDGE_LOOP('',(#850));
#2493=EDGE_LOOP('',(#851));
#2494=EDGE_LOOP('',(#852));
#2495=EDGE_LOOP('',(#853,#854,#855,#856));
#2496=EDGE_LOOP('',(#857,#858,#859,#860));
#2497=EDGE_LOOP('',(#861,#862,#863,#864,#865,#866));
#2498=EDGE_LOOP('',(#867,#868,#869,#870));
#2499=EDGE_LOOP('',(#871,#872,#873,#874));
#2500=EDGE_LOOP('',(#875,#876,#877,#878));
#2501=EDGE_LOOP('',(#879,#880,#881,#882));
#2502=EDGE_LOOP('',(#883,#884,#885,#886,#887,#888));
#2503=EDGE_LOOP('',(#889,#890,#891,#892,#893,#894,#895,#896,#897,#898,#899,
#900,#901,#902,#903,#904,#905,#906,#907));
#2504=EDGE_LOOP('',(#908,#909,#910,#911,#912,#913,#914,#915,#916,#917,#918,
#919,#920,#921,#922,#923,#924,#925,#926));
#2505=EDGE_LOOP('',(#927,#928,#929,#930));
#2506=EDGE_LOOP('',(#931,#932,#933,#934));
#2507=EDGE_LOOP('',(#935,#936,#937,#938));
#2508=EDGE_LOOP('',(#939,#940,#941,#942));
#2509=EDGE_LOOP('',(#943,#944,#945));
#2510=EDGE_LOOP('',(#946,#947,#948,#949));
#2511=EDGE_LOOP('',(#950,#951,#952,#953));
#2512=EDGE_LOOP('',(#954,#955,#956,#957));
#2513=EDGE_LOOP('',(#958,#959,#960,#961));
#2514=EDGE_LOOP('',(#962,#963,#964,#965));
#2515=EDGE_LOOP('',(#966,#967,#968));
#2516=EDGE_LOOP('',(#969,#970,#971,#972));
#2517=EDGE_LOOP('',(#973,#974,#975,#976));
#2518=EDGE_LOOP('',(#977,#978,#979,#980,#981));
#2519=EDGE_LOOP('',(#982,#983,#984,#985));
#2520=EDGE_LOOP('',(#986,#987,#988,#989,#990));
#2521=EDGE_LOOP('',(#991,#992,#993,#994));
#2522=EDGE_LOOP('',(#995,#996,#997,#998));
#2523=EDGE_LOOP('',(#999,#1000,#1001,#1002,#1003,#1004,#1005,#1006));
#2524=EDGE_LOOP('',(#1007,#1008,#1009,#1010));
#2525=EDGE_LOOP('',(#1011,#1012,#1013,#1014));
#2526=EDGE_LOOP('',(#1015,#1016,#1017));
#2527=EDGE_LOOP('',(#1018,#1019,#1020,#1021));
#2528=EDGE_LOOP('',(#1022,#1023,#1024));
#2529=EDGE_LOOP('',(#1025,#1026,#1027,#1028));
#2530=EDGE_LOOP('',(#1029,#1030,#1031,#1032));
#2531=EDGE_LOOP('',(#1033,#1034,#1035,#1036,#1037,#1038,#1039,#1040));
#2532=EDGE_LOOP('',(#1041,#1042,#1043,#1044));
#2533=EDGE_LOOP('',(#1045,#1046,#1047,#1048));
#2534=EDGE_LOOP('',(#1049,#1050,#1051));
#2535=EDGE_LOOP('',(#1052,#1053,#1054,#1055));
#2536=EDGE_LOOP('',(#1056,#1057,#1058));
#2537=EDGE_LOOP('',(#1059,#1060,#1061,#1062));
#2538=EDGE_LOOP('',(#1063,#1064,#1065,#1066));
#2539=EDGE_LOOP('',(#1067,#1068,#1069,#1070));
#2540=EDGE_LOOP('',(#1071,#1072,#1073,#1074));
#2541=EDGE_LOOP('',(#1075,#1076,#1077,#1078));
#2542=EDGE_LOOP('',(#1079,#1080,#1081,#1082));
#2543=EDGE_LOOP('',(#1083,#1084,#1085,#1086));
#2544=EDGE_LOOP('',(#1087,#1088));
#2545=EDGE_LOOP('',(#1089,#1090));
#2546=EDGE_LOOP('',(#1091,#1092));
#2547=EDGE_LOOP('',(#1093,#1094));
#2548=EDGE_LOOP('',(#1095));
#2549=EDGE_LOOP('',(#1096));
#2550=EDGE_LOOP('',(#1097));
#2551=EDGE_LOOP('',(#1098));
#2552=FACE_BOUND('',#2378,.T.);
#2553=FACE_BOUND('',#2379,.T.);
#2554=FACE_BOUND('',#2380,.T.);
#2555=FACE_BOUND('',#2381,.T.);
#2556=FACE_BOUND('',#2382,.T.);
#2557=FACE_BOUND('',#2383,.T.);
#2558=FACE_BOUND('',#2384,.T.);
#2559=FACE_BOUND('',#2385,.T.);
#2560=FACE_BOUND('',#2386,.T.);
#2561=FACE_BOUND('',#2387,.T.);
#2562=FACE_BOUND('',#2388,.T.);
#2563=FACE_BOUND('',#2389,.T.);
#2564=FACE_BOUND('',#2390,.T.);
#2565=FACE_BOUND('',#2391,.T.);
#2566=FACE_BOUND('',#2392,.T.);
#2567=FACE_BOUND('',#2393,.T.);
#2568=FACE_BOUND('',#2394,.T.);
#2569=FACE_BOUND('',#2395,.T.);
#2570=FACE_BOUND('',#2396,.T.);
#2571=FACE_BOUND('',#2397,.T.);
#2572=FACE_BOUND('',#2398,.T.);
#2573=FACE_BOUND('',#2399,.T.);
#2574=FACE_BOUND('',#2400,.T.);
#2575=FACE_BOUND('',#2401,.T.);
#2576=FACE_BOUND('',#2402,.T.);
#2577=FACE_BOUND('',#2403,.T.);
#2578=FACE_BOUND('',#2404,.T.);
#2579=FACE_BOUND('',#2405,.T.);
#2580=FACE_BOUND('',#2406,.T.);
#2581=FACE_BOUND('',#2407,.T.);
#2582=FACE_BOUND('',#2408,.T.);
#2583=FACE_BOUND('',#2409,.T.);
#2584=FACE_BOUND('',#2410,.T.);
#2585=FACE_BOUND('',#2411,.T.);
#2586=FACE_BOUND('',#2412,.T.);
#2587=FACE_BOUND('',#2413,.T.);
#2588=FACE_BOUND('',#2414,.T.);
#2589=FACE_BOUND('',#2415,.T.);
#2590=FACE_BOUND('',#2416,.T.);
#2591=FACE_BOUND('',#2417,.T.);
#2592=FACE_BOUND('',#2418,.T.);
#2593=FACE_BOUND('',#2419,.T.);
#2594=FACE_BOUND('',#2420,.T.);
#2595=FACE_BOUND('',#2421,.T.);
#2596=FACE_BOUND('',#2422,.T.);
#2597=FACE_BOUND('',#2423,.T.);
#2598=FACE_BOUND('',#2424,.T.);
#2599=FACE_BOUND('',#2425,.T.);
#2600=FACE_BOUND('',#2426,.T.);
#2601=FACE_BOUND('',#2427,.T.);
#2602=FACE_BOUND('',#2428,.T.);
#2603=FACE_BOUND('',#2429,.T.);
#2604=FACE_BOUND('',#2430,.T.);
#2605=FACE_BOUND('',#2431,.T.);
#2606=FACE_BOUND('',#2432,.T.);
#2607=FACE_BOUND('',#2433,.T.);
#2608=FACE_BOUND('',#2434,.T.);
#2609=FACE_BOUND('',#2435,.T.);
#2610=FACE_BOUND('',#2436,.T.);
#2611=FACE_BOUND('',#2437,.T.);
#2612=FACE_BOUND('',#2438,.T.);
#2613=FACE_BOUND('',#2439,.T.);
#2614=FACE_BOUND('',#2440,.T.);
#2615=FACE_BOUND('',#2441,.T.);
#2616=FACE_BOUND('',#2442,.T.);
#2617=FACE_BOUND('',#2443,.T.);
#2618=FACE_BOUND('',#2444,.T.);
#2619=FACE_BOUND('',#2445,.T.);
#2620=FACE_BOUND('',#2446,.T.);
#2621=FACE_BOUND('',#2447,.T.);
#2622=FACE_BOUND('',#2448,.T.);
#2623=FACE_BOUND('',#2449,.T.);
#2624=FACE_BOUND('',#2450,.T.);
#2625=FACE_BOUND('',#2451,.T.);
#2626=FACE_BOUND('',#2452,.T.);
#2627=FACE_BOUND('',#2453,.T.);
#2628=FACE_BOUND('',#2454,.T.);
#2629=FACE_BOUND('',#2455,.T.);
#2630=FACE_BOUND('',#2456,.T.);
#2631=FACE_BOUND('',#2457,.T.);
#2632=FACE_BOUND('',#2458,.T.);
#2633=FACE_BOUND('',#2459,.T.);
#2634=FACE_BOUND('',#2460,.T.);
#2635=FACE_BOUND('',#2461,.T.);
#2636=FACE_BOUND('',#2462,.T.);
#2637=FACE_BOUND('',#2463,.T.);
#2638=FACE_BOUND('',#2464,.T.);
#2639=FACE_BOUND('',#2465,.T.);
#2640=FACE_BOUND('',#2466,.T.);
#2641=FACE_BOUND('',#2467,.T.);
#2642=FACE_BOUND('',#2468,.T.);
#2643=FACE_BOUND('',#2469,.T.);
#2644=FACE_BOUND('',#2470,.T.);
#2645=FACE_BOUND('',#2471,.T.);
#2646=FACE_BOUND('',#2472,.T.);
#2647=FACE_BOUND('',#2473,.T.);
#2648=FACE_BOUND('',#2474,.T.);
#2649=FACE_BOUND('',#2475,.T.);
#2650=FACE_BOUND('',#2476,.T.);
#2651=FACE_BOUND('',#2477,.T.);
#2652=FACE_BOUND('',#2478,.T.);
#2653=FACE_BOUND('',#2479,.T.);
#2654=FACE_BOUND('',#2480,.T.);
#2655=FACE_BOUND('',#2481,.T.);
#2656=FACE_BOUND('',#2482,.T.);
#2657=FACE_BOUND('',#2483,.T.);
#2658=FACE_BOUND('',#2484,.T.);
#2659=FACE_BOUND('',#2485,.T.);
#2660=FACE_BOUND('',#2486,.T.);
#2661=FACE_BOUND('',#2487,.T.);
#2662=FACE_BOUND('',#2488,.T.);
#2663=FACE_BOUND('',#2489,.T.);
#2664=FACE_BOUND('',#2490,.T.);
#2665=FACE_BOUND('',#2491,.T.);
#2666=FACE_BOUND('',#38,.T.);
#2667=FACE_BOUND('',#2492,.T.);
#2668=FACE_BOUND('',#2493,.T.);
#2669=FACE_BOUND('',#2494,.T.);
#2670=FACE_BOUND('',#2495,.T.);
#2671=FACE_BOUND('',#2496,.T.);
#2672=FACE_BOUND('',#2497,.T.);
#2673=FACE_BOUND('',#2498,.T.);
#2674=FACE_BOUND('',#2499,.T.);
#2675=FACE_BOUND('',#2500,.T.);
#2676=FACE_BOUND('',#2501,.T.);
#2677=FACE_BOUND('',#2502,.T.);
#2678=FACE_BOUND('',#2503,.T.);
#2679=FACE_BOUND('',#2504,.T.);
#2680=FACE_BOUND('',#2505,.T.);
#2681=FACE_BOUND('',#2506,.T.);
#2682=FACE_BOUND('',#2507,.T.);
#2683=FACE_BOUND('',#2508,.T.);
#2684=FACE_BOUND('',#2509,.T.);
#2685=FACE_BOUND('',#2510,.T.);
#2686=FACE_BOUND('',#2511,.T.);
#2687=FACE_BOUND('',#2512,.T.);
#2688=FACE_BOUND('',#2513,.T.);
#2689=FACE_BOUND('',#2514,.T.);
#2690=FACE_BOUND('',#2515,.T.);
#2691=FACE_BOUND('',#2516,.T.);
#2692=FACE_BOUND('',#2517,.T.);
#2693=FACE_BOUND('',#2518,.T.);
#2694=FACE_BOUND('',#2519,.T.);
#2695=FACE_BOUND('',#2520,.T.);
#2696=FACE_BOUND('',#2521,.T.);
#2697=FACE_BOUND('',#2522,.T.);
#2698=FACE_BOUND('',#2523,.T.);
#2699=FACE_BOUND('',#2524,.T.);
#2700=FACE_BOUND('',#2525,.T.);
#2701=FACE_BOUND('',#2526,.T.);
#2702=FACE_BOUND('',#2527,.T.);
#2703=FACE_BOUND('',#2528,.T.);
#2704=FACE_BOUND('',#2529,.T.);
#2705=FACE_BOUND('',#2530,.T.);
#2706=FACE_BOUND('',#2531,.T.);
#2707=FACE_BOUND('',#2532,.T.);
#2708=FACE_BOUND('',#2533,.T.);
#2709=FACE_BOUND('',#2534,.T.);
#2710=FACE_BOUND('',#2535,.T.);
#2711=FACE_BOUND('',#2536,.T.);
#2712=FACE_BOUND('',#2537,.T.);
#2713=FACE_BOUND('',#2538,.T.);
#2714=FACE_BOUND('',#2539,.T.);
#2715=FACE_BOUND('',#2540,.T.);
#2716=FACE_BOUND('',#2541,.T.);
#2717=FACE_BOUND('',#2542,.T.);
#2718=FACE_BOUND('',#2543,.T.);
#2719=FACE_BOUND('',#2544,.T.);
#2720=FACE_BOUND('',#2545,.T.);
#2721=FACE_BOUND('',#2546,.T.);
#2722=FACE_BOUND('',#2547,.T.);
#2723=FACE_BOUND('',#2548,.T.);
#2724=FACE_BOUND('',#2549,.T.);
#2725=FACE_BOUND('',#2550,.T.);
#2726=FACE_BOUND('',#2551,.T.);
#2727=PLANE('',#2976);
#2728=PLANE('',#2983);
#2729=PLANE('',#2984);
#2730=PLANE('',#2986);
#2731=PLANE('',#2988);
#2732=PLANE('',#2995);
#2733=PLANE('',#3000);
#2734=PLANE('',#3009);
#2735=PLANE('',#3014);
#2736=PLANE('',#3037);
#2737=PLANE('',#3042);
#2738=PLANE('',#3043);
#2739=PLANE('',#3044);
#2740=PLANE('',#3045);
#2741=PLANE('',#3046);
#2742=PLANE('',#3047);
#2743=PLANE('',#3050);
#2744=PLANE('',#3051);
#2745=PLANE('',#3054);
#2746=PLANE('',#3055);
#2747=PLANE('',#3058);
#2748=PLANE('',#3059);
#2749=PLANE('',#3062);
#2750=PLANE('',#3063);
#2751=PLANE('',#3066);
#2752=PLANE('',#3067);
#2753=PLANE('',#3070);
#2754=PLANE('',#3071);
#2755=PLANE('',#3074);
#2756=PLANE('',#3075);
#2757=PLANE('',#3078);
#2758=PLANE('',#3079);
#2759=PLANE('',#3082);
#2760=PLANE('',#3083);
#2761=PLANE('',#3086);
#2762=PLANE('',#3087);
#2763=PLANE('',#3088);
#2764=PLANE('',#3091);
#2765=PLANE('',#3092);
#2766=PLANE('',#3093);
#2767=PLANE('',#3096);
#2768=PLANE('',#3097);
#2769=PLANE('',#3100);
#2770=PLANE('',#3101);
#2771=PLANE('',#3104);
#2772=PLANE('',#3105);
#2773=PLANE('',#3108);
#2774=PLANE('',#3109);
#2775=PLANE('',#3112);
#2776=PLANE('',#3113);
#2777=PLANE('',#3116);
#2778=PLANE('',#3117);
#2779=PLANE('',#3120);
#2780=PLANE('',#3121);
#2781=PLANE('',#3124);
#2782=PLANE('',#3125);
#2783=PLANE('',#3128);
#2784=PLANE('',#3129);
#2785=PLANE('',#3132);
#2786=PLANE('',#3133);
#2787=PLANE('',#3134);
#2788=PLANE('',#3137);
#2789=PLANE('',#3141);
#2790=PLANE('',#3152);
#2791=PLANE('',#3153);
#2792=PLANE('',#3155);
#2793=PLANE('',#3156);
#2794=PLANE('',#3157);
#2795=PLANE('',#3159);
#2796=PLANE('',#3160);
#2797=PLANE('',#3161);
#2798=PLANE('',#3165);
#2799=PLANE('',#3166);
#2800=PLANE('',#3173);
#2801=PLANE('',#3174);
#2802=PLANE('',#3181);
#2803=PLANE('',#3190);
#2804=PLANE('',#3199);
#2805=ADVANCED_FACE('',(#2552),#2727,.T.);
#2806=ADVANCED_FACE('',(#2553),#2728,.T.);
#2807=ADVANCED_FACE('',(#2554,#2555),#2729,.T.);
#2808=ADVANCED_FACE('',(#2556,#2557),#2730,.T.);
#2809=ADVANCED_FACE('',(#2558),#2731,.T.);
#2810=ADVANCED_FACE('',(#2559),#40,.T.);
#2811=ADVANCED_FACE('',(#2560),#41,.F.);
#2812=ADVANCED_FACE('',(#2561,#2562,#2563),#2732,.T.);
#2813=ADVANCED_FACE('',(#2564,#2565,#2566),#2733,.T.);
#2814=ADVANCED_FACE('',(#2567),#42,.T.);
#2815=ADVANCED_FACE('',(#2568),#43,.F.);
#2816=ADVANCED_FACE('',(#2569),#2734,.T.);
#2817=ADVANCED_FACE('',(#2570,#2571),#2735,.T.);
#2818=ADVANCED_FACE('',(#2572),#2736,.T.);
#2819=ADVANCED_FACE('',(#2573),#2737,.T.);
#2820=ADVANCED_FACE('',(#2574),#2738,.T.);
#2821=ADVANCED_FACE('',(#2575),#2739,.F.);
#2822=ADVANCED_FACE('',(#2576),#2740,.T.);
#2823=ADVANCED_FACE('',(#2577),#2741,.T.);
#2824=ADVANCED_FACE('',(#2578),#2742,.T.);
#2825=ADVANCED_FACE('',(#2579),#44,.F.);
#2826=ADVANCED_FACE('',(#2580),#2743,.F.);
#2827=ADVANCED_FACE('',(#2581),#2744,.F.);
#2828=ADVANCED_FACE('',(#2582),#45,.F.);
#2829=ADVANCED_FACE('',(#2583),#2745,.F.);
#2830=ADVANCED_FACE('',(#2584),#2746,.F.);
#2831=ADVANCED_FACE('',(#2585),#46,.F.);
#2832=ADVANCED_FACE('',(#2586),#2747,.F.);
#2833=ADVANCED_FACE('',(#2587),#2748,.F.);
#2834=ADVANCED_FACE('',(#2588),#47,.F.);
#2835=ADVANCED_FACE('',(#2589),#2749,.F.);
#2836=ADVANCED_FACE('',(#2590),#2750,.F.);
#2837=ADVANCED_FACE('',(#2591),#48,.F.);
#2838=ADVANCED_FACE('',(#2592),#2751,.F.);
#2839=ADVANCED_FACE('',(#2593),#2752,.F.);
#2840=ADVANCED_FACE('',(#2594),#49,.F.);
#2841=ADVANCED_FACE('',(#2595),#2753,.F.);
#2842=ADVANCED_FACE('',(#2596),#2754,.F.);
#2843=ADVANCED_FACE('',(#2597),#50,.F.);
#2844=ADVANCED_FACE('',(#2598),#2755,.F.);
#2845=ADVANCED_FACE('',(#2599),#2756,.F.);
#2846=ADVANCED_FACE('',(#2600),#51,.F.);
#2847=ADVANCED_FACE('',(#2601),#2757,.F.);
#2848=ADVANCED_FACE('',(#2602),#2758,.F.);
#2849=ADVANCED_FACE('',(#2603),#52,.F.);
#2850=ADVANCED_FACE('',(#2604),#2759,.F.);
#2851=ADVANCED_FACE('',(#2605),#2760,.F.);
#2852=ADVANCED_FACE('',(#2606),#53,.F.);
#2853=ADVANCED_FACE('',(#2607),#2761,.F.);
#2854=ADVANCED_FACE('',(#2608),#2762,.F.);
#2855=ADVANCED_FACE('',(#2609),#2763,.F.);
#2856=ADVANCED_FACE('',(#2610),#54,.F.);
#2857=ADVANCED_FACE('',(#2611),#2764,.T.);
#2858=ADVANCED_FACE('',(#2612),#2765,.T.);
#2859=ADVANCED_FACE('',(#2613),#2766,.T.);
#2860=ADVANCED_FACE('',(#2614),#55,.F.);
#2861=ADVANCED_FACE('',(#2615),#2767,.T.);
#2862=ADVANCED_FACE('',(#2616),#2768,.T.);
#2863=ADVANCED_FACE('',(#2617),#56,.F.);
#2864=ADVANCED_FACE('',(#2618),#2769,.T.);
#2865=ADVANCED_FACE('',(#2619),#2770,.T.);
#2866=ADVANCED_FACE('',(#2620),#57,.F.);
#2867=ADVANCED_FACE('',(#2621),#2771,.T.);
#2868=ADVANCED_FACE('',(#2622),#2772,.T.);
#2869=ADVANCED_FACE('',(#2623),#58,.F.);
#2870=ADVANCED_FACE('',(#2624),#2773,.T.);
#2871=ADVANCED_FACE('',(#2625),#2774,.T.);
#2872=ADVANCED_FACE('',(#2626),#59,.F.);
#2873=ADVANCED_FACE('',(#2627),#2775,.T.);
#2874=ADVANCED_FACE('',(#2628),#2776,.T.);
#2875=ADVANCED_FACE('',(#2629),#60,.F.);
#2876=ADVANCED_FACE('',(#2630),#2777,.T.);
#2877=ADVANCED_FACE('',(#2631),#2778,.T.);
#2878=ADVANCED_FACE('',(#2632),#61,.F.);
#2879=ADVANCED_FACE('',(#2633),#2779,.T.);
#2880=ADVANCED_FACE('',(#2634),#2780,.T.);
#2881=ADVANCED_FACE('',(#2635),#62,.F.);
#2882=ADVANCED_FACE('',(#2636),#2781,.T.);
#2883=ADVANCED_FACE('',(#2637),#2782,.T.);
#2884=ADVANCED_FACE('',(#2638),#63,.F.);
#2885=ADVANCED_FACE('',(#2639),#2783,.T.);
#2886=ADVANCED_FACE('',(#2640),#2784,.T.);
#2887=ADVANCED_FACE('',(#2641),#64,.F.);
#2888=ADVANCED_FACE('',(#2642),#2785,.T.);
#2889=ADVANCED_FACE('',(#2643),#2786,.T.);
#2890=ADVANCED_FACE('',(#2644),#2787,.F.);
#2891=ADVANCED_FACE('',(#2645),#65,.F.);
#2892=ADVANCED_FACE('',(#2646,#2647),#2788,.T.);
#2893=ADVANCED_FACE('',(#2648,#2649),#66,.F.);
#2894=ADVANCED_FACE('',(#2650,#2651),#2789,.T.);
#2895=ADVANCED_FACE('',(#2652,#2653),#67,.F.);
#2896=ADVANCED_FACE('',(#2654),#68,.T.);
#2897=ADVANCED_FACE('',(#2655),#69,.T.);
#2898=ADVANCED_FACE('',(#2656),#70,.T.);
#2899=ADVANCED_FACE('',(#2657),#71,.T.);
#2900=ADVANCED_FACE('',(#2658),#2790,.T.);
#2901=ADVANCED_FACE('',(#2659),#2791,.F.);
#2902=ADVANCED_FACE('',(#2660),#2792,.T.);
#2903=ADVANCED_FACE('',(#2661),#2793,.F.);
#2904=ADVANCED_FACE('',(#2662),#2794,.T.);
#2905=ADVANCED_FACE('',(#2663),#2795,.T.);
#2906=ADVANCED_FACE('',(#2664),#2796,.F.);
#2907=ADVANCED_FACE('',(#2665),#2797,.T.);
#2908=ADVANCED_FACE('',(#2666,#2667),#39,.F.);
#2909=ADVANCED_FACE('',(#2668,#2669),#72,.F.);
#2910=ADVANCED_FACE('',(#2670),#2798,.T.);
#2911=ADVANCED_FACE('',(#2671),#2799,.T.);
#2912=ADVANCED_FACE('',(#2672),#73,.T.);
#2913=ADVANCED_FACE('',(#2673),#74,.F.);
#2914=ADVANCED_FACE('',(#2674),#2800,.T.);
#2915=ADVANCED_FACE('',(#2675),#2801,.T.);
#2916=ADVANCED_FACE('',(#2676),#75,.T.);
#2917=ADVANCED_FACE('',(#2677),#76,.F.);
#2918=ADVANCED_FACE('',(#2678),#2802,.T.);
#2919=ADVANCED_FACE('',(#2679),#2803,.T.);
#2920=ADVANCED_FACE('',(#2680),#2804,.F.);
#2921=ADVANCED_FACE('',(#2681),#77,.T.);
#2922=ADVANCED_FACE('',(#2682),#20,.T.);
#2923=ADVANCED_FACE('',(#2683),#78,.T.);
#2924=ADVANCED_FACE('',(#2684),#14,.T.);
#2925=ADVANCED_FACE('',(#2685),#79,.T.);
#2926=ADVANCED_FACE('',(#2686),#21,.T.);
#2927=ADVANCED_FACE('',(#2687),#80,.T.);
#2928=ADVANCED_FACE('',(#2688),#22,.T.);
#2929=ADVANCED_FACE('',(#2689),#81,.F.);
#2930=ADVANCED_FACE('',(#2690),#15,.T.);
#2931=ADVANCED_FACE('',(#2691),#23,.T.);
#2932=ADVANCED_FACE('',(#2692),#82,.T.);
#2933=ADVANCED_FACE('',(#2693),#83,.T.);
#2934=ADVANCED_FACE('',(#2694),#84,.T.);
#2935=ADVANCED_FACE('',(#2695),#85,.T.);
#2936=ADVANCED_FACE('',(#2696),#86,.T.);
#2937=ADVANCED_FACE('',(#2697),#24,.T.);
#2938=ADVANCED_FACE('',(#2698),#87,.T.);
#2939=ADVANCED_FACE('',(#2699),#25,.T.);
#2940=ADVANCED_FACE('',(#2700),#88,.T.);
#2941=ADVANCED_FACE('',(#2701),#16,.T.);
#2942=ADVANCED_FACE('',(#2702),#89,.T.);
#2943=ADVANCED_FACE('',(#2703),#17,.T.);
#2944=ADVANCED_FACE('',(#2704),#90,.T.);
#2945=ADVANCED_FACE('',(#2705),#26,.T.);
#2946=ADVANCED_FACE('',(#2706),#91,.T.);
#2947=ADVANCED_FACE('',(#2707),#27,.T.);
#2948=ADVANCED_FACE('',(#2708),#92,.T.);
#2949=ADVANCED_FACE('',(#2709),#18,.T.);
#2950=ADVANCED_FACE('',(#2710),#93,.T.);
#2951=ADVANCED_FACE('',(#2711),#19,.T.);
#2952=ADVANCED_FACE('',(#2712),#94,.T.);
#2953=ADVANCED_FACE('',(#2713),#95,.T.);
#2954=ADVANCED_FACE('',(#2714),#96,.F.);
#2955=ADVANCED_FACE('',(#2715),#97,.F.);
#2956=ADVANCED_FACE('',(#2716),#98,.T.);
#2957=ADVANCED_FACE('',(#2717),#99,.T.);
#2958=ADVANCED_FACE('',(#2718),#100,.T.);
#2959=ADVANCED_FACE('',(#2719,#2720),#101,.F.);
#2960=ADVANCED_FACE('',(#2721,#2722),#102,.F.);
#2961=ADVANCED_FACE('',(#2723,#2724),#103,.F.);
#2962=ADVANCED_FACE('',(#2725,#2726),#104,.F.);
#2963=CLOSED_SHELL('',(#2805,#2806,#2807,#2808,#2809,#2810,#2811,#2812,
#2813,#2814,#2815,#2816,#2817,#2818,#2819,#2820,#2821,#2822,#2823,#2824,
#2825,#2826,#2827,#2828,#2829,#2830,#2831,#2832,#2833,#2834,#2835,#2836,
#2837,#2838,#2839,#2840,#2841,#2842,#2843,#2844,#2845,#2846,#2847,#2848,
#2849,#2850,#2851,#2852,#2853,#2854,#2855,#2856,#2857,#2858,#2859,#2860,
#2861,#2862,#2863,#2864,#2865,#2866,#2867,#2868,#2869,#2870,#2871,#2872,
#2873,#2874,#2875,#2876,#2877,#2878,#2879,#2880,#2881,#2882,#2883,#2884,
#2885,#2886,#2887,#2888,#2889,#2890,#2891,#2892,#2893,#2894,#2895,#2896,
#2897,#2898,#2899,#2900,#2901,#2902,#2903,#2904,#2905,#2906,#2907,#2908,
#2909,#2910,#2911,#2912,#2913,#2914,#2915,#2916,#2917,#2918,#2919,#2920,
#2921,#2922,#2923,#2924,#2925,#2926,#2927,#2928,#2929,#2930,#2931,#2932,
#2933,#2934,#2935,#2936,#2937,#2938,#2939,#2940,#2941,#2942,#2943,#2944,
#2945,#2946,#2947,#2948,#2949,#2950,#2951,#2952,#2953,#2954,#2955,#2956,
#2957,#2958,#2959,#2960,#2961,#2962));
#2964=STYLED_ITEM('',(#2965),#2972);
#2965=PRESENTATION_STYLE_ASSIGNMENT((#2966));
#2966=SURFACE_STYLE_USAGE(.BOTH.,#2967);
#2967=SURFACE_SIDE_STYLE('',(#2968));
#2968=SURFACE_STYLE_FILL_AREA(#2969);
#2969=FILL_AREA_STYLE('',(#2970));
#2970=FILL_AREA_STYLE_COLOUR('',#2971);
#2971=COLOUR_RGB('',0.231372549019608,0.380392156862745,0.705882352941177);
#2972=MANIFOLD_SOLID_BREP('Part 3',#2963);
#2973=SHAPE_DEFINITION_REPRESENTATION(#5054,#2974);
#2974=SHAPE_REPRESENTATION('Part 3',(#2975),#5049);
#2975=AXIS2_PLACEMENT_3D('',#4144,#3270,#3271);
#2976=AXIS2_PLACEMENT_3D('',#4145,#3272,#3273);
#2977=AXIS2_PLACEMENT_3D('',#4149,#3275,#3276);
#2978=AXIS2_PLACEMENT_3D('',#4153,#3278,#3279);
#2979=AXIS2_PLACEMENT_3D('',#4157,#3281,#3282);
#2980=AXIS2_PLACEMENT_3D('',#4161,#3284,#3285);
#2981=AXIS2_PLACEMENT_3D('',#4185,#3297,#3298);
#2982=AXIS2_PLACEMENT_3D('',#4189,#3300,#3301);
#2983=AXIS2_PLACEMENT_3D('',#4190,#3302,#3303);
#2984=AXIS2_PLACEMENT_3D('',#4196,#3307,#3308);
#2985=AXIS2_PLACEMENT_3D('',#4202,#3312,#3313);
#2986=AXIS2_PLACEMENT_3D('',#4204,#3314,#3315);
#2987=AXIS2_PLACEMENT_3D('',#4205,#3316,#3317);
#2988=AXIS2_PLACEMENT_3D('',#4215,#3322,#3323);
#2989=AXIS2_PLACEMENT_3D('',#4224,#3328,#3329);
#2990=AXIS2_PLACEMENT_3D('',#4225,#3330,#3331);
#2991=AXIS2_PLACEMENT_3D('',#4229,#3333,#3334);
#2992=AXIS2_PLACEMENT_3D('',#4230,#3335,#3336);
#2993=AXIS2_PLACEMENT_3D('',#4234,#3338,#3339);
#2994=AXIS2_PLACEMENT_3D('',#4235,#3340,#3341);
#2995=AXIS2_PLACEMENT_3D('',#4236,#3342,#3343);
#2996=AXIS2_PLACEMENT_3D('',#4237,#3344,#3345);
#2997=AXIS2_PLACEMENT_3D('',#4242,#3347,#3348);
#2998=AXIS2_PLACEMENT_3D('',#4255,#3356,#3357);
#2999=AXIS2_PLACEMENT_3D('',#4257,#3358,#3359);
#3000=AXIS2_PLACEMENT_3D('',#4259,#3360,#3361);
#3001=AXIS2_PLACEMENT_3D('',#4260,#3362,#3363);
#3002=AXIS2_PLACEMENT_3D('',#4262,#3364,#3365);
#3003=AXIS2_PLACEMENT_3D('',#4264,#3366,#3367);
#3004=AXIS2_PLACEMENT_3D('',#4279,#3375,#3376);
#3005=AXIS2_PLACEMENT_3D('',#4282,#3378,#3379);
#3006=AXIS2_PLACEMENT_3D('',#4283,#3380,#3381);
#3007=AXIS2_PLACEMENT_3D('',#4286,#3383,#3384);
#3008=AXIS2_PLACEMENT_3D('',#4289,#3386,#3387);
#3009=AXIS2_PLACEMENT_3D('',#4290,#3388,#3389);
#3010=AXIS2_PLACEMENT_3D('',#4294,#3391,#3392);
#3011=AXIS2_PLACEMENT_3D('',#4295,#3393,#3394);
#3012=AXIS2_PLACEMENT_3D('',#4299,#3396,#3397);
#3013=AXIS2_PLACEMENT_3D('',#4300,#3398,#3399);
#3014=AXIS2_PLACEMENT_3D('',#4301,#3400,#3401);
#3015=AXIS2_PLACEMENT_3D('',#4302,#3402,#3403);
#3016=AXIS2_PLACEMENT_3D('',#4311,#3407,#3408);
#3017=AXIS2_PLACEMENT_3D('',#4319,#3412,#3413);
#3018=AXIS2_PLACEMENT_3D('',#4325,#3416,#3417);
#3019=AXIS2_PLACEMENT_3D('',#4331,#3420,#3421);
#3020=AXIS2_PLACEMENT_3D('',#4337,#3424,#3425);
#3021=AXIS2_PLACEMENT_3D('',#4343,#3428,#3429);
#3022=AXIS2_PLACEMENT_3D('',#4349,#3432,#3433);
#3023=AXIS2_PLACEMENT_3D('',#4355,#3436,#3437);
#3024=AXIS2_PLACEMENT_3D('',#4361,#3440,#3441);
#3025=AXIS2_PLACEMENT_3D('',#4367,#3444,#3445);
#3026=AXIS2_PLACEMENT_3D('',#4373,#3448,#3449);
#3027=AXIS2_PLACEMENT_3D('',#4381,#3453,#3454);
#3028=AXIS2_PLACEMENT_3D('',#4389,#3458,#3459);
#3029=AXIS2_PLACEMENT_3D('',#4395,#3462,#3463);
#3030=AXIS2_PLACEMENT_3D('',#4401,#3466,#3467);
#3031=AXIS2_PLACEMENT_3D('',#4407,#3470,#3471);
#3032=AXIS2_PLACEMENT_3D('',#4413,#3474,#3475);
#3033=AXIS2_PLACEMENT_3D('',#4419,#3478,#3479);
#3034=AXIS2_PLACEMENT_3D('',#4425,#3482,#3483);
#3035=AXIS2_PLACEMENT_3D('',#4431,#3486,#3487);
#3036=AXIS2_PLACEMENT_3D('',#4437,#3490,#3491);
#3037=AXIS2_PLACEMENT_3D('',#4445,#3496,#3497);
#3038=AXIS2_PLACEMENT_3D('',#4470,#3510,#3511);
#3039=AXIS2_PLACEMENT_3D('',#4474,#3513,#3514);
#3040=AXIS2_PLACEMENT_3D('',#4482,#3518,#3519);
#3041=AXIS2_PLACEMENT_3D('',#4486,#3521,#3522);
#3042=AXIS2_PLACEMENT_3D('',#4487,#3523,#3524);
#3043=AXIS2_PLACEMENT_3D('',#4491,#3527,#3528);
#3044=AXIS2_PLACEMENT_3D('',#4497,#3532,#3533);
#3045=AXIS2_PLACEMENT_3D('',#4503,#3537,#3538);
#3046=AXIS2_PLACEMENT_3D('',#4509,#3542,#3543);
#3047=AXIS2_PLACEMENT_3D('',#4513,#3546,#3547);
#3048=AXIS2_PLACEMENT_3D('',#4517,#3550,#3551);
#3049=AXIS2_PLACEMENT_3D('',#4520,#3553,#3554);
#3050=AXIS2_PLACEMENT_3D('',#4521,#3555,#3556);
#3051=AXIS2_PLACEMENT_3D('',#4525,#3559,#3560);
#3052=AXIS2_PLACEMENT_3D('',#4529,#3563,#3564);
#3053=AXIS2_PLACEMENT_3D('',#4532,#3566,#3567);
#3054=AXIS2_PLACEMENT_3D('',#4533,#3568,#3569);
#3055=AXIS2_PLACEMENT_3D('',#4537,#3572,#3573);
#3056=AXIS2_PLACEMENT_3D('',#4541,#3576,#3577);
#3057=AXIS2_PLACEMENT_3D('',#4544,#3579,#3580);
#3058=AXIS2_PLACEMENT_3D('',#4545,#3581,#3582);
#3059=AXIS2_PLACEMENT_3D('',#4549,#3585,#3586);
#3060=AXIS2_PLACEMENT_3D('',#4553,#3589,#3590);
#3061=AXIS2_PLACEMENT_3D('',#4556,#3592,#3593);
#3062=AXIS2_PLACEMENT_3D('',#4557,#3594,#3595);
#3063=AXIS2_PLACEMENT_3D('',#4561,#3598,#3599);
#3064=AXIS2_PLACEMENT_3D('',#4565,#3602,#3603);
#3065=AXIS2_PLACEMENT_3D('',#4568,#3605,#3606);
#3066=AXIS2_PLACEMENT_3D('',#4569,#3607,#3608);
#3067=AXIS2_PLACEMENT_3D('',#4573,#3611,#3612);
#3068=AXIS2_PLACEMENT_3D('',#4577,#3615,#3616);
#3069=AXIS2_PLACEMENT_3D('',#4580,#3618,#3619);
#3070=AXIS2_PLACEMENT_3D('',#4581,#3620,#3621);
#3071=AXIS2_PLACEMENT_3D('',#4585,#3624,#3625);
#3072=AXIS2_PLACEMENT_3D('',#4589,#3628,#3629);
#3073=AXIS2_PLACEMENT_3D('',#4592,#3631,#3632);
#3074=AXIS2_PLACEMENT_3D('',#4593,#3633,#3634);
#3075=AXIS2_PLACEMENT_3D('',#4597,#3637,#3638);
#3076=AXIS2_PLACEMENT_3D('',#4601,#3641,#3642);
#3077=AXIS2_PLACEMENT_3D('',#4604,#3644,#3645);
#3078=AXIS2_PLACEMENT_3D('',#4605,#3646,#3647);
#3079=AXIS2_PLACEMENT_3D('',#4609,#3650,#3651);
#3080=AXIS2_PLACEMENT_3D('',#4613,#3654,#3655);
#3081=AXIS2_PLACEMENT_3D('',#4616,#3657,#3658);
#3082=AXIS2_PLACEMENT_3D('',#4617,#3659,#3660);
#3083=AXIS2_PLACEMENT_3D('',#4621,#3663,#3664);
#3084=AXIS2_PLACEMENT_3D('',#4625,#3667,#3668);
#3085=AXIS2_PLACEMENT_3D('',#4628,#3670,#3671);
#3086=AXIS2_PLACEMENT_3D('',#4629,#3672,#3673);
#3087=AXIS2_PLACEMENT_3D('',#4633,#3676,#3677);
#3088=AXIS2_PLACEMENT_3D('',#4637,#3680,#3681);
#3089=AXIS2_PLACEMENT_3D('',#4641,#3684,#3685);
#3090=AXIS2_PLACEMENT_3D('',#4644,#3687,#3688);
#3091=AXIS2_PLACEMENT_3D('',#4645,#3689,#3690);
#3092=AXIS2_PLACEMENT_3D('',#4649,#3693,#3694);
#3093=AXIS2_PLACEMENT_3D('',#4653,#3697,#3698);
#3094=AXIS2_PLACEMENT_3D('',#4657,#3701,#3702);
#3095=AXIS2_PLACEMENT_3D('',#4660,#3704,#3705);
#3096=AXIS2_PLACEMENT_3D('',#4661,#3706,#3707);
#3097=AXIS2_PLACEMENT_3D('',#4665,#3710,#3711);
#3098=AXIS2_PLACEMENT_3D('',#4669,#3714,#3715);
#3099=AXIS2_PLACEMENT_3D('',#4672,#3717,#3718);
#3100=AXIS2_PLACEMENT_3D('',#4673,#3719,#3720);
#3101=AXIS2_PLACEMENT_3D('',#4677,#3723,#3724);
#3102=AXIS2_PLACEMENT_3D('',#4681,#3727,#3728);
#3103=AXIS2_PLACEMENT_3D('',#4684,#3730,#3731);
#3104=AXIS2_PLACEMENT_3D('',#4685,#3732,#3733);
#3105=AXIS2_PLACEMENT_3D('',#4689,#3736,#3737);
#3106=AXIS2_PLACEMENT_3D('',#4693,#3740,#3741);
#3107=AXIS2_PLACEMENT_3D('',#4696,#3743,#3744);
#3108=AXIS2_PLACEMENT_3D('',#4697,#3745,#3746);
#3109=AXIS2_PLACEMENT_3D('',#4701,#3749,#3750);
#3110=AXIS2_PLACEMENT_3D('',#4705,#3753,#3754);
#3111=AXIS2_PLACEMENT_3D('',#4708,#3756,#3757);
#3112=AXIS2_PLACEMENT_3D('',#4709,#3758,#3759);
#3113=AXIS2_PLACEMENT_3D('',#4713,#3762,#3763);
#3114=AXIS2_PLACEMENT_3D('',#4717,#3766,#3767);
#3115=AXIS2_PLACEMENT_3D('',#4720,#3769,#3770);
#3116=AXIS2_PLACEMENT_3D('',#4721,#3771,#3772);
#3117=AXIS2_PLACEMENT_3D('',#4725,#3775,#3776);
#3118=AXIS2_PLACEMENT_3D('',#4729,#3779,#3780);
#3119=AXIS2_PLACEMENT_3D('',#4732,#3782,#3783);
#3120=AXIS2_PLACEMENT_3D('',#4733,#3784,#3785);
#3121=AXIS2_PLACEMENT_3D('',#4737,#3788,#3789);
#3122=AXIS2_PLACEMENT_3D('',#4741,#3792,#3793);
#3123=AXIS2_PLACEMENT_3D('',#4744,#3795,#3796);
#3124=AXIS2_PLACEMENT_3D('',#4745,#3797,#3798);
#3125=AXIS2_PLACEMENT_3D('',#4749,#3801,#3802);
#3126=AXIS2_PLACEMENT_3D('',#4753,#3805,#3806);
#3127=AXIS2_PLACEMENT_3D('',#4756,#3808,#3809);
#3128=AXIS2_PLACEMENT_3D('',#4757,#3810,#3811);
#3129=AXIS2_PLACEMENT_3D('',#4761,#3814,#3815);
#3130=AXIS2_PLACEMENT_3D('',#4765,#3818,#3819);
#3131=AXIS2_PLACEMENT_3D('',#4768,#3821,#3822);
#3132=AXIS2_PLACEMENT_3D('',#4769,#3823,#3824);
#3133=AXIS2_PLACEMENT_3D('',#4773,#3827,#3828);
#3134=AXIS2_PLACEMENT_3D('',#4777,#3831,#3832);
#3135=AXIS2_PLACEMENT_3D('',#4781,#3835,#3836);
#3136=AXIS2_PLACEMENT_3D('',#4782,#3837,#3838);
#3137=AXIS2_PLACEMENT_3D('',#4783,#3839,#3840);
#3138=AXIS2_PLACEMENT_3D('',#4784,#3841,#3842);
#3139=AXIS2_PLACEMENT_3D('',#4786,#3843,#3844);
#3140=AXIS2_PLACEMENT_3D('',#4787,#3845,#3846);
#3141=AXIS2_PLACEMENT_3D('',#4789,#3847,#3848);
#3142=AXIS2_PLACEMENT_3D('',#4790,#3849,#3850);
#3143=AXIS2_PLACEMENT_3D('',#4792,#3851,#3852);
#3144=AXIS2_PLACEMENT_3D('',#4793,#3853,#3854);
#3145=AXIS2_PLACEMENT_3D('',#4794,#3855,#3856);
#3146=AXIS2_PLACEMENT_3D('',#4795,#3857,#3858);
#3147=AXIS2_PLACEMENT_3D('',#4796,#3859,#3860);
#3148=AXIS2_PLACEMENT_3D('',#4797,#3861,#3862);
#3149=AXIS2_PLACEMENT_3D('',#4798,#3863,#3864);
#3150=AXIS2_PLACEMENT_3D('',#4799,#3865,#3866);
#3151=AXIS2_PLACEMENT_3D('',#4800,#3867,#3868);
#3152=AXIS2_PLACEMENT_3D('',#4801,#3869,#3870);
#3153=AXIS2_PLACEMENT_3D('',#4803,#3872,#3873);
#3154=AXIS2_PLACEMENT_3D('',#4804,#3874,#3875);
#3155=AXIS2_PLACEMENT_3D('',#4806,#3877,#3878);
#3156=AXIS2_PLACEMENT_3D('',#4808,#3880,#3881);
#3157=AXIS2_PLACEMENT_3D('',#4810,#3883,#3884);
#3158=AXIS2_PLACEMENT_3D('',#4811,#3885,#3886);
#3159=AXIS2_PLACEMENT_3D('',#4813,#3888,#3889);
#3160=AXIS2_PLACEMENT_3D('',#4815,#3891,#3892);
#3161=AXIS2_PLACEMENT_3D('',#4816,#3893,#3894);
#3162=AXIS2_PLACEMENT_3D('',#4817,#3895,#3896);
#3163=AXIS2_PLACEMENT_3D('',#4819,#3897,#3898);
#3164=AXIS2_PLACEMENT_3D('',#4821,#3899,#3900);
#3165=AXIS2_PLACEMENT_3D('',#4822,#3901,#3902);
#3166=AXIS2_PLACEMENT_3D('',#4831,#3907,#3908);
#3167=AXIS2_PLACEMENT_3D('',#4840,#3913,#3914);
#3168=AXIS2_PLACEMENT_3D('',#4841,#3915,#3916);
#3169=AXIS2_PLACEMENT_3D('',#4846,#3918,#3919);
#3170=AXIS2_PLACEMENT_3D('',#4861,#3921,#3922);
#3171=AXIS2_PLACEMENT_3D('',#4862,#3923,#3924);
#3172=AXIS2_PLACEMENT_3D('',#4867,#3926,#3927);
#3173=AXIS2_PLACEMENT_3D('',#4870,#3929,#3930);
#3174=AXIS2_PLACEMENT_3D('',#4879,#3935,#3936);
#3175=AXIS2_PLACEMENT_3D('',#4888,#3941,#3942);
#3176=AXIS2_PLACEMENT_3D('',#4892,#3944,#3945);
#3177=AXIS2_PLACEMENT_3D('',#4893,#3946,#3947);
#3178=AXIS2_PLACEMENT_3D('',#4894,#3948,#3949);
#3179=AXIS2_PLACEMENT_3D('',#4895,#3950,#3951);
#3180=AXIS2_PLACEMENT_3D('',#4910,#3953,#3954);
#3181=AXIS2_PLACEMENT_3D('',#4913,#3956,#3957);
#3182=AXIS2_PLACEMENT_3D('',#4917,#3960,#3961);
#3183=AXIS2_PLACEMENT_3D('',#4921,#3963,#3964);
#3184=AXIS2_PLACEMENT_3D('',#4922,#3965,#3966);
#3185=AXIS2_PLACEMENT_3D('',#4923,#3967,#3968);
#3186=AXIS2_PLACEMENT_3D('',#4927,#3970,#3971);
#3187=AXIS2_PLACEMENT_3D('',#4928,#3972,#3973);
#3188=AXIS2_PLACEMENT_3D('',#4929,#3974,#3975);
#3189=AXIS2_PLACEMENT_3D('',#4930,#3976,#3977);
#3190=AXIS2_PLACEMENT_3D('',#4931,#3978,#3979);
#3191=AXIS2_PLACEMENT_3D('',#4933,#3981,#3982);
#3192=AXIS2_PLACEMENT_3D('',#4934,#3983,#3984);
#3193=AXIS2_PLACEMENT_3D('',#4935,#3985,#3986);
#3194=AXIS2_PLACEMENT_3D('',#4936,#3987,#3988);
#3195=AXIS2_PLACEMENT_3D('',#4940,#3990,#3991);
#3196=AXIS2_PLACEMENT_3D('',#4941,#3992,#3993);
#3197=AXIS2_PLACEMENT_3D('',#4942,#3994,#3995);
#3198=AXIS2_PLACEMENT_3D('',#4946,#3997,#3998);
#3199=AXIS2_PLACEMENT_3D('',#4949,#4000,#4001);
#3200=AXIS2_PLACEMENT_3D('',#4952,#4004,#4005);
#3201=AXIS2_PLACEMENT_3D('',#4958,#4006,#4007);
#3202=AXIS2_PLACEMENT_3D('',#4959,#4008,#4009);
#3203=AXIS2_PLACEMENT_3D('',#4960,#4010,#4011);
#3204=AXIS2_PLACEMENT_3D('',#4961,#4012,#4013);
#3205=AXIS2_PLACEMENT_3D('',#4962,#4014,#4015);
#3206=AXIS2_PLACEMENT_3D('',#4963,#4016,#4017);
#3207=AXIS2_PLACEMENT_3D('',#4964,#4018,#4019);
#3208=AXIS2_PLACEMENT_3D('',#4965,#4020,#4021);
#3209=AXIS2_PLACEMENT_3D('',#4971,#4022,#4023);
#3210=AXIS2_PLACEMENT_3D('',#4972,#4024,#4025);
#3211=AXIS2_PLACEMENT_3D('',#4973,#4026,#4027);
#3212=AXIS2_PLACEMENT_3D('',#4974,#4028,#4029);
#3213=AXIS2_PLACEMENT_3D('',#4975,#4030,#4031);
#3214=AXIS2_PLACEMENT_3D('',#4976,#4032,#4033);
#3215=AXIS2_PLACEMENT_3D('',#4977,#4034,#4035);
#3216=AXIS2_PLACEMENT_3D('',#4978,#4036,#4037);
#3217=AXIS2_PLACEMENT_3D('',#4979,#4038,#4039);
#3218=AXIS2_PLACEMENT_3D('',#4980,#4040,#4041);
#3219=AXIS2_PLACEMENT_3D('',#4981,#4042,#4043);
#3220=AXIS2_PLACEMENT_3D('',#4982,#4044,#4045);
#3221=AXIS2_PLACEMENT_3D('',#4983,#4046,#4047);
#3222=AXIS2_PLACEMENT_3D('',#4984,#4048,#4049);
#3223=AXIS2_PLACEMENT_3D('',#4985,#4050,#4051);
#3224=AXIS2_PLACEMENT_3D('',#4986,#4052,#4053);
#3225=AXIS2_PLACEMENT_3D('',#4987,#4054,#4055);
#3226=AXIS2_PLACEMENT_3D('',#4988,#4056,#4057);
#3227=AXIS2_PLACEMENT_3D('',#4989,#4058,#4059);
#3228=AXIS2_PLACEMENT_3D('',#4990,#4060,#4061);
#3229=AXIS2_PLACEMENT_3D('',#4991,#4062,#4063);
#3230=AXIS2_PLACEMENT_3D('',#4992,#4064,#4065);
#3231=AXIS2_PLACEMENT_3D('',#4993,#4066,#4067);
#3232=AXIS2_PLACEMENT_3D('',#5002,#4068,#4069);
#3233=AXIS2_PLACEMENT_3D('',#5003,#4070,#4071);
#3234=AXIS2_PLACEMENT_3D('',#5004,#4072,#4073);
#3235=AXIS2_PLACEMENT_3D('',#5005,#4074,#4075);
#3236=AXIS2_PLACEMENT_3D('',#5006,#4076,#4077);
#3237=AXIS2_PLACEMENT_3D('',#5007,#4078,#4079);
#3238=AXIS2_PLACEMENT_3D('',#5008,#4080,#4081);
#3239=AXIS2_PLACEMENT_3D('',#5009,#4082,#4083);
#3240=AXIS2_PLACEMENT_3D('',#5010,#4084,#4085);
#3241=AXIS2_PLACEMENT_3D('',#5011,#4086,#4087);
#3242=AXIS2_PLACEMENT_3D('',#5012,#4088,#4089);
#3243=AXIS2_PLACEMENT_3D('',#5013,#4090,#4091);
#3244=AXIS2_PLACEMENT_3D('',#5014,#4092,#4093);
#3245=AXIS2_PLACEMENT_3D('',#5015,#4094,#4095);
#3246=AXIS2_PLACEMENT_3D('',#5016,#4096,#4097);
#3247=AXIS2_PLACEMENT_3D('',#5017,#4098,#4099);
#3248=AXIS2_PLACEMENT_3D('',#5022,#4100,#4101);
#3249=AXIS2_PLACEMENT_3D('',#5027,#4102,#4103);
#3250=AXIS2_PLACEMENT_3D('',#5028,#4104,#4105);
#3251=AXIS2_PLACEMENT_3D('',#5029,#4106,#4107);
#3252=AXIS2_PLACEMENT_3D('',#5030,#4108,#4109);
#3253=AXIS2_PLACEMENT_3D('',#5031,#4110,#4111);
#3254=AXIS2_PLACEMENT_3D('',#5032,#4112,#4113);
#3255=AXIS2_PLACEMENT_3D('',#5033,#4114,#4115);
#3256=AXIS2_PLACEMENT_3D('',#5034,#4116,#4117);
#3257=AXIS2_PLACEMENT_3D('',#5035,#4118,#4119);
#3258=AXIS2_PLACEMENT_3D('',#5036,#4120,#4121);
#3259=AXIS2_PLACEMENT_3D('',#5037,#4122,#4123);
#3260=AXIS2_PLACEMENT_3D('',#5038,#4124,#4125);
#3261=AXIS2_PLACEMENT_3D('',#5039,#4126,#4127);
#3262=AXIS2_PLACEMENT_3D('',#5040,#4128,#4129);
#3263=AXIS2_PLACEMENT_3D('',#5041,#4130,#4131);
#3264=AXIS2_PLACEMENT_3D('',#5042,#4132,#4133);
#3265=AXIS2_PLACEMENT_3D('',#5043,#4134,#4135);
#3266=AXIS2_PLACEMENT_3D('',#5044,#4136,#4137);
#3267=AXIS2_PLACEMENT_3D('',#5045,#4138,#4139);
#3268=AXIS2_PLACEMENT_3D('',#5046,#4140,#4141);
#3269=AXIS2_PLACEMENT_3D('',#5047,#4142,#4143);
#3270=DIRECTION('',(0.,0.,1.));
#3271=DIRECTION('',(1.,0.,0.));
#3272=DIRECTION('',(0.,-1.,0.));
#3273=DIRECTION('',(-1.,0.,0.));
#3274=DIRECTION('',(-1.,0.,0.));
#3275=DIRECTION('',(0.,-1.,0.));
#3276=DIRECTION('',(-1.,0.,0.));
#3277=DIRECTION('',(0.,0.,-1.));
#3278=DIRECTION('',(0.,1.,0.));
#3279=DIRECTION('',(-1.02798428206033E-15,0.,1.));
#3280=DIRECTION('',(1.,0.,0.));
#3281=DIRECTION('',(0.,-1.,0.));
#3282=DIRECTION('',(-1.,0.,0.));
#3283=DIRECTION('',(0.,0.,1.));
#3284=DIRECTION('',(0.,-1.,0.));
#3285=DIRECTION('',(-1.,0.,0.));
#3286=DIRECTION('',(1.,0.,0.));
#3287=DIRECTION('',(0.,0.,1.));
#3288=DIRECTION('',(1.,0.,0.));
#3289=DIRECTION('',(0.707106781186548,0.,0.707106781186548));
#3290=DIRECTION('',(0.,0.,1.));
#3291=DIRECTION('',(1.,0.,0.));
#3292=DIRECTION('',(0.,0.,1.));
#3293=DIRECTION('',(-0.707106781186548,0.,0.707106781186548));
#3294=DIRECTION('',(1.,0.,0.));
#3295=DIRECTION('',(0.,0.,1.));
#3296=DIRECTION('',(1.,0.,0.));
#3297=DIRECTION('',(0.,1.,0.));
#3298=DIRECTION('',(-2.1350442781253E-15,0.,1.));
#3299=DIRECTION('',(0.,0.,-1.));
#3300=DIRECTION('',(0.,-1.,0.));
#3301=DIRECTION('',(-1.,0.,0.));
#3302=DIRECTION('',(0.,0.,-1.));
#3303=DIRECTION('',(0.,1.,0.));
#3304=DIRECTION('',(0.,1.,0.));
#3305=DIRECTION('',(1.,0.,0.));
#3306=DIRECTION('',(0.,-1.,0.));
#3307=DIRECTION('',(0.,0.,-1.));
#3308=DIRECTION('',(0.,1.,0.));
#3309=DIRECTION('',(0.,-1.,0.));
#3310=DIRECTION('',(1.,0.,0.));
#3311=DIRECTION('',(0.,-1.,0.));
#3312=DIRECTION('',(0.,0.,-1.));
#3313=DIRECTION('',(0.,1.,0.));
#3314=DIRECTION('',(-1.22464679914735E-16,0.,-1.));
#3315=DIRECTION('',(-1.,0.,1.22464679914735E-16));
#3316=DIRECTION('',(1.22464679914735E-16,0.,1.));
#3317=DIRECTION('',(1.,0.,-1.22464679914735E-16));
#3318=DIRECTION('',(0.,-1.,0.));
#3319=DIRECTION('',(-1.,0.,1.22464679914735E-16));
#3320=DIRECTION('',(0.,-1.,0.));
#3321=DIRECTION('',(-1.,0.,1.22464679914735E-16));
#3322=DIRECTION('',(1.22464679914735E-16,0.,1.));
#3323=DIRECTION('',(1.,0.,-1.22464679914735E-16));
#3324=DIRECTION('',(0.,-1.,0.));
#3325=DIRECTION('',(-1.,0.,1.22464679914735E-16));
#3326=DIRECTION('',(0.,1.,0.));
#3327=DIRECTION('',(-1.,0.,1.22464679914735E-16));
#3328=DIRECTION('',(0.,1.,0.));
#3329=DIRECTION('',(1.,0.,0.));
#3330=DIRECTION('',(0.,1.,0.));
#3331=DIRECTION('',(1.,0.,0.));
#3332=DIRECTION('',(0.,-1.,0.));
#3333=DIRECTION('',(0.,1.,0.));
#3334=DIRECTION('',(1.,0.,0.));
#3335=DIRECTION('',(0.,1.,0.));
#3336=DIRECTION('',(1.,0.,0.));
#3337=DIRECTION('',(0.,-1.,0.));
#3338=DIRECTION('',(0.,1.,0.));
#3339=DIRECTION('',(1.,0.,0.));
#3340=DIRECTION('',(0.,1.,0.));
#3341=DIRECTION('',(1.,0.,0.));
#3342=DIRECTION('',(1.,0.,0.));
#3343=DIRECTION('',(0.,-1.,0.));
#3344=DIRECTION('',(1.,0.,0.));
#3345=DIRECTION('',(0.,-1.,0.));
#3346=DIRECTION('',(0.,0.,-1.));
#3347=DIRECTION('',(1.,0.,0.));
#3348=DIRECTION('',(0.,-1.,0.));
#3349=DIRECTION('',(0.,0.,-1.));
#3350=DIRECTION('',(0.,-1.,0.));
#3351=DIRECTION('',(0.,-1.,0.));
#3352=DIRECTION('',(0.,0.,-1.));
#3353=DIRECTION('',(0.,-1.,0.));
#3354=DIRECTION('',(0.,0.,-1.));
#3355=DIRECTION('',(0.,0.,-1.));
#3356=DIRECTION('',(1.,0.,0.));
#3357=DIRECTION('',(0.,-1.,0.));
#3358=DIRECTION('',(1.,0.,0.));
#3359=DIRECTION('',(0.,-1.,0.));
#3360=DIRECTION('',(-1.,0.,0.));
#3361=DIRECTION('',(0.,1.,0.));
#3362=DIRECTION('',(-1.,0.,0.));
#3363=DIRECTION('',(0.,1.,0.));
#3364=DIRECTION('',(-1.,0.,0.));
#3365=DIRECTION('',(0.,1.,0.));
#3366=DIRECTION('',(-1.,0.,0.));
#3367=DIRECTION('',(0.,1.,0.));
#3368=DIRECTION('',(0.,0.,-1.));
#3369=DIRECTION('',(0.,0.,-1.));
#3370=DIRECTION('',(0.,-1.,0.));
#3371=DIRECTION('',(0.,0.,-1.));
#3372=DIRECTION('',(0.,-1.,0.));
#3373=DIRECTION('',(0.,-1.,0.));
#3374=DIRECTION('',(0.,0.,-1.));
#3375=DIRECTION('',(-1.,0.,0.));
#3376=DIRECTION('',(0.,1.,0.));
#3377=DIRECTION('',(0.,0.,-1.));
#3378=DIRECTION('',(0.,1.,0.));
#3379=DIRECTION('',(1.,0.,0.));
#3380=DIRECTION('',(0.,1.,0.));
#3381=DIRECTION('',(1.,0.,0.));
#3382=DIRECTION('',(0.,-1.,0.));
#3383=DIRECTION('',(0.,1.,0.));
#3384=DIRECTION('',(1.,0.,0.));
#3385=DIRECTION('',(0.,-1.,0.));
#3386=DIRECTION('',(0.,1.,0.));
#3387=DIRECTION('',(1.,0.,0.));
#3388=DIRECTION('',(0.,-1.,0.));
#3389=DIRECTION('',(-1.,0.,0.));
#3390=DIRECTION('',(1.,0.,0.));
#3391=DIRECTION('',(0.,-1.,0.));
#3392=DIRECTION('',(-1.,0.,0.));
#3393=DIRECTION('',(0.,-1.,0.));
#3394=DIRECTION('',(-1.,0.,0.));
#3395=DIRECTION('',(-1.22464679914735E-16,0.,-1.));
#3396=DIRECTION('',(0.,-1.,0.));
#3397=DIRECTION('',(-1.,0.,0.));
#3398=DIRECTION('',(0.,-1.,0.));
#3399=DIRECTION('',(-1.,0.,0.));
#3400=DIRECTION('',(0.,0.,1.));
#3401=DIRECTION('',(0.,-1.,0.));
#3402=DIRECTION('',(0.,0.,1.));
#3403=DIRECTION('',(0.,-1.,0.));
#3404=DIRECTION('',(0.146083028562412,0.989272332962988,0.));
#3405=DIRECTION('',(0.783693457325847,-0.621147780278301,0.));
#3406=DIRECTION('',(0.,1.,0.));
#3407=DIRECTION('',(0.,0.,1.));
#3408=DIRECTION('',(0.,-1.,0.));
#3409=DIRECTION('',(0.,1.,0.));
#3410=DIRECTION('',(0.783693457325852,0.621147780278295,0.));
#3411=DIRECTION('',(0.146083028562338,-0.989272332962999,0.));
#3412=DIRECTION('',(0.,0.,1.));
#3413=DIRECTION('',(0.,-1.,0.));
#3414=DIRECTION('',(0.913545457642596,0.406736643075811,0.));
#3415=DIRECTION('',(-0.10452846326771,-0.994521895368267,0.));
#3416=DIRECTION('',(0.,0.,1.));
#3417=DIRECTION('',(0.,-1.,0.));
#3418=DIRECTION('',(0.985996037070503,0.166768746716111,0.));
#3419=DIRECTION('',(-0.348572047321837,-0.937281989491883,0.));
#3420=DIRECTION('',(0.,0.,1.));
#3421=DIRECTION('',(0.,-1.,0.));
#3422=DIRECTION('',(0.996492859249503,-0.0836778433323293,0.));
#3423=DIRECTION('',(-0.570713567684484,-0.821149209133668,0.));
#3424=DIRECTION('',(0.,0.,1.));
#3425=DIRECTION('',(0.,-1.,0.));
#3426=DIRECTION('',(0.944376370237475,-0.328866646738599,0.));
#3427=DIRECTION('',(-0.756995055651786,-0.653420603990071,0.));
#3428=DIRECTION('',(0.,0.,1.));
#3429=DIRECTION('',(0.,-1.,0.));
#3430=DIRECTION('',(0.832921240710093,-0.553391549243354,0.));
#3431=DIRECTION('',(-0.895711760239419,-0.444635179184917,0.));
#3432=DIRECTION('',(0.,0.,1.));
#3433=DIRECTION('',(0.,-1.,0.));
#3434=DIRECTION('',(0.669130606358851,-0.743144825477401,0.));
#3435=DIRECTION('',(-0.978147600733806,-0.20791169081776,0.));
#3436=DIRECTION('',(0.,0.,1.));
#3437=DIRECTION('',(0.,-1.,0.));
#3438=DIRECTION('',(0.463296035119848,-0.886203579231222,0.));
#3439=DIRECTION('',(-0.999122830098857,0.0418756537292412,0.));
#3440=DIRECTION('',(0.,0.,1.));
#3441=DIRECTION('',(0.,-1.,0.));
#3442=DIRECTION('',(0.228350870110599,-0.973578902873174,0.));
#3443=DIRECTION('',(-0.957319497532081,0.289031796944425,0.));
#3444=DIRECTION('',(0.,0.,1.));
#3445=DIRECTION('',(0.,-1.,0.));
#3446=DIRECTION('',(-0.0209424198834235,-0.999780683474844,0.));
#3447=DIRECTION('',(-0.855364260160512,0.518027009373122,0.));
#3448=DIRECTION('',(0.,0.,1.));
#3449=DIRECTION('',(0.,-1.,0.));
#3450=DIRECTION('',(-0.268919820615283,-0.963162566797653,0.));
#3451=DIRECTION('',(-0.699663340513359,0.71447267963281,0.));
#3452=DIRECTION('',(0.,-1.,0.));
#3453=DIRECTION('',(0.,0.,1.));
#3454=DIRECTION('',(0.,-1.,0.));
#3455=DIRECTION('',(0.,-1.,0.));
#3456=DIRECTION('',(0.699663340513367,0.714472679632802,0.));
#3457=DIRECTION('',(0.268919820615266,-0.963162566797658,0.));
#3458=DIRECTION('',(0.,0.,1.));
#3459=DIRECTION('',(0.,-1.,0.));
#3460=DIRECTION('',(0.855364260160535,0.518027009373083,0.));
#3461=DIRECTION('',(0.0209424198833638,-0.999780683474845,0.));
#3462=DIRECTION('',(0.,0.,1.));
#3463=DIRECTION('',(0.,-1.,0.));
#3464=DIRECTION('',(0.957319497532066,0.289031796944475,0.));
#3465=DIRECTION('',(-0.228350870110664,-0.973578902873158,0.));
#3466=DIRECTION('',(0.,0.,1.));
#3467=DIRECTION('',(0.,-1.,0.));
#3468=DIRECTION('',(0.999122830098858,0.0418756537292082,0.));
#3469=DIRECTION('',(-0.463296035119859,-0.886203579231216,0.));
#3470=DIRECTION('',(0.,0.,1.));
#3471=DIRECTION('',(0.,-1.,0.));
#3472=DIRECTION('',(0.978147600733795,-0.20791169081781,0.));
#3473=DIRECTION('',(-0.669130606358867,-0.743144825477387,0.));
#3474=DIRECTION('',(0.,0.,1.));
#3475=DIRECTION('',(0.,-1.,0.));
#3476=DIRECTION('',(0.895711760239425,-0.444635179184904,0.));
#3477=DIRECTION('',(-0.832921240710109,-0.55339154924333,0.));
#3478=DIRECTION('',(0.,0.,1.));
#3479=DIRECTION('',(0.,-1.,0.));
#3480=DIRECTION('',(0.756995055651753,-0.653420603990109,0.));
#3481=DIRECTION('',(-0.944376370237471,-0.328866646738613,0.));
#3482=DIRECTION('',(0.,0.,1.));
#3483=DIRECTION('',(0.,-1.,0.));
#3484=DIRECTION('',(0.570713567684422,-0.821149209133711,0.));
#3485=DIRECTION('',(-0.996492859249506,-0.0836778433322945,0.));
#3486=DIRECTION('',(0.,0.,1.));
#3487=DIRECTION('',(0.,-1.,0.));
#3488=DIRECTION('',(0.34857204732183,-0.937281989491886,0.));
#3489=DIRECTION('',(-0.985996037070497,0.166768746716147,0.));
#3490=DIRECTION('',(0.,0.,1.));
#3491=DIRECTION('',(0.,-1.,0.));
#3492=DIRECTION('',(0.104528463267612,-0.994521895368278,0.));
#3493=DIRECTION('',(-0.913545457642592,0.406736643075821,0.));
#3494=DIRECTION('',(1.,0.,0.));
#3495=DIRECTION('',(0.,-1.,0.));
#3496=DIRECTION('',(0.,1.,0.));
#3497=DIRECTION('',(1.,0.,0.));
#3498=DIRECTION('',(1.,0.,0.));
#3499=DIRECTION('',(0.,0.,1.));
#3500=DIRECTION('',(1.,0.,0.));
#3501=DIRECTION('',(0.707106781186548,0.,-0.707106781186548));
#3502=DIRECTION('',(0.,0.,1.));
#3503=DIRECTION('',(0.,0.,1.));
#3504=DIRECTION('',(-0.707106781186548,0.,-0.707106781186548));
#3505=DIRECTION('',(1.,0.,0.));
#3506=DIRECTION('',(0.,0.,1.));
#3507=DIRECTION('',(1.,0.,0.));
#3508=DIRECTION('',(0.,0.,1.));
#3509=DIRECTION('',(1.,0.,0.));
#3510=DIRECTION('',(0.,1.,0.));
#3511=DIRECTION('',(1.,0.,0.));
#3512=DIRECTION('',(0.,0.,-1.));
#3513=DIRECTION('',(0.,1.,0.));
#3514=DIRECTION('',(1.,0.,0.));
#3515=DIRECTION('',(-1.,0.,1.22464679914735E-16));
#3516=DIRECTION('',(-1.22464679914735E-16,0.,-1.));
#3517=DIRECTION('',(-1.,0.,1.22464679914735E-16));
#3518=DIRECTION('',(0.,1.,0.));
#3519=DIRECTION('',(1.,0.,0.));
#3520=DIRECTION('',(0.,0.,-1.));
#3521=DIRECTION('',(0.,1.,0.));
#3522=DIRECTION('',(1.,0.,0.));
#3523=DIRECTION('',(0.,0.,-1.));
#3524=DIRECTION('',(0.,1.,0.));
#3525=DIRECTION('',(0.,-1.,0.));
#3526=DIRECTION('',(1.,0.,0.));
#3527=DIRECTION('',(-1.,0.,1.22464679914735E-16));
#3528=DIRECTION('',(1.22464679914735E-16,0.,1.));
#3529=DIRECTION('',(0.,1.,0.));
#3530=DIRECTION('',(-1.22464679914735E-16,0.,-1.));
#3531=DIRECTION('',(0.,-1.,0.));
#3532=DIRECTION('',(1.,0.,0.));
#3533=DIRECTION('',(0.,0.,-1.));
#3534=DIRECTION('',(0.,-1.,0.));
#3535=DIRECTION('',(0.,0.,1.));
#3536=DIRECTION('',(0.,1.,0.));
#3537=DIRECTION('',(1.,0.,0.));
#3538=DIRECTION('',(0.,-1.,0.));
#3539=DIRECTION('',(0.,0.,1.));
#3540=DIRECTION('',(0.,1.,0.));
#3541=DIRECTION('',(0.,0.,1.));
#3542=DIRECTION('',(-0.621147780278301,-0.783693457325847,0.));
#3543=DIRECTION('',(-0.783693457325847,0.621147780278301,0.));
#3544=DIRECTION('',(0.,0.,1.));
#3545=DIRECTION('',(0.783693457325847,-0.621147780278301,0.));
#3546=DIRECTION('',(0.989272332962988,-0.146083028562412,0.));
#3547=DIRECTION('',(-0.146083028562412,-0.989272332962988,0.));
#3548=DIRECTION('',(0.,0.,1.));
#3549=DIRECTION('',(0.146083028562412,0.989272332962988,0.));
#3550=DIRECTION('',(0.,0.,1.));
#3551=DIRECTION('',(0.,-1.,0.));
#3552=DIRECTION('',(0.,0.,1.));
#3553=DIRECTION('',(0.,0.,1.));
#3554=DIRECTION('',(0.,-1.,0.));
#3555=DIRECTION('',(0.406736643075821,0.913545457642592,0.));
#3556=DIRECTION('',(0.913545457642592,-0.406736643075821,0.));
#3557=DIRECTION('',(0.,0.,1.));
#3558=DIRECTION('',(-0.913545457642592,0.406736643075821,0.));
#3559=DIRECTION('',(-0.994521895368278,-0.104528463267612,0.));
#3560=DIRECTION('',(-0.104528463267612,0.994521895368278,0.));
#3561=DIRECTION('',(0.,0.,1.));
#3562=DIRECTION('',(0.104528463267612,-0.994521895368278,0.));
#3563=DIRECTION('',(0.,0.,1.));
#3564=DIRECTION('',(0.,-1.,0.));
#3565=DIRECTION('',(0.,0.,1.));
#3566=DIRECTION('',(0.,0.,1.));
#3567=DIRECTION('',(0.,-1.,0.));
#3568=DIRECTION('',(0.166768746716147,0.985996037070497,0.));
#3569=DIRECTION('',(0.985996037070497,-0.166768746716147,0.));
#3570=DIRECTION('',(0.,0.,1.));
#3571=DIRECTION('',(-0.985996037070497,0.166768746716147,0.));
#3572=DIRECTION('',(-0.937281989491886,-0.34857204732183,0.));
#3573=DIRECTION('',(-0.34857204732183,0.937281989491886,0.));
#3574=DIRECTION('',(0.,0.,1.));
#3575=DIRECTION('',(0.34857204732183,-0.937281989491886,0.));
#3576=DIRECTION('',(0.,0.,1.));
#3577=DIRECTION('',(0.,-1.,0.));
#3578=DIRECTION('',(0.,0.,1.));
#3579=DIRECTION('',(0.,0.,1.));
#3580=DIRECTION('',(0.,-1.,0.));
#3581=DIRECTION('',(-0.0836778433322945,0.996492859249506,0.));
#3582=DIRECTION('',(0.996492859249506,0.0836778433322945,0.));
#3583=DIRECTION('',(0.,0.,1.));
#3584=DIRECTION('',(-0.996492859249506,-0.0836778433322945,0.));
#3585=DIRECTION('',(-0.821149209133711,-0.570713567684422,0.));
#3586=DIRECTION('',(-0.570713567684422,0.821149209133711,0.));
#3587=DIRECTION('',(0.,0.,1.));
#3588=DIRECTION('',(0.570713567684422,-0.821149209133711,0.));
#3589=DIRECTION('',(0.,0.,1.));
#3590=DIRECTION('',(0.,-1.,0.));
#3591=DIRECTION('',(0.,0.,1.));
#3592=DIRECTION('',(0.,0.,1.));
#3593=DIRECTION('',(0.,-1.,0.));
#3594=DIRECTION('',(-0.328866646738613,0.944376370237471,0.));
#3595=DIRECTION('',(0.944376370237471,0.328866646738613,0.));
#3596=DIRECTION('',(0.,0.,1.));
#3597=DIRECTION('',(-0.944376370237471,-0.328866646738613,0.));
#3598=DIRECTION('',(-0.653420603990109,-0.756995055651753,0.));
#3599=DIRECTION('',(-0.756995055651753,0.653420603990109,0.));
#3600=DIRECTION('',(0.,0.,1.));
#3601=DIRECTION('',(0.756995055651753,-0.653420603990109,0.));
#3602=DIRECTION('',(0.,0.,1.));
#3603=DIRECTION('',(0.,-1.,0.));
#3604=DIRECTION('',(0.,0.,1.));
#3605=DIRECTION('',(0.,0.,1.));
#3606=DIRECTION('',(0.,-1.,0.));
#3607=DIRECTION('',(-0.55339154924333,0.832921240710109,0.));
#3608=DIRECTION('',(0.832921240710109,0.55339154924333,0.));
#3609=DIRECTION('',(0.,0.,1.));
#3610=DIRECTION('',(-0.832921240710109,-0.55339154924333,0.));
#3611=DIRECTION('',(-0.444635179184904,-0.895711760239425,0.));
#3612=DIRECTION('',(-0.895711760239425,0.444635179184904,0.));
#3613=DIRECTION('',(0.,0.,1.));
#3614=DIRECTION('',(0.895711760239425,-0.444635179184904,0.));
#3615=DIRECTION('',(0.,0.,1.));
#3616=DIRECTION('',(0.,-1.,0.));
#3617=DIRECTION('',(0.,0.,1.));
#3618=DIRECTION('',(0.,0.,1.));
#3619=DIRECTION('',(0.,-1.,0.));
#3620=DIRECTION('',(-0.743144825477387,0.669130606358867,0.));
#3621=DIRECTION('',(0.669130606358867,0.743144825477387,0.));
#3622=DIRECTION('',(0.,0.,1.));
#3623=DIRECTION('',(-0.669130606358867,-0.743144825477387,0.));
#3624=DIRECTION('',(-0.20791169081781,-0.978147600733795,0.));
#3625=DIRECTION('',(-0.978147600733795,0.20791169081781,0.));
#3626=DIRECTION('',(0.,0.,1.));
#3627=DIRECTION('',(0.978147600733795,-0.20791169081781,0.));
#3628=DIRECTION('',(0.,0.,1.));
#3629=DIRECTION('',(0.,-1.,0.));
#3630=DIRECTION('',(0.,0.,1.));
#3631=DIRECTION('',(0.,0.,1.));
#3632=DIRECTION('',(0.,-1.,0.));
#3633=DIRECTION('',(-0.886203579231216,0.463296035119859,0.));
#3634=DIRECTION('',(0.463296035119859,0.886203579231216,0.));
#3635=DIRECTION('',(0.,0.,1.));
#3636=DIRECTION('',(-0.463296035119859,-0.886203579231216,0.));
#3637=DIRECTION('',(0.0418756537292082,-0.999122830098858,0.));
#3638=DIRECTION('',(-0.999122830098858,-0.0418756537292082,0.));
#3639=DIRECTION('',(0.,0.,1.));
#3640=DIRECTION('',(0.999122830098858,0.0418756537292082,0.));
#3641=DIRECTION('',(0.,0.,1.));
#3642=DIRECTION('',(0.,-1.,0.));
#3643=DIRECTION('',(0.,0.,1.));
#3644=DIRECTION('',(0.,0.,1.));
#3645=DIRECTION('',(0.,-1.,0.));
#3646=DIRECTION('',(-0.973578902873158,0.228350870110664,0.));
#3647=DIRECTION('',(0.228350870110664,0.973578902873158,0.));
#3648=DIRECTION('',(0.,0.,1.));
#3649=DIRECTION('',(-0.228350870110664,-0.973578902873158,0.));
#3650=DIRECTION('',(0.289031796944475,-0.957319497532066,0.));
#3651=DIRECTION('',(-0.957319497532066,-0.289031796944475,0.));
#3652=DIRECTION('',(0.,0.,1.));
#3653=DIRECTION('',(0.957319497532066,0.289031796944475,0.));
#3654=DIRECTION('',(0.,0.,1.));
#3655=DIRECTION('',(0.,-1.,0.));
#3656=DIRECTION('',(0.,0.,1.));
#3657=DIRECTION('',(0.,0.,1.));
#3658=DIRECTION('',(0.,-1.,0.));
#3659=DIRECTION('',(-0.999780683474845,-0.0209424198833638,0.));
#3660=DIRECTION('',(-0.0209424198833638,0.999780683474845,0.));
#3661=DIRECTION('',(0.,0.,1.));
#3662=DIRECTION('',(0.0209424198833638,-0.999780683474845,0.));
#3663=DIRECTION('',(0.518027009373083,-0.855364260160535,0.));
#3664=DIRECTION('',(-0.855364260160535,-0.518027009373083,0.));
#3665=DIRECTION('',(0.,0.,1.));
#3666=DIRECTION('',(0.855364260160535,0.518027009373083,0.));
#3667=DIRECTION('',(0.,0.,1.));
#3668=DIRECTION('',(0.,-1.,0.));
#3669=DIRECTION('',(0.,0.,1.));
#3670=DIRECTION('',(0.,0.,1.));
#3671=DIRECTION('',(0.,-1.,0.));
#3672=DIRECTION('',(-0.963162566797658,-0.268919820615266,0.));
#3673=DIRECTION('',(-0.268919820615266,0.963162566797658,0.));
#3674=DIRECTION('',(0.,0.,1.));
#3675=DIRECTION('',(0.268919820615266,-0.963162566797658,0.));
#3676=DIRECTION('',(0.714472679632802,-0.699663340513367,0.));
#3677=DIRECTION('',(-0.699663340513367,-0.714472679632802,0.));
#3678=DIRECTION('',(0.,0.,1.));
#3679=DIRECTION('',(0.699663340513367,0.714472679632802,0.));
#3680=DIRECTION('',(-1.,0.,0.));
#3681=DIRECTION('',(0.,1.,0.));
#3682=DIRECTION('',(0.,0.,1.));
#3683=DIRECTION('',(0.,-1.,0.));
#3684=DIRECTION('',(0.,0.,1.));
#3685=DIRECTION('',(0.,-1.,0.));
#3686=DIRECTION('',(0.,0.,1.));
#3687=DIRECTION('',(0.,0.,1.));
#3688=DIRECTION('',(0.,-1.,0.));
#3689=DIRECTION('',(-1.,0.,0.));
#3690=DIRECTION('',(0.,1.,0.));
#3691=DIRECTION('',(0.,0.,1.));
#3692=DIRECTION('',(0.,-1.,0.));
#3693=DIRECTION('',(0.71447267963281,0.699663340513359,0.));
#3694=DIRECTION('',(0.699663340513359,-0.71447267963281,0.));
#3695=DIRECTION('',(0.,0.,1.));
#3696=DIRECTION('',(-0.699663340513359,0.71447267963281,0.));
#3697=DIRECTION('',(-0.963162566797653,0.268919820615283,0.));
#3698=DIRECTION('',(0.268919820615283,0.963162566797653,0.));
#3699=DIRECTION('',(0.,0.,1.));
#3700=DIRECTION('',(-0.268919820615283,-0.963162566797653,0.));
#3701=DIRECTION('',(0.,0.,1.));
#3702=DIRECTION('',(0.,-1.,0.));
#3703=DIRECTION('',(0.,0.,1.));
#3704=DIRECTION('',(0.,0.,1.));
#3705=DIRECTION('',(0.,-1.,0.));
#3706=DIRECTION('',(0.518027009373122,0.855364260160512,0.));
#3707=DIRECTION('',(0.855364260160512,-0.518027009373122,0.));
#3708=DIRECTION('',(0.,0.,1.));
#3709=DIRECTION('',(-0.855364260160512,0.518027009373122,0.));
#3710=DIRECTION('',(-0.999780683474844,0.0209424198834235,0.));
#3711=DIRECTION('',(0.0209424198834235,0.999780683474844,0.));
#3712=DIRECTION('',(0.,0.,1.));
#3713=DIRECTION('',(-0.0209424198834235,-0.999780683474844,0.));
#3714=DIRECTION('',(0.,0.,1.));
#3715=DIRECTION('',(0.,-1.,0.));
#3716=DIRECTION('',(0.,0.,1.));
#3717=DIRECTION('',(0.,0.,1.));
#3718=DIRECTION('',(0.,-1.,0.));
#3719=DIRECTION('',(0.289031796944425,0.957319497532081,0.));
#3720=DIRECTION('',(0.957319497532081,-0.289031796944425,0.));
#3721=DIRECTION('',(0.,0.,1.));
#3722=DIRECTION('',(-0.957319497532081,0.289031796944425,0.));
#3723=DIRECTION('',(-0.973578902873174,-0.228350870110599,0.));
#3724=DIRECTION('',(-0.228350870110599,0.973578902873174,0.));
#3725=DIRECTION('',(0.,0.,1.));
#3726=DIRECTION('',(0.228350870110599,-0.973578902873174,0.));
#3727=DIRECTION('',(0.,0.,1.));
#3728=DIRECTION('',(0.,-1.,0.));
#3729=DIRECTION('',(0.,0.,1.));
#3730=DIRECTION('',(0.,0.,1.));
#3731=DIRECTION('',(0.,-1.,0.));
#3732=DIRECTION('',(0.0418756537292412,0.999122830098857,0.));
#3733=DIRECTION('',(0.999122830098857,-0.0418756537292412,0.));
#3734=DIRECTION('',(0.,0.,1.));
#3735=DIRECTION('',(-0.999122830098857,0.0418756537292412,0.));
#3736=DIRECTION('',(-0.886203579231222,-0.463296035119848,0.));
#3737=DIRECTION('',(-0.463296035119848,0.886203579231222,0.));
#3738=DIRECTION('',(0.,0.,1.));
#3739=DIRECTION('',(0.463296035119848,-0.886203579231222,0.));
#3740=DIRECTION('',(0.,0.,1.));
#3741=DIRECTION('',(0.,-1.,0.));
#3742=DIRECTION('',(0.,0.,1.));
#3743=DIRECTION('',(0.,0.,1.));
#3744=DIRECTION('',(0.,-1.,0.));
#3745=DIRECTION('',(-0.20791169081776,0.978147600733806,0.));
#3746=DIRECTION('',(0.978147600733806,0.20791169081776,0.));
#3747=DIRECTION('',(0.,0.,1.));
#3748=DIRECTION('',(-0.978147600733806,-0.20791169081776,0.));
#3749=DIRECTION('',(-0.743144825477401,-0.669130606358851,0.));
#3750=DIRECTION('',(-0.669130606358851,0.743144825477401,0.));
#3751=DIRECTION('',(0.,0.,1.));
#3752=DIRECTION('',(0.669130606358851,-0.743144825477401,0.));
#3753=DIRECTION('',(0.,0.,1.));
#3754=DIRECTION('',(0.,-1.,0.));
#3755=DIRECTION('',(0.,0.,1.));
#3756=DIRECTION('',(0.,0.,1.));
#3757=DIRECTION('',(0.,-1.,0.));
#3758=DIRECTION('',(-0.444635179184917,0.895711760239419,0.));
#3759=DIRECTION('',(0.895711760239419,0.444635179184917,0.));
#3760=DIRECTION('',(0.,0.,1.));
#3761=DIRECTION('',(-0.895711760239419,-0.444635179184917,0.));
#3762=DIRECTION('',(-0.553391549243354,-0.832921240710093,0.));
#3763=DIRECTION('',(-0.832921240710093,0.553391549243354,0.));
#3764=DIRECTION('',(0.,0.,1.));
#3765=DIRECTION('',(0.832921240710093,-0.553391549243354,0.));
#3766=DIRECTION('',(0.,0.,1.));
#3767=DIRECTION('',(0.,-1.,0.));
#3768=DIRECTION('',(0.,0.,1.));
#3769=DIRECTION('',(0.,0.,1.));
#3770=DIRECTION('',(0.,-1.,0.));
#3771=DIRECTION('',(-0.653420603990071,0.756995055651786,0.));
#3772=DIRECTION('',(0.756995055651786,0.653420603990071,0.));
#3773=DIRECTION('',(0.,0.,1.));
#3774=DIRECTION('',(-0.756995055651786,-0.653420603990071,0.));
#3775=DIRECTION('',(-0.328866646738599,-0.944376370237475,0.));
#3776=DIRECTION('',(-0.944376370237475,0.328866646738599,0.));
#3777=DIRECTION('',(0.,0.,1.));
#3778=DIRECTION('',(0.944376370237475,-0.328866646738599,0.));
#3779=DIRECTION('',(0.,0.,1.));
#3780=DIRECTION('',(0.,-1.,0.));
#3781=DIRECTION('',(0.,0.,1.));
#3782=DIRECTION('',(0.,0.,1.));
#3783=DIRECTION('',(0.,-1.,0.));
#3784=DIRECTION('',(-0.821149209133668,0.570713567684484,0.));
#3785=DIRECTION('',(0.570713567684484,0.821149209133668,0.));
#3786=DIRECTION('',(0.,0.,1.));
#3787=DIRECTION('',(-0.570713567684484,-0.821149209133668,0.));
#3788=DIRECTION('',(-0.0836778433323293,-0.996492859249503,0.));
#3789=DIRECTION('',(-0.996492859249503,0.0836778433323293,0.));
#3790=DIRECTION('',(0.,0.,1.));
#3791=DIRECTION('',(0.996492859249503,-0.0836778433323293,0.));
#3792=DIRECTION('',(0.,0.,1.));
#3793=DIRECTION('',(0.,-1.,0.));
#3794=DIRECTION('',(0.,0.,1.));
#3795=DIRECTION('',(0.,0.,1.));
#3796=DIRECTION('',(0.,-1.,0.));
#3797=DIRECTION('',(-0.937281989491883,0.348572047321837,0.));
#3798=DIRECTION('',(0.348572047321837,0.937281989491883,0.));
#3799=DIRECTION('',(0.,0.,1.));
#3800=DIRECTION('',(-0.348572047321837,-0.937281989491883,0.));
#3801=DIRECTION('',(0.166768746716111,-0.985996037070503,0.));
#3802=DIRECTION('',(-0.985996037070503,-0.166768746716111,0.));
#3803=DIRECTION('',(0.,0.,1.));
#3804=DIRECTION('',(0.985996037070503,0.166768746716111,0.));
#3805=DIRECTION('',(0.,0.,1.));
#3806=DIRECTION('',(0.,-1.,0.));
#3807=DIRECTION('',(0.,0.,1.));
#3808=DIRECTION('',(0.,0.,1.));
#3809=DIRECTION('',(0.,-1.,0.));
#3810=DIRECTION('',(-0.994521895368267,0.10452846326771,0.));
#3811=DIRECTION('',(0.10452846326771,0.994521895368268,0.));
#3812=DIRECTION('',(0.,0.,1.));
#3813=DIRECTION('',(-0.10452846326771,-0.994521895368267,0.));
#3814=DIRECTION('',(0.406736643075811,-0.913545457642596,0.));
#3815=DIRECTION('',(-0.913545457642596,-0.406736643075811,0.));
#3816=DIRECTION('',(0.,0.,1.));
#3817=DIRECTION('',(0.913545457642596,0.406736643075811,0.));
#3818=DIRECTION('',(0.,0.,1.));
#3819=DIRECTION('',(0.,-1.,0.));
#3820=DIRECTION('',(0.,0.,1.));
#3821=DIRECTION('',(0.,0.,1.));
#3822=DIRECTION('',(0.,-1.,0.));
#3823=DIRECTION('',(-0.989272332962999,-0.146083028562338,0.));
#3824=DIRECTION('',(-0.146083028562338,0.989272332962999,0.));
#3825=DIRECTION('',(0.,0.,1.));
#3826=DIRECTION('',(0.146083028562338,-0.989272332962999,0.));
#3827=DIRECTION('',(0.621147780278295,-0.783693457325852,0.));
#3828=DIRECTION('',(-0.783693457325852,-0.621147780278295,0.));
#3829=DIRECTION('',(0.,0.,1.));
#3830=DIRECTION('',(0.783693457325852,0.621147780278295,0.));
#3831=DIRECTION('',(1.,0.,0.));
#3832=DIRECTION('',(0.,-1.,0.));
#3833=DIRECTION('',(0.,0.,1.));
#3834=DIRECTION('',(0.,1.,0.));
#3835=DIRECTION('',(0.,0.,1.));
#3836=DIRECTION('',(0.,-1.,0.));
#3837=DIRECTION('',(0.,0.,1.));
#3838=DIRECTION('',(0.,-1.,0.));
#3839=DIRECTION('',(0.,0.,1.));
#3840=DIRECTION('',(1.,0.,0.));
#3841=DIRECTION('',(0.,0.,-1.));
#3842=DIRECTION('',(0.,1.,0.));
#3843=DIRECTION('',(0.,0.,-1.));
#3844=DIRECTION('',(0.,1.,0.));
#3845=DIRECTION('',(0.,0.,-1.));
#3846=DIRECTION('',(0.,1.,0.));
#3847=DIRECTION('',(0.,0.,-1.));
#3848=DIRECTION('',(-1.,0.,0.));
#3849=DIRECTION('',(0.,0.,-1.));
#3850=DIRECTION('',(0.,1.,0.));
#3851=DIRECTION('',(0.,0.,-1.));
#3852=DIRECTION('',(0.,1.,0.));
#3853=DIRECTION('',(0.,1.,0.));
#3854=DIRECTION('',(1.,0.,0.));
#3855=DIRECTION('',(0.,1.,0.));
#3856=DIRECTION('',(1.,0.,0.));
#3857=DIRECTION('',(0.,-1.,0.));
#3858=DIRECTION('',(-1.,0.,0.));
#3859=DIRECTION('',(0.,-1.,0.));
#3860=DIRECTION('',(-1.,0.,0.));
#3861=DIRECTION('',(0.,-1.,0.));
#3862=DIRECTION('',(-1.,0.,0.));
#3863=DIRECTION('',(0.,-1.,0.));
#3864=DIRECTION('',(-1.,0.,0.));
#3865=DIRECTION('',(0.,1.,0.));
#3866=DIRECTION('',(1.,0.,0.));
#3867=DIRECTION('',(0.,1.,0.));
#3868=DIRECTION('',(1.,0.,0.));
#3869=DIRECTION('',(-1.,0.,0.));
#3870=DIRECTION('',(0.,1.,0.));
#3871=DIRECTION('',(0.,-1.,0.));
#3872=DIRECTION('',(-1.,0.,0.));
#3873=DIRECTION('',(0.,1.,0.));
#3874=DIRECTION('',(-1.,0.,0.));
#3875=DIRECTION('',(0.,1.,0.));
#3876=DIRECTION('',(0.,-1.,0.));
#3877=DIRECTION('',(0.,0.,-1.));
#3878=DIRECTION('',(-1.,0.,0.));
#3879=DIRECTION('',(0.,1.,0.));
#3880=DIRECTION('',(-1.,0.,0.));
#3881=DIRECTION('',(0.,1.,0.));
#3882=DIRECTION('',(0.,1.,0.));
#3883=DIRECTION('',(-1.,0.,0.));
#3884=DIRECTION('',(0.,1.,0.));
#3885=DIRECTION('',(-1.,0.,0.));
#3886=DIRECTION('',(0.,1.,0.));
#3887=DIRECTION('',(0.,-1.,0.));
#3888=DIRECTION('',(0.,0.,-1.));
#3889=DIRECTION('',(-1.,0.,0.));
#3890=DIRECTION('',(0.,-1.,0.));
#3891=DIRECTION('',(0.707106781186548,0.,0.707106781186548));
#3892=DIRECTION('',(0.,-1.,0.));
#3893=DIRECTION('',(0.707106781186548,0.,-0.707106781186548));
#3894=DIRECTION('',(0.,1.,0.));
#3895=DIRECTION('',(-1.22464679914735E-16,0.,-1.));
#3896=DIRECTION('',(-1.,0.,1.22464679914735E-16));
#3897=DIRECTION('',(1.22464679914735E-16,0.,1.));
#3898=DIRECTION('',(1.,0.,-1.22464679914735E-16));
#3899=DIRECTION('',(1.22464679914735E-16,0.,1.));
#3900=DIRECTION('',(1.,0.,-1.22464679914735E-16));
#3901=DIRECTION('',(-1.,0.,0.));
#3902=DIRECTION('',(0.,1.,0.));
#3903=DIRECTION('',(0.,1.,0.));
#3904=DIRECTION('',(0.,0.,-1.));
#3905=DIRECTION('',(0.,1.,0.));
#3906=DIRECTION('',(0.,0.,1.));
#3907=DIRECTION('',(1.,0.,0.));
#3908=DIRECTION('',(0.,-1.,0.));
#3909=DIRECTION('',(0.,1.,0.));
#3910=DIRECTION('',(0.,0.,1.));
#3911=DIRECTION('',(0.,1.,0.));
#3912=DIRECTION('',(0.,0.,-1.));
#3913=DIRECTION('',(0.,0.,-1.));
#3914=DIRECTION('',(0.,1.,0.));
#3915=DIRECTION('',(0.,0.,-1.));
#3916=DIRECTION('',(0.595227550625737,-0.803557193344746,0.));
#3917=DIRECTION('',(0.,0.,-1.));
#3918=DIRECTION('',(0.,0.,-1.));
#3919=DIRECTION('',(0.595227550625737,-0.803557193344746,0.));
#3920=DIRECTION('',(0.,0.,-1.));
#3921=DIRECTION('',(0.,0.,-1.));
#3922=DIRECTION('',(0.,1.,0.));
#3923=DIRECTION('',(0.,0.,-1.));
#3924=DIRECTION('',(0.838443616300636,-0.544988350595416,0.));
#3925=DIRECTION('',(0.,0.,-1.));
#3926=DIRECTION('',(0.,0.,-1.));
#3927=DIRECTION('',(0.838443616300636,-0.544988350595416,0.));
#3928=DIRECTION('',(0.,0.,-1.));
#3929=DIRECTION('',(-1.22464679914735E-16,-1.,0.));
#3930=DIRECTION('',(-1.,1.22464679914735E-16,0.));
#3931=DIRECTION('',(-1.,1.22464679914735E-16,0.));
#3932=DIRECTION('',(0.,0.,1.));
#3933=DIRECTION('',(-1.,1.22464679914735E-16,0.));
#3934=DIRECTION('',(0.,0.,-1.));
#3935=DIRECTION('',(1.22464679914735E-16,1.,0.));
#3936=DIRECTION('',(1.,-1.22464679914735E-16,0.));
#3937=DIRECTION('',(-1.,1.22464679914735E-16,0.));
#3938=DIRECTION('',(0.,0.,1.));
#3939=DIRECTION('',(-1.,1.22464679914735E-16,0.));
#3940=DIRECTION('',(0.,0.,-1.));
#3941=DIRECTION('',(0.,0.,-1.));
#3942=DIRECTION('',(0.,1.,0.));
#3943=DIRECTION('',(0.,0.,-1.));
#3944=DIRECTION('',(0.,0.,-1.));
#3945=DIRECTION('',(0.,1.,0.));
#3946=DIRECTION('',(0.,0.,1.));
#3947=DIRECTION('',(0.,-1.,0.));
#3948=DIRECTION('',(0.,0.,-1.));
#3949=DIRECTION('',(0.,1.,0.));
#3950=DIRECTION('',(0.,0.,-1.));
#3951=DIRECTION('',(0.544988350595414,0.838443616300638,0.));
#3952=DIRECTION('',(0.,0.,-1.));
#3953=DIRECTION('',(0.,0.,-1.));
#3954=DIRECTION('',(0.544988350595414,0.838443616300638,0.));
#3955=DIRECTION('',(0.,0.,-1.));
#3956=DIRECTION('',(0.,0.,-1.));
#3957=DIRECTION('',(0.,1.,0.));
#3958=DIRECTION('',(0.,-1.,0.));
#3959=DIRECTION('',(0.,-1.,0.));
#3960=DIRECTION('',(0.,0.,-1.));
#3961=DIRECTION('',(0.,1.,0.));
#3962=DIRECTION('',(-1.,1.22464679914735E-16,0.));
#3963=DIRECTION('',(0.,0.,-1.));
#3964=DIRECTION('',(0.,1.,0.));
#3965=DIRECTION('',(0.,0.,-1.));
#3966=DIRECTION('',(0.,1.,0.));
#3967=DIRECTION('',(0.,0.,-1.));
#3968=DIRECTION('',(0.,1.,0.));
#3969=DIRECTION('',(-1.,-6.93889390390723E-17,0.));
#3970=DIRECTION('',(0.,0.,-1.));
#3971=DIRECTION('',(0.,1.,0.));
#3972=DIRECTION('',(0.,0.,-1.));
#3973=DIRECTION('',(0.,1.,0.));
#3974=DIRECTION('',(0.,0.,-1.));
#3975=DIRECTION('',(0.,1.,0.));
#3976=DIRECTION('',(0.,0.,-1.));
#3977=DIRECTION('',(0.,1.,0.));
#3978=DIRECTION('',(0.,0.,1.));
#3979=DIRECTION('',(0.,-1.,0.));
#3980=DIRECTION('',(0.,-1.,0.));
#3981=DIRECTION('',(0.,0.,1.));
#3982=DIRECTION('',(0.,-1.,0.));
#3983=DIRECTION('',(0.,0.,1.));
#3984=DIRECTION('',(0.,-1.,0.));
#3985=DIRECTION('',(0.,0.,1.));
#3986=DIRECTION('',(0.,-1.,0.));
#3987=DIRECTION('',(0.,0.,1.));
#3988=DIRECTION('',(0.,-1.,0.));
#3989=DIRECTION('',(-1.,-6.93889390390723E-17,0.));
#3990=DIRECTION('',(0.,0.,1.));
#3991=DIRECTION('',(0.,-1.,0.));
#3992=DIRECTION('',(0.,0.,1.));
#3993=DIRECTION('',(0.,-1.,0.));
#3994=DIRECTION('',(0.,0.,1.));
#3995=DIRECTION('',(0.,-1.,0.));
#3996=DIRECTION('',(-1.,1.22464679914735E-16,0.));
#3997=DIRECTION('',(0.,0.,1.));
#3998=DIRECTION('',(0.,-1.,0.));
#3999=DIRECTION('',(0.,-1.,0.));
#4000=DIRECTION('',(6.93889390390723E-17,-1.,0.));
#4001=DIRECTION('',(-1.,-6.93889390390723E-17,0.));
#4002=DIRECTION('',(0.,0.,-1.));
#4003=DIRECTION('',(0.,0.,1.));
#4004=DIRECTION('',(0.,-1.,0.));
#4005=DIRECTION('',(-1.,0.,0.));
#4006=DIRECTION('',(0.,0.,1.));
#4007=DIRECTION('',(0.,-1.,0.));
#4008=DIRECTION('',(-0.769214760074367,-0.63899033864663,-1.0674999218951E-15));
#4009=DIRECTION('',(-0.63899033864663,0.769214760074367,0.));
#4010=DIRECTION('',(-1.,1.22464679914735E-16,0.));
#4011=DIRECTION('',(1.22464679914735E-16,1.,0.));
#4012=DIRECTION('',(1.,0.,0.));
#4013=DIRECTION('',(0.,-1.,0.));
#4014=DIRECTION('',(-1.,0.,0.));
#4015=DIRECTION('',(0.,1.,0.));
#4016=DIRECTION('',(0.,0.,1.));
#4017=DIRECTION('',(0.,-1.,0.));
#4018=DIRECTION('',(1.08591530798473E-15,0.,1.));
#4019=DIRECTION('',(1.,0.,-1.08591530798473E-15));
#4020=DIRECTION('',(0.,-1.,0.));
#4021=DIRECTION('',(-1.,0.,0.));
#4022=DIRECTION('',(0.,0.,1.));
#4023=DIRECTION('',(0.,-1.,0.));
#4024=DIRECTION('',(0.,0.,1.));
#4025=DIRECTION('',(0.,-1.,0.));
#4026=DIRECTION('',(0.,0.,-1.));
#4027=DIRECTION('',(0.,1.,0.));
#4028=DIRECTION('',(0.,0.,-1.));
#4029=DIRECTION('',(0.,1.,0.));
#4030=DIRECTION('',(0.,0.,-1.));
#4031=DIRECTION('',(0.,1.,0.));
#4032=DIRECTION('',(-0.769214760074366,-0.638990338646631,0.));
#4033=DIRECTION('',(-0.638990338646631,0.769214760074366,0.));
#4034=DIRECTION('',(0.,0.,-1.));
#4035=DIRECTION('',(0.,1.,0.));
#4036=DIRECTION('',(0.,0.,-1.));
#4037=DIRECTION('',(0.,1.,0.));
#4038=DIRECTION('',(0.,0.,-1.));
#4039=DIRECTION('',(0.,1.,0.));
#4040=DIRECTION('',(1.,0.,0.));
#4041=DIRECTION('',(0.,-1.,0.));
#4042=DIRECTION('',(0.,0.,-1.));
#4043=DIRECTION('',(0.,1.,0.));
#4044=DIRECTION('',(1.,0.,0.));
#4045=DIRECTION('',(0.,-1.,0.));
#4046=DIRECTION('',(-1.,1.22464679914735E-16,0.));
#4047=DIRECTION('',(1.22464679914735E-16,1.,0.));
#4048=DIRECTION('',(0.,-1.,0.));
#4049=DIRECTION('',(-1.,0.,0.));
#4050=DIRECTION('',(0.,0.707106781186548,-0.707106781186548));
#4051=DIRECTION('',(0.,-0.707106781186548,-0.707106781186548));
#4052=DIRECTION('',(0.,0.,-1.));
#4053=DIRECTION('',(0.,1.,0.));
#4054=DIRECTION('',(0.,-0.707106781186548,-0.707106781186548));
#4055=DIRECTION('',(0.,0.707106781186548,-0.707106781186548));
#4056=DIRECTION('',(0.,-1.,0.));
#4057=DIRECTION('',(-1.,0.,0.));
#4058=DIRECTION('',(1.,0.,0.));
#4059=DIRECTION('',(0.,-1.,0.));
#4060=DIRECTION('',(1.,0.,0.));
#4061=DIRECTION('',(0.,-1.,0.));
#4062=DIRECTION('',(0.,1.,0.));
#4063=DIRECTION('',(1.,0.,0.));
#4064=DIRECTION('',(0.,0.,-1.));
#4065=DIRECTION('',(0.,1.,0.));
#4066=DIRECTION('',(0.,0.,-1.));
#4067=DIRECTION('',(0.,1.,0.));
#4068=DIRECTION('',(0.,0.,-1.));
#4069=DIRECTION('',(0.,1.,0.));
#4070=DIRECTION('',(0.,1.,0.));
#4071=DIRECTION('',(1.,0.,0.));
#4072=DIRECTION('',(-1.,0.,0.));
#4073=DIRECTION('',(0.,1.,0.));
#4074=DIRECTION('',(-1.,0.,1.22464679914735E-16));
#4075=DIRECTION('',(1.22464679914735E-16,0.,1.));
#4076=DIRECTION('',(-1.,0.,0.));
#4077=DIRECTION('',(0.,1.,0.));
#4078=DIRECTION('',(0.,1.,0.));
#4079=DIRECTION('',(1.,0.,0.));
#4080=DIRECTION('',(0.,0.,-1.));
#4081=DIRECTION('',(0.,1.,0.));
#4082=DIRECTION('',(-1.22464679914735E-16,0.,-1.));
#4083=DIRECTION('',(-1.,0.,1.22464679914735E-16));
#4084=DIRECTION('',(0.,0.,-1.));
#4085=DIRECTION('',(0.,1.,0.));
#4086=DIRECTION('',(0.,1.,0.));
#4087=DIRECTION('',(1.,0.,0.));
#4088=DIRECTION('',(1.,0.,6.93889390390722E-16));
#4089=DIRECTION('',(6.93889390390722E-16,0.,-1.));
#4090=DIRECTION('',(-1.,0.,1.22464679914735E-16));
#4091=DIRECTION('',(1.22464679914735E-16,0.,1.));
#4092=DIRECTION('',(1.,0.,0.));
#4093=DIRECTION('',(0.,-1.,0.));
#4094=DIRECTION('',(0.,1.,0.));
#4095=DIRECTION('',(1.,0.,0.));
#4096=DIRECTION('',(0.,0.,1.));
#4097=DIRECTION('',(0.,-1.,0.));
#4098=DIRECTION('',(0.,0.,-1.));
#4099=DIRECTION('',(0.,1.,0.));
#4100=DIRECTION('',(0.,0.,1.));
#4101=DIRECTION('',(0.,-1.,0.));
#4102=DIRECTION('',(0.,1.,0.));
#4103=DIRECTION('',(1.,0.,0.));
#4104=DIRECTION('',(-1.,0.,0.));
#4105=DIRECTION('',(0.,1.,0.));
#4106=DIRECTION('',(1.,0.,0.));
#4107=DIRECTION('',(0.,-1.,0.));
#4108=DIRECTION('',(-1.,0.,0.));
#4109=DIRECTION('',(0.,1.,0.));
#4110=DIRECTION('',(0.,1.,0.));
#4111=DIRECTION('',(1.,0.,0.));
#4112=DIRECTION('',(0.,0.,-1.));
#4113=DIRECTION('',(0.,1.,0.));
#4114=DIRECTION('',(0.,0.,-1.));
#4115=DIRECTION('',(0.,1.,0.));
#4116=DIRECTION('',(0.,0.,-1.));
#4117=DIRECTION('',(0.,1.,0.));
#4118=DIRECTION('',(0.,1.,0.));
#4119=DIRECTION('',(1.,0.,0.));
#4120=DIRECTION('',(1.,0.,0.));
#4121=DIRECTION('',(0.,-1.,0.));
#4122=DIRECTION('',(1.,0.,0.));
#4123=DIRECTION('',(0.,-1.,0.));
#4124=DIRECTION('',(0.,0.,-1.));
#4125=DIRECTION('',(0.,1.,0.));
#4126=DIRECTION('',(0.,0.,-1.));
#4127=DIRECTION('',(0.,1.,0.));
#4128=DIRECTION('',(0.,0.,-1.));
#4129=DIRECTION('',(0.,1.,0.));
#4130=DIRECTION('',(0.,0.,-1.));
#4131=DIRECTION('',(0.,1.,0.));
#4132=DIRECTION('',(0.,0.,1.));
#4133=DIRECTION('',(0.,-1.,0.));
#4134=DIRECTION('',(0.,0.,-1.));
#4135=DIRECTION('',(0.,1.,0.));
#4136=DIRECTION('',(1.,0.,0.));
#4137=DIRECTION('',(0.,-1.,0.));
#4138=DIRECTION('',(1.,0.,0.));
#4139=DIRECTION('',(0.,-1.,0.));
#4140=DIRECTION('',(1.,0.,0.));
#4141=DIRECTION('',(0.,-1.,0.));
#4142=DIRECTION('',(1.,0.,0.));
#4143=DIRECTION('',(0.,-1.,0.));
#4144=CARTESIAN_POINT('',(0.,0.,0.));
#4145=CARTESIAN_POINT('',(-0.01,-0.12295,0.031));
#4146=CARTESIAN_POINT('',(-0.01,-0.12295,-0.009));
#4147=CARTESIAN_POINT('',(0.0306665968000889,-0.12295,-0.009));
#4148=CARTESIAN_POINT('',(0.0286665968000889,-0.12295,-0.009));
#4149=CARTESIAN_POINT('',(0.0306665968000889,-0.12295,-0.0115));
#4150=CARTESIAN_POINT('',(0.0331665968000889,-0.12295,-0.0115));
#4151=CARTESIAN_POINT('',(0.0331665968000889,-0.12295,0.021));
#4152=CARTESIAN_POINT('',(0.0331665968000889,-0.12295,0.021));
#4153=CARTESIAN_POINT('',(0.0196665968000889,-0.12295,0.021));
#4154=CARTESIAN_POINT('',(0.0196665968000889,-0.12295,0.0345));
#4155=CARTESIAN_POINT('',(-0.01,-0.12295,0.0345));
#4156=CARTESIAN_POINT('',(-0.0075,-0.12295,0.0345));
#4157=CARTESIAN_POINT('',(-0.0075,-0.12295,0.032));
#4158=CARTESIAN_POINT('',(-0.01,-0.12295,0.032));
#4159=CARTESIAN_POINT('',(-0.01,-0.12295,0.031));
#4160=CARTESIAN_POINT('',(-0.01,-0.12295,0.03));
#4161=CARTESIAN_POINT('',(-0.0075,-0.12295,0.03));
#4162=CARTESIAN_POINT('',(-0.0075,-0.12295,0.0275));
#4163=CARTESIAN_POINT('',(-0.01,-0.12295,0.0275));
#4164=CARTESIAN_POINT('',(-0.00216670159995556,-0.12295,0.0275));
#4165=CARTESIAN_POINT('',(-0.00216670159995556,-0.12295,0.025));
#4166=CARTESIAN_POINT('',(-0.00216670159995556,-0.12295,0.025));
#4167=CARTESIAN_POINT('',(-0.01,-0.12295,0.025));
#4168=CARTESIAN_POINT('',(-0.00166670159995557,-0.12295,0.025));
#4169=CARTESIAN_POINT('',(-0.00283335079997779,-0.12295,0.0238333507999778));
#4170=CARTESIAN_POINT('',(-0.000166701599955563,-0.12295,0.0265));
#4171=CARTESIAN_POINT('',(-0.000166701599955563,-0.12295,0.025));
#4172=CARTESIAN_POINT('',(-0.000166701599955563,-0.12295,0.0275));
#4173=CARTESIAN_POINT('',(-0.01,-0.12295,0.0275));
#4174=CARTESIAN_POINT('',(0.00983329840004444,-0.12295,0.0275));
#4175=CARTESIAN_POINT('',(0.00983329840004444,-0.12295,0.025));
#4176=CARTESIAN_POINT('',(0.00983329840004444,-0.12295,0.0265));
#4177=CARTESIAN_POINT('',(-0.00233335079997779,-0.12295,0.0386666492000222));
#4178=CARTESIAN_POINT('',(0.0113332984000444,-0.12295,0.025));
#4179=CARTESIAN_POINT('',(-0.01,-0.12295,0.025));
#4180=CARTESIAN_POINT('',(0.0118332984000444,-0.12295,0.025));
#4181=CARTESIAN_POINT('',(0.0118332984000444,-0.12295,0.025));
#4182=CARTESIAN_POINT('',(0.0118332984000444,-0.12295,0.0275));
#4183=CARTESIAN_POINT('',(-0.01,-0.12295,0.0275));
#4184=CARTESIAN_POINT('',(0.0196665968000889,-0.12295,0.0275));
#4185=CARTESIAN_POINT('',(0.0196665968000889,-0.12295,0.021));
#4186=CARTESIAN_POINT('',(0.0261665968000889,-0.12295,0.021));
#4187=CARTESIAN_POINT('',(0.0261665968000889,-0.12295,0.021));
#4188=CARTESIAN_POINT('',(0.0261665968000889,-0.12295,-0.0115));
#4189=CARTESIAN_POINT('',(0.0286665968000889,-0.12295,-0.0115));
#4190=CARTESIAN_POINT('',(-0.01,-0.11295,0.0275));
#4191=CARTESIAN_POINT('',(-0.0075,-0.10295,0.0275));
#4192=CARTESIAN_POINT('',(-0.0075,-0.10545,0.0275));
#4193=CARTESIAN_POINT('',(-0.01,-0.10545,0.0275));
#4194=CARTESIAN_POINT('',(-0.00216670159995556,-0.10545,0.0275));
#4195=CARTESIAN_POINT('',(-0.00216670159995556,-0.11295,0.0275));
#4196=CARTESIAN_POINT('',(-0.01,-0.11295,0.0275));
#4197=CARTESIAN_POINT('',(-0.000166701599955562,-0.11295,0.0275));
#4198=CARTESIAN_POINT('',(-0.000166701599955561,-0.10295,0.0275));
#4199=CARTESIAN_POINT('',(-0.01,-0.10295,0.0275));
#4200=CARTESIAN_POINT('',(0.00983329840004444,-0.10295,0.0275));
#4201=CARTESIAN_POINT('',(0.00983329840004444,-0.11295,0.0275));
#4202=CARTESIAN_POINT('',(0.00483329840004444,-0.11295,0.0275));
#4203=CARTESIAN_POINT('',(0.00483329840004444,-0.1082,0.0275));
#4204=CARTESIAN_POINT('',(0.0196665968000889,-0.11295,-0.0725));
#4205=CARTESIAN_POINT('',(0.00540144680008888,-0.11295,-0.0725));
#4206=CARTESIAN_POINT('',(0.00940144680008888,-0.11295,-0.0725));
#4207=CARTESIAN_POINT('',(-0.0075,-0.11295,-0.0725));
#4208=CARTESIAN_POINT('',(-0.0075,-0.12295,-0.0725));
#4209=CARTESIAN_POINT('',(-0.0075,-0.10545,-0.0725));
#4210=CARTESIAN_POINT('',(0.0196665968000889,-0.10545,-0.0725));
#4211=CARTESIAN_POINT('',(0.0196665968000889,-0.10545,-0.0725));
#4212=CARTESIAN_POINT('',(0.0196665968000889,-0.11295,-0.0725));
#4213=CARTESIAN_POINT('',(0.0196665968000889,-0.12295,-0.0725));
#4214=CARTESIAN_POINT('',(0.0196665968000889,-0.12295,-0.0725));
#4215=CARTESIAN_POINT('',(0.0196665968000889,-0.11295,-0.0655));
#4216=CARTESIAN_POINT('',(0.0196665968000889,-0.11295,-0.0655));
#4217=CARTESIAN_POINT('',(0.0196665968000889,-0.12295,-0.0655));
#4218=CARTESIAN_POINT('',(0.0196665968000889,-0.10545,-0.0655));
#4219=CARTESIAN_POINT('',(0.0196665968000889,-0.10545,-0.0655));
#4220=CARTESIAN_POINT('',(-0.0075,-0.10545,-0.0655));
#4221=CARTESIAN_POINT('',(-0.0075,-0.11295,-0.0655));
#4222=CARTESIAN_POINT('',(-0.0075,-0.12295,-0.0655));
#4223=CARTESIAN_POINT('',(0.0196665968000889,-0.12295,-0.0655));
#4224=CARTESIAN_POINT('',(0.0196665968000889,-0.11295,-0.059));
#4225=CARTESIAN_POINT('',(0.0196665968000889,-0.10545,-0.059));
#4226=CARTESIAN_POINT('',(0.0331665968000889,-0.10545,-0.059));
#4227=CARTESIAN_POINT('',(0.0331665968000889,-0.11295,-0.059));
#4228=CARTESIAN_POINT('',(0.0331665968000889,-0.12295,-0.059));
#4229=CARTESIAN_POINT('',(0.0196665968000889,-0.12295,-0.059));
#4230=CARTESIAN_POINT('',(0.0196665968000889,-0.11295,-0.059));
#4231=CARTESIAN_POINT('',(0.0261665968000889,-0.11295,-0.059));
#4232=CARTESIAN_POINT('',(0.0261665968000889,-0.12295,-0.059));
#4233=CARTESIAN_POINT('',(0.0261665968000889,-0.10545,-0.059));
#4234=CARTESIAN_POINT('',(0.0196665968000889,-0.10545,-0.059));
#4235=CARTESIAN_POINT('',(0.0196665968000889,-0.12295,-0.059));
#4236=CARTESIAN_POINT('',(0.0331665968000889,-0.11295,0.021));
#4237=CARTESIAN_POINT('',(0.0331665968000889,-0.10659,-0.02946));
#4238=CARTESIAN_POINT('',(0.0331665968000889,-0.10545,-0.0289472622502683));
#4239=CARTESIAN_POINT('',(0.0331665968000889,-0.10545,-0.0299727377497318));
#4240=CARTESIAN_POINT('',(0.0331665968000889,-0.10545,0.021));
#4241=CARTESIAN_POINT('',(0.0331665968000889,-0.10545,-0.00905273774973174));
#4242=CARTESIAN_POINT('',(0.0331665968000889,-0.10659,-0.00854));
#4243=CARTESIAN_POINT('',(0.0331665968000889,-0.10545,-0.00802726225026827));
#4244=CARTESIAN_POINT('',(0.0331665968000889,-0.10545,0.021));
#4245=CARTESIAN_POINT('',(0.0331665968000889,-0.10545,0.021));
#4246=CARTESIAN_POINT('',(0.0331665968000889,-0.11295,0.021));
#4247=CARTESIAN_POINT('',(0.0331665968000889,-0.11295,-0.0115));
#4248=CARTESIAN_POINT('',(0.0331665968000889,-0.18295,-0.0115));
#4249=CARTESIAN_POINT('',(0.0331665968000889,-0.18295,0.021));
#4250=CARTESIAN_POINT('',(0.0331665968000889,-0.18295,-0.0265));
#4251=CARTESIAN_POINT('',(0.0331665968000889,-0.11295,-0.0265));
#4252=CARTESIAN_POINT('',(0.0331665968000889,-0.12295,-0.0265));
#4253=CARTESIAN_POINT('',(0.0331665968000889,-0.12295,0.021));
#4254=CARTESIAN_POINT('',(0.0331665968000889,-0.10545,0.021));
#4255=CARTESIAN_POINT('',(0.0331665968000889,-0.11931,-0.00854));
#4256=CARTESIAN_POINT('',(0.0331665968000889,-0.12056,-0.00854));
#4257=CARTESIAN_POINT('',(0.0331665968000889,-0.11931,-0.02946));
#4258=CARTESIAN_POINT('',(0.0331665968000889,-0.12056,-0.02946));
#4259=CARTESIAN_POINT('',(0.0261665968000889,-0.11295,0.021));
#4260=CARTESIAN_POINT('',(0.0261665968000889,-0.11931,-0.00854));
#4261=CARTESIAN_POINT('',(0.0261665968000889,-0.11806,-0.00854));
#4262=CARTESIAN_POINT('',(0.0261665968000889,-0.11931,-0.02946));
#4263=CARTESIAN_POINT('',(0.0261665968000889,-0.11806,-0.02946));
#4264=CARTESIAN_POINT('',(0.0261665968000889,-0.10659,-0.02946));
#4265=CARTESIAN_POINT('',(0.0261665968000889,-0.10545,-0.0299727377497318));
#4266=CARTESIAN_POINT('',(0.0261665968000889,-0.10545,-0.0289472622502683));
#4267=CARTESIAN_POINT('',(0.0261665968000889,-0.10545,0.021));
#4268=CARTESIAN_POINT('',(0.0261665968000889,-0.12295,0.021));
#4269=CARTESIAN_POINT('',(0.0261665968000889,-0.12295,-0.0265));
#4270=CARTESIAN_POINT('',(0.0261665968000889,-0.11295,-0.0265));
#4271=CARTESIAN_POINT('',(0.0261665968000889,-0.181674615207924,-0.0265));
#4272=CARTESIAN_POINT('',(0.0261665968000889,-0.181674615207924,0.021));
#4273=CARTESIAN_POINT('',(0.0261665968000889,-0.181674615207924,-0.0115));
#4274=CARTESIAN_POINT('',(0.0261665968000889,-0.11295,-0.0115));
#4275=CARTESIAN_POINT('',(0.0261665968000889,-0.11295,0.021));
#4276=CARTESIAN_POINT('',(0.0261665968000889,-0.10545,0.021));
#4277=CARTESIAN_POINT('',(0.0261665968000889,-0.10545,0.021));
#4278=CARTESIAN_POINT('',(0.0261665968000889,-0.10545,-0.00802726225026827));
#4279=CARTESIAN_POINT('',(0.0261665968000889,-0.10659,-0.00854));
#4280=CARTESIAN_POINT('',(0.0261665968000889,-0.10545,-0.00905273774973174));
#4281=CARTESIAN_POINT('',(0.0261665968000889,-0.10545,0.021));
#4282=CARTESIAN_POINT('',(0.0196665968000889,-0.11295,0.021));
#4283=CARTESIAN_POINT('',(0.0196665968000889,-0.10545,0.021));
#4284=CARTESIAN_POINT('',(0.0196665968000889,-0.10545,0.0345));
#4285=CARTESIAN_POINT('',(0.0196665968000889,-0.11295,0.0345));
#4286=CARTESIAN_POINT('',(0.0196665968000889,-0.11295,0.021));
#4287=CARTESIAN_POINT('',(0.0196665968000889,-0.11295,0.0275));
#4288=CARTESIAN_POINT('',(0.0196665968000889,-0.10545,0.0275));
#4289=CARTESIAN_POINT('',(0.0196665968000889,-0.10545,0.021));
#4290=CARTESIAN_POINT('',(-0.01,-0.12295,0.031));
#4291=CARTESIAN_POINT('',(-0.01,-0.12295,-0.029));
#4292=CARTESIAN_POINT('',(0.0286665968000889,-0.12295,-0.029));
#4293=CARTESIAN_POINT('',(0.0306665968000889,-0.12295,-0.029));
#4294=CARTESIAN_POINT('',(0.0286665968000889,-0.12295,-0.0265));
#4295=CARTESIAN_POINT('',(-0.0075,-0.12295,-0.068));
#4296=CARTESIAN_POINT('',(-0.01,-0.12295,-0.068));
#4297=CARTESIAN_POINT('',(-0.01,-0.12295,-0.069));
#4298=CARTESIAN_POINT('',(-0.01,-0.12295,-0.07));
#4299=CARTESIAN_POINT('',(-0.0075,-0.12295,-0.07));
#4300=CARTESIAN_POINT('',(0.0306665968000889,-0.12295,-0.0265));
#4301=CARTESIAN_POINT('',(-0.01,-0.11295,0.0345));
#4302=CARTESIAN_POINT('',(0.00483329840004551,-0.112950000000002,0.0345));
#4303=CARTESIAN_POINT('',(0.00358822998111635,-0.110275620701511,0.0345));
#4304=CARTESIAN_POINT('',(0.00317304156201517,-0.110511548189572,0.0345));
#4305=CARTESIAN_POINT('',(0.00360761385512149,-0.110144353363699,0.0345));
#4306=CARTESIAN_POINT('',(0.00362699772912663,-0.110013086025886,0.0345));
#4307=CARTESIAN_POINT('',(0.00372930880914971,-0.110094176788684,0.0345));
#4308=CARTESIAN_POINT('',(0.0038316198891728,-0.110175267551482,0.0345));
#4309=CARTESIAN_POINT('',(0.0038316198891728,-0.10988583323894,0.0345));
#4310=CARTESIAN_POINT('',(0.00383161988917279,-0.109596398926399,0.0345));
#4311=CARTESIAN_POINT('',(0.00483329840004444,-0.11295,0.0345));
#4312=CARTESIAN_POINT('',(0.00575642119258912,-0.109573930642021,0.0345));
#4313=CARTESIAN_POINT('',(0.00575642119258912,-0.109861042026368,0.0345));
#4314=CARTESIAN_POINT('',(0.00575642119258912,-0.110148153410716,0.0345));
#4315=CARTESIAN_POINT('',(0.00586041010481901,-0.110065732814497,0.0345));
#4316=CARTESIAN_POINT('',(0.0059643990170489,-0.109983312218279,0.0345));
#4317=CARTESIAN_POINT('',(0.00598347013763253,-0.110112461594067,0.0345));
#4318=CARTESIAN_POINT('',(0.00600254125821616,-0.110241610969854,0.0345));
#4319=CARTESIAN_POINT('',(0.00483329840004333,-0.112950000000002,0.0345));
#4320=CARTESIAN_POINT('',(0.00642421050469962,-0.110465749876671,0.0345));
#4321=CARTESIAN_POINT('',(0.00654542958280316,-0.110411779665892,0.0345));
#4322=CARTESIAN_POINT('',(0.00666664866090669,-0.110357809455114,0.0345));
#4323=CARTESIAN_POINT('',(0.00665300248347583,-0.110487644160598,0.0345));
#4324=CARTESIAN_POINT('',(0.00663935630604498,-0.110617478866082,0.0345));
#4325=CARTESIAN_POINT('',(0.00483329840004347,-0.11295,0.0345));
#4326=CARTESIAN_POINT('',(0.0069920369583092,-0.110939440914307,0.0345));
#4327=CARTESIAN_POINT('',(0.00712286956179655,-0.110917312235801,0.0345));
#4328=CARTESIAN_POINT('',(0.0072537021652839,-0.110895183557294,0.0345));
#4329=CARTESIAN_POINT('',(0.00720819612935367,-0.111017545600431,0.0345));
#4330=CARTESIAN_POINT('',(0.00716269009342345,-0.111139907643567,0.0345));
#4331=CARTESIAN_POINT('',(0.00483329840004284,-0.11295,0.0345));
#4332=CARTESIAN_POINT('',(0.00742422192901795,-0.111539462773617,0.0345));
#4333=CARTESIAN_POINT('',(0.00755644736424335,-0.111550566053636,0.0345));
#4334=CARTESIAN_POINT('',(0.00768867279946876,-0.111561669333656,0.0345));
#4335=CARTESIAN_POINT('',(0.00761416621663614,-0.111668870257258,0.0345));
#4336=CARTESIAN_POINT('',(0.00753965963380353,-0.111776071180861,0.0345));
#4337=CARTESIAN_POINT('',(0.00483329840004397,-0.11295,0.0345));
#4338=CARTESIAN_POINT('',(0.0076936096456511,-0.112228113874454,0.0345));
#4339=CARTESIAN_POINT('',(0.0078189197022282,-0.11227175145308,0.0345));
#4340=CARTESIAN_POINT('',(0.00794422975880531,-0.112315389031707,0.0345));
#4341=CARTESIAN_POINT('',(0.00784540415168572,-0.112400693007488,0.0345));
#4342=CARTESIAN_POINT('',(0.00774657854456615,-0.112485996983269,0.0345));
#4343=CARTESIAN_POINT('',(0.00483329840004437,-0.11295,0.0345));
#4344=CARTESIAN_POINT('',(0.00778327348723387,-0.11296212373547,0.0345));
#4345=CARTESIAN_POINT('',(0.00789379447344978,-0.113035553703151,0.0345));
#4346=CARTESIAN_POINT('',(0.00800431545966569,-0.113108983670831,0.0345));
#4347=CARTESIAN_POINT('',(0.00788738040460963,-0.113167030736267,0.0345));
#4348=CARTESIAN_POINT('',(0.00777044534955357,-0.113225077801702,0.0345));
#4349=CARTESIAN_POINT('',(0.00483329840004464,-0.11295,0.0345));
#4350=CARTESIAN_POINT('',(0.00768757954483906,-0.113695371817598,0.0345));
#4351=CARTESIAN_POINT('',(0.0077763670206621,-0.113793980299407,0.0345));
#4352=CARTESIAN_POINT('',(0.00786515449648512,-0.113892588781217,0.0345));
#4353=CARTESIAN_POINT('',(0.00773745745305879,-0.113919731625703,0.0345));
#4354=CARTESIAN_POINT('',(0.00760976040963248,-0.113946874470189,0.0345));
#4355=CARTESIAN_POINT('',(0.00483329840004491,-0.11295,0.0345));
#4356=CARTESIAN_POINT('',(0.00741254062080508,-0.114381785447141,0.0345));
#4357=CARTESIAN_POINT('',(0.00747401574259176,-0.11449937650951,0.0345));
#4358=CARTESIAN_POINT('',(0.00753549086437844,-0.114616967571879,0.0345));
#4359=CARTESIAN_POINT('',(0.00740505550745721,-0.114611500710672,0.0345));
#4360=CARTESIAN_POINT('',(0.00727462015053597,-0.114606033849466,0.0345));
#4361=CARTESIAN_POINT('',(0.00483329840004529,-0.11295,0.0345));
#4362=CARTESIAN_POINT('',(0.00697543842225134,-0.114978234731302,0.0345));
#4363=CARTESIAN_POINT('',(0.00700573848201014,-0.115107419695312,0.0345));
#4364=CARTESIAN_POINT('',(0.00703603854176893,-0.115236604659322,0.0345));
#4365=CARTESIAN_POINT('',(0.00691106060453584,-0.115198871595419,0.0345));
#4366=CARTESIAN_POINT('',(0.00678608266730273,-0.115161138531515,0.0345));
#4367=CARTESIAN_POINT('',(0.00483329840004632,-0.112950000000002,0.0345));
#4368=CARTESIAN_POINT('',(0.00640373768786244,-0.115447242567969,0.0345));
#4369=CARTESIAN_POINT('',(0.00640095882140288,-0.115579904267223,0.0345));
#4370=CARTESIAN_POINT('',(0.00639817995494332,-0.115712565966477,0.0345));
#4371=CARTESIAN_POINT('',(0.00628651226083142,-0.115644937607053,0.0345));
#4372=CARTESIAN_POINT('',(0.00617484456671951,-0.115577309247629,0.0345));
#4373=CARTESIAN_POINT('',(0.00483329840004478,-0.11295,0.0345));
#4374=CARTESIAN_POINT('',(0.00573336047734824,-0.115759339469875,0.0345));
#4375=CARTESIAN_POINT('',(0.00569767729106995,-0.115887142281913,0.0345));
#4376=CARTESIAN_POINT('',(0.00566199410479165,-0.116014945093951,0.0345));
#4377=CARTESIAN_POINT('',(0.00557264625241805,-0.115923706071112,0.0345));
#4378=CARTESIAN_POINT('',(0.00548329840004444,-0.115832467048273,0.0345));
#4379=CARTESIAN_POINT('',(0.00548329840004444,-0.116110790153038,0.0345));
#4380=CARTESIAN_POINT('',(0.00548329840004444,-0.116389113257803,0.0345));
#4381=CARTESIAN_POINT('',(0.00483329840004451,-0.11295,0.0345));
#4382=CARTESIAN_POINT('',(0.00426861919942853,-0.116404147854449,0.0345));
#4383=CARTESIAN_POINT('',(0.00426861919942853,-0.116124799505536,0.0345));
#4384=CARTESIAN_POINT('',(0.00426861919942853,-0.115845451156623,0.0345));
#4385=CARTESIAN_POINT('',(0.00417578031066791,-0.115940255108447,0.0345));
#4386=CARTESIAN_POINT('',(0.00408294142190726,-0.116035059060271,0.0345));
#4387=CARTESIAN_POINT('',(0.00404783397392544,-0.115909318311097,0.0345));
#4388=CARTESIAN_POINT('',(0.00401272652594362,-0.115783577561923,0.0345));
#4389=CARTESIAN_POINT('',(0.00483329840004394,-0.11295,0.0345));
#4390=CARTESIAN_POINT('',(0.00356629021345628,-0.11561405522749,0.0345));
#4391=CARTESIAN_POINT('',(0.00345279124502298,-0.115682792646065,0.0345));
#4392=CARTESIAN_POINT('',(0.00333929227658967,-0.11575153006464,0.0345));
#4393=CARTESIAN_POINT('',(0.00333655824636837,-0.115621008825045,0.0345));
#4394=CARTESIAN_POINT('',(0.00333382421614707,-0.11549048758545,0.0345));
#4395=CARTESIAN_POINT('',(0.00483329840004352,-0.112950000000001,0.0345));
#4396=CARTESIAN_POINT('',(0.00294357201157751,-0.115215266910704,0.0345));
#4397=CARTESIAN_POINT('',(0.00281654452107822,-0.115253618771222,0.0345));
#4398=CARTESIAN_POINT('',(0.00268951703057891,-0.11529197063174,0.0345));
#4399=CARTESIAN_POINT('',(0.002719328207292,-0.115164870031231,0.0345));
#4400=CARTESIAN_POINT('',(0.00274913938400509,-0.115037769430723,0.0345));
#4401=CARTESIAN_POINT('',(0.00483329840004299,-0.112950000000001,0.0345));
#4402=CARTESIAN_POINT('',(0.00243959226861361,-0.11467414354285,0.0345));
#4403=CARTESIAN_POINT('',(0.00230701786045083,-0.114679700056866,0.0345));
#4404=CARTESIAN_POINT('',(0.00217444345228803,-0.114685256570883,0.0345));
#4405=CARTESIAN_POINT('',(0.00223492669006479,-0.114569562807634,0.0345));
#4406=CARTESIAN_POINT('',(0.00229540992784153,-0.114453869044385,0.0345));
#4407=CARTESIAN_POINT('',(0.00483329840004296,-0.11295,0.0345));
#4408=CARTESIAN_POINT('',(0.00208601788532286,-0.114024685895242,0.0345));
#4409=CARTESIAN_POINT('',(0.00195622669713602,-0.113997097926545,0.0345));
#4410=CARTESIAN_POINT('',(0.00182643550894918,-0.113969509957849,0.0345));
#4411=CARTESIAN_POINT('',(0.00191379042351829,-0.113872492496497,0.0345));
#4412=CARTESIAN_POINT('',(0.00200114533808741,-0.113775475035145,0.0345));
#4413=CARTESIAN_POINT('',(0.00483329840004378,-0.11295,0.0345));
#4414=CARTESIAN_POINT('',(0.00190506524056304,-0.113307701780417,0.0345));
#4415=CARTESIAN_POINT('',(0.00178621253004451,-0.113248702782543,0.0345));
#4416=CARTESIAN_POINT('',(0.00166735981952598,-0.113189703784669,0.0345));
#4417=CARTESIAN_POINT('',(0.00177609758033619,-0.113117458589115,0.0345));
#4418=CARTESIAN_POINT('',(0.00188483534114639,-0.113045213393562,0.0345));
#4419=CARTESIAN_POINT('',(0.00483329840004465,-0.11295,0.0345));
#4420=CARTESIAN_POINT('',(0.00190810425450166,-0.112568241947194,0.0345));
#4421=CARTESIAN_POINT('',(0.00180765797456303,-0.112481539044162,0.0345));
#4422=CARTESIAN_POINT('',(0.0017072116946244,-0.112394836141129,0.0345));
#4423=CARTESIAN_POINT('',(0.00183049990825446,-0.11235190264271,0.0345));
#4424=CARTESIAN_POINT('',(0.00195378812188452,-0.112308969144291,0.0345));
#4425=CARTESIAN_POINT('',(0.00483329840004539,-0.11295,0.0345));
#4426=CARTESIAN_POINT('',(0.00209494397471626,-0.111852769376436,0.0345));
#4427=CARTESIAN_POINT('',(0.00201921553454165,-0.111743810430514,0.0345));
#4428=CARTESIAN_POINT('',(0.00194348709436703,-0.111634851484592,0.0345));
#4429=CARTESIAN_POINT('',(0.00207357910893226,-0.111623927352911,0.0345));
#4430=CARTESIAN_POINT('',(0.00220367112349747,-0.11161300322123,0.0345));
#4431=CARTESIAN_POINT('',(0.00483329840004615,-0.11295,0.0345));
#4432=CARTESIAN_POINT('',(0.00245384457443734,-0.111206239841089,0.0345));
#4433=CARTESIAN_POINT('',(0.00240759227043262,-0.111081871143573,0.0345));
#4434=CARTESIAN_POINT('',(0.00236133996642791,-0.110957502446056,0.0345));
#4435=CARTESIAN_POINT('',(0.00249006162220821,-0.110979274084483,0.0345));
#4436=CARTESIAN_POINT('',(0.0026187832779885,-0.11100104572291,0.0345));
#4437=CARTESIAN_POINT('',(0.00483329840004447,-0.11295,0.0345));
#4438=CARTESIAN_POINT('',(0.00296225500904033,-0.110669277169628,0.0345));
#4439=CARTESIAN_POINT('',(0.00294838504357022,-0.110537313263178,0.0345));
#4440=CARTESIAN_POINT('',(0.00293451507810011,-0.110405349356728,0.0345));
#4441=CARTESIAN_POINT('',(0.00305377832005764,-0.11045844877315,0.0345));
#4442=CARTESIAN_POINT('',(-0.01,-0.10545,0.0345));
#4443=CARTESIAN_POINT('',(-0.0075,-0.10545,0.0345));
#4444=CARTESIAN_POINT('',(-0.0075,-0.12295,0.0345));
#4445=CARTESIAN_POINT('',(-0.01,-0.10295,0.031));
#4446=CARTESIAN_POINT('',(-0.01,-0.10295,0.03));
#4447=CARTESIAN_POINT('',(0.0196665968000889,-0.10295,0.03));
#4448=CARTESIAN_POINT('',(0.0118332984000444,-0.10295,0.03));
#4449=CARTESIAN_POINT('',(0.0118332984000444,-0.10295,0.025));
#4450=CARTESIAN_POINT('',(0.0118332984000444,-0.10295,0.025));
#4451=CARTESIAN_POINT('',(-0.01,-0.10295,0.025));
#4452=CARTESIAN_POINT('',(0.0113332984000444,-0.10295,0.025));
#4453=CARTESIAN_POINT('',(-0.00233335079997779,-0.10295,0.0386666492000222));
#4454=CARTESIAN_POINT('',(0.00983329840004444,-0.10295,0.0265));
#4455=CARTESIAN_POINT('',(0.00983329840004444,-0.10295,0.025));
#4456=CARTESIAN_POINT('',(-0.000166701599955563,-0.10295,0.025));
#4457=CARTESIAN_POINT('',(-0.000166701599955563,-0.10295,0.0265));
#4458=CARTESIAN_POINT('',(-0.00283335079997779,-0.10295,0.0238333507999778));
#4459=CARTESIAN_POINT('',(-0.00166670159995557,-0.10295,0.025));
#4460=CARTESIAN_POINT('',(-0.01,-0.10295,0.025));
#4461=CARTESIAN_POINT('',(-0.00216670159995556,-0.10295,0.025));
#4462=CARTESIAN_POINT('',(-0.00216670159995556,-0.10295,0.025));
#4463=CARTESIAN_POINT('',(-0.00216670159995556,-0.10295,0.03));
#4464=CARTESIAN_POINT('',(-0.01,-0.10295,0.03));
#4465=CARTESIAN_POINT('',(-0.0075,-0.10295,0.03));
#4466=CARTESIAN_POINT('',(-0.0075,-0.10295,0.032));
#4467=CARTESIAN_POINT('',(-0.0075,-0.10295,0.032));
#4468=CARTESIAN_POINT('',(-0.01,-0.10295,0.032));
#4469=CARTESIAN_POINT('',(0.0196665968000889,-0.10295,0.032));
#4470=CARTESIAN_POINT('',(0.0196665968000889,-0.10295,0.021));
#4471=CARTESIAN_POINT('',(0.0306665968000889,-0.10295,0.021));
#4472=CARTESIAN_POINT('',(0.0306665968000889,-0.10295,0.031));
#4473=CARTESIAN_POINT('',(0.0306665968000889,-0.10295,-0.059));
#4474=CARTESIAN_POINT('',(0.0196665968000889,-0.10295,-0.059));
#4475=CARTESIAN_POINT('',(0.0196665968000889,-0.10295,-0.07));
#4476=CARTESIAN_POINT('',(-0.01,-0.10295,-0.07));
#4477=CARTESIAN_POINT('',(-0.0075,-0.10295,-0.07));
#4478=CARTESIAN_POINT('',(-0.0075,-0.10295,0.031));
#4479=CARTESIAN_POINT('',(-0.0075,-0.10295,-0.068));
#4480=CARTESIAN_POINT('',(-0.01,-0.10295,-0.068));
#4481=CARTESIAN_POINT('',(0.0196665968000889,-0.10295,-0.068));
#4482=CARTESIAN_POINT('',(0.0196665968000889,-0.10295,-0.059));
#4483=CARTESIAN_POINT('',(0.0286665968000889,-0.10295,-0.059));
#4484=CARTESIAN_POINT('',(0.0286665968000889,-0.10295,0.031));
#4485=CARTESIAN_POINT('',(0.0286665968000889,-0.10295,0.021));
#4486=CARTESIAN_POINT('',(0.0196665968000889,-0.10295,0.021));
#4487=CARTESIAN_POINT('',(-0.01,-0.11295,0.0275));
#4488=CARTESIAN_POINT('',(0.0118332984000444,-0.11295,0.0275));
#4489=CARTESIAN_POINT('',(0.0118332984000444,-0.10545,0.0275));
#4490=CARTESIAN_POINT('',(-0.01,-0.10545,0.0275));
#4491=CARTESIAN_POINT('',(-0.01,-0.11295,-0.0725));
#4492=CARTESIAN_POINT('',(-0.01,-0.11295,-0.068));
#4493=CARTESIAN_POINT('',(-0.01,-0.10545,-0.068));
#4494=CARTESIAN_POINT('',(-0.01,-0.10545,-0.0725));
#4495=CARTESIAN_POINT('',(-0.01,-0.10545,-0.07));
#4496=CARTESIAN_POINT('',(-0.01,-0.11295,-0.07));
#4497=CARTESIAN_POINT('',(-0.01,-0.11295,0.0345));
#4498=CARTESIAN_POINT('',(-0.01,-0.10295,0.032));
#4499=CARTESIAN_POINT('',(-0.01,-0.10545,0.032));
#4500=CARTESIAN_POINT('',(-0.01,-0.10545,0.03));
#4501=CARTESIAN_POINT('',(-0.01,-0.10545,0.03));
#4502=CARTESIAN_POINT('',(-0.01,-0.12295,0.03));
#4503=CARTESIAN_POINT('',(0.0038316198891728,-0.10988583323894,0.0305));
#4504=CARTESIAN_POINT('',(0.0038316198891728,-0.110175267551482,0.0305));
#4505=CARTESIAN_POINT('',(0.0038316198891728,-0.110175267551482,0.0305));
#4506=CARTESIAN_POINT('',(0.0038316198891728,-0.10988583323894,0.0305));
#4507=CARTESIAN_POINT('',(0.00383161988917279,-0.109596398926399,0.0305));
#4508=CARTESIAN_POINT('',(0.00383161988917279,-0.109596398926399,0.0305));
#4509=CARTESIAN_POINT('',(0.00372930880914971,-0.110094176788684,0.0305));
#4510=CARTESIAN_POINT('',(0.00362699772912663,-0.110013086025886,0.0305));
#4511=CARTESIAN_POINT('',(0.00362699772912663,-0.110013086025886,0.0305));
#4512=CARTESIAN_POINT('',(0.00372930880914971,-0.110094176788684,0.0305));
#4513=CARTESIAN_POINT('',(0.00360761385512149,-0.110144353363699,0.0305));
#4514=CARTESIAN_POINT('',(0.00358822998111635,-0.110275620701511,0.0305));
#4515=CARTESIAN_POINT('',(0.00358822998111635,-0.110275620701511,0.0305));
#4516=CARTESIAN_POINT('',(0.00360761385512149,-0.110144353363699,0.0305));
#4517=CARTESIAN_POINT('',(0.00483329840004551,-0.112950000000002,0.0305));
#4518=CARTESIAN_POINT('',(0.00317304156201517,-0.110511548189572,0.0305));
#4519=CARTESIAN_POINT('',(0.00317304156201517,-0.110511548189572,0.0305));
#4520=CARTESIAN_POINT('',(0.00483329840004551,-0.112950000000002,0.0305));
#4521=CARTESIAN_POINT('',(0.00305377832005764,-0.11045844877315,0.0305));
#4522=CARTESIAN_POINT('',(0.00293451507810011,-0.110405349356728,0.0305));
#4523=CARTESIAN_POINT('',(0.00293451507810011,-0.110405349356728,0.0305));
#4524=CARTESIAN_POINT('',(0.00305377832005764,-0.11045844877315,0.0305));
#4525=CARTESIAN_POINT('',(0.00294838504357022,-0.110537313263178,0.0305));
#4526=CARTESIAN_POINT('',(0.00296225500904033,-0.110669277169628,0.0305));
#4527=CARTESIAN_POINT('',(0.00296225500904033,-0.110669277169628,0.0305));
#4528=CARTESIAN_POINT('',(0.00294838504357022,-0.110537313263178,0.0305));
#4529=CARTESIAN_POINT('',(0.00483329840004447,-0.11295,0.0305));
#4530=CARTESIAN_POINT('',(0.0026187832779885,-0.11100104572291,0.0305));
#4531=CARTESIAN_POINT('',(0.0026187832779885,-0.11100104572291,0.0305));
#4532=CARTESIAN_POINT('',(0.00483329840004447,-0.11295,0.0305));
#4533=CARTESIAN_POINT('',(0.00249006162220821,-0.110979274084483,0.0305));
#4534=CARTESIAN_POINT('',(0.00236133996642791,-0.110957502446056,0.0305));
#4535=CARTESIAN_POINT('',(0.00236133996642791,-0.110957502446056,0.0305));
#4536=CARTESIAN_POINT('',(0.00249006162220821,-0.110979274084483,0.0305));
#4537=CARTESIAN_POINT('',(0.00240759227043262,-0.111081871143573,0.0305));
#4538=CARTESIAN_POINT('',(0.00245384457443734,-0.111206239841089,0.0305));
#4539=CARTESIAN_POINT('',(0.00245384457443734,-0.111206239841089,0.0305));
#4540=CARTESIAN_POINT('',(0.00240759227043262,-0.111081871143573,0.0305));
#4541=CARTESIAN_POINT('',(0.00483329840004615,-0.11295,0.0305));
#4542=CARTESIAN_POINT('',(0.00220367112349747,-0.11161300322123,0.0305));
#4543=CARTESIAN_POINT('',(0.00220367112349747,-0.11161300322123,0.0305));
#4544=CARTESIAN_POINT('',(0.00483329840004615,-0.11295,0.0305));
#4545=CARTESIAN_POINT('',(0.00207357910893226,-0.111623927352911,0.0305));
#4546=CARTESIAN_POINT('',(0.00194348709436703,-0.111634851484592,0.0305));
#4547=CARTESIAN_POINT('',(0.00194348709436703,-0.111634851484592,0.0305));
#4548=CARTESIAN_POINT('',(0.00207357910893226,-0.111623927352911,0.0305));
#4549=CARTESIAN_POINT('',(0.00201921553454165,-0.111743810430514,0.0305));
#4550=CARTESIAN_POINT('',(0.00209494397471626,-0.111852769376436,0.0305));
#4551=CARTESIAN_POINT('',(0.00209494397471626,-0.111852769376436,0.0305));
#4552=CARTESIAN_POINT('',(0.00201921553454165,-0.111743810430514,0.0305));
#4553=CARTESIAN_POINT('',(0.00483329840004539,-0.11295,0.0305));
#4554=CARTESIAN_POINT('',(0.00195378812188452,-0.112308969144291,0.0305));
#4555=CARTESIAN_POINT('',(0.00195378812188452,-0.112308969144291,0.0305));
#4556=CARTESIAN_POINT('',(0.00483329840004539,-0.11295,0.0305));
#4557=CARTESIAN_POINT('',(0.00183049990825446,-0.11235190264271,0.0305));
#4558=CARTESIAN_POINT('',(0.0017072116946244,-0.112394836141129,0.0305));
#4559=CARTESIAN_POINT('',(0.0017072116946244,-0.112394836141129,0.0305));
#4560=CARTESIAN_POINT('',(0.00183049990825446,-0.11235190264271,0.0305));
#4561=CARTESIAN_POINT('',(0.00180765797456303,-0.112481539044162,0.0305));
#4562=CARTESIAN_POINT('',(0.00190810425450166,-0.112568241947194,0.0305));
#4563=CARTESIAN_POINT('',(0.00190810425450166,-0.112568241947194,0.0305));
#4564=CARTESIAN_POINT('',(0.00180765797456303,-0.112481539044162,0.0305));
#4565=CARTESIAN_POINT('',(0.00483329840004465,-0.11295,0.0305));
#4566=CARTESIAN_POINT('',(0.00188483534114639,-0.113045213393562,0.0305));
#4567=CARTESIAN_POINT('',(0.00188483534114639,-0.113045213393562,0.0305));
#4568=CARTESIAN_POINT('',(0.00483329840004465,-0.11295,0.0305));
#4569=CARTESIAN_POINT('',(0.00177609758033619,-0.113117458589115,0.0305));
#4570=CARTESIAN_POINT('',(0.00166735981952598,-0.113189703784669,0.0305));
#4571=CARTESIAN_POINT('',(0.00166735981952598,-0.113189703784669,0.0305));
#4572=CARTESIAN_POINT('',(0.00177609758033619,-0.113117458589115,0.0305));
#4573=CARTESIAN_POINT('',(0.00178621253004451,-0.113248702782543,0.0305));
#4574=CARTESIAN_POINT('',(0.00190506524056304,-0.113307701780417,0.0305));
#4575=CARTESIAN_POINT('',(0.00190506524056304,-0.113307701780417,0.0305));
#4576=CARTESIAN_POINT('',(0.00178621253004451,-0.113248702782543,0.0305));
#4577=CARTESIAN_POINT('',(0.00483329840004378,-0.11295,0.0305));
#4578=CARTESIAN_POINT('',(0.00200114533808741,-0.113775475035145,0.0305));
#4579=CARTESIAN_POINT('',(0.00200114533808741,-0.113775475035145,0.0305));
#4580=CARTESIAN_POINT('',(0.00483329840004378,-0.11295,0.0305));
#4581=CARTESIAN_POINT('',(0.00191379042351829,-0.113872492496497,0.0305));
#4582=CARTESIAN_POINT('',(0.00182643550894918,-0.113969509957849,0.0305));
#4583=CARTESIAN_POINT('',(0.00182643550894918,-0.113969509957849,0.0305));
#4584=CARTESIAN_POINT('',(0.00191379042351829,-0.113872492496497,0.0305));
#4585=CARTESIAN_POINT('',(0.00195622669713602,-0.113997097926545,0.0305));
#4586=CARTESIAN_POINT('',(0.00208601788532286,-0.114024685895242,0.0305));
#4587=CARTESIAN_POINT('',(0.00208601788532286,-0.114024685895242,0.0305));
#4588=CARTESIAN_POINT('',(0.00195622669713602,-0.113997097926545,0.0305));
#4589=CARTESIAN_POINT('',(0.00483329840004296,-0.11295,0.0305));
#4590=CARTESIAN_POINT('',(0.00229540992784153,-0.114453869044385,0.0305));
#4591=CARTESIAN_POINT('',(0.00229540992784153,-0.114453869044385,0.0305));
#4592=CARTESIAN_POINT('',(0.00483329840004296,-0.11295,0.0305));
#4593=CARTESIAN_POINT('',(0.00223492669006479,-0.114569562807634,0.0305));
#4594=CARTESIAN_POINT('',(0.00217444345228803,-0.114685256570883,0.0305));
#4595=CARTESIAN_POINT('',(0.00217444345228803,-0.114685256570883,0.0305));
#4596=CARTESIAN_POINT('',(0.00223492669006479,-0.114569562807634,0.0305));
#4597=CARTESIAN_POINT('',(0.00230701786045083,-0.114679700056866,0.0305));
#4598=CARTESIAN_POINT('',(0.00243959226861361,-0.11467414354285,0.0305));
#4599=CARTESIAN_POINT('',(0.00243959226861361,-0.11467414354285,0.0305));
#4600=CARTESIAN_POINT('',(0.00230701786045083,-0.114679700056866,0.0305));
#4601=CARTESIAN_POINT('',(0.00483329840004299,-0.112950000000001,0.0305));
#4602=CARTESIAN_POINT('',(0.00274913938400509,-0.115037769430723,0.0305));
#4603=CARTESIAN_POINT('',(0.00274913938400509,-0.115037769430723,0.0305));
#4604=CARTESIAN_POINT('',(0.00483329840004299,-0.112950000000001,0.0305));
#4605=CARTESIAN_POINT('',(0.002719328207292,-0.115164870031231,0.0305));
#4606=CARTESIAN_POINT('',(0.00268951703057891,-0.11529197063174,0.0305));
#4607=CARTESIAN_POINT('',(0.00268951703057891,-0.11529197063174,0.0305));
#4608=CARTESIAN_POINT('',(0.002719328207292,-0.115164870031231,0.0305));
#4609=CARTESIAN_POINT('',(0.00281654452107822,-0.115253618771222,0.0305));
#4610=CARTESIAN_POINT('',(0.00294357201157751,-0.115215266910704,0.0305));
#4611=CARTESIAN_POINT('',(0.00294357201157751,-0.115215266910704,0.0305));
#4612=CARTESIAN_POINT('',(0.00281654452107822,-0.115253618771222,0.0305));
#4613=CARTESIAN_POINT('',(0.00483329840004352,-0.112950000000001,0.0305));
#4614=CARTESIAN_POINT('',(0.00333382421614707,-0.11549048758545,0.0305));
#4615=CARTESIAN_POINT('',(0.00333382421614707,-0.11549048758545,0.0305));
#4616=CARTESIAN_POINT('',(0.00483329840004352,-0.112950000000001,0.0305));
#4617=CARTESIAN_POINT('',(0.00333655824636837,-0.115621008825045,0.0305));
#4618=CARTESIAN_POINT('',(0.00333929227658967,-0.11575153006464,0.0305));
#4619=CARTESIAN_POINT('',(0.00333929227658967,-0.11575153006464,0.0305));
#4620=CARTESIAN_POINT('',(0.00333655824636837,-0.115621008825045,0.0305));
#4621=CARTESIAN_POINT('',(0.00345279124502298,-0.115682792646065,0.0305));
#4622=CARTESIAN_POINT('',(0.00356629021345628,-0.11561405522749,0.0305));
#4623=CARTESIAN_POINT('',(0.00356629021345628,-0.11561405522749,0.0305));
#4624=CARTESIAN_POINT('',(0.00345279124502298,-0.115682792646065,0.0305));
#4625=CARTESIAN_POINT('',(0.00483329840004394,-0.11295,0.0305));
#4626=CARTESIAN_POINT('',(0.00401272652594362,-0.115783577561923,0.0305));
#4627=CARTESIAN_POINT('',(0.00401272652594362,-0.115783577561923,0.0305));
#4628=CARTESIAN_POINT('',(0.00483329840004394,-0.11295,0.0305));
#4629=CARTESIAN_POINT('',(0.00404783397392544,-0.115909318311097,0.0305));
#4630=CARTESIAN_POINT('',(0.00408294142190726,-0.116035059060271,0.0305));
#4631=CARTESIAN_POINT('',(0.00408294142190726,-0.116035059060271,0.0305));
#4632=CARTESIAN_POINT('',(0.00404783397392544,-0.115909318311097,0.0305));
#4633=CARTESIAN_POINT('',(0.00417578031066791,-0.115940255108447,0.0305));
#4634=CARTESIAN_POINT('',(0.00426861919942853,-0.115845451156623,0.0305));
#4635=CARTESIAN_POINT('',(0.00426861919942853,-0.115845451156623,0.0305));
#4636=CARTESIAN_POINT('',(0.00417578031066791,-0.115940255108447,0.0305));
#4637=CARTESIAN_POINT('',(0.00426861919942853,-0.116124799505536,0.0305));
#4638=CARTESIAN_POINT('',(0.00426861919942853,-0.116404147854449,0.0305));
#4639=CARTESIAN_POINT('',(0.00426861919942853,-0.116404147854449,0.0305));
#4640=CARTESIAN_POINT('',(0.00426861919942853,-0.116124799505536,0.0305));
#4641=CARTESIAN_POINT('',(0.00483329840004451,-0.11295,0.0305));
#4642=CARTESIAN_POINT('',(0.00548329840004444,-0.116389113257803,0.0305));
#4643=CARTESIAN_POINT('',(0.00548329840004444,-0.116389113257803,0.0305));
#4644=CARTESIAN_POINT('',(0.00483329840004451,-0.11295,0.0305));
#4645=CARTESIAN_POINT('',(0.00548329840004444,-0.116110790153038,0.0305));
#4646=CARTESIAN_POINT('',(0.00548329840004444,-0.115832467048273,0.0305));
#4647=CARTESIAN_POINT('',(0.00548329840004444,-0.115832467048273,0.0305));
#4648=CARTESIAN_POINT('',(0.00548329840004444,-0.116110790153038,0.0305));
#4649=CARTESIAN_POINT('',(0.00557264625241805,-0.115923706071112,0.0305));
#4650=CARTESIAN_POINT('',(0.00566199410479165,-0.116014945093951,0.0305));
#4651=CARTESIAN_POINT('',(0.00566199410479165,-0.116014945093951,0.0305));
#4652=CARTESIAN_POINT('',(0.00557264625241805,-0.115923706071112,0.0305));
#4653=CARTESIAN_POINT('',(0.00569767729106995,-0.115887142281913,0.0305));
#4654=CARTESIAN_POINT('',(0.00573336047734824,-0.115759339469875,0.0305));
#4655=CARTESIAN_POINT('',(0.00573336047734824,-0.115759339469875,0.0305));
#4656=CARTESIAN_POINT('',(0.00569767729106995,-0.115887142281913,0.0305));
#4657=CARTESIAN_POINT('',(0.00483329840004478,-0.11295,0.0305));
#4658=CARTESIAN_POINT('',(0.00617484456671951,-0.115577309247629,0.0305));
#4659=CARTESIAN_POINT('',(0.00617484456671951,-0.115577309247629,0.0305));
#4660=CARTESIAN_POINT('',(0.00483329840004478,-0.11295,0.0305));
#4661=CARTESIAN_POINT('',(0.00628651226083142,-0.115644937607053,0.0305));
#4662=CARTESIAN_POINT('',(0.00639817995494332,-0.115712565966477,0.0305));
#4663=CARTESIAN_POINT('',(0.00639817995494332,-0.115712565966477,0.0305));
#4664=CARTESIAN_POINT('',(0.00628651226083142,-0.115644937607053,0.0305));
#4665=CARTESIAN_POINT('',(0.00640095882140288,-0.115579904267223,0.0305));
#4666=CARTESIAN_POINT('',(0.00640373768786244,-0.115447242567969,0.0305));
#4667=CARTESIAN_POINT('',(0.00640373768786244,-0.115447242567969,0.0305));
#4668=CARTESIAN_POINT('',(0.00640095882140288,-0.115579904267223,0.0305));
#4669=CARTESIAN_POINT('',(0.00483329840004632,-0.112950000000002,0.0305));
#4670=CARTESIAN_POINT('',(0.00678608266730273,-0.115161138531515,0.0305));
#4671=CARTESIAN_POINT('',(0.00678608266730273,-0.115161138531515,0.0305));
#4672=CARTESIAN_POINT('',(0.00483329840004632,-0.112950000000002,0.0305));
#4673=CARTESIAN_POINT('',(0.00691106060453584,-0.115198871595419,0.0305));
#4674=CARTESIAN_POINT('',(0.00703603854176893,-0.115236604659322,0.0305));
#4675=CARTESIAN_POINT('',(0.00703603854176893,-0.115236604659322,0.0305));
#4676=CARTESIAN_POINT('',(0.00691106060453584,-0.115198871595419,0.0305));
#4677=CARTESIAN_POINT('',(0.00700573848201014,-0.115107419695312,0.0305));
#4678=CARTESIAN_POINT('',(0.00697543842225134,-0.114978234731302,0.0305));
#4679=CARTESIAN_POINT('',(0.00697543842225134,-0.114978234731302,0.0305));
#4680=CARTESIAN_POINT('',(0.00700573848201014,-0.115107419695312,0.0305));
#4681=CARTESIAN_POINT('',(0.00483329840004529,-0.11295,0.0305));
#4682=CARTESIAN_POINT('',(0.00727462015053597,-0.114606033849466,0.0305));
#4683=CARTESIAN_POINT('',(0.00727462015053597,-0.114606033849466,0.0305));
#4684=CARTESIAN_POINT('',(0.00483329840004529,-0.11295,0.0305));
#4685=CARTESIAN_POINT('',(0.00740505550745721,-0.114611500710672,0.0305));
#4686=CARTESIAN_POINT('',(0.00753549086437844,-0.114616967571879,0.0305));
#4687=CARTESIAN_POINT('',(0.00753549086437844,-0.114616967571879,0.0305));
#4688=CARTESIAN_POINT('',(0.00740505550745721,-0.114611500710672,0.0305));
#4689=CARTESIAN_POINT('',(0.00747401574259176,-0.11449937650951,0.0305));
#4690=CARTESIAN_POINT('',(0.00741254062080508,-0.114381785447141,0.0305));
#4691=CARTESIAN_POINT('',(0.00741254062080508,-0.114381785447141,0.0305));
#4692=CARTESIAN_POINT('',(0.00747401574259176,-0.11449937650951,0.0305));
#4693=CARTESIAN_POINT('',(0.00483329840004491,-0.11295,0.0305));
#4694=CARTESIAN_POINT('',(0.00760976040963248,-0.113946874470189,0.0305));
#4695=CARTESIAN_POINT('',(0.00760976040963248,-0.113946874470189,0.0305));
#4696=CARTESIAN_POINT('',(0.00483329840004491,-0.11295,0.0305));
#4697=CARTESIAN_POINT('',(0.00773745745305879,-0.113919731625703,0.0305));
#4698=CARTESIAN_POINT('',(0.00786515449648512,-0.113892588781217,0.0305));
#4699=CARTESIAN_POINT('',(0.00786515449648512,-0.113892588781217,0.0305));
#4700=CARTESIAN_POINT('',(0.00773745745305879,-0.113919731625703,0.0305));
#4701=CARTESIAN_POINT('',(0.0077763670206621,-0.113793980299407,0.0305));
#4702=CARTESIAN_POINT('',(0.00768757954483906,-0.113695371817598,0.0305));
#4703=CARTESIAN_POINT('',(0.00768757954483906,-0.113695371817598,0.0305));
#4704=CARTESIAN_POINT('',(0.0077763670206621,-0.113793980299407,0.0305));
#4705=CARTESIAN_POINT('',(0.00483329840004464,-0.11295,0.0305));
#4706=CARTESIAN_POINT('',(0.00777044534955357,-0.113225077801702,0.0305));
#4707=CARTESIAN_POINT('',(0.00777044534955357,-0.113225077801702,0.0305));
#4708=CARTESIAN_POINT('',(0.00483329840004464,-0.11295,0.0305));
#4709=CARTESIAN_POINT('',(0.00788738040460963,-0.113167030736267,0.0305));
#4710=CARTESIAN_POINT('',(0.00800431545966569,-0.113108983670831,0.0305));
#4711=CARTESIAN_POINT('',(0.00800431545966569,-0.113108983670831,0.0305));
#4712=CARTESIAN_POINT('',(0.00788738040460963,-0.113167030736267,0.0305));
#4713=CARTESIAN_POINT('',(0.00789379447344978,-0.113035553703151,0.0305));
#4714=CARTESIAN_POINT('',(0.00778327348723387,-0.11296212373547,0.0305));
#4715=CARTESIAN_POINT('',(0.00778327348723387,-0.11296212373547,0.0305));
#4716=CARTESIAN_POINT('',(0.00789379447344978,-0.113035553703151,0.0305));
#4717=CARTESIAN_POINT('',(0.00483329840004437,-0.11295,0.0305));
#4718=CARTESIAN_POINT('',(0.00774657854456615,-0.112485996983269,0.0305));
#4719=CARTESIAN_POINT('',(0.00774657854456615,-0.112485996983269,0.0305));
#4720=CARTESIAN_POINT('',(0.00483329840004437,-0.11295,0.0305));
#4721=CARTESIAN_POINT('',(0.00784540415168572,-0.112400693007488,0.0305));
#4722=CARTESIAN_POINT('',(0.00794422975880531,-0.112315389031707,0.0305));
#4723=CARTESIAN_POINT('',(0.00794422975880531,-0.112315389031707,0.0305));
#4724=CARTESIAN_POINT('',(0.00784540415168572,-0.112400693007488,0.0305));
#4725=CARTESIAN_POINT('',(0.0078189197022282,-0.11227175145308,0.0305));
#4726=CARTESIAN_POINT('',(0.0076936096456511,-0.112228113874454,0.0305));
#4727=CARTESIAN_POINT('',(0.0076936096456511,-0.112228113874454,0.0305));
#4728=CARTESIAN_POINT('',(0.0078189197022282,-0.11227175145308,0.0305));
#4729=CARTESIAN_POINT('',(0.00483329840004397,-0.11295,0.0305));
#4730=CARTESIAN_POINT('',(0.00753965963380353,-0.111776071180861,0.0305));
#4731=CARTESIAN_POINT('',(0.00753965963380353,-0.111776071180861,0.0305));
#4732=CARTESIAN_POINT('',(0.00483329840004397,-0.11295,0.0305));
#4733=CARTESIAN_POINT('',(0.00761416621663614,-0.111668870257258,0.0305));
#4734=CARTESIAN_POINT('',(0.00768867279946876,-0.111561669333656,0.0305));
#4735=CARTESIAN_POINT('',(0.00768867279946876,-0.111561669333656,0.0305));
#4736=CARTESIAN_POINT('',(0.00761416621663614,-0.111668870257258,0.0305));
#4737=CARTESIAN_POINT('',(0.00755644736424335,-0.111550566053636,0.0305));
#4738=CARTESIAN_POINT('',(0.00742422192901795,-0.111539462773617,0.0305));
#4739=CARTESIAN_POINT('',(0.00742422192901795,-0.111539462773617,0.0305));
#4740=CARTESIAN_POINT('',(0.00755644736424335,-0.111550566053636,0.0305));
#4741=CARTESIAN_POINT('',(0.00483329840004284,-0.11295,0.0305));
#4742=CARTESIAN_POINT('',(0.00716269009342345,-0.111139907643567,0.0305));
#4743=CARTESIAN_POINT('',(0.00716269009342345,-0.111139907643567,0.0305));
#4744=CARTESIAN_POINT('',(0.00483329840004284,-0.11295,0.0305));
#4745=CARTESIAN_POINT('',(0.00720819612935367,-0.111017545600431,0.0305));
#4746=CARTESIAN_POINT('',(0.0072537021652839,-0.110895183557294,0.0305));
#4747=CARTESIAN_POINT('',(0.0072537021652839,-0.110895183557294,0.0305));
#4748=CARTESIAN_POINT('',(0.00720819612935367,-0.111017545600431,0.0305));
#4749=CARTESIAN_POINT('',(0.00712286956179655,-0.110917312235801,0.0305));
#4750=CARTESIAN_POINT('',(0.0069920369583092,-0.110939440914307,0.0305));
#4751=CARTESIAN_POINT('',(0.0069920369583092,-0.110939440914307,0.0305));
#4752=CARTESIAN_POINT('',(0.00712286956179655,-0.110917312235801,0.0305));
#4753=CARTESIAN_POINT('',(0.00483329840004347,-0.11295,0.0305));
#4754=CARTESIAN_POINT('',(0.00663935630604498,-0.110617478866082,0.0305));
#4755=CARTESIAN_POINT('',(0.00663935630604498,-0.110617478866082,0.0305));
#4756=CARTESIAN_POINT('',(0.00483329840004347,-0.11295,0.0305));
#4757=CARTESIAN_POINT('',(0.00665300248347583,-0.110487644160598,0.0305));
#4758=CARTESIAN_POINT('',(0.00666664866090669,-0.110357809455114,0.0305));
#4759=CARTESIAN_POINT('',(0.00666664866090669,-0.110357809455114,0.0305));
#4760=CARTESIAN_POINT('',(0.00665300248347583,-0.110487644160598,0.0305));
#4761=CARTESIAN_POINT('',(0.00654542958280316,-0.110411779665892,0.0305));
#4762=CARTESIAN_POINT('',(0.00642421050469962,-0.110465749876671,0.0305));
#4763=CARTESIAN_POINT('',(0.00642421050469962,-0.110465749876671,0.0305));
#4764=CARTESIAN_POINT('',(0.00654542958280316,-0.110411779665892,0.0305));
#4765=CARTESIAN_POINT('',(0.00483329840004333,-0.112950000000002,0.0305));
#4766=CARTESIAN_POINT('',(0.00600254125821616,-0.110241610969854,0.0305));
#4767=CARTESIAN_POINT('',(0.00600254125821616,-0.110241610969854,0.0305));
#4768=CARTESIAN_POINT('',(0.00483329840004333,-0.112950000000002,0.0305));
#4769=CARTESIAN_POINT('',(0.00598347013763253,-0.110112461594067,0.0305));
#4770=CARTESIAN_POINT('',(0.0059643990170489,-0.109983312218279,0.0305));
#4771=CARTESIAN_POINT('',(0.0059643990170489,-0.109983312218279,0.0305));
#4772=CARTESIAN_POINT('',(0.00598347013763253,-0.110112461594067,0.0305));
#4773=CARTESIAN_POINT('',(0.00586041010481901,-0.110065732814497,0.0305));
#4774=CARTESIAN_POINT('',(0.00575642119258912,-0.110148153410716,0.0305));
#4775=CARTESIAN_POINT('',(0.00575642119258912,-0.110148153410716,0.0305));
#4776=CARTESIAN_POINT('',(0.00586041010481901,-0.110065732814497,0.0305));
#4777=CARTESIAN_POINT('',(0.00575642119258912,-0.109861042026368,0.0305));
#4778=CARTESIAN_POINT('',(0.00575642119258912,-0.109573930642021,0.0305));
#4779=CARTESIAN_POINT('',(0.00575642119258912,-0.109573930642021,0.0305));
#4780=CARTESIAN_POINT('',(0.00575642119258912,-0.109861042026368,0.0305));
#4781=CARTESIAN_POINT('',(0.00483329840004444,-0.11295,0.0305));
#4782=CARTESIAN_POINT('',(0.00483329840004444,-0.11295,0.0305));
#4783=CARTESIAN_POINT('',(0.00483329840004444,-0.11295,0.0305));
#4784=CARTESIAN_POINT('',(0.00483329840004444,-0.11295,0.0305));
#4785=CARTESIAN_POINT('',(0.00483329840004444,-0.11145,0.0305));
#4786=CARTESIAN_POINT('',(0.00483329840004444,-0.11295,0.0295));
#4787=CARTESIAN_POINT('',(0.00483329840004444,-0.11295,0.0295));
#4788=CARTESIAN_POINT('',(0.00483329840004444,-0.1082,0.0295));
#4789=CARTESIAN_POINT('',(0.00483329840004444,-0.11295,0.0295));
#4790=CARTESIAN_POINT('',(0.00483329840004444,-0.11295,0.0295));
#4791=CARTESIAN_POINT('',(0.00483329840004444,-0.11145,0.0295));
#4792=CARTESIAN_POINT('',(0.00483329840004444,-0.11295,0.0305));
#4793=CARTESIAN_POINT('',(-0.0075,-0.11295,-0.068));
#4794=CARTESIAN_POINT('',(-0.0075,-0.10545,-0.068));
#4795=CARTESIAN_POINT('',(-0.0075,-0.11295,-0.07));
#4796=CARTESIAN_POINT('',(-0.0075,-0.10545,-0.07));
#4797=CARTESIAN_POINT('',(-0.0075,-0.11295,0.03));
#4798=CARTESIAN_POINT('',(-0.0075,-0.10545,0.03));
#4799=CARTESIAN_POINT('',(-0.0075,-0.11295,0.032));
#4800=CARTESIAN_POINT('',(-0.0075,-0.10545,0.032));
#4801=CARTESIAN_POINT('',(0.00983329840004444,-0.11295,0.025));
#4802=CARTESIAN_POINT('',(0.00983329840004444,-0.11295,0.0265));
#4803=CARTESIAN_POINT('',(0.0118332984000444,-0.11295,0.025));
#4804=CARTESIAN_POINT('',(0.0118332984000444,-0.10545,0.03));
#4805=CARTESIAN_POINT('',(0.0118332984000444,-0.11295,0.025));
#4806=CARTESIAN_POINT('',(0.00608329840004444,-0.11295,0.025));
#4807=CARTESIAN_POINT('',(0.0113332984000444,-0.11295,0.025));
#4808=CARTESIAN_POINT('',(-0.000166701599955562,-0.11295,0.025));
#4809=CARTESIAN_POINT('',(-0.000166701599955562,-0.10295,0.0265));
#4810=CARTESIAN_POINT('',(-0.00216670159995556,-0.11295,0.025));
#4811=CARTESIAN_POINT('',(-0.00216670159995556,-0.10545,0.03));
#4812=CARTESIAN_POINT('',(-0.00216670159995556,-0.11295,0.025));
#4813=CARTESIAN_POINT('',(0.00608329840004444,-0.11295,0.025));
#4814=CARTESIAN_POINT('',(-0.00166670159995557,-0.12295,0.025));
#4815=CARTESIAN_POINT('',(0.00983329840004444,-0.11295,0.0265));
#4816=CARTESIAN_POINT('',(-0.00166670159995557,-0.11295,0.025));
#4817=CARTESIAN_POINT('',(0.00540144680008888,-0.11295,-0.0685));
#4818=CARTESIAN_POINT('',(0.00540144680008888,-0.11295,-0.0660965575238898));
#4819=CARTESIAN_POINT('',(0.00540144680008888,-0.11295,-0.0685));
#4820=CARTESIAN_POINT('',(0.00940144680008888,-0.11295,-0.0685));
#4821=CARTESIAN_POINT('',(0.00540144680008888,-0.11295,-0.0725));
#4822=CARTESIAN_POINT('',(-0.00383340319991112,-0.20295,0.021));
#4823=CARTESIAN_POINT('',(-0.00383340319991112,-0.20295,-0.029));
#4824=CARTESIAN_POINT('',(-0.00383340319991112,-0.202087752016659,-0.029));
#4825=CARTESIAN_POINT('',(-0.00383340319991112,-0.19895,-0.029));
#4826=CARTESIAN_POINT('',(-0.00383340319991112,-0.202087752016659,0.021));
#4827=CARTESIAN_POINT('',(-0.00383340319991112,-0.202087752016659,-0.009));
#4828=CARTESIAN_POINT('',(-0.00383340319991112,-0.20295,-0.009));
#4829=CARTESIAN_POINT('',(-0.00383340319991112,-0.19895,-0.009));
#4830=CARTESIAN_POINT('',(-0.00383340319991112,-0.19895,-0.029));
#4831=CARTESIAN_POINT('',(0.00316659680008888,-0.20295,0.021));
#4832=CARTESIAN_POINT('',(0.00316659680008888,-0.20295,-0.009));
#4833=CARTESIAN_POINT('',(0.00316659680008888,-0.201486140684796,-0.009));
#4834=CARTESIAN_POINT('',(0.00316659680008888,-0.19895,-0.009));
#4835=CARTESIAN_POINT('',(0.00316659680008888,-0.201486140684796,-0.029));
#4836=CARTESIAN_POINT('',(0.00316659680008888,-0.201486140684796,-0.029));
#4837=CARTESIAN_POINT('',(0.00316659680008888,-0.20295,-0.029));
#4838=CARTESIAN_POINT('',(0.00316659680008888,-0.19895,-0.029));
#4839=CARTESIAN_POINT('',(0.00316659680008888,-0.19895,-0.009));
#4840=CARTESIAN_POINT('',(0.00966659680008889,-0.19295,-0.019));
#4841=CARTESIAN_POINT('',(0.00966659680008889,-0.19295,-0.009));
#4842=CARTESIAN_POINT('',(0.0154655794311979,-0.208717745572658,-0.009));
#4843=CARTESIAN_POINT('',(-0.00325644010009704,-0.203685227863275,-0.009));
#4844=CARTESIAN_POINT('',(-0.00325644010009704,-0.203685227863275,-0.019));
#4845=CARTESIAN_POINT('',(-0.00325644010009704,-0.203685227863275,-0.029));
#4846=CARTESIAN_POINT('',(0.00966659680008889,-0.19295,-0.029));
#4847=CARTESIAN_POINT('',(0.0154655794311979,-0.208717745572658,-0.029));
#4848=CARTESIAN_POINT('',(0.0154655794311979,-0.208717745572658,-0.029));
#4849=CARTESIAN_POINT('',(0.0162430550600958,-0.208431809473087,-0.029));
#4850=CARTESIAN_POINT('',(0.0176407698297987,-0.207781399909617,-0.0283112098999413));
#4851=CARTESIAN_POINT('',(0.0186032742391746,-0.207186996997496,-0.027093180668209));
#4852=CARTESIAN_POINT('',(0.0190620710284254,-0.206877493099071,-0.0265));
#4853=CARTESIAN_POINT('',(0.0190620710284254,-0.206877493099071,-0.0265));
#4854=CARTESIAN_POINT('',(0.0190620710284254,-0.206877493099071,-0.019));
#4855=CARTESIAN_POINT('',(0.0190620710284254,-0.206877493099071,-0.0115));
#4856=CARTESIAN_POINT('',(0.0154655794311979,-0.208717745572658,-0.009));
#4857=CARTESIAN_POINT('',(0.0162430550600958,-0.208431809473087,-0.009));
#4858=CARTESIAN_POINT('',(0.0176407698298221,-0.207781399909601,-0.00968879010003235));
#4859=CARTESIAN_POINT('',(0.0186032742391277,-0.207186996997528,-0.0109068193318438));
#4860=CARTESIAN_POINT('',(0.0190620710284254,-0.206877493099071,-0.0115));
#4861=CARTESIAN_POINT('',(0.00966659680008889,-0.19295,-0.019));
#4862=CARTESIAN_POINT('',(0.00966659680008889,-0.19295,-0.029));
#4863=CARTESIAN_POINT('',(0.0189880941130592,-0.200390409118072,-0.029));
#4864=CARTESIAN_POINT('',(0.0046057982381862,-0.203749922125453,-0.029));
#4865=CARTESIAN_POINT('',(0.0046057982381862,-0.203749922125453,-0.019));
#4866=CARTESIAN_POINT('',(0.0046057982381862,-0.203749922125453,-0.009));
#4867=CARTESIAN_POINT('',(0.00966659680008889,-0.19295,-0.009));
#4868=CARTESIAN_POINT('',(0.0189880941130592,-0.200390409118072,-0.009));
#4869=CARTESIAN_POINT('',(0.0189880941130592,-0.200390409118072,-0.019));
#4870=CARTESIAN_POINT('',(0.0296665968000889,-0.20645,0.021));
#4871=CARTESIAN_POINT('',(0.0296665968000889,-0.20645,-0.0115));
#4872=CARTESIAN_POINT('',(0.0288043488167472,-0.20645,-0.0115));
#4873=CARTESIAN_POINT('',(0.0204601823064003,-0.20645,-0.0115));
#4874=CARTESIAN_POINT('',(0.0204601823064003,-0.20645,-0.029));
#4875=CARTESIAN_POINT('',(0.0204601823064003,-0.20645,-0.0265));
#4876=CARTESIAN_POINT('',(0.0296665968000889,-0.20645,-0.0265));
#4877=CARTESIAN_POINT('',(0.0288043488167472,-0.20645,-0.0265));
#4878=CARTESIAN_POINT('',(0.0288043488167472,-0.20645,0.021));
#4879=CARTESIAN_POINT('',(0.0296665968000889,-0.19945,0.021));
#4880=CARTESIAN_POINT('',(0.0296665968000889,-0.19945,-0.009));
#4881=CARTESIAN_POINT('',(0.0282027374848842,-0.19945,-0.009));
#4882=CARTESIAN_POINT('',(0.0209419815921651,-0.19945,-0.009));
#4883=CARTESIAN_POINT('',(0.0282027374848842,-0.19945,-0.029));
#4884=CARTESIAN_POINT('',(0.0282027374848842,-0.19945,-0.029));
#4885=CARTESIAN_POINT('',(0.0296665968000889,-0.19945,-0.029));
#4886=CARTESIAN_POINT('',(0.0209419815921651,-0.19945,-0.029));
#4887=CARTESIAN_POINT('',(0.0209419815921651,-0.19945,0.021));
#4888=CARTESIAN_POINT('',(0.0196665968000889,-0.19295,-0.019));
#4889=CARTESIAN_POINT('',(0.0304018246633638,-0.205873036900186,-0.019));
#4890=CARTESIAN_POINT('',(0.0304018246633638,-0.205873036900186,-0.0115));
#4891=CARTESIAN_POINT('',(0.0304018246633638,-0.205873036900186,-0.0265));
#4892=CARTESIAN_POINT('',(0.0196665968000889,-0.19295,-0.0265));
#4893=CARTESIAN_POINT('',(0.0196665968000889,-0.19295,-0.0115));
#4894=CARTESIAN_POINT('',(0.0196665968000889,-0.19295,-0.019));
#4895=CARTESIAN_POINT('',(0.0196665968000889,-0.19295,-0.009));
#4896=CARTESIAN_POINT('',(0.0286665968000889,-0.185123762078751,-0.009));
#4897=CARTESIAN_POINT('',(0.0304665189255416,-0.198010798561903,-0.009));
#4898=CARTESIAN_POINT('',(0.0286665968000889,-0.185123762078751,-0.009));
#4899=CARTESIAN_POINT('',(0.0281696288543293,-0.184552259965367,-0.009));
#4900=CARTESIAN_POINT('',(0.0276113256887193,-0.184031050184851,-0.00914356502307247));
#4901=CARTESIAN_POINT('',(0.0271070059181608,-0.183628502687029,-0.00954611252089412));
#4902=CARTESIAN_POINT('',(0.0271070059181608,-0.183628502687029,-0.00954611252089413));
#4903=CARTESIAN_POINT('',(0.0271070059181608,-0.183628502687029,-0.019));
#4904=CARTESIAN_POINT('',(0.0271070059181608,-0.183628502687029,-0.0284538874791059));
#4905=CARTESIAN_POINT('',(0.0271070059181608,-0.183628502687029,-0.0284538874791059));
#4906=CARTESIAN_POINT('',(0.0276123622471942,-0.18403187756471,-0.0288572623567861));
#4907=CARTESIAN_POINT('',(0.0281689731066966,-0.184551505870136,-0.029));
#4908=CARTESIAN_POINT('',(0.0286665968000889,-0.185123762078751,-0.029));
#4909=CARTESIAN_POINT('',(0.0286665968000889,-0.185123762078751,-0.029));
#4910=CARTESIAN_POINT('',(0.0196665968000889,-0.19295,-0.029));
#4911=CARTESIAN_POINT('',(0.0304665189255416,-0.198010798561903,-0.029));
#4912=CARTESIAN_POINT('',(0.0304665189255416,-0.198010798561903,-0.019));
#4913=CARTESIAN_POINT('',(0.0296665968000889,-0.10295,-0.029));
#4914=CARTESIAN_POINT('',(0.0286665968000889,-0.10295,-0.029));
#4915=CARTESIAN_POINT('',(0.0306665968000889,-0.10295,-0.029));
#4916=CARTESIAN_POINT('',(0.0306665968000889,-0.183812247983342,-0.029));
#4917=CARTESIAN_POINT('',(0.0196665968000889,-0.19295,-0.029));
#4918=CARTESIAN_POINT('',(0.0288043488167472,-0.20395,-0.029));
#4919=CARTESIAN_POINT('',(0.0296665968000888,-0.20395,-0.029));
#4920=CARTESIAN_POINT('',(0.0204601823064003,-0.20395,-0.029));
#4921=CARTESIAN_POINT('',(0.0204601823064003,-0.20895,-0.029));
#4922=CARTESIAN_POINT('',(-0.00133340319991112,-0.202087752016659,-0.029));
#4923=CARTESIAN_POINT('',(-0.00133340319991112,-0.19895,-0.029));
#4924=CARTESIAN_POINT('',(-0.00133340319991112,-0.19645,-0.029));
#4925=CARTESIAN_POINT('',(-0.000333403199911122,-0.19645,-0.029));
#4926=CARTESIAN_POINT('',(0.000666596800088879,-0.19645,-0.029));
#4927=CARTESIAN_POINT('',(0.000666596800088879,-0.19895,-0.029));
#4928=CARTESIAN_POINT('',(0.00566659680008888,-0.201486140684796,-0.029));
#4929=CARTESIAN_POINT('',(0.0209419815921651,-0.20195,-0.029));
#4930=CARTESIAN_POINT('',(0.0282027374848842,-0.19695,-0.029));
#4931=CARTESIAN_POINT('',(0.0296665968000889,-0.10295,-0.009));
#4932=CARTESIAN_POINT('',(0.0286665968000889,-0.10295,-0.009));
#4933=CARTESIAN_POINT('',(0.0282027374848842,-0.19695,-0.009));
#4934=CARTESIAN_POINT('',(0.0209419815921651,-0.20195,-0.009));
#4935=CARTESIAN_POINT('',(0.00566659680008888,-0.201486140684796,-0.009));
#4936=CARTESIAN_POINT('',(0.000666596800088879,-0.19895,-0.009));
#4937=CARTESIAN_POINT('',(0.000666596800088879,-0.19645,-0.009));
#4938=CARTESIAN_POINT('',(-0.000333403199911122,-0.19645,-0.009));
#4939=CARTESIAN_POINT('',(-0.00133340319991112,-0.19645,-0.009));
#4940=CARTESIAN_POINT('',(-0.00133340319991112,-0.19895,-0.009));
#4941=CARTESIAN_POINT('',(-0.00133340319991112,-0.202087752016659,-0.009));
#4942=CARTESIAN_POINT('',(0.0204601823064003,-0.20895,-0.009));
#4943=CARTESIAN_POINT('',(0.0204601823064003,-0.20395,-0.009));
#4944=CARTESIAN_POINT('',(0.0296665968000888,-0.20395,-0.009));
#4945=CARTESIAN_POINT('',(0.0288043488167472,-0.20395,-0.009));
#4946=CARTESIAN_POINT('',(0.0196665968000889,-0.19295,-0.009));
#4947=CARTESIAN_POINT('',(0.0306665968000889,-0.183812247983342,-0.009));
#4948=CARTESIAN_POINT('',(0.0306665968000889,-0.10295,-0.009));
#4949=CARTESIAN_POINT('',(0.0177498952001333,-0.19645,-0.019));
#4950=CARTESIAN_POINT('',(0.000666596800088879,-0.19645,-0.029));
#4951=CARTESIAN_POINT('',(-0.00133340319991112,-0.19645,-0.009));
#4952=CARTESIAN_POINT('',(0.0306665968000889,-0.11295,-0.0115));
#4953=CARTESIAN_POINT('',(0.0331665968000889,-0.18295,-0.0115));
#4954=CARTESIAN_POINT('',(0.0331665968000889,-0.18295,-0.0108200163400861));
#4955=CARTESIAN_POINT('',(0.0325853935506233,-0.183139435726189,-0.00950361256773424));
#4956=CARTESIAN_POINT('',(0.0312968964633844,-0.183584654479027,-0.009));
#4957=CARTESIAN_POINT('',(0.0306665968000889,-0.183812247983342,-0.009));
#4958=CARTESIAN_POINT('',(0.0196665968000889,-0.19295,-0.0115));
#4959=CARTESIAN_POINT('',(0.0288043488167472,-0.20395,-0.0115));
#4960=CARTESIAN_POINT('',(0.0296665968000889,-0.20395,-0.0115));
#4961=CARTESIAN_POINT('',(0.0288043488167472,-0.20395,-0.0115));
#4962=CARTESIAN_POINT('',(0.0204601823064003,-0.20395,-0.0115));
#4963=CARTESIAN_POINT('',(0.0288043488167472,-0.20395,-0.0115));
#4964=CARTESIAN_POINT('',(0.0288043488167472,-0.20395,-0.0115));
#4965=CARTESIAN_POINT('',(0.0306665968000889,-0.10295,-0.0265));
#4966=CARTESIAN_POINT('',(0.0331665968000889,-0.18295,-0.0265));
#4967=CARTESIAN_POINT('',(0.0331665968000889,-0.18295,-0.0271799836599139));
#4968=CARTESIAN_POINT('',(0.0325853935506238,-0.183139435726191,-0.0284963874322658));
#4969=CARTESIAN_POINT('',(0.0312968964633835,-0.183584654479024,-0.029));
#4970=CARTESIAN_POINT('',(0.0306665968000889,-0.183812247983342,-0.029));
#4971=CARTESIAN_POINT('',(0.0204601823064003,-0.20895,-0.0115));
#4972=CARTESIAN_POINT('',(0.0204601823064003,-0.20895,-0.0115));
#4973=CARTESIAN_POINT('',(0.0288043488167472,-0.20395,-0.019));
#4974=CARTESIAN_POINT('',(0.0288043488167472,-0.20395,-0.0265));
#4975=CARTESIAN_POINT('',(0.0196665968000889,-0.19295,-0.0265));
#4976=CARTESIAN_POINT('',(0.0288043488167472,-0.20395,-0.0265));
#4977=CARTESIAN_POINT('',(0.0204601823064003,-0.20895,-0.019));
#4978=CARTESIAN_POINT('',(0.0204601823064003,-0.20895,-0.0265));
#4979=CARTESIAN_POINT('',(0.0288043488167472,-0.20395,-0.0265));
#4980=CARTESIAN_POINT('',(0.0288043488167472,-0.20395,-0.0265));
#4981=CARTESIAN_POINT('',(0.0204601823064003,-0.20895,-0.0265));
#4982=CARTESIAN_POINT('',(0.0204601823064003,-0.20395,-0.0265));
#4983=CARTESIAN_POINT('',(0.0296665968000888,-0.20395,-0.0265));
#4984=CARTESIAN_POINT('',(0.0286665968000889,-0.11295,-0.0265));
#4985=CARTESIAN_POINT('',(0.0286665968000889,-0.181674615207924,-0.0265));
#4986=CARTESIAN_POINT('',(0.0286665968000889,-0.181674615207924,-0.019));
#4987=CARTESIAN_POINT('',(0.0286665968000889,-0.181674615207924,-0.0115));
#4988=CARTESIAN_POINT('',(0.0286665968000889,-0.10295,-0.0115));
#4989=CARTESIAN_POINT('',(-0.01,-0.10545,0.03));
#4990=CARTESIAN_POINT('',(0.0196665968000889,-0.10545,0.03));
#4991=CARTESIAN_POINT('',(0.0196665968000889,-0.10545,0.021));
#4992=CARTESIAN_POINT('',(0.0286665968000889,-0.10545,0.021));
#4993=CARTESIAN_POINT('',(0.0286665968000889,-0.10545,0.021));
#4994=CARTESIAN_POINT('',(0.0261665968000889,-0.10545,-0.0289472622502683));
#4995=CARTESIAN_POINT('',(0.0261665968000889,-0.10530434148247,-0.0292711134004336));
#4996=CARTESIAN_POINT('',(0.0261665968000889,-0.105304344102856,-0.0296488924256248));
#4997=CARTESIAN_POINT('',(0.0261665968000889,-0.10545,-0.0299727377497318));
#4998=CARTESIAN_POINT('',(0.0261665968000889,-0.10545,-0.00802726225026827));
#4999=CARTESIAN_POINT('',(0.0261665968000889,-0.10530434148247,-0.00835111340043354));
#5000=CARTESIAN_POINT('',(0.0261665968000889,-0.105304344102856,-0.00872889242562482));
#5001=CARTESIAN_POINT('',(0.0261665968000889,-0.10545,-0.00905273774973174));
#5002=CARTESIAN_POINT('',(0.0286665968000889,-0.10545,-0.059));
#5003=CARTESIAN_POINT('',(0.0196665968000889,-0.10545,-0.059));
#5004=CARTESIAN_POINT('',(0.0196665968000889,-0.10545,-0.068));
#5005=CARTESIAN_POINT('',(0.0196665968000889,-0.10545,-0.068));
#5006=CARTESIAN_POINT('',(-0.0075,-0.10545,-0.068));
#5007=CARTESIAN_POINT('',(-0.0075,-0.10545,-0.068));
#5008=CARTESIAN_POINT('',(-0.0075,-0.10545,-0.068));
#5009=CARTESIAN_POINT('',(-0.0075,-0.10545,-0.0725));
#5010=CARTESIAN_POINT('',(-0.0075,-0.10545,-0.07));
#5011=CARTESIAN_POINT('',(-0.0075,-0.10545,-0.07));
#5012=CARTESIAN_POINT('',(-0.0075,-0.10545,-0.07));
#5013=CARTESIAN_POINT('',(-0.01,-0.10545,-0.07));
#5014=CARTESIAN_POINT('',(0.0196665968000889,-0.10545,-0.07));
#5015=CARTESIAN_POINT('',(0.0196665968000889,-0.10545,-0.059));
#5016=CARTESIAN_POINT('',(0.0306665968000889,-0.10545,-0.059));
#5017=CARTESIAN_POINT('',(0.0306665968000889,-0.10545,0.031));
#5018=CARTESIAN_POINT('',(0.0331665968000889,-0.10545,-0.0299727377497318));
#5019=CARTESIAN_POINT('',(0.0331665968000889,-0.10530434148247,-0.0296488865995665));
#5020=CARTESIAN_POINT('',(0.0331665968000889,-0.105304344102856,-0.0292711075743752));
#5021=CARTESIAN_POINT('',(0.0331665968000889,-0.10545,-0.0289472622502683));
#5022=CARTESIAN_POINT('',(0.0306665968000889,-0.10545,0.021));
#5023=CARTESIAN_POINT('',(0.0331665968000889,-0.10545,-0.00905273774973174));
#5024=CARTESIAN_POINT('',(0.0331665968000889,-0.10530434148247,-0.00872888659956648));
#5025=CARTESIAN_POINT('',(0.0331665968000889,-0.105304344102856,-0.0083511075743752));
#5026=CARTESIAN_POINT('',(0.0331665968000889,-0.10545,-0.00802726225026828));
#5027=CARTESIAN_POINT('',(0.0196665968000889,-0.10545,0.021));
#5028=CARTESIAN_POINT('',(0.0196665968000889,-0.10545,0.032));
#5029=CARTESIAN_POINT('',(-0.01,-0.10545,0.032));
#5030=CARTESIAN_POINT('',(-0.0075,-0.10545,0.032));
#5031=CARTESIAN_POINT('',(-0.0075,-0.10545,0.032));
#5032=CARTESIAN_POINT('',(-0.0075,-0.10545,0.032));
#5033=CARTESIAN_POINT('',(-0.0075,-0.10545,0.031));
#5034=CARTESIAN_POINT('',(-0.0075,-0.10545,0.03));
#5035=CARTESIAN_POINT('',(-0.0075,-0.10545,0.03));
#5036=CARTESIAN_POINT('',(-0.0075,-0.10545,0.03));
#5037=CARTESIAN_POINT('',(-0.01,-0.10545,0.03));
#5038=CARTESIAN_POINT('',(-0.00133340319991112,-0.202087752016659,-0.019));
#5039=CARTESIAN_POINT('',(0.00566659680008888,-0.201486140684796,-0.019));
#5040=CARTESIAN_POINT('',(0.0282027374848842,-0.19695,-0.019));
#5041=CARTESIAN_POINT('',(0.0209419815921651,-0.20195,-0.019));
#5042=CARTESIAN_POINT('',(0.000666596800088879,-0.19895,-0.019));
#5043=CARTESIAN_POINT('',(-0.00133340319991112,-0.19895,-0.019));
#5044=CARTESIAN_POINT('',(0.0231665968000889,-0.10659,-0.00854));
#5045=CARTESIAN_POINT('',(0.0231665968000889,-0.10659,-0.02946));
#5046=CARTESIAN_POINT('',(0.0231665968000889,-0.11931,-0.02946));
#5047=CARTESIAN_POINT('',(0.0231665968000889,-0.11931,-0.00854));
#5048=MECHANICAL_DESIGN_GEOMETRIC_PRESENTATION_REPRESENTATION('',(#2964),
#5049);
#5049=(
GEOMETRIC_REPRESENTATION_CONTEXT(3)
GLOBAL_UNCERTAINTY_ASSIGNED_CONTEXT((#5050))
GLOBAL_UNIT_ASSIGNED_CONTEXT((#5053,#5052,#5051))
REPRESENTATION_CONTEXT('Part 3','TOP_LEVEL_ASSEMBLY_PART')
);
#5050=UNCERTAINTY_MEASURE_WITH_UNIT(LENGTH_MEASURE(2.E-5),#5053,
'DISTANCE_ACCURACY_VALUE','Maximum Tolerance applied to model');
#5051=(
NAMED_UNIT(*)
SI_UNIT($,.STERADIAN.)
SOLID_ANGLE_UNIT()
);
#5052=(
NAMED_UNIT(*)
PLANE_ANGLE_UNIT()
SI_UNIT($,.RADIAN.)
);
#5053=(
LENGTH_UNIT()
NAMED_UNIT(*)
SI_UNIT($,.METRE.)
);
#5054=PRODUCT_DEFINITION_SHAPE('','',#5055);
#5055=PRODUCT_DEFINITION('','',#5057,#5056);
#5056=PRODUCT_DEFINITION_CONTEXT('',#5063,'design');
#5057=PRODUCT_DEFINITION_FORMATION_WITH_SPECIFIED_SOURCE('','',#5059,
 .NOT_KNOWN.);
#5058=PRODUCT_RELATED_PRODUCT_CATEGORY('','',(#5059));
#5059=PRODUCT('Part 3','Part 3','Part 3',(#5061));
#5060=PRODUCT_CATEGORY('','');
#5061=PRODUCT_CONTEXT('',#5063,'mechanical');
#5062=APPLICATION_PROTOCOL_DEFINITION('international standard',
'ap242_managed_model_based_3d_engineering',2020,#5063);
#5063=APPLICATION_CONTEXT('managed model based 3d engineering');
ENDSEC;
END-ISO-10303-21;
