ISO-10303-21;
HEADER;
/* Generated by software containing ST-Developer
 * from STEP Tools, Inc. (www.steptools.com) 
 */
/* OPTION: using custom renumber hook */

FILE_DESCRIPTION(
/* description */ ('STEP AP242 Edition 2',
'CAx-IF Rec.Pracs.---Representation and Presentation of Product Manufa
cturing Information (PMI)---4.0---2014-10-13',
'CAx-IF Rec.Pracs.---3D Tessellated Geometry---0.4---2014-09-14','2;1',
'CAx-IF Rec.Pracs.---User Defined Attributes---1.5---2016-08-15'),
/* implementation_level */ '2;1');

FILE_NAME(
/* name */ 'Gimbal UI - Part 1',
/* time_stamp */ '2026-06-08T01:10:47Z',
/* author */ (''),
/* organization */ (''),
/* preprocessor_version */ 'ST-DEVELOPER v20',
/* originating_system */ 'ONSHAPE BY PTC INC, 1.216',
/* authorisation */ '  ');

FILE_SCHEMA (('AP242_MANAGED_MODEL_BASED_3D_ENGINEERING_MIM_LF { 1 0 10303 442 3 1 4 }'));
ENDSEC;

DATA;
#10=SHAPE_REPRESENTATION_RELATIONSHIP('','',#4660,#11);
#11=ADVANCED_BREP_SHAPE_REPRESENTATION('',(#4658),#8025);
#12=B_SPLINE_SURFACE_WITH_KNOTS('',3,1,((#7418,#7419),(#7420,#7421),(#7422,
#7423),(#7424,#7425)),.SURF_OF_LINEAR_EXTRUSION.,.F.,.F.,.F.,(4,4),(2,2),
(0.,1.),(0.,1.),.PIECEWISE_BEZIER_KNOTS.);
#13=B_SPLINE_SURFACE_WITH_KNOTS('',3,1,((#7530,#7531),(#7532,#7533),(#7534,
#7535),(#7536,#7537)),.SURF_OF_LINEAR_EXTRUSION.,.F.,.F.,.F.,(4,4),(2,2),
(0.,1.),(0.,1.),.PIECEWISE_BEZIER_KNOTS.);
#14=B_SPLINE_SURFACE_WITH_KNOTS('',3,1,((#7659,#7660),(#7661,#7662),(#7663,
#7664),(#7665,#7666)),.SURF_OF_LINEAR_EXTRUSION.,.F.,.F.,.F.,(4,4),(2,2),
(0.,1.),(0.,1.),.PIECEWISE_BEZIER_KNOTS.);
#15=B_SPLINE_SURFACE_WITH_KNOTS('',3,1,((#7672,#7673),(#7674,#7675),(#7676,
#7677),(#7678,#7679)),.SURF_OF_LINEAR_EXTRUSION.,.F.,.F.,.F.,(4,4),(2,2),
(0.,1.),(0.,1.),.PIECEWISE_BEZIER_KNOTS.);
#16=B_SPLINE_SURFACE_WITH_KNOTS('',3,1,((#7834,#7835),(#7836,#7837),(#7838,
#7839),(#7840,#7841)),.SURF_OF_LINEAR_EXTRUSION.,.F.,.F.,.F.,(4,4),(2,2),
(0.,1.),(0.,1.),.PIECEWISE_BEZIER_KNOTS.);
#17=B_SPLINE_SURFACE_WITH_KNOTS('',3,1,((#7857,#7858),(#7859,#7860),(#7861,
#7862),(#7863,#7864)),.SURF_OF_LINEAR_EXTRUSION.,.F.,.F.,.F.,(4,4),(2,2),
(0.,1.),(0.,1.),.PIECEWISE_BEZIER_KNOTS.);
#18=B_SPLINE_SURFACE_WITH_KNOTS('',3,1,((#7895,#7896),(#7897,#7898),(#7899,
#7900),(#7901,#7902)),.SURF_OF_LINEAR_EXTRUSION.,.F.,.F.,.F.,(4,4),(2,2),
(0.,1.),(0.,1.),.PIECEWISE_BEZIER_KNOTS.);
#19=B_SPLINE_SURFACE_WITH_KNOTS('',3,1,((#8000,#8001),(#8002,#8003),(#8004,
#8005),(#8006,#8007)),.SURF_OF_LINEAR_EXTRUSION.,.F.,.F.,.F.,(4,4),(2,2),
(0.,1.),(0.,1.),.PIECEWISE_BEZIER_KNOTS.);
#20=TOROIDAL_SURFACE('',#4826,0.01345,0.001);
#21=TOROIDAL_SURFACE('',#4827,0.01345,0.001);
#22=TOROIDAL_SURFACE('',#4842,0.002,0.001);
#23=TOROIDAL_SURFACE('',#4845,0.002,0.001);
#24=TOROIDAL_SURFACE('',#4848,0.002,0.001);
#25=TOROIDAL_SURFACE('',#4851,0.002,0.001);
#26=TOROIDAL_SURFACE('',#4910,0.0117,0.001);
#27=TOROIDAL_SURFACE('',#4911,0.0127,0.001);
#28=TOROIDAL_SURFACE('',#4912,0.017775,0.001);
#29=TOROIDAL_SURFACE('',#4913,0.018775,0.001);
#30=TOROIDAL_SURFACE('',#5150,0.0025,0.001);
#31=ELLIPSE('',#4819,0.00141421356237309,0.001);
#32=ELLIPSE('',#4820,0.00141421356237309,0.001);
#33=ELLIPSE('',#4822,0.00141421356237309,0.001);
#34=ELLIPSE('',#4824,0.00141421356237309,0.001);
#35=CYLINDRICAL_SURFACE('',#4774,0.0016);
#36=CYLINDRICAL_SURFACE('',#4777,0.0016);
#37=CYLINDRICAL_SURFACE('',#4780,0.0016);
#38=CYLINDRICAL_SURFACE('',#4783,0.0016);
#39=CYLINDRICAL_SURFACE('',#4792,0.01245);
#40=CYLINDRICAL_SURFACE('',#4798,0.003);
#41=CYLINDRICAL_SURFACE('',#4801,0.003);
#42=CYLINDRICAL_SURFACE('',#4804,0.003);
#43=CYLINDRICAL_SURFACE('',#4807,0.003);
#44=CYLINDRICAL_SURFACE('',#4818,0.001);
#45=CYLINDRICAL_SURFACE('',#4821,0.001);
#46=CYLINDRICAL_SURFACE('',#4823,0.001);
#47=CYLINDRICAL_SURFACE('',#4825,0.001);
#48=CYLINDRICAL_SURFACE('',#4828,0.001);
#49=CYLINDRICAL_SURFACE('',#4831,0.001);
#50=CYLINDRICAL_SURFACE('',#4834,0.001);
#51=CYLINDRICAL_SURFACE('',#4837,0.001);
#52=CYLINDRICAL_SURFACE('',#4840,0.003);
#53=CYLINDRICAL_SURFACE('',#4843,0.003);
#54=CYLINDRICAL_SURFACE('',#4846,0.003);
#55=CYLINDRICAL_SURFACE('',#4849,0.003);
#56=CYLINDRICAL_SURFACE('',#4861,0.001525);
#57=CYLINDRICAL_SURFACE('',#4864,0.001525);
#58=CYLINDRICAL_SURFACE('',#4867,0.001525);
#59=CYLINDRICAL_SURFACE('',#4870,0.001525);
#60=CYLINDRICAL_SURFACE('',#4887,0.006);
#61=CYLINDRICAL_SURFACE('',#4896,0.0137);
#62=CYLINDRICAL_SURFACE('',#4898,0.0107);
#63=CYLINDRICAL_SURFACE('',#4903,0.016775);
#64=CYLINDRICAL_SURFACE('',#4905,0.019775);
#65=CYLINDRICAL_SURFACE('',#4914,0.0015);
#66=CYLINDRICAL_SURFACE('',#4916,0.000913538037389866);
#67=CYLINDRICAL_SURFACE('',#4919,0.000534560232702094);
#68=CYLINDRICAL_SURFACE('',#4921,0.000588750421701825);
#69=CYLINDRICAL_SURFACE('',#4923,0.000527992191987196);
#70=CYLINDRICAL_SURFACE('',#4925,0.000540469092890825);
#71=CYLINDRICAL_SURFACE('',#4927,0.000850870986498424);
#72=CYLINDRICAL_SURFACE('',#4929,0.0017715559142231);
#73=CYLINDRICAL_SURFACE('',#4931,0.0017486556623554);
#74=CYLINDRICAL_SURFACE('',#4933,0.000834070629594513);
#75=CYLINDRICAL_SURFACE('',#4935,0.000509853950551606);
#76=CYLINDRICAL_SURFACE('',#4937,0.000609436230654171);
#77=CYLINDRICAL_SURFACE('',#4939,0.000538749890945062);
#78=CYLINDRICAL_SURFACE('',#4941,0.00051524017319531);
#79=CYLINDRICAL_SURFACE('',#4944,0.000913538037389344);
#80=CYLINDRICAL_SURFACE('',#4946,0.00104189618478797);
#81=CYLINDRICAL_SURFACE('',#4948,0.00100694767281117);
#82=CYLINDRICAL_SURFACE('',#4950,0.000929967251333709);
#83=CYLINDRICAL_SURFACE('',#4952,0.00113267418958186);
#84=CYLINDRICAL_SURFACE('',#4954,0.00176560308399492);
#85=CYLINDRICAL_SURFACE('',#4956,0.00113119302923454);
#86=CYLINDRICAL_SURFACE('',#4958,0.000916290730730713);
#87=CYLINDRICAL_SURFACE('',#4960,0.00102140410828227);
#88=CYLINDRICAL_SURFACE('',#4962,0.00104189618478927);
#89=CYLINDRICAL_SURFACE('',#4985,0.000642389307131432);
#90=CYLINDRICAL_SURFACE('',#4987,0.000724340528977419);
#91=CYLINDRICAL_SURFACE('',#4989,0.00132972335957286);
#92=CYLINDRICAL_SURFACE('',#4991,0.00314333865690742);
#93=CYLINDRICAL_SURFACE('',#4993,0.000764282002698051);
#94=CYLINDRICAL_SURFACE('',#4995,0.000304365115110965);
#95=CYLINDRICAL_SURFACE('',#4997,0.000272588778348332);
#96=CYLINDRICAL_SURFACE('',#4999,0.00036153647452949);
#97=CYLINDRICAL_SURFACE('',#5001,0.000440905398441731);
#98=CYLINDRICAL_SURFACE('',#5003,0.000351285520653621);
#99=CYLINDRICAL_SURFACE('',#5005,0.00123336116207759);
#100=CYLINDRICAL_SURFACE('',#5007,0.000518500392067896);
#101=CYLINDRICAL_SURFACE('',#5009,0.000354182895507645);
#102=CYLINDRICAL_SURFACE('',#5011,0.000434844993674967);
#103=CYLINDRICAL_SURFACE('',#5016,0.00290297020319987);
#104=CYLINDRICAL_SURFACE('',#5018,0.000698539231612855);
#105=CYLINDRICAL_SURFACE('',#5020,0.00176048920986335);
#106=CYLINDRICAL_SURFACE('',#5022,0.000873984982483014);
#107=CYLINDRICAL_SURFACE('',#5024,0.000717880128236214);
#108=CYLINDRICAL_SURFACE('',#5026,0.000655272006544325);
#109=CYLINDRICAL_SURFACE('',#5028,0.000677662542278753);
#110=CYLINDRICAL_SURFACE('',#5030,0.000556784703680485);
#111=CYLINDRICAL_SURFACE('',#5032,0.000804418675639268);
#112=CYLINDRICAL_SURFACE('',#5034,0.00153347548485646);
#113=CYLINDRICAL_SURFACE('',#5036,0.00478653260267523);
#114=CYLINDRICAL_SURFACE('',#5038,0.00083040497999913);
#115=CYLINDRICAL_SURFACE('',#5040,0.000271985683911988);
#116=CYLINDRICAL_SURFACE('',#5042,0.000852444079793029);
#117=CYLINDRICAL_SURFACE('',#5044,0.00153978609602014);
#118=CYLINDRICAL_SURFACE('',#5046,0.00257160934238849);
#119=CYLINDRICAL_SURFACE('',#5048,0.000728019528136164);
#120=CYLINDRICAL_SURFACE('',#5051,0.000553227053751845);
#121=CYLINDRICAL_SURFACE('',#5053,0.000893260976396194);
#122=CYLINDRICAL_SURFACE('',#5055,0.00135355732794323);
#123=CYLINDRICAL_SURFACE('',#5057,0.00172559526587781);
#124=CYLINDRICAL_SURFACE('',#5059,0.000929779090776904);
#125=CYLINDRICAL_SURFACE('',#5061,0.000751576611390559);
#126=CYLINDRICAL_SURFACE('',#5063,0.000681330936479503);
#127=CYLINDRICAL_SURFACE('',#5078,0.00363244514678907);
#128=CYLINDRICAL_SURFACE('',#5084,0.000774909262133231);
#129=CYLINDRICAL_SURFACE('',#5087,0.000363584460348187);
#130=CYLINDRICAL_SURFACE('',#5090,0.00027399319877931);
#131=CYLINDRICAL_SURFACE('',#5093,0.000506649794633338);
#132=CYLINDRICAL_SURFACE('',#5096,0.000254259473550576);
#133=CYLINDRICAL_SURFACE('',#5102,0.000460399864489607);
#134=CYLINDRICAL_SURFACE('',#5105,0.000579759454742136);
#135=CYLINDRICAL_SURFACE('',#5107,0.000395592935210445);
#136=CYLINDRICAL_SURFACE('',#5109,0.000473663479972919);
#137=CYLINDRICAL_SURFACE('',#5111,0.000584704602615293);
#138=CYLINDRICAL_SURFACE('',#5113,0.000517025588069747);
#139=CYLINDRICAL_SURFACE('',#5115,0.000663441987274743);
#140=CYLINDRICAL_SURFACE('',#5117,0.000580440376994091);
#141=CYLINDRICAL_SURFACE('',#5119,0.000776052377628931);
#142=CYLINDRICAL_SURFACE('',#5121,0.00126372346072098);
#143=CYLINDRICAL_SURFACE('',#5127,0.000780323235690786);
#144=CYLINDRICAL_SURFACE('',#5129,0.000951027734191608);
#145=CYLINDRICAL_SURFACE('',#5131,0.000615310922462422);
#146=CYLINDRICAL_SURFACE('',#5133,0.000649897081531433);
#147=CYLINDRICAL_SURFACE('',#5135,0.000753208318405043);
#148=CYLINDRICAL_SURFACE('',#5137,0.00056130518773795);
#149=CYLINDRICAL_SURFACE('',#5139,0.000628453658226693);
#150=CYLINDRICAL_SURFACE('',#5141,0.000582670716961538);
#151=CYLINDRICAL_SURFACE('',#5143,0.000352520336691258);
#152=B_SPLINE_CURVE_WITH_KNOTS('',2,(#6576,#6577,#6578),.UNSPECIFIED.,.F.,
 .F.,(3,3),(0.,1.),.PIECEWISE_BEZIER_KNOTS.);
#153=B_SPLINE_CURVE_WITH_KNOTS('',2,(#6651,#6652,#6653),.UNSPECIFIED.,.F.,
 .F.,(3,3),(0.,1.),.PIECEWISE_BEZIER_KNOTS.);
#154=B_SPLINE_CURVE_WITH_KNOTS('',2,(#6682,#6683,#6684),.UNSPECIFIED.,.F.,
 .F.,(3,3),(0.,1.),.PIECEWISE_BEZIER_KNOTS.);
#155=B_SPLINE_CURVE_WITH_KNOTS('',2,(#6686,#6687,#6688),.UNSPECIFIED.,.F.,
 .F.,(3,3),(0.,1.),.PIECEWISE_BEZIER_KNOTS.);
#156=B_SPLINE_CURVE_WITH_KNOTS('',3,(#6797,#6798,#6799,#6800,#6801),
 .UNSPECIFIED.,.F.,.F.,(4,1,4),(0.,0.000795791775235587,0.00159158355047117),
 .UNSPECIFIED.);
#157=B_SPLINE_CURVE_WITH_KNOTS('',3,(#6805,#6806,#6807,#6808,#6809),
 .UNSPECIFIED.,.F.,.F.,(4,1,4),(0.,0.000791767538708733,0.00158353507741747),
 .UNSPECIFIED.);
#158=B_SPLINE_CURVE_WITH_KNOTS('',3,(#6817,#6818,#6819,#6820,#6821),
 .UNSPECIFIED.,.F.,.F.,(4,1,4),(0.,0.000787066566559397,0.00157413313311879),
 .UNSPECIFIED.);
#159=B_SPLINE_CURVE_WITH_KNOTS('',3,(#6825,#6826,#6827,#6828,#6829),
 .UNSPECIFIED.,.F.,.F.,(4,1,4),(0.,0.000785953320012841,0.00157190664002568),
 .UNSPECIFIED.);
#160=B_SPLINE_CURVE_WITH_KNOTS('',3,(#6886,#6887,#6888,#6889,#6890),
 .UNSPECIFIED.,.F.,.F.,(4,1,4),(0.,0.000795807279757337,0.00159161455951467),
 .UNSPECIFIED.);
#161=B_SPLINE_CURVE_WITH_KNOTS('',3,(#6911,#6912,#6913,#6914,#6915),
 .UNSPECIFIED.,.F.,.F.,(4,1,4),(0.,0.000785946659860974,0.00157189331972195),
 .UNSPECIFIED.);
#162=B_SPLINE_CURVE_WITH_KNOTS('',3,(#6919,#6920,#6921,#6922,#6923),
 .UNSPECIFIED.,.F.,.F.,(4,1,4),(0.,0.000787072945656904,0.00157414589131381),
 .UNSPECIFIED.);
#163=B_SPLINE_CURVE_WITH_KNOTS('',3,(#6931,#6932,#6933,#6934,#6935),
 .UNSPECIFIED.,.F.,.F.,(4,1,4),(0.,0.000791756605783121,0.00158351321156624),
 .UNSPECIFIED.);
#164=B_SPLINE_CURVE_WITH_KNOTS('',2,(#7428,#7429,#7430),.UNSPECIFIED.,.F.,
 .F.,(3,3),(0.,1.),.PIECEWISE_BEZIER_KNOTS.);
#165=B_SPLINE_CURVE_WITH_KNOTS('',2,(#7540,#7541,#7542),.UNSPECIFIED.,.F.,
 .F.,(3,3),(0.,1.),.PIECEWISE_BEZIER_KNOTS.);
#166=B_SPLINE_CURVE_WITH_KNOTS('',2,(#7669,#7670,#7671),.UNSPECIFIED.,.F.,
 .F.,(3,3),(0.,1.),.PIECEWISE_BEZIER_KNOTS.);
#167=B_SPLINE_CURVE_WITH_KNOTS('',2,(#7682,#7683,#7684),.UNSPECIFIED.,.F.,
 .F.,(3,3),(0.,1.),.PIECEWISE_BEZIER_KNOTS.);
#168=B_SPLINE_CURVE_WITH_KNOTS('',2,(#7842,#7843,#7844),.UNSPECIFIED.,.F.,
 .F.,(3,3),(0.,1.),.PIECEWISE_BEZIER_KNOTS.);
#169=B_SPLINE_CURVE_WITH_KNOTS('',2,(#7848,#7849,#7850),.UNSPECIFIED.,.F.,
 .F.,(3,3),(0.,1.),.PIECEWISE_BEZIER_KNOTS.);
#170=B_SPLINE_CURVE_WITH_KNOTS('',2,(#7865,#7866,#7867),.UNSPECIFIED.,.F.,
 .F.,(3,3),(0.,1.),.PIECEWISE_BEZIER_KNOTS.);
#171=B_SPLINE_CURVE_WITH_KNOTS('',2,(#7872,#7873,#7874),.UNSPECIFIED.,.F.,
 .F.,(3,3),(0.,1.),.PIECEWISE_BEZIER_KNOTS.);
#172=B_SPLINE_CURVE_WITH_KNOTS('',2,(#7903,#7904,#7905),.UNSPECIFIED.,.F.,
 .F.,(3,3),(0.,1.),.PIECEWISE_BEZIER_KNOTS.);
#173=B_SPLINE_CURVE_WITH_KNOTS('',2,(#7909,#7910,#7911),.UNSPECIFIED.,.F.,
 .F.,(3,3),(0.,1.),.PIECEWISE_BEZIER_KNOTS.);
#174=B_SPLINE_CURVE_WITH_KNOTS('',2,(#8008,#8009,#8010),.UNSPECIFIED.,.F.,
 .F.,(3,3),(0.,1.),.PIECEWISE_BEZIER_KNOTS.);
#175=B_SPLINE_CURVE_WITH_KNOTS('',2,(#8011,#8012,#8013),.UNSPECIFIED.,.F.,
 .F.,(3,3),(0.,1.),.PIECEWISE_BEZIER_KNOTS.);
#176=LINE('',#6537,#578);
#177=LINE('',#6540,#579);
#178=LINE('',#6542,#580);
#179=LINE('',#6544,#581);
#180=LINE('',#6546,#582);
#181=LINE('',#6548,#583);
#182=LINE('',#6550,#584);
#183=LINE('',#6552,#585);
#184=LINE('',#6553,#586);
#185=LINE('',#6556,#587);
#186=LINE('',#6558,#588);
#187=LINE('',#6560,#589);
#188=LINE('',#6561,#590);
#189=LINE('',#6590,#591);
#190=LINE('',#6615,#592);
#191=LINE('',#6618,#593);
#192=LINE('',#6620,#594);
#193=LINE('',#6622,#595);
#194=LINE('',#6624,#596);
#195=LINE('',#6626,#597);
#196=LINE('',#6627,#598);
#197=LINE('',#6630,#599);
#198=LINE('',#6632,#600);
#199=LINE('',#6634,#601);
#200=LINE('',#6636,#602);
#201=LINE('',#6638,#603);
#202=LINE('',#6640,#604);
#203=LINE('',#6642,#605);
#204=LINE('',#6644,#606);
#205=LINE('',#6646,#607);
#206=LINE('',#6648,#608);
#207=LINE('',#6650,#609);
#208=LINE('',#6672,#610);
#209=LINE('',#6716,#611);
#210=LINE('',#6718,#612);
#211=LINE('',#6720,#613);
#212=LINE('',#6768,#614);
#213=LINE('',#6770,#615);
#214=LINE('',#6772,#616);
#215=LINE('',#6774,#617);
#216=LINE('',#6794,#618);
#217=LINE('',#6803,#619);
#218=LINE('',#6811,#620);
#219=LINE('',#6813,#621);
#220=LINE('',#6815,#622);
#221=LINE('',#6823,#623);
#222=LINE('',#6831,#624);
#223=LINE('',#6833,#625);
#224=LINE('',#6837,#626);
#225=LINE('',#6841,#627);
#226=LINE('',#6843,#628);
#227=LINE('',#6845,#629);
#228=LINE('',#6847,#630);
#229=LINE('',#6849,#631);
#230=LINE('',#6851,#632);
#231=LINE('',#6853,#633);
#232=LINE('',#6855,#634);
#233=LINE('',#6857,#635);
#234=LINE('',#6859,#636);
#235=LINE('',#6861,#637);
#236=LINE('',#6865,#638);
#237=LINE('',#6867,#639);
#238=LINE('',#6869,#640);
#239=LINE('',#6871,#641);
#240=LINE('',#6875,#642);
#241=LINE('',#6877,#643);
#242=LINE('',#6879,#644);
#243=LINE('',#6881,#645);
#244=LINE('',#6883,#646);
#245=LINE('',#6892,#647);
#246=LINE('',#6894,#648);
#247=LINE('',#6896,#649);
#248=LINE('',#6898,#650);
#249=LINE('',#6900,#651);
#250=LINE('',#6902,#652);
#251=LINE('',#6904,#653);
#252=LINE('',#6906,#654);
#253=LINE('',#6909,#655);
#254=LINE('',#6917,#656);
#255=LINE('',#6925,#657);
#256=LINE('',#6927,#658);
#257=LINE('',#6929,#659);
#258=LINE('',#6941,#660);
#259=LINE('',#6944,#661);
#260=LINE('',#6946,#662);
#261=LINE('',#6948,#663);
#262=LINE('',#6950,#664);
#263=LINE('',#6952,#665);
#264=LINE('',#6954,#666);
#265=LINE('',#6955,#667);
#266=LINE('',#6958,#668);
#267=LINE('',#6960,#669);
#268=LINE('',#6962,#670);
#269=LINE('',#6964,#671);
#270=LINE('',#6966,#672);
#271=LINE('',#6968,#673);
#272=LINE('',#6970,#674);
#273=LINE('',#6972,#675);
#274=LINE('',#6974,#676);
#275=LINE('',#6976,#677);
#276=LINE('',#6980,#678);
#277=LINE('',#6983,#679);
#278=LINE('',#6985,#680);
#279=LINE('',#6987,#681);
#280=LINE('',#6989,#682);
#281=LINE('',#6991,#683);
#282=LINE('',#6993,#684);
#283=LINE('',#6994,#685);
#284=LINE('',#6996,#686);
#285=LINE('',#6998,#687);
#286=LINE('',#7001,#688);
#287=LINE('',#7003,#689);
#288=LINE('',#7005,#690);
#289=LINE('',#7007,#691);
#290=LINE('',#7009,#692);
#291=LINE('',#7011,#693);
#292=LINE('',#7012,#694);
#293=LINE('',#7014,#695);
#294=LINE('',#7016,#696);
#295=LINE('',#7019,#697);
#296=LINE('',#7021,#698);
#297=LINE('',#7023,#699);
#298=LINE('',#7025,#700);
#299=LINE('',#7028,#701);
#300=LINE('',#7030,#702);
#301=LINE('',#7032,#703);
#302=LINE('',#7046,#704);
#303=LINE('',#7050,#705);
#304=LINE('',#7054,#706);
#305=LINE('',#7058,#707);
#306=LINE('',#7080,#708);
#307=LINE('',#7083,#709);
#308=LINE('',#7085,#710);
#309=LINE('',#7087,#711);
#310=LINE('',#7089,#712);
#311=LINE('',#7092,#713);
#312=LINE('',#7093,#714);
#313=LINE('',#7095,#715);
#314=LINE('',#7098,#716);
#315=LINE('',#7099,#717);
#316=LINE('',#7101,#718);
#317=LINE('',#7102,#719);
#318=LINE('',#7106,#720);
#319=LINE('',#7107,#721);
#320=LINE('',#7109,#722);
#321=LINE('',#7111,#723);
#322=LINE('',#7112,#724);
#323=LINE('',#7113,#725);
#324=LINE('',#7115,#726);
#325=LINE('',#7117,#727);
#326=LINE('',#7119,#728);
#327=LINE('',#7121,#729);
#328=LINE('',#7128,#730);
#329=LINE('',#7131,#731);
#330=LINE('',#7132,#732);
#331=LINE('',#7134,#733);
#332=LINE('',#7136,#734);
#333=LINE('',#7137,#735);
#334=LINE('',#7139,#736);
#335=LINE('',#7157,#737);
#336=LINE('',#7159,#738);
#337=LINE('',#7161,#739);
#338=LINE('',#7163,#740);
#339=LINE('',#7165,#741);
#340=LINE('',#7167,#742);
#341=LINE('',#7169,#743);
#342=LINE('',#7171,#744);
#343=LINE('',#7176,#745);
#344=LINE('',#7178,#746);
#345=LINE('',#7180,#747);
#346=LINE('',#7216,#748);
#347=LINE('',#7218,#749);
#348=LINE('',#7220,#750);
#349=LINE('',#7222,#751);
#350=LINE('',#7223,#752);
#351=LINE('',#7224,#753);
#352=LINE('',#7226,#754);
#353=LINE('',#7228,#755);
#354=LINE('',#7230,#756);
#355=LINE('',#7232,#757);
#356=LINE('',#7234,#758);
#357=LINE('',#7236,#759);
#358=LINE('',#7238,#760);
#359=LINE('',#7240,#761);
#360=LINE('',#7242,#762);
#361=LINE('',#7244,#763);
#362=LINE('',#7246,#764);
#363=LINE('',#7248,#765);
#364=LINE('',#7250,#766);
#365=LINE('',#7252,#767);
#366=LINE('',#7254,#768);
#367=LINE('',#7255,#769);
#368=LINE('',#7257,#770);
#369=LINE('',#7276,#771);
#370=LINE('',#7278,#772);
#371=LINE('',#7282,#773);
#372=LINE('',#7285,#774);
#373=LINE('',#7288,#775);
#374=LINE('',#7290,#776);
#375=LINE('',#7292,#777);
#376=LINE('',#7294,#778);
#377=LINE('',#7298,#779);
#378=LINE('',#7300,#780);
#379=LINE('',#7302,#781);
#380=LINE('',#7304,#782);
#381=LINE('',#7306,#783);
#382=LINE('',#7308,#784);
#383=LINE('',#7310,#785);
#384=LINE('',#7312,#786);
#385=LINE('',#7337,#787);
#386=LINE('',#7341,#788);
#387=LINE('',#7343,#789);
#388=LINE('',#7345,#790);
#389=LINE('',#7347,#791);
#390=LINE('',#7351,#792);
#391=LINE('',#7355,#793);
#392=LINE('',#7359,#794);
#393=LINE('',#7363,#795);
#394=LINE('',#7367,#796);
#395=LINE('',#7371,#797);
#396=LINE('',#7375,#798);
#397=LINE('',#7379,#799);
#398=LINE('',#7383,#800);
#399=LINE('',#7387,#801);
#400=LINE('',#7391,#802);
#401=LINE('',#7395,#803);
#402=LINE('',#7397,#804);
#403=LINE('',#7399,#805);
#404=LINE('',#7403,#806);
#405=LINE('',#7407,#807);
#406=LINE('',#7411,#808);
#407=LINE('',#7415,#809);
#408=LINE('',#7426,#810);
#409=LINE('',#7432,#811);
#410=LINE('',#7436,#812);
#411=LINE('',#7440,#813);
#412=LINE('',#7444,#814);
#413=LINE('',#7451,#815);
#414=LINE('',#7453,#816);
#415=LINE('',#7455,#817);
#416=LINE('',#7457,#818);
#417=LINE('',#7459,#819);
#418=LINE('',#7461,#820);
#419=LINE('',#7463,#821);
#420=LINE('',#7465,#822);
#421=LINE('',#7467,#823);
#422=LINE('',#7469,#824);
#423=LINE('',#7471,#825);
#424=LINE('',#7473,#826);
#425=LINE('',#7476,#827);
#426=LINE('',#7478,#828);
#427=LINE('',#7480,#829);
#428=LINE('',#7482,#830);
#429=LINE('',#7484,#831);
#430=LINE('',#7486,#832);
#431=LINE('',#7488,#833);
#432=LINE('',#7490,#834);
#433=LINE('',#7492,#835);
#434=LINE('',#7494,#836);
#435=LINE('',#7496,#837);
#436=LINE('',#7498,#838);
#437=LINE('',#7500,#839);
#438=LINE('',#7502,#840);
#439=LINE('',#7504,#841);
#440=LINE('',#7506,#842);
#441=LINE('',#7508,#843);
#442=LINE('',#7510,#844);
#443=LINE('',#7512,#845);
#444=LINE('',#7514,#846);
#445=LINE('',#7516,#847);
#446=LINE('',#7518,#848);
#447=LINE('',#7520,#849);
#448=LINE('',#7522,#850);
#449=LINE('',#7525,#851);
#450=LINE('',#7529,#852);
#451=LINE('',#7538,#853);
#452=LINE('',#7544,#854);
#453=LINE('',#7548,#855);
#454=LINE('',#7552,#856);
#455=LINE('',#7556,#857);
#456=LINE('',#7560,#858);
#457=LINE('',#7564,#859);
#458=LINE('',#7568,#860);
#459=LINE('',#7572,#861);
#460=LINE('',#7576,#862);
#461=LINE('',#7580,#863);
#462=LINE('',#7584,#864);
#463=LINE('',#7588,#865);
#464=LINE('',#7592,#866);
#465=LINE('',#7596,#867);
#466=LINE('',#7598,#868);
#467=LINE('',#7600,#869);
#468=LINE('',#7602,#870);
#469=LINE('',#7604,#871);
#470=LINE('',#7606,#872);
#471=LINE('',#7608,#873);
#472=LINE('',#7612,#874);
#473=LINE('',#7616,#875);
#474=LINE('',#7620,#876);
#475=LINE('',#7624,#877);
#476=LINE('',#7628,#878);
#477=LINE('',#7632,#879);
#478=LINE('',#7636,#880);
#479=LINE('',#7640,#881);
#480=LINE('',#7644,#882);
#481=LINE('',#7648,#883);
#482=LINE('',#7652,#884);
#483=LINE('',#7656,#885);
#484=LINE('',#7667,#886);
#485=LINE('',#7680,#887);
#486=LINE('',#7686,#888);
#487=LINE('',#7690,#889);
#488=LINE('',#7694,#890);
#489=LINE('',#7698,#891);
#490=LINE('',#7702,#892);
#491=LINE('',#7704,#893);
#492=LINE('',#7706,#894);
#493=LINE('',#7710,#895);
#494=LINE('',#7714,#896);
#495=LINE('',#7718,#897);
#496=LINE('',#7722,#898);
#497=LINE('',#7726,#899);
#498=LINE('',#7733,#900);
#499=LINE('',#7736,#901);
#500=LINE('',#7738,#902);
#501=LINE('',#7740,#903);
#502=LINE('',#7742,#904);
#503=LINE('',#7744,#905);
#504=LINE('',#7746,#906);
#505=LINE('',#7748,#907);
#506=LINE('',#7750,#908);
#507=LINE('',#7752,#909);
#508=LINE('',#7754,#910);
#509=LINE('',#7756,#911);
#510=LINE('',#7758,#912);
#511=LINE('',#7760,#913);
#512=LINE('',#7762,#914);
#513=LINE('',#7764,#915);
#514=LINE('',#7766,#916);
#515=LINE('',#7768,#917);
#516=LINE('',#7770,#918);
#517=LINE('',#7772,#919);
#518=LINE('',#7774,#920);
#519=LINE('',#7776,#921);
#520=LINE('',#7778,#922);
#521=LINE('',#7780,#923);
#522=LINE('',#7781,#924);
#523=LINE('',#7787,#925);
#524=LINE('',#7791,#926);
#525=LINE('',#7793,#927);
#526=LINE('',#7795,#928);
#527=LINE('',#7797,#929);
#528=LINE('',#7799,#930);
#529=LINE('',#7801,#931);
#530=LINE('',#7803,#932);
#531=LINE('',#7805,#933);
#532=LINE('',#7807,#934);
#533=LINE('',#7809,#935);
#534=LINE('',#7813,#936);
#535=LINE('',#7819,#937);
#536=LINE('',#7825,#938);
#537=LINE('',#7831,#939);
#538=LINE('',#7846,#940);
#539=LINE('',#7854,#941);
#540=LINE('',#7870,#942);
#541=LINE('',#7876,#943);
#542=LINE('',#7878,#944);
#543=LINE('',#7880,#945);
#544=LINE('',#7882,#946);
#545=LINE('',#7884,#947);
#546=LINE('',#7886,#948);
#547=LINE('',#7888,#949);
#548=LINE('',#7890,#950);
#549=LINE('',#7892,#951);
#550=LINE('',#7894,#952);
#551=LINE('',#7907,#953);
#552=LINE('',#7915,#954);
#553=LINE('',#7919,#955);
#554=LINE('',#7923,#956);
#555=LINE('',#7925,#957);
#556=LINE('',#7929,#958);
#557=LINE('',#7933,#959);
#558=LINE('',#7937,#960);
#559=LINE('',#7941,#961);
#560=LINE('',#7945,#962);
#561=LINE('',#7949,#963);
#562=LINE('',#7953,#964);
#563=LINE('',#7957,#965);
#564=LINE('',#7959,#966);
#565=LINE('',#7961,#967);
#566=LINE('',#7963,#968);
#567=LINE('',#7965,#969);
#568=LINE('',#7967,#970);
#569=LINE('',#7969,#971);
#570=LINE('',#7971,#972);
#571=LINE('',#7973,#973);
#572=LINE('',#7977,#974);
#573=LINE('',#7981,#975);
#574=LINE('',#7985,#976);
#575=LINE('',#7989,#977);
#576=LINE('',#7993,#978);
#577=LINE('',#7997,#979);
#578=VECTOR('',#5157,1.);
#579=VECTOR('',#5158,1.);
#580=VECTOR('',#5159,1.);
#581=VECTOR('',#5160,1.);
#582=VECTOR('',#5161,1.);
#583=VECTOR('',#5162,1.);
#584=VECTOR('',#5163,1.);
#585=VECTOR('',#5164,1.);
#586=VECTOR('',#5165,1.);
#587=VECTOR('',#5166,1.);
#588=VECTOR('',#5167,1.);
#589=VECTOR('',#5168,1.);
#590=VECTOR('',#5169,1.);
#591=VECTOR('',#5192,1.);
#592=VECTOR('',#5217,1.);
#593=VECTOR('',#5218,1.);
#594=VECTOR('',#5219,1.);
#595=VECTOR('',#5220,1.);
#596=VECTOR('',#5221,1.);
#597=VECTOR('',#5222,1.);
#598=VECTOR('',#5223,1.);
#599=VECTOR('',#5224,1.);
#600=VECTOR('',#5225,1.);
#601=VECTOR('',#5226,1.);
#602=VECTOR('',#5227,1.);
#603=VECTOR('',#5228,1.);
#604=VECTOR('',#5229,1.);
#605=VECTOR('',#5230,1.);
#606=VECTOR('',#5231,1.);
#607=VECTOR('',#5232,1.);
#608=VECTOR('',#5233,1.);
#609=VECTOR('',#5234,1.);
#610=VECTOR('',#5251,1.);
#611=VECTOR('',#5286,1.);
#612=VECTOR('',#5287,1.);
#613=VECTOR('',#5288,1.);
#614=VECTOR('',#5335,1.);
#615=VECTOR('',#5336,1.);
#616=VECTOR('',#5337,1.);
#617=VECTOR('',#5338,1.);
#618=VECTOR('',#5359,1.);
#619=VECTOR('',#5360,1.);
#620=VECTOR('',#5361,1.);
#621=VECTOR('',#5362,1.);
#622=VECTOR('',#5363,1.);
#623=VECTOR('',#5364,1.);
#624=VECTOR('',#5365,1.);
#625=VECTOR('',#5366,1.);
#626=VECTOR('',#5369,1.);
#627=VECTOR('',#5372,1.);
#628=VECTOR('',#5373,1.);
#629=VECTOR('',#5374,1.);
#630=VECTOR('',#5375,1.);
#631=VECTOR('',#5376,1.);
#632=VECTOR('',#5377,1.);
#633=VECTOR('',#5378,1.);
#634=VECTOR('',#5379,1.);
#635=VECTOR('',#5380,1.);
#636=VECTOR('',#5381,1.);
#637=VECTOR('',#5382,1.);
#638=VECTOR('',#5387,1.);
#639=VECTOR('',#5388,1.);
#640=VECTOR('',#5389,1.);
#641=VECTOR('',#5390,1.);
#642=VECTOR('',#5395,1.);
#643=VECTOR('',#5396,1.);
#644=VECTOR('',#5397,1.);
#645=VECTOR('',#5398,1.);
#646=VECTOR('',#5401,1.);
#647=VECTOR('',#5402,1.);
#648=VECTOR('',#5403,1.);
#649=VECTOR('',#5404,1.);
#650=VECTOR('',#5405,1.);
#651=VECTOR('',#5406,1.);
#652=VECTOR('',#5407,1.);
#653=VECTOR('',#5408,1.);
#654=VECTOR('',#5409,1.);
#655=VECTOR('',#5414,1.);
#656=VECTOR('',#5415,1.);
#657=VECTOR('',#5416,1.);
#658=VECTOR('',#5417,1.);
#659=VECTOR('',#5418,1.);
#660=VECTOR('',#5425,1.);
#661=VECTOR('',#5426,1.);
#662=VECTOR('',#5427,1.);
#663=VECTOR('',#5428,1.);
#664=VECTOR('',#5429,1.);
#665=VECTOR('',#5430,1.);
#666=VECTOR('',#5431,1.);
#667=VECTOR('',#5432,1.);
#668=VECTOR('',#5437,1.);
#669=VECTOR('',#5438,1.);
#670=VECTOR('',#5439,1.);
#671=VECTOR('',#5440,1.);
#672=VECTOR('',#5441,1.);
#673=VECTOR('',#5442,1.);
#674=VECTOR('',#5445,1.);
#675=VECTOR('',#5446,1.);
#676=VECTOR('',#5447,1.);
#677=VECTOR('',#5448,1.);
#678=VECTOR('',#5453,1.);
#679=VECTOR('',#5454,1.);
#680=VECTOR('',#5455,1.);
#681=VECTOR('',#5456,1.);
#682=VECTOR('',#5457,1.);
#683=VECTOR('',#5458,1.);
#684=VECTOR('',#5459,1.);
#685=VECTOR('',#5460,1.);
#686=VECTOR('',#5461,1.);
#687=VECTOR('',#5464,1.);
#688=VECTOR('',#5465,1.);
#689=VECTOR('',#5466,1.);
#690=VECTOR('',#5467,1.);
#691=VECTOR('',#5468,1.);
#692=VECTOR('',#5469,1.);
#693=VECTOR('',#5470,1.);
#694=VECTOR('',#5471,1.);
#695=VECTOR('',#5472,1.);
#696=VECTOR('',#5475,1.);
#697=VECTOR('',#5476,1.);
#698=VECTOR('',#5477,1.);
#699=VECTOR('',#5478,1.);
#700=VECTOR('',#5481,1.);
#701=VECTOR('',#5482,1.);
#702=VECTOR('',#5483,1.);
#703=VECTOR('',#5484,1.);
#704=VECTOR('',#5497,1.);
#705=VECTOR('',#5500,1.);
#706=VECTOR('',#5503,1.);
#707=VECTOR('',#5506,1.);
#708=VECTOR('',#5533,1.);
#709=VECTOR('',#5534,1.);
#710=VECTOR('',#5535,1.);
#711=VECTOR('',#5536,1.);
#712=VECTOR('',#5539,1.);
#713=VECTOR('',#5540,1.);
#714=VECTOR('',#5541,1.);
#715=VECTOR('',#5544,1.);
#716=VECTOR('',#5545,1.);
#717=VECTOR('',#5546,1.);
#718=VECTOR('',#5549,1.);
#719=VECTOR('',#5550,1.);
#720=VECTOR('',#5555,1.);
#721=VECTOR('',#5556,1.);
#722=VECTOR('',#5557,1.);
#723=VECTOR('',#5558,1.);
#724=VECTOR('',#5559,1.);
#725=VECTOR('',#5560,1.);
#726=VECTOR('',#5561,1.);
#727=VECTOR('',#5562,1.);
#728=VECTOR('',#5563,1.);
#729=VECTOR('',#5564,1.);
#730=VECTOR('',#5573,1.);
#731=VECTOR('',#5574,1.);
#732=VECTOR('',#5575,1.);
#733=VECTOR('',#5578,1.);
#734=VECTOR('',#5579,1.);
#735=VECTOR('',#5580,1.);
#736=VECTOR('',#5583,1.);
#737=VECTOR('',#5610,1.);
#738=VECTOR('',#5611,1.);
#739=VECTOR('',#5612,1.);
#740=VECTOR('',#5615,1.);
#741=VECTOR('',#5616,1.);
#742=VECTOR('',#5619,1.);
#743=VECTOR('',#5620,1.);
#744=VECTOR('',#5623,1.);
#745=VECTOR('',#5632,1.);
#746=VECTOR('',#5633,1.);
#747=VECTOR('',#5634,1.);
#748=VECTOR('',#5705,1.);
#749=VECTOR('',#5706,1.);
#750=VECTOR('',#5709,1.);
#751=VECTOR('',#5712,1.);
#752=VECTOR('',#5713,1.);
#753=VECTOR('',#5714,1.);
#754=VECTOR('',#5717,1.);
#755=VECTOR('',#5718,1.);
#756=VECTOR('',#5721,1.);
#757=VECTOR('',#5722,1.);
#758=VECTOR('',#5723,1.);
#759=VECTOR('',#5724,1.);
#760=VECTOR('',#5725,1.);
#761=VECTOR('',#5728,1.);
#762=VECTOR('',#5729,1.);
#763=VECTOR('',#5732,1.);
#764=VECTOR('',#5733,1.);
#765=VECTOR('',#5734,1.);
#766=VECTOR('',#5735,1.);
#767=VECTOR('',#5736,1.);
#768=VECTOR('',#5739,1.);
#769=VECTOR('',#5740,1.);
#770=VECTOR('',#5743,1.);
#771=VECTOR('',#5772,1.);
#772=VECTOR('',#5775,1.);
#773=VECTOR('',#5782,1.);
#774=VECTOR('',#5787,1.);
#775=VECTOR('',#5792,1.);
#776=VECTOR('',#5795,1.);
#777=VECTOR('',#5798,1.);
#778=VECTOR('',#5801,1.);
#779=VECTOR('',#5808,1.);
#780=VECTOR('',#5811,1.);
#781=VECTOR('',#5814,1.);
#782=VECTOR('',#5815,1.);
#783=VECTOR('',#5818,1.);
#784=VECTOR('',#5821,1.);
#785=VECTOR('',#5822,1.);
#786=VECTOR('',#5825,1.);
#787=VECTOR('',#5872,1.);
#788=VECTOR('',#5875,1.);
#789=VECTOR('',#5878,1.);
#790=VECTOR('',#5879,1.);
#791=VECTOR('',#5882,1.);
#792=VECTOR('',#5887,1.);
#793=VECTOR('',#5892,1.);
#794=VECTOR('',#5897,1.);
#795=VECTOR('',#5902,1.);
#796=VECTOR('',#5907,1.);
#797=VECTOR('',#5912,1.);
#798=VECTOR('',#5917,1.);
#799=VECTOR('',#5922,1.);
#800=VECTOR('',#5927,1.);
#801=VECTOR('',#5932,1.);
#802=VECTOR('',#5937,1.);
#803=VECTOR('',#5942,1.);
#804=VECTOR('',#5943,1.);
#805=VECTOR('',#5946,1.);
#806=VECTOR('',#5951,1.);
#807=VECTOR('',#5956,1.);
#808=VECTOR('',#5961,1.);
#809=VECTOR('',#5966,1.);
#810=VECTOR('',#5969,1.);
#811=VECTOR('',#5972,1.);
#812=VECTOR('',#5977,1.);
#813=VECTOR('',#5982,1.);
#814=VECTOR('',#5987,1.);
#815=VECTOR('',#5998,1.);
#816=VECTOR('',#5999,1.);
#817=VECTOR('',#6000,1.);
#818=VECTOR('',#6003,1.);
#819=VECTOR('',#6004,1.);
#820=VECTOR('',#6007,1.);
#821=VECTOR('',#6008,1.);
#822=VECTOR('',#6011,1.);
#823=VECTOR('',#6012,1.);
#824=VECTOR('',#6015,1.);
#825=VECTOR('',#6016,1.);
#826=VECTOR('',#6019,1.);
#827=VECTOR('',#6024,1.);
#828=VECTOR('',#6025,1.);
#829=VECTOR('',#6026,1.);
#830=VECTOR('',#6029,1.);
#831=VECTOR('',#6030,1.);
#832=VECTOR('',#6033,1.);
#833=VECTOR('',#6034,1.);
#834=VECTOR('',#6037,1.);
#835=VECTOR('',#6038,1.);
#836=VECTOR('',#6041,1.);
#837=VECTOR('',#6042,1.);
#838=VECTOR('',#6045,1.);
#839=VECTOR('',#6046,1.);
#840=VECTOR('',#6049,1.);
#841=VECTOR('',#6050,1.);
#842=VECTOR('',#6053,1.);
#843=VECTOR('',#6054,1.);
#844=VECTOR('',#6057,1.);
#845=VECTOR('',#6058,1.);
#846=VECTOR('',#6061,1.);
#847=VECTOR('',#6062,1.);
#848=VECTOR('',#6065,1.);
#849=VECTOR('',#6066,1.);
#850=VECTOR('',#6069,1.);
#851=VECTOR('',#6074,1.);
#852=VECTOR('',#6077,1.);
#853=VECTOR('',#6078,1.);
#854=VECTOR('',#6081,1.);
#855=VECTOR('',#6086,1.);
#856=VECTOR('',#6091,1.);
#857=VECTOR('',#6096,1.);
#858=VECTOR('',#6101,1.);
#859=VECTOR('',#6106,1.);
#860=VECTOR('',#6111,1.);
#861=VECTOR('',#6116,1.);
#862=VECTOR('',#6121,1.);
#863=VECTOR('',#6126,1.);
#864=VECTOR('',#6131,1.);
#865=VECTOR('',#6136,1.);
#866=VECTOR('',#6141,1.);
#867=VECTOR('',#6146,1.);
#868=VECTOR('',#6147,1.);
#869=VECTOR('',#6150,1.);
#870=VECTOR('',#6151,1.);
#871=VECTOR('',#6154,1.);
#872=VECTOR('',#6155,1.);
#873=VECTOR('',#6158,1.);
#874=VECTOR('',#6163,1.);
#875=VECTOR('',#6168,1.);
#876=VECTOR('',#6173,1.);
#877=VECTOR('',#6178,1.);
#878=VECTOR('',#6183,1.);
#879=VECTOR('',#6188,1.);
#880=VECTOR('',#6193,1.);
#881=VECTOR('',#6198,1.);
#882=VECTOR('',#6203,1.);
#883=VECTOR('',#6208,1.);
#884=VECTOR('',#6213,1.);
#885=VECTOR('',#6218,1.);
#886=VECTOR('',#6221,1.);
#887=VECTOR('',#6222,1.);
#888=VECTOR('',#6225,1.);
#889=VECTOR('',#6230,1.);
#890=VECTOR('',#6235,1.);
#891=VECTOR('',#6240,1.);
#892=VECTOR('',#6245,1.);
#893=VECTOR('',#6246,1.);
#894=VECTOR('',#6249,1.);
#895=VECTOR('',#6254,1.);
#896=VECTOR('',#6259,1.);
#897=VECTOR('',#6264,1.);
#898=VECTOR('',#6269,1.);
#899=VECTOR('',#6274,1.);
#900=VECTOR('',#6285,1.);
#901=VECTOR('',#6286,1.);
#902=VECTOR('',#6287,1.);
#903=VECTOR('',#6288,1.);
#904=VECTOR('',#6291,1.);
#905=VECTOR('',#6292,1.);
#906=VECTOR('',#6293,1.);
#907=VECTOR('',#6296,1.);
#908=VECTOR('',#6297,1.);
#909=VECTOR('',#6298,1.);
#910=VECTOR('',#6301,1.);
#911=VECTOR('',#6302,1.);
#912=VECTOR('',#6305,1.);
#913=VECTOR('',#6306,1.);
#914=VECTOR('',#6309,1.);
#915=VECTOR('',#6310,1.);
#916=VECTOR('',#6313,1.);
#917=VECTOR('',#6314,1.);
#918=VECTOR('',#6317,1.);
#919=VECTOR('',#6318,1.);
#920=VECTOR('',#6321,1.);
#921=VECTOR('',#6322,1.);
#922=VECTOR('',#6325,1.);
#923=VECTOR('',#6328,1.);
#924=VECTOR('',#6329,1.);
#925=VECTOR('',#6336,1.);
#926=VECTOR('',#6339,1.);
#927=VECTOR('',#6342,1.);
#928=VECTOR('',#6343,1.);
#929=VECTOR('',#6344,1.);
#930=VECTOR('',#6347,1.);
#931=VECTOR('',#6348,1.);
#932=VECTOR('',#6349,1.);
#933=VECTOR('',#6352,1.);
#934=VECTOR('',#6353,1.);
#935=VECTOR('',#6354,1.);
#936=VECTOR('',#6359,1.);
#937=VECTOR('',#6366,1.);
#938=VECTOR('',#6373,1.);
#939=VECTOR('',#6380,1.);
#940=VECTOR('',#6383,1.);
#941=VECTOR('',#6388,1.);
#942=VECTOR('',#6391,1.);
#943=VECTOR('',#6392,1.);
#944=VECTOR('',#6395,1.);
#945=VECTOR('',#6396,1.);
#946=VECTOR('',#6397,1.);
#947=VECTOR('',#6400,1.);
#948=VECTOR('',#6401,1.);
#949=VECTOR('',#6402,1.);
#950=VECTOR('',#6405,1.);
#951=VECTOR('',#6406,1.);
#952=VECTOR('',#6407,1.);
#953=VECTOR('',#6408,1.);
#954=VECTOR('',#6413,1.);
#955=VECTOR('',#6418,1.);
#956=VECTOR('',#6421,1.);
#957=VECTOR('',#6424,1.);
#958=VECTOR('',#6429,1.);
#959=VECTOR('',#6434,1.);
#960=VECTOR('',#6439,1.);
#961=VECTOR('',#6444,1.);
#962=VECTOR('',#6449,1.);
#963=VECTOR('',#6454,1.);
#964=VECTOR('',#6459,1.);
#965=VECTOR('',#6464,1.);
#966=VECTOR('',#6465,1.);
#967=VECTOR('',#6468,1.);
#968=VECTOR('',#6469,1.);
#969=VECTOR('',#6472,1.);
#970=VECTOR('',#6473,1.);
#971=VECTOR('',#6476,1.);
#972=VECTOR('',#6477,1.);
#973=VECTOR('',#6480,1.);
#974=VECTOR('',#6485,1.);
#975=VECTOR('',#6490,1.);
#976=VECTOR('',#6495,1.);
#977=VECTOR('',#6500,1.);
#978=VECTOR('',#6505,1.);
#979=VECTOR('',#6510,1.);
#980=ORIENTED_EDGE('',*,*,#2314,.T.);
#981=ORIENTED_EDGE('',*,*,#2315,.T.);
#982=ORIENTED_EDGE('',*,*,#2316,.T.);
#983=ORIENTED_EDGE('',*,*,#2317,.T.);
#984=ORIENTED_EDGE('',*,*,#2318,.T.);
#985=ORIENTED_EDGE('',*,*,#2319,.T.);
#986=ORIENTED_EDGE('',*,*,#2320,.T.);
#987=ORIENTED_EDGE('',*,*,#2321,.T.);
#988=ORIENTED_EDGE('',*,*,#2322,.T.);
#989=ORIENTED_EDGE('',*,*,#2323,.T.);
#990=ORIENTED_EDGE('',*,*,#2324,.T.);
#991=ORIENTED_EDGE('',*,*,#2325,.T.);
#992=ORIENTED_EDGE('',*,*,#2326,.T.);
#993=ORIENTED_EDGE('',*,*,#2327,.T.);
#994=ORIENTED_EDGE('',*,*,#2328,.T.);
#995=ORIENTED_EDGE('',*,*,#2329,.T.);
#996=ORIENTED_EDGE('',*,*,#2330,.T.);
#997=ORIENTED_EDGE('',*,*,#2331,.T.);
#998=ORIENTED_EDGE('',*,*,#2332,.T.);
#999=ORIENTED_EDGE('',*,*,#2333,.T.);
#1000=ORIENTED_EDGE('',*,*,#2334,.T.);
#1001=ORIENTED_EDGE('',*,*,#2335,.T.);
#1002=ORIENTED_EDGE('',*,*,#2336,.T.);
#1003=ORIENTED_EDGE('',*,*,#2337,.T.);
#1004=ORIENTED_EDGE('',*,*,#2338,.T.);
#1005=ORIENTED_EDGE('',*,*,#2339,.T.);
#1006=ORIENTED_EDGE('',*,*,#2340,.T.);
#1007=ORIENTED_EDGE('',*,*,#2341,.T.);
#1008=ORIENTED_EDGE('',*,*,#2342,.T.);
#1009=ORIENTED_EDGE('',*,*,#2343,.T.);
#1010=ORIENTED_EDGE('',*,*,#2344,.T.);
#1011=ORIENTED_EDGE('',*,*,#2345,.T.);
#1012=ORIENTED_EDGE('',*,*,#2346,.T.);
#1013=ORIENTED_EDGE('',*,*,#2347,.T.);
#1014=ORIENTED_EDGE('',*,*,#2348,.T.);
#1015=ORIENTED_EDGE('',*,*,#2349,.T.);
#1016=ORIENTED_EDGE('',*,*,#2350,.T.);
#1017=ORIENTED_EDGE('',*,*,#2351,.T.);
#1018=ORIENTED_EDGE('',*,*,#2352,.T.);
#1019=ORIENTED_EDGE('',*,*,#2353,.T.);
#1020=ORIENTED_EDGE('',*,*,#2354,.T.);
#1021=ORIENTED_EDGE('',*,*,#2355,.T.);
#1022=ORIENTED_EDGE('',*,*,#2356,.T.);
#1023=ORIENTED_EDGE('',*,*,#2357,.T.);
#1024=ORIENTED_EDGE('',*,*,#2358,.T.);
#1025=ORIENTED_EDGE('',*,*,#2359,.T.);
#1026=ORIENTED_EDGE('',*,*,#2360,.T.);
#1027=ORIENTED_EDGE('',*,*,#2361,.T.);
#1028=ORIENTED_EDGE('',*,*,#2362,.T.);
#1029=ORIENTED_EDGE('',*,*,#2363,.T.);
#1030=ORIENTED_EDGE('',*,*,#2364,.T.);
#1031=ORIENTED_EDGE('',*,*,#2365,.T.);
#1032=ORIENTED_EDGE('',*,*,#2366,.T.);
#1033=ORIENTED_EDGE('',*,*,#2367,.T.);
#1034=ORIENTED_EDGE('',*,*,#2368,.T.);
#1035=ORIENTED_EDGE('',*,*,#2369,.T.);
#1036=ORIENTED_EDGE('',*,*,#2370,.T.);
#1037=ORIENTED_EDGE('',*,*,#2371,.T.);
#1038=ORIENTED_EDGE('',*,*,#2372,.T.);
#1039=ORIENTED_EDGE('',*,*,#2373,.T.);
#1040=ORIENTED_EDGE('',*,*,#2374,.T.);
#1041=ORIENTED_EDGE('',*,*,#2375,.T.);
#1042=ORIENTED_EDGE('',*,*,#2376,.T.);
#1043=ORIENTED_EDGE('',*,*,#2377,.T.);
#1044=ORIENTED_EDGE('',*,*,#2378,.T.);
#1045=ORIENTED_EDGE('',*,*,#2379,.T.);
#1046=ORIENTED_EDGE('',*,*,#2380,.T.);
#1047=ORIENTED_EDGE('',*,*,#2381,.T.);
#1048=ORIENTED_EDGE('',*,*,#2382,.T.);
#1049=ORIENTED_EDGE('',*,*,#2383,.T.);
#1050=ORIENTED_EDGE('',*,*,#2384,.T.);
#1051=ORIENTED_EDGE('',*,*,#2385,.T.);
#1052=ORIENTED_EDGE('',*,*,#2386,.T.);
#1053=ORIENTED_EDGE('',*,*,#2387,.T.);
#1054=ORIENTED_EDGE('',*,*,#2388,.T.);
#1055=ORIENTED_EDGE('',*,*,#2389,.T.);
#1056=ORIENTED_EDGE('',*,*,#2390,.T.);
#1057=ORIENTED_EDGE('',*,*,#2391,.T.);
#1058=ORIENTED_EDGE('',*,*,#2392,.T.);
#1059=ORIENTED_EDGE('',*,*,#2393,.T.);
#1060=ORIENTED_EDGE('',*,*,#2394,.T.);
#1061=ORIENTED_EDGE('',*,*,#2395,.T.);
#1062=ORIENTED_EDGE('',*,*,#2396,.T.);
#1063=ORIENTED_EDGE('',*,*,#2397,.T.);
#1064=ORIENTED_EDGE('',*,*,#2398,.T.);
#1065=ORIENTED_EDGE('',*,*,#2399,.T.);
#1066=ORIENTED_EDGE('',*,*,#2400,.T.);
#1067=ORIENTED_EDGE('',*,*,#2401,.T.);
#1068=ORIENTED_EDGE('',*,*,#2402,.T.);
#1069=ORIENTED_EDGE('',*,*,#2403,.T.);
#1070=ORIENTED_EDGE('',*,*,#2404,.T.);
#1071=ORIENTED_EDGE('',*,*,#2405,.T.);
#1072=ORIENTED_EDGE('',*,*,#2406,.T.);
#1073=ORIENTED_EDGE('',*,*,#2407,.T.);
#1074=ORIENTED_EDGE('',*,*,#2408,.T.);
#1075=ORIENTED_EDGE('',*,*,#2409,.T.);
#1076=ORIENTED_EDGE('',*,*,#2410,.T.);
#1077=ORIENTED_EDGE('',*,*,#2411,.T.);
#1078=ORIENTED_EDGE('',*,*,#2412,.T.);
#1079=ORIENTED_EDGE('',*,*,#2413,.T.);
#1080=ORIENTED_EDGE('',*,*,#2414,.T.);
#1081=ORIENTED_EDGE('',*,*,#2415,.T.);
#1082=ORIENTED_EDGE('',*,*,#2416,.T.);
#1083=ORIENTED_EDGE('',*,*,#2417,.T.);
#1084=ORIENTED_EDGE('',*,*,#2418,.T.);
#1085=ORIENTED_EDGE('',*,*,#2419,.T.);
#1086=ORIENTED_EDGE('',*,*,#2420,.T.);
#1087=ORIENTED_EDGE('',*,*,#2421,.T.);
#1088=ORIENTED_EDGE('',*,*,#2422,.T.);
#1089=ORIENTED_EDGE('',*,*,#2423,.T.);
#1090=ORIENTED_EDGE('',*,*,#2424,.T.);
#1091=ORIENTED_EDGE('',*,*,#2425,.T.);
#1092=ORIENTED_EDGE('',*,*,#2426,.T.);
#1093=ORIENTED_EDGE('',*,*,#2427,.T.);
#1094=ORIENTED_EDGE('',*,*,#2428,.T.);
#1095=ORIENTED_EDGE('',*,*,#2429,.T.);
#1096=ORIENTED_EDGE('',*,*,#2430,.T.);
#1097=ORIENTED_EDGE('',*,*,#2431,.T.);
#1098=ORIENTED_EDGE('',*,*,#2432,.T.);
#1099=ORIENTED_EDGE('',*,*,#2433,.T.);
#1100=ORIENTED_EDGE('',*,*,#2434,.T.);
#1101=ORIENTED_EDGE('',*,*,#2435,.T.);
#1102=ORIENTED_EDGE('',*,*,#2436,.T.);
#1103=ORIENTED_EDGE('',*,*,#2437,.T.);
#1104=ORIENTED_EDGE('',*,*,#2438,.F.);
#1105=ORIENTED_EDGE('',*,*,#2439,.F.);
#1106=ORIENTED_EDGE('',*,*,#2440,.T.);
#1107=ORIENTED_EDGE('',*,*,#2441,.F.);
#1108=ORIENTED_EDGE('',*,*,#2442,.T.);
#1109=ORIENTED_EDGE('',*,*,#2443,.T.);
#1110=ORIENTED_EDGE('',*,*,#2444,.F.);
#1111=ORIENTED_EDGE('',*,*,#2445,.F.);
#1112=ORIENTED_EDGE('',*,*,#2446,.T.);
#1113=ORIENTED_EDGE('',*,*,#2447,.F.);
#1114=ORIENTED_EDGE('',*,*,#2448,.T.);
#1115=ORIENTED_EDGE('',*,*,#2449,.T.);
#1116=ORIENTED_EDGE('',*,*,#2450,.F.);
#1117=ORIENTED_EDGE('',*,*,#2451,.T.);
#1118=ORIENTED_EDGE('',*,*,#2452,.F.);
#1119=ORIENTED_EDGE('',*,*,#2453,.T.);
#1120=ORIENTED_EDGE('',*,*,#2454,.T.);
#1121=ORIENTED_EDGE('',*,*,#2455,.F.);
#1122=ORIENTED_EDGE('',*,*,#2456,.T.);
#1123=ORIENTED_EDGE('',*,*,#2457,.T.);
#1124=ORIENTED_EDGE('',*,*,#2458,.F.);
#1125=ORIENTED_EDGE('',*,*,#2459,.F.);
#1126=ORIENTED_EDGE('',*,*,#2460,.F.);
#1127=ORIENTED_EDGE('',*,*,#2461,.F.);
#1128=ORIENTED_EDGE('',*,*,#2462,.T.);
#1129=ORIENTED_EDGE('',*,*,#2463,.F.);
#1130=ORIENTED_EDGE('',*,*,#2464,.F.);
#1131=ORIENTED_EDGE('',*,*,#2465,.F.);
#1132=ORIENTED_EDGE('',*,*,#2466,.T.);
#1133=ORIENTED_EDGE('',*,*,#2467,.T.);
#1134=ORIENTED_EDGE('',*,*,#2468,.T.);
#1135=ORIENTED_EDGE('',*,*,#2469,.T.);
#1136=ORIENTED_EDGE('',*,*,#2450,.T.);
#1137=ORIENTED_EDGE('',*,*,#2470,.F.);
#1138=ORIENTED_EDGE('',*,*,#2454,.F.);
#1139=ORIENTED_EDGE('',*,*,#2471,.T.);
#1140=ORIENTED_EDGE('',*,*,#2472,.T.);
#1141=ORIENTED_EDGE('',*,*,#2473,.T.);
#1142=ORIENTED_EDGE('',*,*,#2474,.F.);
#1143=ORIENTED_EDGE('',*,*,#2475,.F.);
#1144=ORIENTED_EDGE('',*,*,#2476,.T.);
#1145=ORIENTED_EDGE('',*,*,#2477,.T.);
#1146=ORIENTED_EDGE('',*,*,#2478,.F.);
#1147=ORIENTED_EDGE('',*,*,#2479,.T.);
#1148=ORIENTED_EDGE('',*,*,#2480,.T.);
#1149=ORIENTED_EDGE('',*,*,#2481,.F.);
#1150=ORIENTED_EDGE('',*,*,#2482,.T.);
#1151=ORIENTED_EDGE('',*,*,#2483,.T.);
#1152=ORIENTED_EDGE('',*,*,#2484,.T.);
#1153=ORIENTED_EDGE('',*,*,#2474,.T.);
#1154=ORIENTED_EDGE('',*,*,#2485,.T.);
#1155=ORIENTED_EDGE('',*,*,#2323,.F.);
#1156=ORIENTED_EDGE('',*,*,#2486,.T.);
#1157=ORIENTED_EDGE('',*,*,#2466,.F.);
#1158=ORIENTED_EDGE('',*,*,#2487,.F.);
#1159=ORIENTED_EDGE('',*,*,#2488,.T.);
#1160=ORIENTED_EDGE('',*,*,#2489,.F.);
#1161=ORIENTED_EDGE('',*,*,#2490,.T.);
#1162=ORIENTED_EDGE('',*,*,#2491,.T.);
#1163=ORIENTED_EDGE('',*,*,#2492,.F.);
#1164=ORIENTED_EDGE('',*,*,#2493,.F.);
#1165=ORIENTED_EDGE('',*,*,#2494,.T.);
#1166=ORIENTED_EDGE('',*,*,#2495,.F.);
#1167=ORIENTED_EDGE('',*,*,#2496,.T.);
#1168=ORIENTED_EDGE('',*,*,#2497,.T.);
#1169=ORIENTED_EDGE('',*,*,#2498,.T.);
#1170=ORIENTED_EDGE('',*,*,#2499,.F.);
#1171=ORIENTED_EDGE('',*,*,#2500,.F.);
#1172=ORIENTED_EDGE('',*,*,#2501,.T.);
#1173=ORIENTED_EDGE('',*,*,#2502,.T.);
#1174=ORIENTED_EDGE('',*,*,#2503,.T.);
#1175=ORIENTED_EDGE('',*,*,#2458,.T.);
#1176=ORIENTED_EDGE('',*,*,#2504,.T.);
#1177=ORIENTED_EDGE('',*,*,#2456,.F.);
#1178=ORIENTED_EDGE('',*,*,#2505,.T.);
#1179=ORIENTED_EDGE('',*,*,#2483,.F.);
#1180=ORIENTED_EDGE('',*,*,#2506,.F.);
#1181=ORIENTED_EDGE('',*,*,#2507,.T.);
#1182=ORIENTED_EDGE('',*,*,#2508,.F.);
#1183=ORIENTED_EDGE('',*,*,#2509,.T.);
#1184=ORIENTED_EDGE('',*,*,#2510,.T.);
#1185=ORIENTED_EDGE('',*,*,#2511,.T.);
#1186=ORIENTED_EDGE('',*,*,#2499,.T.);
#1187=ORIENTED_EDGE('',*,*,#2512,.T.);
#1188=ORIENTED_EDGE('',*,*,#2513,.F.);
#1189=ORIENTED_EDGE('',*,*,#2514,.T.);
#1190=ORIENTED_EDGE('',*,*,#2515,.T.);
#1191=ORIENTED_EDGE('',*,*,#2516,.T.);
#1192=ORIENTED_EDGE('',*,*,#2517,.T.);
#1193=ORIENTED_EDGE('',*,*,#2518,.T.);
#1194=ORIENTED_EDGE('',*,*,#2519,.F.);
#1195=ORIENTED_EDGE('',*,*,#2520,.T.);
#1196=ORIENTED_EDGE('',*,*,#2521,.T.);
#1197=ORIENTED_EDGE('',*,*,#2522,.T.);
#1198=ORIENTED_EDGE('',*,*,#2523,.T.);
#1199=ORIENTED_EDGE('',*,*,#2481,.T.);
#1200=ORIENTED_EDGE('',*,*,#2524,.F.);
#1201=ORIENTED_EDGE('',*,*,#2525,.T.);
#1202=ORIENTED_EDGE('',*,*,#2526,.T.);
#1203=ORIENTED_EDGE('',*,*,#2527,.T.);
#1204=ORIENTED_EDGE('',*,*,#2528,.F.);
#1205=ORIENTED_EDGE('',*,*,#2529,.T.);
#1206=ORIENTED_EDGE('',*,*,#2530,.T.);
#1207=ORIENTED_EDGE('',*,*,#2531,.T.);
#1208=ORIENTED_EDGE('',*,*,#2532,.T.);
#1209=ORIENTED_EDGE('',*,*,#2461,.T.);
#1210=ORIENTED_EDGE('',*,*,#2533,.F.);
#1211=ORIENTED_EDGE('',*,*,#2534,.T.);
#1212=ORIENTED_EDGE('',*,*,#2535,.T.);
#1213=ORIENTED_EDGE('',*,*,#2536,.T.);
#1214=ORIENTED_EDGE('',*,*,#2537,.F.);
#1215=ORIENTED_EDGE('',*,*,#2538,.T.);
#1216=ORIENTED_EDGE('',*,*,#2539,.T.);
#1217=ORIENTED_EDGE('',*,*,#2540,.T.);
#1218=ORIENTED_EDGE('',*,*,#2541,.T.);
#1219=ORIENTED_EDGE('',*,*,#2542,.T.);
#1220=ORIENTED_EDGE('',*,*,#2543,.T.);
#1221=ORIENTED_EDGE('',*,*,#2544,.F.);
#1222=ORIENTED_EDGE('',*,*,#2545,.F.);
#1223=ORIENTED_EDGE('',*,*,#2546,.F.);
#1224=ORIENTED_EDGE('',*,*,#2547,.F.);
#1225=ORIENTED_EDGE('',*,*,#2548,.F.);
#1226=ORIENTED_EDGE('',*,*,#2549,.T.);
#1227=ORIENTED_EDGE('',*,*,#2550,.F.);
#1228=ORIENTED_EDGE('',*,*,#2551,.T.);
#1229=ORIENTED_EDGE('',*,*,#2552,.F.);
#1230=ORIENTED_EDGE('',*,*,#2553,.T.);
#1231=ORIENTED_EDGE('',*,*,#2554,.F.);
#1232=ORIENTED_EDGE('',*,*,#2555,.T.);
#1233=ORIENTED_EDGE('',*,*,#2556,.F.);
#1234=ORIENTED_EDGE('',*,*,#2557,.T.);
#1235=ORIENTED_EDGE('',*,*,#2558,.F.);
#1236=ORIENTED_EDGE('',*,*,#2559,.T.);
#1237=ORIENTED_EDGE('',*,*,#2560,.F.);
#1238=ORIENTED_EDGE('',*,*,#2561,.T.);
#1239=ORIENTED_EDGE('',*,*,#2562,.F.);
#1240=ORIENTED_EDGE('',*,*,#2563,.T.);
#1241=ORIENTED_EDGE('',*,*,#2564,.F.);
#1242=ORIENTED_EDGE('',*,*,#2565,.T.);
#1243=ORIENTED_EDGE('',*,*,#2566,.T.);
#1244=ORIENTED_EDGE('',*,*,#2567,.F.);
#1245=ORIENTED_EDGE('',*,*,#2568,.F.);
#1246=ORIENTED_EDGE('',*,*,#2569,.T.);
#1247=ORIENTED_EDGE('',*,*,#2564,.T.);
#1248=ORIENTED_EDGE('',*,*,#2570,.T.);
#1249=ORIENTED_EDGE('',*,*,#2571,.F.);
#1250=ORIENTED_EDGE('',*,*,#2572,.T.);
#1251=ORIENTED_EDGE('',*,*,#2568,.T.);
#1252=ORIENTED_EDGE('',*,*,#2573,.T.);
#1253=ORIENTED_EDGE('',*,*,#2566,.F.);
#1254=ORIENTED_EDGE('',*,*,#2574,.T.);
#1255=ORIENTED_EDGE('',*,*,#2571,.T.);
#1256=ORIENTED_EDGE('',*,*,#2575,.F.);
#1257=ORIENTED_EDGE('',*,*,#2576,.T.);
#1258=ORIENTED_EDGE('',*,*,#2556,.T.);
#1259=ORIENTED_EDGE('',*,*,#2558,.T.);
#1260=ORIENTED_EDGE('',*,*,#2560,.T.);
#1261=ORIENTED_EDGE('',*,*,#2562,.T.);
#1262=ORIENTED_EDGE('',*,*,#2528,.T.);
#1263=ORIENTED_EDGE('',*,*,#2577,.T.);
#1264=ORIENTED_EDGE('',*,*,#2535,.F.);
#1265=ORIENTED_EDGE('',*,*,#2578,.T.);
#1266=ORIENTED_EDGE('',*,*,#2579,.T.);
#1267=ORIENTED_EDGE('',*,*,#2580,.T.);
#1268=ORIENTED_EDGE('',*,*,#2510,.F.);
#1269=ORIENTED_EDGE('',*,*,#2581,.T.);
#1270=ORIENTED_EDGE('',*,*,#2519,.T.);
#1271=ORIENTED_EDGE('',*,*,#2582,.T.);
#1272=ORIENTED_EDGE('',*,*,#2583,.F.);
#1273=ORIENTED_EDGE('',*,*,#2584,.T.);
#1274=ORIENTED_EDGE('',*,*,#2585,.T.);
#1275=ORIENTED_EDGE('',*,*,#2586,.T.);
#1276=ORIENTED_EDGE('',*,*,#2587,.T.);
#1277=ORIENTED_EDGE('',*,*,#2588,.T.);
#1278=ORIENTED_EDGE('',*,*,#2589,.T.);
#1279=ORIENTED_EDGE('',*,*,#2590,.T.);
#1280=ORIENTED_EDGE('',*,*,#2514,.F.);
#1281=ORIENTED_EDGE('',*,*,#2591,.T.);
#1282=ORIENTED_EDGE('',*,*,#2592,.T.);
#1283=ORIENTED_EDGE('',*,*,#2593,.T.);
#1284=ORIENTED_EDGE('',*,*,#2497,.F.);
#1285=ORIENTED_EDGE('',*,*,#2594,.T.);
#1286=ORIENTED_EDGE('',*,*,#2589,.F.);
#1287=ORIENTED_EDGE('',*,*,#2570,.F.);
#1288=ORIENTED_EDGE('',*,*,#2567,.T.);
#1289=ORIENTED_EDGE('',*,*,#2575,.T.);
#1290=ORIENTED_EDGE('',*,*,#2573,.F.);
#1291=ORIENTED_EDGE('',*,*,#2513,.T.);
#1292=ORIENTED_EDGE('',*,*,#2595,.T.);
#1293=ORIENTED_EDGE('',*,*,#2592,.F.);
#1294=ORIENTED_EDGE('',*,*,#2591,.F.);
#1295=ORIENTED_EDGE('',*,*,#2596,.F.);
#1296=ORIENTED_EDGE('',*,*,#2547,.T.);
#1297=ORIENTED_EDGE('',*,*,#2559,.F.);
#1298=ORIENTED_EDGE('',*,*,#2596,.T.);
#1299=ORIENTED_EDGE('',*,*,#2597,.F.);
#1300=ORIENTED_EDGE('',*,*,#2546,.T.);
#1301=ORIENTED_EDGE('',*,*,#2563,.F.);
#1302=ORIENTED_EDGE('',*,*,#2597,.T.);
#1303=ORIENTED_EDGE('',*,*,#2598,.F.);
#1304=ORIENTED_EDGE('',*,*,#2545,.T.);
#1305=ORIENTED_EDGE('',*,*,#2561,.F.);
#1306=ORIENTED_EDGE('',*,*,#2598,.T.);
#1307=ORIENTED_EDGE('',*,*,#2599,.F.);
#1308=ORIENTED_EDGE('',*,*,#2544,.T.);
#1309=ORIENTED_EDGE('',*,*,#2557,.F.);
#1310=ORIENTED_EDGE('',*,*,#2599,.T.);
#1311=ORIENTED_EDGE('',*,*,#2600,.F.);
#1312=ORIENTED_EDGE('',*,*,#2601,.T.);
#1313=ORIENTED_EDGE('',*,*,#2602,.F.);
#1314=ORIENTED_EDGE('',*,*,#2569,.F.);
#1315=ORIENTED_EDGE('',*,*,#2602,.T.);
#1316=ORIENTED_EDGE('',*,*,#2603,.T.);
#1317=ORIENTED_EDGE('',*,*,#2604,.F.);
#1318=ORIENTED_EDGE('',*,*,#2565,.F.);
#1319=ORIENTED_EDGE('',*,*,#2605,.F.);
#1320=ORIENTED_EDGE('',*,*,#2606,.T.);
#1321=ORIENTED_EDGE('',*,*,#2600,.T.);
#1322=ORIENTED_EDGE('',*,*,#2572,.F.);
#1323=ORIENTED_EDGE('',*,*,#2604,.T.);
#1324=ORIENTED_EDGE('',*,*,#2607,.T.);
#1325=ORIENTED_EDGE('',*,*,#2605,.T.);
#1326=ORIENTED_EDGE('',*,*,#2574,.F.);
#1327=ORIENTED_EDGE('',*,*,#2492,.T.);
#1328=ORIENTED_EDGE('',*,*,#2608,.T.);
#1329=ORIENTED_EDGE('',*,*,#2444,.T.);
#1330=ORIENTED_EDGE('',*,*,#2609,.F.);
#1331=ORIENTED_EDGE('',*,*,#2452,.T.);
#1332=ORIENTED_EDGE('',*,*,#2610,.T.);
#1333=ORIENTED_EDGE('',*,*,#2611,.T.);
#1334=ORIENTED_EDGE('',*,*,#2612,.T.);
#1335=ORIENTED_EDGE('',*,*,#2613,.F.);
#1336=ORIENTED_EDGE('',*,*,#2601,.F.);
#1337=ORIENTED_EDGE('',*,*,#2614,.F.);
#1338=ORIENTED_EDGE('',*,*,#2542,.F.);
#1339=ORIENTED_EDGE('',*,*,#2614,.T.);
#1340=ORIENTED_EDGE('',*,*,#2606,.F.);
#1341=ORIENTED_EDGE('',*,*,#2615,.F.);
#1342=ORIENTED_EDGE('',*,*,#2539,.F.);
#1343=ORIENTED_EDGE('',*,*,#2613,.T.);
#1344=ORIENTED_EDGE('',*,*,#2541,.F.);
#1345=ORIENTED_EDGE('',*,*,#2616,.F.);
#1346=ORIENTED_EDGE('',*,*,#2603,.F.);
#1347=ORIENTED_EDGE('',*,*,#2615,.T.);
#1348=ORIENTED_EDGE('',*,*,#2607,.F.);
#1349=ORIENTED_EDGE('',*,*,#2616,.T.);
#1350=ORIENTED_EDGE('',*,*,#2540,.F.);
#1351=ORIENTED_EDGE('',*,*,#2543,.F.);
#1352=ORIENTED_EDGE('',*,*,#2587,.F.);
#1353=ORIENTED_EDGE('',*,*,#2588,.F.);
#1354=ORIENTED_EDGE('',*,*,#2576,.F.);
#1355=ORIENTED_EDGE('',*,*,#2472,.F.);
#1356=ORIENTED_EDGE('',*,*,#2617,.T.);
#1357=ORIENTED_EDGE('',*,*,#2551,.F.);
#1358=ORIENTED_EDGE('',*,*,#2618,.T.);
#1359=ORIENTED_EDGE('',*,*,#2611,.F.);
#1360=ORIENTED_EDGE('',*,*,#2619,.T.);
#1361=ORIENTED_EDGE('',*,*,#2553,.F.);
#1362=ORIENTED_EDGE('',*,*,#2620,.T.);
#1363=ORIENTED_EDGE('',*,*,#2325,.F.);
#1364=ORIENTED_EDGE('',*,*,#2621,.T.);
#1365=ORIENTED_EDGE('',*,*,#2549,.F.);
#1366=ORIENTED_EDGE('',*,*,#2622,.T.);
#1367=ORIENTED_EDGE('',*,*,#2468,.F.);
#1368=ORIENTED_EDGE('',*,*,#2623,.T.);
#1369=ORIENTED_EDGE('',*,*,#2555,.F.);
#1370=ORIENTED_EDGE('',*,*,#2624,.T.);
#1371=ORIENTED_EDGE('',*,*,#2486,.F.);
#1372=ORIENTED_EDGE('',*,*,#2326,.F.);
#1373=ORIENTED_EDGE('',*,*,#2625,.F.);
#1374=ORIENTED_EDGE('',*,*,#2467,.F.);
#1375=ORIENTED_EDGE('',*,*,#2622,.F.);
#1376=ORIENTED_EDGE('',*,*,#2548,.T.);
#1377=ORIENTED_EDGE('',*,*,#2623,.F.);
#1378=ORIENTED_EDGE('',*,*,#2625,.T.);
#1379=ORIENTED_EDGE('',*,*,#2485,.F.);
#1380=ORIENTED_EDGE('',*,*,#2473,.F.);
#1381=ORIENTED_EDGE('',*,*,#2626,.F.);
#1382=ORIENTED_EDGE('',*,*,#2324,.F.);
#1383=ORIENTED_EDGE('',*,*,#2618,.F.);
#1384=ORIENTED_EDGE('',*,*,#2550,.T.);
#1385=ORIENTED_EDGE('',*,*,#2621,.F.);
#1386=ORIENTED_EDGE('',*,*,#2626,.T.);
#1387=ORIENTED_EDGE('',*,*,#2453,.F.);
#1388=ORIENTED_EDGE('',*,*,#2612,.F.);
#1389=ORIENTED_EDGE('',*,*,#2627,.F.);
#1390=ORIENTED_EDGE('',*,*,#2471,.F.);
#1391=ORIENTED_EDGE('',*,*,#2617,.F.);
#1392=ORIENTED_EDGE('',*,*,#2627,.T.);
#1393=ORIENTED_EDGE('',*,*,#2620,.F.);
#1394=ORIENTED_EDGE('',*,*,#2552,.T.);
#1395=ORIENTED_EDGE('',*,*,#2451,.F.);
#1396=ORIENTED_EDGE('',*,*,#2469,.F.);
#1397=ORIENTED_EDGE('',*,*,#2628,.F.);
#1398=ORIENTED_EDGE('',*,*,#2610,.F.);
#1399=ORIENTED_EDGE('',*,*,#2619,.F.);
#1400=ORIENTED_EDGE('',*,*,#2628,.T.);
#1401=ORIENTED_EDGE('',*,*,#2624,.F.);
#1402=ORIENTED_EDGE('',*,*,#2554,.T.);
#1403=ORIENTED_EDGE('',*,*,#2503,.F.);
#1404=ORIENTED_EDGE('',*,*,#2629,.T.);
#1405=ORIENTED_EDGE('',*,*,#2630,.T.);
#1406=ORIENTED_EDGE('',*,*,#2459,.T.);
#1407=ORIENTED_EDGE('',*,*,#2630,.F.);
#1408=ORIENTED_EDGE('',*,*,#2631,.T.);
#1409=ORIENTED_EDGE('',*,*,#2533,.T.);
#1410=ORIENTED_EDGE('',*,*,#2460,.T.);
#1411=ORIENTED_EDGE('',*,*,#2537,.T.);
#1412=ORIENTED_EDGE('',*,*,#2632,.T.);
#1413=ORIENTED_EDGE('',*,*,#2526,.F.);
#1414=ORIENTED_EDGE('',*,*,#2633,.T.);
#1415=ORIENTED_EDGE('',*,*,#2501,.F.);
#1416=ORIENTED_EDGE('',*,*,#2634,.T.);
#1417=ORIENTED_EDGE('',*,*,#2532,.F.);
#1418=ORIENTED_EDGE('',*,*,#2635,.T.);
#1419=ORIENTED_EDGE('',*,*,#2636,.T.);
#1420=ORIENTED_EDGE('',*,*,#2462,.F.);
#1421=ORIENTED_EDGE('',*,*,#2530,.F.);
#1422=ORIENTED_EDGE('',*,*,#2637,.T.);
#1423=ORIENTED_EDGE('',*,*,#2638,.F.);
#1424=ORIENTED_EDGE('',*,*,#2639,.F.);
#1425=ORIENTED_EDGE('',*,*,#2640,.T.);
#1426=ORIENTED_EDGE('',*,*,#2641,.T.);
#1427=ORIENTED_EDGE('',*,*,#2642,.F.);
#1428=ORIENTED_EDGE('',*,*,#2643,.T.);
#1429=ORIENTED_EDGE('',*,*,#2524,.T.);
#1430=ORIENTED_EDGE('',*,*,#2480,.F.);
#1431=ORIENTED_EDGE('',*,*,#2644,.T.);
#1432=ORIENTED_EDGE('',*,*,#2645,.F.);
#1433=ORIENTED_EDGE('',*,*,#2646,.F.);
#1434=ORIENTED_EDGE('',*,*,#2647,.T.);
#1435=ORIENTED_EDGE('',*,*,#2648,.T.);
#1436=ORIENTED_EDGE('',*,*,#2517,.F.);
#1437=ORIENTED_EDGE('',*,*,#2521,.F.);
#1438=ORIENTED_EDGE('',*,*,#2649,.T.);
#1439=ORIENTED_EDGE('',*,*,#2508,.T.);
#1440=ORIENTED_EDGE('',*,*,#2650,.T.);
#1441=ORIENTED_EDGE('',*,*,#2523,.F.);
#1442=ORIENTED_EDGE('',*,*,#2651,.T.);
#1443=ORIENTED_EDGE('',*,*,#2506,.T.);
#1444=ORIENTED_EDGE('',*,*,#2482,.F.);
#1445=ORIENTED_EDGE('',*,*,#2652,.F.);
#1446=ORIENTED_EDGE('',*,*,#2438,.T.);
#1447=ORIENTED_EDGE('',*,*,#2652,.T.);
#1448=ORIENTED_EDGE('',*,*,#2653,.T.);
#1449=ORIENTED_EDGE('',*,*,#2437,.F.);
#1450=ORIENTED_EDGE('',*,*,#2653,.F.);
#1451=ORIENTED_EDGE('',*,*,#2654,.T.);
#1452=ORIENTED_EDGE('',*,*,#2496,.F.);
#1453=ORIENTED_EDGE('',*,*,#2654,.F.);
#1454=ORIENTED_EDGE('',*,*,#2655,.F.);
#1455=ORIENTED_EDGE('',*,*,#2495,.T.);
#1456=ORIENTED_EDGE('',*,*,#2655,.T.);
#1457=ORIENTED_EDGE('',*,*,#2632,.F.);
#1458=ORIENTED_EDGE('',*,*,#2536,.F.);
#1459=ORIENTED_EDGE('',*,*,#2577,.F.);
#1460=ORIENTED_EDGE('',*,*,#2527,.F.);
#1461=ORIENTED_EDGE('',*,*,#2637,.F.);
#1462=ORIENTED_EDGE('',*,*,#2529,.F.);
#1463=ORIENTED_EDGE('',*,*,#2586,.F.);
#1464=ORIENTED_EDGE('',*,*,#2656,.F.);
#1465=ORIENTED_EDGE('',*,*,#2648,.F.);
#1466=ORIENTED_EDGE('',*,*,#2657,.F.);
#1467=ORIENTED_EDGE('',*,*,#2582,.F.);
#1468=ORIENTED_EDGE('',*,*,#2518,.F.);
#1469=ORIENTED_EDGE('',*,*,#2649,.F.);
#1470=ORIENTED_EDGE('',*,*,#2520,.F.);
#1471=ORIENTED_EDGE('',*,*,#2581,.F.);
#1472=ORIENTED_EDGE('',*,*,#2509,.F.);
#1473=ORIENTED_EDGE('',*,*,#2522,.F.);
#1474=ORIENTED_EDGE('',*,*,#2650,.F.);
#1475=ORIENTED_EDGE('',*,*,#2507,.F.);
#1476=ORIENTED_EDGE('',*,*,#2651,.F.);
#1477=ORIENTED_EDGE('',*,*,#2658,.F.);
#1478=ORIENTED_EDGE('',*,*,#2644,.F.);
#1479=ORIENTED_EDGE('',*,*,#2525,.F.);
#1480=ORIENTED_EDGE('',*,*,#2643,.F.);
#1481=ORIENTED_EDGE('',*,*,#2534,.F.);
#1482=ORIENTED_EDGE('',*,*,#2631,.F.);
#1483=ORIENTED_EDGE('',*,*,#2629,.F.);
#1484=ORIENTED_EDGE('',*,*,#2502,.F.);
#1485=ORIENTED_EDGE('',*,*,#2633,.F.);
#1486=ORIENTED_EDGE('',*,*,#2531,.F.);
#1487=ORIENTED_EDGE('',*,*,#2641,.F.);
#1488=ORIENTED_EDGE('',*,*,#2659,.F.);
#1489=ORIENTED_EDGE('',*,*,#2635,.F.);
#1490=ORIENTED_EDGE('',*,*,#2512,.F.);
#1491=ORIENTED_EDGE('',*,*,#2498,.F.);
#1492=ORIENTED_EDGE('',*,*,#2593,.F.);
#1493=ORIENTED_EDGE('',*,*,#2595,.F.);
#1494=ORIENTED_EDGE('',*,*,#2634,.F.);
#1495=ORIENTED_EDGE('',*,*,#2500,.T.);
#1496=ORIENTED_EDGE('',*,*,#2660,.F.);
#1497=ORIENTED_EDGE('',*,*,#2538,.F.);
#1498=ORIENTED_EDGE('',*,*,#2660,.T.);
#1499=ORIENTED_EDGE('',*,*,#2515,.F.);
#1500=ORIENTED_EDGE('',*,*,#2661,.F.);
#1501=ORIENTED_EDGE('',*,*,#2578,.F.);
#1502=ORIENTED_EDGE('',*,*,#2661,.T.);
#1503=ORIENTED_EDGE('',*,*,#2590,.F.);
#1504=ORIENTED_EDGE('',*,*,#2662,.F.);
#1505=ORIENTED_EDGE('',*,*,#2579,.F.);
#1506=ORIENTED_EDGE('',*,*,#2662,.T.);
#1507=ORIENTED_EDGE('',*,*,#2594,.F.);
#1508=ORIENTED_EDGE('',*,*,#2663,.F.);
#1509=ORIENTED_EDGE('',*,*,#2580,.F.);
#1510=ORIENTED_EDGE('',*,*,#2457,.F.);
#1511=ORIENTED_EDGE('',*,*,#2511,.F.);
#1512=ORIENTED_EDGE('',*,*,#2663,.T.);
#1513=ORIENTED_EDGE('',*,*,#2504,.F.);
#1514=ORIENTED_EDGE('',*,*,#2470,.T.);
#1515=ORIENTED_EDGE('',*,*,#2484,.F.);
#1516=ORIENTED_EDGE('',*,*,#2505,.F.);
#1517=ORIENTED_EDGE('',*,*,#2455,.T.);
#1518=ORIENTED_EDGE('',*,*,#2656,.T.);
#1519=ORIENTED_EDGE('',*,*,#2585,.F.);
#1520=ORIENTED_EDGE('',*,*,#2664,.F.);
#1521=ORIENTED_EDGE('',*,*,#2638,.T.);
#1522=ORIENTED_EDGE('',*,*,#2657,.T.);
#1523=ORIENTED_EDGE('',*,*,#2647,.F.);
#1524=ORIENTED_EDGE('',*,*,#2665,.F.);
#1525=ORIENTED_EDGE('',*,*,#2583,.T.);
#1526=ORIENTED_EDGE('',*,*,#2658,.T.);
#1527=ORIENTED_EDGE('',*,*,#2666,.F.);
#1528=ORIENTED_EDGE('',*,*,#2667,.F.);
#1529=ORIENTED_EDGE('',*,*,#2645,.T.);
#1530=ORIENTED_EDGE('',*,*,#2642,.T.);
#1531=ORIENTED_EDGE('',*,*,#2479,.F.);
#1532=ORIENTED_EDGE('',*,*,#2668,.F.);
#1533=ORIENTED_EDGE('',*,*,#2666,.T.);
#1534=ORIENTED_EDGE('',*,*,#2636,.F.);
#1535=ORIENTED_EDGE('',*,*,#2669,.F.);
#1536=ORIENTED_EDGE('',*,*,#2670,.T.);
#1537=ORIENTED_EDGE('',*,*,#2463,.T.);
#1538=ORIENTED_EDGE('',*,*,#2659,.T.);
#1539=ORIENTED_EDGE('',*,*,#2640,.F.);
#1540=ORIENTED_EDGE('',*,*,#2671,.F.);
#1541=ORIENTED_EDGE('',*,*,#2669,.T.);
#1542=ORIENTED_EDGE('',*,*,#2672,.F.);
#1543=ORIENTED_EDGE('',*,*,#2464,.T.);
#1544=ORIENTED_EDGE('',*,*,#2670,.F.);
#1545=ORIENTED_EDGE('',*,*,#2671,.T.);
#1546=ORIENTED_EDGE('',*,*,#2639,.T.);
#1547=ORIENTED_EDGE('',*,*,#2664,.T.);
#1548=ORIENTED_EDGE('',*,*,#2584,.F.);
#1549=ORIENTED_EDGE('',*,*,#2665,.T.);
#1550=ORIENTED_EDGE('',*,*,#2646,.T.);
#1551=ORIENTED_EDGE('',*,*,#2667,.T.);
#1552=ORIENTED_EDGE('',*,*,#2668,.T.);
#1553=ORIENTED_EDGE('',*,*,#2478,.T.);
#1554=ORIENTED_EDGE('',*,*,#2443,.F.);
#1555=ORIENTED_EDGE('',*,*,#2673,.T.);
#1556=ORIENTED_EDGE('',*,*,#2493,.T.);
#1557=ORIENTED_EDGE('',*,*,#2609,.T.);
#1558=ORIENTED_EDGE('',*,*,#2477,.F.);
#1559=ORIENTED_EDGE('',*,*,#2674,.T.);
#1560=ORIENTED_EDGE('',*,*,#2439,.T.);
#1561=ORIENTED_EDGE('',*,*,#2672,.T.);
#1562=ORIENTED_EDGE('',*,*,#2441,.T.);
#1563=ORIENTED_EDGE('',*,*,#2675,.T.);
#1564=ORIENTED_EDGE('',*,*,#2475,.T.);
#1565=ORIENTED_EDGE('',*,*,#2676,.T.);
#1566=ORIENTED_EDGE('',*,*,#2491,.F.);
#1567=ORIENTED_EDGE('',*,*,#2677,.T.);
#1568=ORIENTED_EDGE('',*,*,#2445,.T.);
#1569=ORIENTED_EDGE('',*,*,#2608,.F.);
#1570=ORIENTED_EDGE('',*,*,#2449,.F.);
#1571=ORIENTED_EDGE('',*,*,#2678,.T.);
#1572=ORIENTED_EDGE('',*,*,#2487,.T.);
#1573=ORIENTED_EDGE('',*,*,#2465,.T.);
#1574=ORIENTED_EDGE('',*,*,#2447,.T.);
#1575=ORIENTED_EDGE('',*,*,#2679,.T.);
#1576=ORIENTED_EDGE('',*,*,#2489,.T.);
#1577=ORIENTED_EDGE('',*,*,#2680,.T.);
#1578=ORIENTED_EDGE('',*,*,#2476,.F.);
#1579=ORIENTED_EDGE('',*,*,#2675,.F.);
#1580=ORIENTED_EDGE('',*,*,#2440,.F.);
#1581=ORIENTED_EDGE('',*,*,#2674,.F.);
#1582=ORIENTED_EDGE('',*,*,#2494,.F.);
#1583=ORIENTED_EDGE('',*,*,#2673,.F.);
#1584=ORIENTED_EDGE('',*,*,#2442,.F.);
#1585=ORIENTED_EDGE('',*,*,#2676,.F.);
#1586=ORIENTED_EDGE('',*,*,#2490,.F.);
#1587=ORIENTED_EDGE('',*,*,#2679,.F.);
#1588=ORIENTED_EDGE('',*,*,#2446,.F.);
#1589=ORIENTED_EDGE('',*,*,#2677,.F.);
#1590=ORIENTED_EDGE('',*,*,#2488,.F.);
#1591=ORIENTED_EDGE('',*,*,#2678,.F.);
#1592=ORIENTED_EDGE('',*,*,#2448,.F.);
#1593=ORIENTED_EDGE('',*,*,#2680,.F.);
#1594=ORIENTED_EDGE('',*,*,#2681,.T.);
#1595=ORIENTED_EDGE('',*,*,#2516,.F.);
#1596=ORIENTED_EDGE('',*,*,#2328,.F.);
#1597=ORIENTED_EDGE('',*,*,#2682,.F.);
#1598=ORIENTED_EDGE('',*,*,#2683,.T.);
#1599=ORIENTED_EDGE('',*,*,#2684,.T.);
#1600=ORIENTED_EDGE('',*,*,#2327,.F.);
#1601=ORIENTED_EDGE('',*,*,#2685,.F.);
#1602=ORIENTED_EDGE('',*,*,#2686,.T.);
#1603=ORIENTED_EDGE('',*,*,#2682,.T.);
#1604=ORIENTED_EDGE('',*,*,#2352,.F.);
#1605=ORIENTED_EDGE('',*,*,#2687,.F.);
#1606=ORIENTED_EDGE('',*,*,#2688,.T.);
#1607=ORIENTED_EDGE('',*,*,#2685,.T.);
#1608=ORIENTED_EDGE('',*,*,#2351,.F.);
#1609=ORIENTED_EDGE('',*,*,#2689,.F.);
#1610=ORIENTED_EDGE('',*,*,#2690,.T.);
#1611=ORIENTED_EDGE('',*,*,#2687,.T.);
#1612=ORIENTED_EDGE('',*,*,#2350,.F.);
#1613=ORIENTED_EDGE('',*,*,#2691,.F.);
#1614=ORIENTED_EDGE('',*,*,#2692,.T.);
#1615=ORIENTED_EDGE('',*,*,#2689,.T.);
#1616=ORIENTED_EDGE('',*,*,#2349,.F.);
#1617=ORIENTED_EDGE('',*,*,#2693,.F.);
#1618=ORIENTED_EDGE('',*,*,#2694,.T.);
#1619=ORIENTED_EDGE('',*,*,#2691,.T.);
#1620=ORIENTED_EDGE('',*,*,#2348,.F.);
#1621=ORIENTED_EDGE('',*,*,#2695,.F.);
#1622=ORIENTED_EDGE('',*,*,#2696,.T.);
#1623=ORIENTED_EDGE('',*,*,#2693,.T.);
#1624=ORIENTED_EDGE('',*,*,#2347,.F.);
#1625=ORIENTED_EDGE('',*,*,#2697,.F.);
#1626=ORIENTED_EDGE('',*,*,#2698,.T.);
#1627=ORIENTED_EDGE('',*,*,#2695,.T.);
#1628=ORIENTED_EDGE('',*,*,#2346,.F.);
#1629=ORIENTED_EDGE('',*,*,#2699,.F.);
#1630=ORIENTED_EDGE('',*,*,#2700,.T.);
#1631=ORIENTED_EDGE('',*,*,#2697,.T.);
#1632=ORIENTED_EDGE('',*,*,#2345,.F.);
#1633=ORIENTED_EDGE('',*,*,#2701,.F.);
#1634=ORIENTED_EDGE('',*,*,#2702,.T.);
#1635=ORIENTED_EDGE('',*,*,#2699,.T.);
#1636=ORIENTED_EDGE('',*,*,#2344,.F.);
#1637=ORIENTED_EDGE('',*,*,#2703,.F.);
#1638=ORIENTED_EDGE('',*,*,#2704,.T.);
#1639=ORIENTED_EDGE('',*,*,#2701,.T.);
#1640=ORIENTED_EDGE('',*,*,#2343,.F.);
#1641=ORIENTED_EDGE('',*,*,#2705,.F.);
#1642=ORIENTED_EDGE('',*,*,#2706,.T.);
#1643=ORIENTED_EDGE('',*,*,#2703,.T.);
#1644=ORIENTED_EDGE('',*,*,#2342,.F.);
#1645=ORIENTED_EDGE('',*,*,#2707,.F.);
#1646=ORIENTED_EDGE('',*,*,#2708,.T.);
#1647=ORIENTED_EDGE('',*,*,#2705,.T.);
#1648=ORIENTED_EDGE('',*,*,#2341,.F.);
#1649=ORIENTED_EDGE('',*,*,#2709,.F.);
#1650=ORIENTED_EDGE('',*,*,#2710,.T.);
#1651=ORIENTED_EDGE('',*,*,#2707,.T.);
#1652=ORIENTED_EDGE('',*,*,#2340,.F.);
#1653=ORIENTED_EDGE('',*,*,#2711,.F.);
#1654=ORIENTED_EDGE('',*,*,#2712,.T.);
#1655=ORIENTED_EDGE('',*,*,#2709,.T.);
#1656=ORIENTED_EDGE('',*,*,#2339,.F.);
#1657=ORIENTED_EDGE('',*,*,#2713,.F.);
#1658=ORIENTED_EDGE('',*,*,#2714,.T.);
#1659=ORIENTED_EDGE('',*,*,#2711,.T.);
#1660=ORIENTED_EDGE('',*,*,#2338,.F.);
#1661=ORIENTED_EDGE('',*,*,#2715,.F.);
#1662=ORIENTED_EDGE('',*,*,#2716,.T.);
#1663=ORIENTED_EDGE('',*,*,#2713,.T.);
#1664=ORIENTED_EDGE('',*,*,#2337,.F.);
#1665=ORIENTED_EDGE('',*,*,#2717,.F.);
#1666=ORIENTED_EDGE('',*,*,#2718,.T.);
#1667=ORIENTED_EDGE('',*,*,#2715,.T.);
#1668=ORIENTED_EDGE('',*,*,#2336,.F.);
#1669=ORIENTED_EDGE('',*,*,#2719,.F.);
#1670=ORIENTED_EDGE('',*,*,#2720,.T.);
#1671=ORIENTED_EDGE('',*,*,#2717,.T.);
#1672=ORIENTED_EDGE('',*,*,#2335,.F.);
#1673=ORIENTED_EDGE('',*,*,#2721,.F.);
#1674=ORIENTED_EDGE('',*,*,#2722,.T.);
#1675=ORIENTED_EDGE('',*,*,#2719,.T.);
#1676=ORIENTED_EDGE('',*,*,#2334,.F.);
#1677=ORIENTED_EDGE('',*,*,#2723,.F.);
#1678=ORIENTED_EDGE('',*,*,#2724,.T.);
#1679=ORIENTED_EDGE('',*,*,#2721,.T.);
#1680=ORIENTED_EDGE('',*,*,#2333,.F.);
#1681=ORIENTED_EDGE('',*,*,#2725,.F.);
#1682=ORIENTED_EDGE('',*,*,#2726,.T.);
#1683=ORIENTED_EDGE('',*,*,#2723,.T.);
#1684=ORIENTED_EDGE('',*,*,#2332,.F.);
#1685=ORIENTED_EDGE('',*,*,#2727,.F.);
#1686=ORIENTED_EDGE('',*,*,#2728,.T.);
#1687=ORIENTED_EDGE('',*,*,#2725,.T.);
#1688=ORIENTED_EDGE('',*,*,#2331,.F.);
#1689=ORIENTED_EDGE('',*,*,#2729,.F.);
#1690=ORIENTED_EDGE('',*,*,#2730,.T.);
#1691=ORIENTED_EDGE('',*,*,#2727,.T.);
#1692=ORIENTED_EDGE('',*,*,#2330,.F.);
#1693=ORIENTED_EDGE('',*,*,#2731,.F.);
#1694=ORIENTED_EDGE('',*,*,#2732,.T.);
#1695=ORIENTED_EDGE('',*,*,#2729,.T.);
#1696=ORIENTED_EDGE('',*,*,#2329,.F.);
#1697=ORIENTED_EDGE('',*,*,#2684,.F.);
#1698=ORIENTED_EDGE('',*,*,#2733,.T.);
#1699=ORIENTED_EDGE('',*,*,#2731,.T.);
#1700=ORIENTED_EDGE('',*,*,#2683,.F.);
#1701=ORIENTED_EDGE('',*,*,#2686,.F.);
#1702=ORIENTED_EDGE('',*,*,#2688,.F.);
#1703=ORIENTED_EDGE('',*,*,#2690,.F.);
#1704=ORIENTED_EDGE('',*,*,#2692,.F.);
#1705=ORIENTED_EDGE('',*,*,#2694,.F.);
#1706=ORIENTED_EDGE('',*,*,#2696,.F.);
#1707=ORIENTED_EDGE('',*,*,#2698,.F.);
#1708=ORIENTED_EDGE('',*,*,#2700,.F.);
#1709=ORIENTED_EDGE('',*,*,#2702,.F.);
#1710=ORIENTED_EDGE('',*,*,#2704,.F.);
#1711=ORIENTED_EDGE('',*,*,#2706,.F.);
#1712=ORIENTED_EDGE('',*,*,#2708,.F.);
#1713=ORIENTED_EDGE('',*,*,#2710,.F.);
#1714=ORIENTED_EDGE('',*,*,#2712,.F.);
#1715=ORIENTED_EDGE('',*,*,#2714,.F.);
#1716=ORIENTED_EDGE('',*,*,#2716,.F.);
#1717=ORIENTED_EDGE('',*,*,#2718,.F.);
#1718=ORIENTED_EDGE('',*,*,#2720,.F.);
#1719=ORIENTED_EDGE('',*,*,#2722,.F.);
#1720=ORIENTED_EDGE('',*,*,#2724,.F.);
#1721=ORIENTED_EDGE('',*,*,#2726,.F.);
#1722=ORIENTED_EDGE('',*,*,#2728,.F.);
#1723=ORIENTED_EDGE('',*,*,#2730,.F.);
#1724=ORIENTED_EDGE('',*,*,#2732,.F.);
#1725=ORIENTED_EDGE('',*,*,#2733,.F.);
#1726=ORIENTED_EDGE('',*,*,#2354,.F.);
#1727=ORIENTED_EDGE('',*,*,#2734,.F.);
#1728=ORIENTED_EDGE('',*,*,#2735,.T.);
#1729=ORIENTED_EDGE('',*,*,#2736,.T.);
#1730=ORIENTED_EDGE('',*,*,#2353,.F.);
#1731=ORIENTED_EDGE('',*,*,#2737,.F.);
#1732=ORIENTED_EDGE('',*,*,#2738,.T.);
#1733=ORIENTED_EDGE('',*,*,#2734,.T.);
#1734=ORIENTED_EDGE('',*,*,#2358,.F.);
#1735=ORIENTED_EDGE('',*,*,#2739,.F.);
#1736=ORIENTED_EDGE('',*,*,#2740,.T.);
#1737=ORIENTED_EDGE('',*,*,#2737,.T.);
#1738=ORIENTED_EDGE('',*,*,#2357,.F.);
#1739=ORIENTED_EDGE('',*,*,#2741,.F.);
#1740=ORIENTED_EDGE('',*,*,#2742,.T.);
#1741=ORIENTED_EDGE('',*,*,#2739,.T.);
#1742=ORIENTED_EDGE('',*,*,#2356,.F.);
#1743=ORIENTED_EDGE('',*,*,#2743,.F.);
#1744=ORIENTED_EDGE('',*,*,#2744,.T.);
#1745=ORIENTED_EDGE('',*,*,#2741,.T.);
#1746=ORIENTED_EDGE('',*,*,#2355,.F.);
#1747=ORIENTED_EDGE('',*,*,#2736,.F.);
#1748=ORIENTED_EDGE('',*,*,#2745,.T.);
#1749=ORIENTED_EDGE('',*,*,#2743,.T.);
#1750=ORIENTED_EDGE('',*,*,#2735,.F.);
#1751=ORIENTED_EDGE('',*,*,#2738,.F.);
#1752=ORIENTED_EDGE('',*,*,#2740,.F.);
#1753=ORIENTED_EDGE('',*,*,#2742,.F.);
#1754=ORIENTED_EDGE('',*,*,#2744,.F.);
#1755=ORIENTED_EDGE('',*,*,#2745,.F.);
#1756=ORIENTED_EDGE('',*,*,#2360,.F.);
#1757=ORIENTED_EDGE('',*,*,#2746,.F.);
#1758=ORIENTED_EDGE('',*,*,#2747,.T.);
#1759=ORIENTED_EDGE('',*,*,#2748,.T.);
#1760=ORIENTED_EDGE('',*,*,#2359,.F.);
#1761=ORIENTED_EDGE('',*,*,#2749,.F.);
#1762=ORIENTED_EDGE('',*,*,#2750,.T.);
#1763=ORIENTED_EDGE('',*,*,#2746,.T.);
#1764=ORIENTED_EDGE('',*,*,#2370,.F.);
#1765=ORIENTED_EDGE('',*,*,#2751,.F.);
#1766=ORIENTED_EDGE('',*,*,#2752,.T.);
#1767=ORIENTED_EDGE('',*,*,#2749,.T.);
#1768=ORIENTED_EDGE('',*,*,#2369,.F.);
#1769=ORIENTED_EDGE('',*,*,#2753,.F.);
#1770=ORIENTED_EDGE('',*,*,#2754,.T.);
#1771=ORIENTED_EDGE('',*,*,#2751,.T.);
#1772=ORIENTED_EDGE('',*,*,#2368,.F.);
#1773=ORIENTED_EDGE('',*,*,#2755,.F.);
#1774=ORIENTED_EDGE('',*,*,#2756,.T.);
#1775=ORIENTED_EDGE('',*,*,#2753,.T.);
#1776=ORIENTED_EDGE('',*,*,#2367,.F.);
#1777=ORIENTED_EDGE('',*,*,#2757,.F.);
#1778=ORIENTED_EDGE('',*,*,#2758,.T.);
#1779=ORIENTED_EDGE('',*,*,#2755,.T.);
#1780=ORIENTED_EDGE('',*,*,#2366,.F.);
#1781=ORIENTED_EDGE('',*,*,#2759,.F.);
#1782=ORIENTED_EDGE('',*,*,#2760,.T.);
#1783=ORIENTED_EDGE('',*,*,#2757,.T.);
#1784=ORIENTED_EDGE('',*,*,#2365,.F.);
#1785=ORIENTED_EDGE('',*,*,#2761,.F.);
#1786=ORIENTED_EDGE('',*,*,#2762,.T.);
#1787=ORIENTED_EDGE('',*,*,#2759,.T.);
#1788=ORIENTED_EDGE('',*,*,#2364,.F.);
#1789=ORIENTED_EDGE('',*,*,#2763,.F.);
#1790=ORIENTED_EDGE('',*,*,#2764,.T.);
#1791=ORIENTED_EDGE('',*,*,#2761,.T.);
#1792=ORIENTED_EDGE('',*,*,#2363,.F.);
#1793=ORIENTED_EDGE('',*,*,#2765,.F.);
#1794=ORIENTED_EDGE('',*,*,#2766,.T.);
#1795=ORIENTED_EDGE('',*,*,#2763,.T.);
#1796=ORIENTED_EDGE('',*,*,#2362,.F.);
#1797=ORIENTED_EDGE('',*,*,#2767,.F.);
#1798=ORIENTED_EDGE('',*,*,#2768,.T.);
#1799=ORIENTED_EDGE('',*,*,#2765,.T.);
#1800=ORIENTED_EDGE('',*,*,#2361,.F.);
#1801=ORIENTED_EDGE('',*,*,#2748,.F.);
#1802=ORIENTED_EDGE('',*,*,#2769,.T.);
#1803=ORIENTED_EDGE('',*,*,#2767,.T.);
#1804=ORIENTED_EDGE('',*,*,#2747,.F.);
#1805=ORIENTED_EDGE('',*,*,#2750,.F.);
#1806=ORIENTED_EDGE('',*,*,#2752,.F.);
#1807=ORIENTED_EDGE('',*,*,#2754,.F.);
#1808=ORIENTED_EDGE('',*,*,#2756,.F.);
#1809=ORIENTED_EDGE('',*,*,#2758,.F.);
#1810=ORIENTED_EDGE('',*,*,#2760,.F.);
#1811=ORIENTED_EDGE('',*,*,#2762,.F.);
#1812=ORIENTED_EDGE('',*,*,#2764,.F.);
#1813=ORIENTED_EDGE('',*,*,#2766,.F.);
#1814=ORIENTED_EDGE('',*,*,#2768,.F.);
#1815=ORIENTED_EDGE('',*,*,#2769,.F.);
#1816=ORIENTED_EDGE('',*,*,#2372,.F.);
#1817=ORIENTED_EDGE('',*,*,#2770,.F.);
#1818=ORIENTED_EDGE('',*,*,#2771,.T.);
#1819=ORIENTED_EDGE('',*,*,#2772,.T.);
#1820=ORIENTED_EDGE('',*,*,#2371,.F.);
#1821=ORIENTED_EDGE('',*,*,#2773,.F.);
#1822=ORIENTED_EDGE('',*,*,#2774,.T.);
#1823=ORIENTED_EDGE('',*,*,#2770,.T.);
#1824=ORIENTED_EDGE('',*,*,#2415,.F.);
#1825=ORIENTED_EDGE('',*,*,#2775,.F.);
#1826=ORIENTED_EDGE('',*,*,#2776,.T.);
#1827=ORIENTED_EDGE('',*,*,#2773,.T.);
#1828=ORIENTED_EDGE('',*,*,#2414,.F.);
#1829=ORIENTED_EDGE('',*,*,#2777,.F.);
#1830=ORIENTED_EDGE('',*,*,#2778,.T.);
#1831=ORIENTED_EDGE('',*,*,#2775,.T.);
#1832=ORIENTED_EDGE('',*,*,#2413,.F.);
#1833=ORIENTED_EDGE('',*,*,#2779,.F.);
#1834=ORIENTED_EDGE('',*,*,#2780,.T.);
#1835=ORIENTED_EDGE('',*,*,#2777,.T.);
#1836=ORIENTED_EDGE('',*,*,#2412,.F.);
#1837=ORIENTED_EDGE('',*,*,#2781,.F.);
#1838=ORIENTED_EDGE('',*,*,#2782,.T.);
#1839=ORIENTED_EDGE('',*,*,#2779,.T.);
#1840=ORIENTED_EDGE('',*,*,#2411,.F.);
#1841=ORIENTED_EDGE('',*,*,#2783,.F.);
#1842=ORIENTED_EDGE('',*,*,#2784,.T.);
#1843=ORIENTED_EDGE('',*,*,#2781,.T.);
#1844=ORIENTED_EDGE('',*,*,#2410,.F.);
#1845=ORIENTED_EDGE('',*,*,#2785,.F.);
#1846=ORIENTED_EDGE('',*,*,#2786,.T.);
#1847=ORIENTED_EDGE('',*,*,#2783,.T.);
#1848=ORIENTED_EDGE('',*,*,#2409,.F.);
#1849=ORIENTED_EDGE('',*,*,#2787,.F.);
#1850=ORIENTED_EDGE('',*,*,#2788,.T.);
#1851=ORIENTED_EDGE('',*,*,#2785,.T.);
#1852=ORIENTED_EDGE('',*,*,#2408,.F.);
#1853=ORIENTED_EDGE('',*,*,#2789,.F.);
#1854=ORIENTED_EDGE('',*,*,#2790,.T.);
#1855=ORIENTED_EDGE('',*,*,#2787,.T.);
#1856=ORIENTED_EDGE('',*,*,#2407,.F.);
#1857=ORIENTED_EDGE('',*,*,#2791,.F.);
#1858=ORIENTED_EDGE('',*,*,#2792,.T.);
#1859=ORIENTED_EDGE('',*,*,#2789,.T.);
#1860=ORIENTED_EDGE('',*,*,#2406,.F.);
#1861=ORIENTED_EDGE('',*,*,#2793,.F.);
#1862=ORIENTED_EDGE('',*,*,#2794,.T.);
#1863=ORIENTED_EDGE('',*,*,#2791,.T.);
#1864=ORIENTED_EDGE('',*,*,#2405,.F.);
#1865=ORIENTED_EDGE('',*,*,#2795,.F.);
#1866=ORIENTED_EDGE('',*,*,#2796,.T.);
#1867=ORIENTED_EDGE('',*,*,#2793,.T.);
#1868=ORIENTED_EDGE('',*,*,#2404,.F.);
#1869=ORIENTED_EDGE('',*,*,#2797,.F.);
#1870=ORIENTED_EDGE('',*,*,#2798,.T.);
#1871=ORIENTED_EDGE('',*,*,#2795,.T.);
#1872=ORIENTED_EDGE('',*,*,#2403,.F.);
#1873=ORIENTED_EDGE('',*,*,#2799,.F.);
#1874=ORIENTED_EDGE('',*,*,#2800,.T.);
#1875=ORIENTED_EDGE('',*,*,#2797,.T.);
#1876=ORIENTED_EDGE('',*,*,#2402,.F.);
#1877=ORIENTED_EDGE('',*,*,#2801,.F.);
#1878=ORIENTED_EDGE('',*,*,#2802,.T.);
#1879=ORIENTED_EDGE('',*,*,#2799,.T.);
#1880=ORIENTED_EDGE('',*,*,#2401,.F.);
#1881=ORIENTED_EDGE('',*,*,#2803,.F.);
#1882=ORIENTED_EDGE('',*,*,#2804,.T.);
#1883=ORIENTED_EDGE('',*,*,#2801,.T.);
#1884=ORIENTED_EDGE('',*,*,#2400,.F.);
#1885=ORIENTED_EDGE('',*,*,#2805,.F.);
#1886=ORIENTED_EDGE('',*,*,#2806,.T.);
#1887=ORIENTED_EDGE('',*,*,#2803,.T.);
#1888=ORIENTED_EDGE('',*,*,#2399,.F.);
#1889=ORIENTED_EDGE('',*,*,#2807,.F.);
#1890=ORIENTED_EDGE('',*,*,#2808,.T.);
#1891=ORIENTED_EDGE('',*,*,#2805,.T.);
#1892=ORIENTED_EDGE('',*,*,#2398,.F.);
#1893=ORIENTED_EDGE('',*,*,#2809,.F.);
#1894=ORIENTED_EDGE('',*,*,#2810,.T.);
#1895=ORIENTED_EDGE('',*,*,#2807,.T.);
#1896=ORIENTED_EDGE('',*,*,#2397,.F.);
#1897=ORIENTED_EDGE('',*,*,#2811,.F.);
#1898=ORIENTED_EDGE('',*,*,#2812,.T.);
#1899=ORIENTED_EDGE('',*,*,#2809,.T.);
#1900=ORIENTED_EDGE('',*,*,#2396,.F.);
#1901=ORIENTED_EDGE('',*,*,#2813,.F.);
#1902=ORIENTED_EDGE('',*,*,#2814,.T.);
#1903=ORIENTED_EDGE('',*,*,#2811,.T.);
#1904=ORIENTED_EDGE('',*,*,#2395,.F.);
#1905=ORIENTED_EDGE('',*,*,#2815,.F.);
#1906=ORIENTED_EDGE('',*,*,#2816,.T.);
#1907=ORIENTED_EDGE('',*,*,#2813,.T.);
#1908=ORIENTED_EDGE('',*,*,#2394,.F.);
#1909=ORIENTED_EDGE('',*,*,#2817,.F.);
#1910=ORIENTED_EDGE('',*,*,#2818,.T.);
#1911=ORIENTED_EDGE('',*,*,#2815,.T.);
#1912=ORIENTED_EDGE('',*,*,#2393,.F.);
#1913=ORIENTED_EDGE('',*,*,#2819,.F.);
#1914=ORIENTED_EDGE('',*,*,#2820,.T.);
#1915=ORIENTED_EDGE('',*,*,#2817,.T.);
#1916=ORIENTED_EDGE('',*,*,#2392,.F.);
#1917=ORIENTED_EDGE('',*,*,#2821,.F.);
#1918=ORIENTED_EDGE('',*,*,#2822,.T.);
#1919=ORIENTED_EDGE('',*,*,#2819,.T.);
#1920=ORIENTED_EDGE('',*,*,#2391,.F.);
#1921=ORIENTED_EDGE('',*,*,#2823,.F.);
#1922=ORIENTED_EDGE('',*,*,#2824,.T.);
#1923=ORIENTED_EDGE('',*,*,#2821,.T.);
#1924=ORIENTED_EDGE('',*,*,#2390,.F.);
#1925=ORIENTED_EDGE('',*,*,#2825,.F.);
#1926=ORIENTED_EDGE('',*,*,#2826,.T.);
#1927=ORIENTED_EDGE('',*,*,#2823,.T.);
#1928=ORIENTED_EDGE('',*,*,#2389,.F.);
#1929=ORIENTED_EDGE('',*,*,#2827,.F.);
#1930=ORIENTED_EDGE('',*,*,#2828,.T.);
#1931=ORIENTED_EDGE('',*,*,#2825,.T.);
#1932=ORIENTED_EDGE('',*,*,#2388,.F.);
#1933=ORIENTED_EDGE('',*,*,#2829,.F.);
#1934=ORIENTED_EDGE('',*,*,#2830,.T.);
#1935=ORIENTED_EDGE('',*,*,#2827,.T.);
#1936=ORIENTED_EDGE('',*,*,#2387,.F.);
#1937=ORIENTED_EDGE('',*,*,#2831,.F.);
#1938=ORIENTED_EDGE('',*,*,#2832,.T.);
#1939=ORIENTED_EDGE('',*,*,#2829,.T.);
#1940=ORIENTED_EDGE('',*,*,#2386,.F.);
#1941=ORIENTED_EDGE('',*,*,#2833,.F.);
#1942=ORIENTED_EDGE('',*,*,#2834,.T.);
#1943=ORIENTED_EDGE('',*,*,#2831,.T.);
#1944=ORIENTED_EDGE('',*,*,#2385,.F.);
#1945=ORIENTED_EDGE('',*,*,#2835,.F.);
#1946=ORIENTED_EDGE('',*,*,#2836,.T.);
#1947=ORIENTED_EDGE('',*,*,#2833,.T.);
#1948=ORIENTED_EDGE('',*,*,#2384,.F.);
#1949=ORIENTED_EDGE('',*,*,#2837,.F.);
#1950=ORIENTED_EDGE('',*,*,#2838,.T.);
#1951=ORIENTED_EDGE('',*,*,#2835,.T.);
#1952=ORIENTED_EDGE('',*,*,#2383,.F.);
#1953=ORIENTED_EDGE('',*,*,#2839,.F.);
#1954=ORIENTED_EDGE('',*,*,#2840,.T.);
#1955=ORIENTED_EDGE('',*,*,#2837,.T.);
#1956=ORIENTED_EDGE('',*,*,#2382,.F.);
#1957=ORIENTED_EDGE('',*,*,#2841,.F.);
#1958=ORIENTED_EDGE('',*,*,#2842,.T.);
#1959=ORIENTED_EDGE('',*,*,#2839,.T.);
#1960=ORIENTED_EDGE('',*,*,#2381,.F.);
#1961=ORIENTED_EDGE('',*,*,#2843,.F.);
#1962=ORIENTED_EDGE('',*,*,#2844,.T.);
#1963=ORIENTED_EDGE('',*,*,#2841,.T.);
#1964=ORIENTED_EDGE('',*,*,#2380,.F.);
#1965=ORIENTED_EDGE('',*,*,#2845,.F.);
#1966=ORIENTED_EDGE('',*,*,#2846,.T.);
#1967=ORIENTED_EDGE('',*,*,#2843,.T.);
#1968=ORIENTED_EDGE('',*,*,#2379,.F.);
#1969=ORIENTED_EDGE('',*,*,#2847,.F.);
#1970=ORIENTED_EDGE('',*,*,#2848,.T.);
#1971=ORIENTED_EDGE('',*,*,#2845,.T.);
#1972=ORIENTED_EDGE('',*,*,#2378,.F.);
#1973=ORIENTED_EDGE('',*,*,#2849,.F.);
#1974=ORIENTED_EDGE('',*,*,#2850,.T.);
#1975=ORIENTED_EDGE('',*,*,#2847,.T.);
#1976=ORIENTED_EDGE('',*,*,#2377,.F.);
#1977=ORIENTED_EDGE('',*,*,#2851,.F.);
#1978=ORIENTED_EDGE('',*,*,#2852,.T.);
#1979=ORIENTED_EDGE('',*,*,#2849,.T.);
#1980=ORIENTED_EDGE('',*,*,#2376,.F.);
#1981=ORIENTED_EDGE('',*,*,#2853,.F.);
#1982=ORIENTED_EDGE('',*,*,#2854,.T.);
#1983=ORIENTED_EDGE('',*,*,#2851,.T.);
#1984=ORIENTED_EDGE('',*,*,#2375,.F.);
#1985=ORIENTED_EDGE('',*,*,#2855,.F.);
#1986=ORIENTED_EDGE('',*,*,#2856,.T.);
#1987=ORIENTED_EDGE('',*,*,#2853,.T.);
#1988=ORIENTED_EDGE('',*,*,#2374,.F.);
#1989=ORIENTED_EDGE('',*,*,#2857,.F.);
#1990=ORIENTED_EDGE('',*,*,#2858,.T.);
#1991=ORIENTED_EDGE('',*,*,#2855,.T.);
#1992=ORIENTED_EDGE('',*,*,#2373,.F.);
#1993=ORIENTED_EDGE('',*,*,#2772,.F.);
#1994=ORIENTED_EDGE('',*,*,#2859,.T.);
#1995=ORIENTED_EDGE('',*,*,#2857,.T.);
#1996=ORIENTED_EDGE('',*,*,#2771,.F.);
#1997=ORIENTED_EDGE('',*,*,#2774,.F.);
#1998=ORIENTED_EDGE('',*,*,#2776,.F.);
#1999=ORIENTED_EDGE('',*,*,#2778,.F.);
#2000=ORIENTED_EDGE('',*,*,#2780,.F.);
#2001=ORIENTED_EDGE('',*,*,#2782,.F.);
#2002=ORIENTED_EDGE('',*,*,#2784,.F.);
#2003=ORIENTED_EDGE('',*,*,#2786,.F.);
#2004=ORIENTED_EDGE('',*,*,#2788,.F.);
#2005=ORIENTED_EDGE('',*,*,#2790,.F.);
#2006=ORIENTED_EDGE('',*,*,#2792,.F.);
#2007=ORIENTED_EDGE('',*,*,#2794,.F.);
#2008=ORIENTED_EDGE('',*,*,#2796,.F.);
#2009=ORIENTED_EDGE('',*,*,#2798,.F.);
#2010=ORIENTED_EDGE('',*,*,#2800,.F.);
#2011=ORIENTED_EDGE('',*,*,#2802,.F.);
#2012=ORIENTED_EDGE('',*,*,#2804,.F.);
#2013=ORIENTED_EDGE('',*,*,#2806,.F.);
#2014=ORIENTED_EDGE('',*,*,#2808,.F.);
#2015=ORIENTED_EDGE('',*,*,#2810,.F.);
#2016=ORIENTED_EDGE('',*,*,#2812,.F.);
#2017=ORIENTED_EDGE('',*,*,#2814,.F.);
#2018=ORIENTED_EDGE('',*,*,#2816,.F.);
#2019=ORIENTED_EDGE('',*,*,#2818,.F.);
#2020=ORIENTED_EDGE('',*,*,#2820,.F.);
#2021=ORIENTED_EDGE('',*,*,#2822,.F.);
#2022=ORIENTED_EDGE('',*,*,#2824,.F.);
#2023=ORIENTED_EDGE('',*,*,#2826,.F.);
#2024=ORIENTED_EDGE('',*,*,#2828,.F.);
#2025=ORIENTED_EDGE('',*,*,#2830,.F.);
#2026=ORIENTED_EDGE('',*,*,#2832,.F.);
#2027=ORIENTED_EDGE('',*,*,#2834,.F.);
#2028=ORIENTED_EDGE('',*,*,#2836,.F.);
#2029=ORIENTED_EDGE('',*,*,#2838,.F.);
#2030=ORIENTED_EDGE('',*,*,#2840,.F.);
#2031=ORIENTED_EDGE('',*,*,#2842,.F.);
#2032=ORIENTED_EDGE('',*,*,#2844,.F.);
#2033=ORIENTED_EDGE('',*,*,#2846,.F.);
#2034=ORIENTED_EDGE('',*,*,#2848,.F.);
#2035=ORIENTED_EDGE('',*,*,#2850,.F.);
#2036=ORIENTED_EDGE('',*,*,#2852,.F.);
#2037=ORIENTED_EDGE('',*,*,#2854,.F.);
#2038=ORIENTED_EDGE('',*,*,#2856,.F.);
#2039=ORIENTED_EDGE('',*,*,#2858,.F.);
#2040=ORIENTED_EDGE('',*,*,#2859,.F.);
#2041=ORIENTED_EDGE('',*,*,#2860,.F.);
#2042=ORIENTED_EDGE('',*,*,#2861,.F.);
#2043=ORIENTED_EDGE('',*,*,#2862,.T.);
#2044=ORIENTED_EDGE('',*,*,#2863,.T.);
#2045=ORIENTED_EDGE('',*,*,#2864,.F.);
#2046=ORIENTED_EDGE('',*,*,#2865,.F.);
#2047=ORIENTED_EDGE('',*,*,#2866,.T.);
#2048=ORIENTED_EDGE('',*,*,#2861,.T.);
#2049=ORIENTED_EDGE('',*,*,#2316,.F.);
#2050=ORIENTED_EDGE('',*,*,#2867,.F.);
#2051=ORIENTED_EDGE('',*,*,#2868,.T.);
#2052=ORIENTED_EDGE('',*,*,#2869,.T.);
#2053=ORIENTED_EDGE('',*,*,#2315,.F.);
#2054=ORIENTED_EDGE('',*,*,#2870,.F.);
#2055=ORIENTED_EDGE('',*,*,#2871,.T.);
#2056=ORIENTED_EDGE('',*,*,#2867,.T.);
#2057=ORIENTED_EDGE('',*,*,#2322,.F.);
#2058=ORIENTED_EDGE('',*,*,#2872,.F.);
#2059=ORIENTED_EDGE('',*,*,#2873,.T.);
#2060=ORIENTED_EDGE('',*,*,#2870,.T.);
#2061=ORIENTED_EDGE('',*,*,#2321,.F.);
#2062=ORIENTED_EDGE('',*,*,#2874,.F.);
#2063=ORIENTED_EDGE('',*,*,#2875,.T.);
#2064=ORIENTED_EDGE('',*,*,#2872,.T.);
#2065=ORIENTED_EDGE('',*,*,#2320,.F.);
#2066=ORIENTED_EDGE('',*,*,#2876,.F.);
#2067=ORIENTED_EDGE('',*,*,#2877,.T.);
#2068=ORIENTED_EDGE('',*,*,#2874,.T.);
#2069=ORIENTED_EDGE('',*,*,#2319,.F.);
#2070=ORIENTED_EDGE('',*,*,#2878,.F.);
#2071=ORIENTED_EDGE('',*,*,#2879,.T.);
#2072=ORIENTED_EDGE('',*,*,#2876,.T.);
#2073=ORIENTED_EDGE('',*,*,#2318,.F.);
#2074=ORIENTED_EDGE('',*,*,#2880,.F.);
#2075=ORIENTED_EDGE('',*,*,#2881,.T.);
#2076=ORIENTED_EDGE('',*,*,#2878,.T.);
#2077=ORIENTED_EDGE('',*,*,#2317,.F.);
#2078=ORIENTED_EDGE('',*,*,#2869,.F.);
#2079=ORIENTED_EDGE('',*,*,#2882,.T.);
#2080=ORIENTED_EDGE('',*,*,#2880,.T.);
#2081=ORIENTED_EDGE('',*,*,#2883,.F.);
#2082=ORIENTED_EDGE('',*,*,#2863,.F.);
#2083=ORIENTED_EDGE('',*,*,#2884,.T.);
#2084=ORIENTED_EDGE('',*,*,#2865,.T.);
#2085=ORIENTED_EDGE('',*,*,#2868,.F.);
#2086=ORIENTED_EDGE('',*,*,#2871,.F.);
#2087=ORIENTED_EDGE('',*,*,#2873,.F.);
#2088=ORIENTED_EDGE('',*,*,#2875,.F.);
#2089=ORIENTED_EDGE('',*,*,#2877,.F.);
#2090=ORIENTED_EDGE('',*,*,#2879,.F.);
#2091=ORIENTED_EDGE('',*,*,#2881,.F.);
#2092=ORIENTED_EDGE('',*,*,#2882,.F.);
#2093=ORIENTED_EDGE('',*,*,#2862,.F.);
#2094=ORIENTED_EDGE('',*,*,#2866,.F.);
#2095=ORIENTED_EDGE('',*,*,#2884,.F.);
#2096=ORIENTED_EDGE('',*,*,#2885,.F.);
#2097=ORIENTED_EDGE('',*,*,#2886,.F.);
#2098=ORIENTED_EDGE('',*,*,#2887,.T.);
#2099=ORIENTED_EDGE('',*,*,#2888,.T.);
#2100=ORIENTED_EDGE('',*,*,#2889,.F.);
#2101=ORIENTED_EDGE('',*,*,#2890,.F.);
#2102=ORIENTED_EDGE('',*,*,#2891,.T.);
#2103=ORIENTED_EDGE('',*,*,#2886,.T.);
#2104=ORIENTED_EDGE('',*,*,#2892,.F.);
#2105=ORIENTED_EDGE('',*,*,#2893,.F.);
#2106=ORIENTED_EDGE('',*,*,#2894,.T.);
#2107=ORIENTED_EDGE('',*,*,#2890,.T.);
#2108=ORIENTED_EDGE('',*,*,#2895,.F.);
#2109=ORIENTED_EDGE('',*,*,#2896,.F.);
#2110=ORIENTED_EDGE('',*,*,#2897,.T.);
#2111=ORIENTED_EDGE('',*,*,#2893,.T.);
#2112=ORIENTED_EDGE('',*,*,#2898,.F.);
#2113=ORIENTED_EDGE('',*,*,#2899,.F.);
#2114=ORIENTED_EDGE('',*,*,#2900,.T.);
#2115=ORIENTED_EDGE('',*,*,#2896,.T.);
#2116=ORIENTED_EDGE('',*,*,#2901,.F.);
#2117=ORIENTED_EDGE('',*,*,#2902,.F.);
#2118=ORIENTED_EDGE('',*,*,#2903,.T.);
#2119=ORIENTED_EDGE('',*,*,#2899,.T.);
#2120=ORIENTED_EDGE('',*,*,#2904,.F.);
#2121=ORIENTED_EDGE('',*,*,#2905,.F.);
#2122=ORIENTED_EDGE('',*,*,#2906,.T.);
#2123=ORIENTED_EDGE('',*,*,#2902,.T.);
#2124=ORIENTED_EDGE('',*,*,#2907,.F.);
#2125=ORIENTED_EDGE('',*,*,#2908,.F.);
#2126=ORIENTED_EDGE('',*,*,#2909,.T.);
#2127=ORIENTED_EDGE('',*,*,#2905,.T.);
#2128=ORIENTED_EDGE('',*,*,#2910,.F.);
#2129=ORIENTED_EDGE('',*,*,#2911,.F.);
#2130=ORIENTED_EDGE('',*,*,#2912,.T.);
#2131=ORIENTED_EDGE('',*,*,#2908,.T.);
#2132=ORIENTED_EDGE('',*,*,#2913,.F.);
#2133=ORIENTED_EDGE('',*,*,#2914,.F.);
#2134=ORIENTED_EDGE('',*,*,#2915,.T.);
#2135=ORIENTED_EDGE('',*,*,#2911,.T.);
#2136=ORIENTED_EDGE('',*,*,#2916,.F.);
#2137=ORIENTED_EDGE('',*,*,#2917,.F.);
#2138=ORIENTED_EDGE('',*,*,#2918,.T.);
#2139=ORIENTED_EDGE('',*,*,#2919,.T.);
#2140=ORIENTED_EDGE('',*,*,#2920,.F.);
#2141=ORIENTED_EDGE('',*,*,#2921,.F.);
#2142=ORIENTED_EDGE('',*,*,#2922,.T.);
#2143=ORIENTED_EDGE('',*,*,#2917,.T.);
#2144=ORIENTED_EDGE('',*,*,#2923,.F.);
#2145=ORIENTED_EDGE('',*,*,#2924,.F.);
#2146=ORIENTED_EDGE('',*,*,#2925,.T.);
#2147=ORIENTED_EDGE('',*,*,#2921,.T.);
#2148=ORIENTED_EDGE('',*,*,#2926,.F.);
#2149=ORIENTED_EDGE('',*,*,#2927,.F.);
#2150=ORIENTED_EDGE('',*,*,#2928,.T.);
#2151=ORIENTED_EDGE('',*,*,#2924,.T.);
#2152=ORIENTED_EDGE('',*,*,#2929,.F.);
#2153=ORIENTED_EDGE('',*,*,#2930,.F.);
#2154=ORIENTED_EDGE('',*,*,#2931,.T.);
#2155=ORIENTED_EDGE('',*,*,#2927,.T.);
#2156=ORIENTED_EDGE('',*,*,#2932,.F.);
#2157=ORIENTED_EDGE('',*,*,#2933,.F.);
#2158=ORIENTED_EDGE('',*,*,#2934,.T.);
#2159=ORIENTED_EDGE('',*,*,#2930,.T.);
#2160=ORIENTED_EDGE('',*,*,#2417,.F.);
#2161=ORIENTED_EDGE('',*,*,#2935,.F.);
#2162=ORIENTED_EDGE('',*,*,#2936,.T.);
#2163=ORIENTED_EDGE('',*,*,#2937,.T.);
#2164=ORIENTED_EDGE('',*,*,#2416,.F.);
#2165=ORIENTED_EDGE('',*,*,#2938,.F.);
#2166=ORIENTED_EDGE('',*,*,#2939,.T.);
#2167=ORIENTED_EDGE('',*,*,#2935,.T.);
#2168=ORIENTED_EDGE('',*,*,#2436,.F.);
#2169=ORIENTED_EDGE('',*,*,#2940,.F.);
#2170=ORIENTED_EDGE('',*,*,#2941,.T.);
#2171=ORIENTED_EDGE('',*,*,#2938,.T.);
#2172=ORIENTED_EDGE('',*,*,#2435,.F.);
#2173=ORIENTED_EDGE('',*,*,#2942,.F.);
#2174=ORIENTED_EDGE('',*,*,#2943,.T.);
#2175=ORIENTED_EDGE('',*,*,#2940,.T.);
#2176=ORIENTED_EDGE('',*,*,#2434,.F.);
#2177=ORIENTED_EDGE('',*,*,#2944,.F.);
#2178=ORIENTED_EDGE('',*,*,#2945,.T.);
#2179=ORIENTED_EDGE('',*,*,#2942,.T.);
#2180=ORIENTED_EDGE('',*,*,#2433,.F.);
#2181=ORIENTED_EDGE('',*,*,#2946,.F.);
#2182=ORIENTED_EDGE('',*,*,#2947,.T.);
#2183=ORIENTED_EDGE('',*,*,#2944,.T.);
#2184=ORIENTED_EDGE('',*,*,#2432,.F.);
#2185=ORIENTED_EDGE('',*,*,#2948,.F.);
#2186=ORIENTED_EDGE('',*,*,#2949,.T.);
#2187=ORIENTED_EDGE('',*,*,#2946,.T.);
#2188=ORIENTED_EDGE('',*,*,#2431,.F.);
#2189=ORIENTED_EDGE('',*,*,#2950,.F.);
#2190=ORIENTED_EDGE('',*,*,#2951,.T.);
#2191=ORIENTED_EDGE('',*,*,#2948,.T.);
#2192=ORIENTED_EDGE('',*,*,#2430,.F.);
#2193=ORIENTED_EDGE('',*,*,#2952,.F.);
#2194=ORIENTED_EDGE('',*,*,#2953,.T.);
#2195=ORIENTED_EDGE('',*,*,#2950,.T.);
#2196=ORIENTED_EDGE('',*,*,#2429,.F.);
#2197=ORIENTED_EDGE('',*,*,#2954,.F.);
#2198=ORIENTED_EDGE('',*,*,#2955,.T.);
#2199=ORIENTED_EDGE('',*,*,#2952,.T.);
#2200=ORIENTED_EDGE('',*,*,#2428,.F.);
#2201=ORIENTED_EDGE('',*,*,#2956,.F.);
#2202=ORIENTED_EDGE('',*,*,#2957,.T.);
#2203=ORIENTED_EDGE('',*,*,#2954,.T.);
#2204=ORIENTED_EDGE('',*,*,#2427,.F.);
#2205=ORIENTED_EDGE('',*,*,#2958,.F.);
#2206=ORIENTED_EDGE('',*,*,#2959,.T.);
#2207=ORIENTED_EDGE('',*,*,#2956,.T.);
#2208=ORIENTED_EDGE('',*,*,#2426,.F.);
#2209=ORIENTED_EDGE('',*,*,#2960,.F.);
#2210=ORIENTED_EDGE('',*,*,#2961,.T.);
#2211=ORIENTED_EDGE('',*,*,#2958,.T.);
#2212=ORIENTED_EDGE('',*,*,#2425,.F.);
#2213=ORIENTED_EDGE('',*,*,#2962,.F.);
#2214=ORIENTED_EDGE('',*,*,#2963,.T.);
#2215=ORIENTED_EDGE('',*,*,#2960,.T.);
#2216=ORIENTED_EDGE('',*,*,#2424,.F.);
#2217=ORIENTED_EDGE('',*,*,#2964,.F.);
#2218=ORIENTED_EDGE('',*,*,#2965,.T.);
#2219=ORIENTED_EDGE('',*,*,#2962,.T.);
#2220=ORIENTED_EDGE('',*,*,#2423,.F.);
#2221=ORIENTED_EDGE('',*,*,#2966,.F.);
#2222=ORIENTED_EDGE('',*,*,#2967,.T.);
#2223=ORIENTED_EDGE('',*,*,#2964,.T.);
#2224=ORIENTED_EDGE('',*,*,#2422,.F.);
#2225=ORIENTED_EDGE('',*,*,#2968,.F.);
#2226=ORIENTED_EDGE('',*,*,#2969,.T.);
#2227=ORIENTED_EDGE('',*,*,#2966,.T.);
#2228=ORIENTED_EDGE('',*,*,#2421,.F.);
#2229=ORIENTED_EDGE('',*,*,#2970,.F.);
#2230=ORIENTED_EDGE('',*,*,#2971,.T.);
#2231=ORIENTED_EDGE('',*,*,#2968,.T.);
#2232=ORIENTED_EDGE('',*,*,#2420,.F.);
#2233=ORIENTED_EDGE('',*,*,#2972,.F.);
#2234=ORIENTED_EDGE('',*,*,#2973,.T.);
#2235=ORIENTED_EDGE('',*,*,#2970,.T.);
#2236=ORIENTED_EDGE('',*,*,#2419,.F.);
#2237=ORIENTED_EDGE('',*,*,#2974,.F.);
#2238=ORIENTED_EDGE('',*,*,#2975,.T.);
#2239=ORIENTED_EDGE('',*,*,#2972,.T.);
#2240=ORIENTED_EDGE('',*,*,#2976,.F.);
#2241=ORIENTED_EDGE('',*,*,#2919,.F.);
#2242=ORIENTED_EDGE('',*,*,#2977,.T.);
#2243=ORIENTED_EDGE('',*,*,#2933,.T.);
#2244=ORIENTED_EDGE('',*,*,#2418,.F.);
#2245=ORIENTED_EDGE('',*,*,#2937,.F.);
#2246=ORIENTED_EDGE('',*,*,#2978,.T.);
#2247=ORIENTED_EDGE('',*,*,#2974,.T.);
#2248=ORIENTED_EDGE('',*,*,#2979,.F.);
#2249=ORIENTED_EDGE('',*,*,#2888,.F.);
#2250=ORIENTED_EDGE('',*,*,#2980,.T.);
#2251=ORIENTED_EDGE('',*,*,#2914,.T.);
#2252=ORIENTED_EDGE('',*,*,#2936,.F.);
#2253=ORIENTED_EDGE('',*,*,#2939,.F.);
#2254=ORIENTED_EDGE('',*,*,#2941,.F.);
#2255=ORIENTED_EDGE('',*,*,#2943,.F.);
#2256=ORIENTED_EDGE('',*,*,#2945,.F.);
#2257=ORIENTED_EDGE('',*,*,#2947,.F.);
#2258=ORIENTED_EDGE('',*,*,#2949,.F.);
#2259=ORIENTED_EDGE('',*,*,#2951,.F.);
#2260=ORIENTED_EDGE('',*,*,#2953,.F.);
#2261=ORIENTED_EDGE('',*,*,#2955,.F.);
#2262=ORIENTED_EDGE('',*,*,#2957,.F.);
#2263=ORIENTED_EDGE('',*,*,#2959,.F.);
#2264=ORIENTED_EDGE('',*,*,#2961,.F.);
#2265=ORIENTED_EDGE('',*,*,#2963,.F.);
#2266=ORIENTED_EDGE('',*,*,#2965,.F.);
#2267=ORIENTED_EDGE('',*,*,#2967,.F.);
#2268=ORIENTED_EDGE('',*,*,#2969,.F.);
#2269=ORIENTED_EDGE('',*,*,#2971,.F.);
#2270=ORIENTED_EDGE('',*,*,#2973,.F.);
#2271=ORIENTED_EDGE('',*,*,#2975,.F.);
#2272=ORIENTED_EDGE('',*,*,#2978,.F.);
#2273=ORIENTED_EDGE('',*,*,#2918,.F.);
#2274=ORIENTED_EDGE('',*,*,#2922,.F.);
#2275=ORIENTED_EDGE('',*,*,#2925,.F.);
#2276=ORIENTED_EDGE('',*,*,#2928,.F.);
#2277=ORIENTED_EDGE('',*,*,#2931,.F.);
#2278=ORIENTED_EDGE('',*,*,#2934,.F.);
#2279=ORIENTED_EDGE('',*,*,#2977,.F.);
#2280=ORIENTED_EDGE('',*,*,#2887,.F.);
#2281=ORIENTED_EDGE('',*,*,#2891,.F.);
#2282=ORIENTED_EDGE('',*,*,#2894,.F.);
#2283=ORIENTED_EDGE('',*,*,#2897,.F.);
#2284=ORIENTED_EDGE('',*,*,#2900,.F.);
#2285=ORIENTED_EDGE('',*,*,#2903,.F.);
#2286=ORIENTED_EDGE('',*,*,#2906,.F.);
#2287=ORIENTED_EDGE('',*,*,#2909,.F.);
#2288=ORIENTED_EDGE('',*,*,#2912,.F.);
#2289=ORIENTED_EDGE('',*,*,#2915,.F.);
#2290=ORIENTED_EDGE('',*,*,#2980,.F.);
#2291=ORIENTED_EDGE('',*,*,#2920,.T.);
#2292=ORIENTED_EDGE('',*,*,#2916,.T.);
#2293=ORIENTED_EDGE('',*,*,#2976,.T.);
#2294=ORIENTED_EDGE('',*,*,#2932,.T.);
#2295=ORIENTED_EDGE('',*,*,#2929,.T.);
#2296=ORIENTED_EDGE('',*,*,#2926,.T.);
#2297=ORIENTED_EDGE('',*,*,#2923,.T.);
#2298=ORIENTED_EDGE('',*,*,#2864,.T.);
#2299=ORIENTED_EDGE('',*,*,#2860,.T.);
#2300=ORIENTED_EDGE('',*,*,#2883,.T.);
#2301=ORIENTED_EDGE('',*,*,#2889,.T.);
#2302=ORIENTED_EDGE('',*,*,#2885,.T.);
#2303=ORIENTED_EDGE('',*,*,#2979,.T.);
#2304=ORIENTED_EDGE('',*,*,#2913,.T.);
#2305=ORIENTED_EDGE('',*,*,#2910,.T.);
#2306=ORIENTED_EDGE('',*,*,#2907,.T.);
#2307=ORIENTED_EDGE('',*,*,#2904,.T.);
#2308=ORIENTED_EDGE('',*,*,#2901,.T.);
#2309=ORIENTED_EDGE('',*,*,#2898,.T.);
#2310=ORIENTED_EDGE('',*,*,#2895,.T.);
#2311=ORIENTED_EDGE('',*,*,#2892,.T.);
#2312=ORIENTED_EDGE('',*,*,#2314,.F.);
#2313=ORIENTED_EDGE('',*,*,#2681,.F.);
#2314=EDGE_CURVE('',#2981,#2981,#3428,.F.);
#2315=EDGE_CURVE('',#2982,#2983,#176,.T.);
#2316=EDGE_CURVE('',#2983,#2984,#177,.T.);
#2317=EDGE_CURVE('',#2984,#2985,#178,.T.);
#2318=EDGE_CURVE('',#2985,#2986,#179,.T.);
#2319=EDGE_CURVE('',#2986,#2987,#180,.T.);
#2320=EDGE_CURVE('',#2987,#2988,#181,.T.);
#2321=EDGE_CURVE('',#2988,#2989,#182,.T.);
#2322=EDGE_CURVE('',#2989,#2982,#183,.T.);
#2323=EDGE_CURVE('',#2990,#2991,#184,.T.);
#2324=EDGE_CURVE('',#2991,#2992,#185,.T.);
#2325=EDGE_CURVE('',#2992,#2993,#186,.F.);
#2326=EDGE_CURVE('',#2993,#2990,#187,.F.);
#2327=EDGE_CURVE('',#2994,#2995,#188,.T.);
#2328=EDGE_CURVE('',#2995,#2996,#3429,.F.);
#2329=EDGE_CURVE('',#2996,#2997,#3430,.F.);
#2330=EDGE_CURVE('',#2997,#2998,#3431,.F.);
#2331=EDGE_CURVE('',#2998,#2999,#3432,.F.);
#2332=EDGE_CURVE('',#2999,#3000,#3433,.F.);
#2333=EDGE_CURVE('',#3000,#3001,#3434,.F.);
#2334=EDGE_CURVE('',#3001,#3002,#152,.T.);
#2335=EDGE_CURVE('',#3002,#3003,#3435,.F.);
#2336=EDGE_CURVE('',#3003,#3004,#3436,.F.);
#2337=EDGE_CURVE('',#3004,#3005,#3437,.F.);
#2338=EDGE_CURVE('',#3005,#3006,#3438,.F.);
#2339=EDGE_CURVE('',#3006,#3007,#3439,.F.);
#2340=EDGE_CURVE('',#3007,#3008,#189,.T.);
#2341=EDGE_CURVE('',#3008,#3009,#3440,.T.);
#2342=EDGE_CURVE('',#3009,#3010,#3441,.T.);
#2343=EDGE_CURVE('',#3010,#3011,#3442,.T.);
#2344=EDGE_CURVE('',#3011,#3012,#3443,.T.);
#2345=EDGE_CURVE('',#3012,#3013,#3444,.T.);
#2346=EDGE_CURVE('',#3013,#3014,#3445,.T.);
#2347=EDGE_CURVE('',#3014,#3015,#3446,.T.);
#2348=EDGE_CURVE('',#3015,#3016,#3447,.T.);
#2349=EDGE_CURVE('',#3016,#3017,#3448,.T.);
#2350=EDGE_CURVE('',#3017,#3018,#3449,.T.);
#2351=EDGE_CURVE('',#3018,#3019,#3450,.T.);
#2352=EDGE_CURVE('',#3019,#2994,#3451,.T.);
#2353=EDGE_CURVE('',#3020,#3021,#190,.T.);
#2354=EDGE_CURVE('',#3021,#3022,#191,.T.);
#2355=EDGE_CURVE('',#3022,#3023,#192,.T.);
#2356=EDGE_CURVE('',#3023,#3024,#193,.T.);
#2357=EDGE_CURVE('',#3024,#3025,#194,.T.);
#2358=EDGE_CURVE('',#3025,#3020,#195,.T.);
#2359=EDGE_CURVE('',#3026,#3027,#196,.T.);
#2360=EDGE_CURVE('',#3027,#3028,#197,.T.);
#2361=EDGE_CURVE('',#3028,#3029,#198,.T.);
#2362=EDGE_CURVE('',#3029,#3030,#199,.T.);
#2363=EDGE_CURVE('',#3030,#3031,#200,.T.);
#2364=EDGE_CURVE('',#3031,#3032,#201,.T.);
#2365=EDGE_CURVE('',#3032,#3033,#202,.T.);
#2366=EDGE_CURVE('',#3033,#3034,#203,.T.);
#2367=EDGE_CURVE('',#3034,#3035,#204,.T.);
#2368=EDGE_CURVE('',#3035,#3036,#205,.T.);
#2369=EDGE_CURVE('',#3036,#3037,#206,.T.);
#2370=EDGE_CURVE('',#3037,#3026,#207,.T.);
#2371=EDGE_CURVE('',#3038,#3039,#153,.T.);
#2372=EDGE_CURVE('',#3039,#3040,#3452,.F.);
#2373=EDGE_CURVE('',#3040,#3041,#3453,.F.);
#2374=EDGE_CURVE('',#3041,#3042,#3454,.F.);
#2375=EDGE_CURVE('',#3042,#3043,#3455,.F.);
#2376=EDGE_CURVE('',#3043,#3044,#3456,.F.);
#2377=EDGE_CURVE('',#3044,#3045,#3457,.F.);
#2378=EDGE_CURVE('',#3045,#3046,#3458,.F.);
#2379=EDGE_CURVE('',#3046,#3047,#3459,.F.);
#2380=EDGE_CURVE('',#3047,#3048,#208,.T.);
#2381=EDGE_CURVE('',#3048,#3049,#3460,.T.);
#2382=EDGE_CURVE('',#3049,#3050,#3461,.T.);
#2383=EDGE_CURVE('',#3050,#3051,#3462,.T.);
#2384=EDGE_CURVE('',#3051,#3052,#3463,.T.);
#2385=EDGE_CURVE('',#3052,#3053,#154,.T.);
#2386=EDGE_CURVE('',#3053,#3054,#155,.T.);
#2387=EDGE_CURVE('',#3054,#3055,#3464,.T.);
#2388=EDGE_CURVE('',#3055,#3056,#3465,.T.);
#2389=EDGE_CURVE('',#3056,#3057,#3466,.T.);
#2390=EDGE_CURVE('',#3057,#3058,#3467,.F.);
#2391=EDGE_CURVE('',#3058,#3059,#3468,.F.);
#2392=EDGE_CURVE('',#3059,#3060,#3469,.F.);
#2393=EDGE_CURVE('',#3060,#3061,#3470,.F.);
#2394=EDGE_CURVE('',#3061,#3062,#3471,.F.);
#2395=EDGE_CURVE('',#3062,#3063,#3472,.F.);
#2396=EDGE_CURVE('',#3063,#3064,#3473,.F.);
#2397=EDGE_CURVE('',#3064,#3065,#3474,.F.);
#2398=EDGE_CURVE('',#3065,#3066,#3475,.F.);
#2399=EDGE_CURVE('',#3066,#3067,#3476,.F.);
#2400=EDGE_CURVE('',#3067,#3068,#209,.T.);
#2401=EDGE_CURVE('',#3068,#3069,#210,.T.);
#2402=EDGE_CURVE('',#3069,#3070,#211,.T.);
#2403=EDGE_CURVE('',#3070,#3071,#3477,.F.);
#2404=EDGE_CURVE('',#3071,#3072,#3478,.T.);
#2405=EDGE_CURVE('',#3072,#3073,#3479,.T.);
#2406=EDGE_CURVE('',#3073,#3074,#3480,.T.);
#2407=EDGE_CURVE('',#3074,#3075,#3481,.T.);
#2408=EDGE_CURVE('',#3075,#3076,#3482,.T.);
#2409=EDGE_CURVE('',#3076,#3077,#3483,.T.);
#2410=EDGE_CURVE('',#3077,#3078,#3484,.T.);
#2411=EDGE_CURVE('',#3078,#3079,#3485,.T.);
#2412=EDGE_CURVE('',#3079,#3080,#3486,.T.);
#2413=EDGE_CURVE('',#3080,#3081,#3487,.T.);
#2414=EDGE_CURVE('',#3081,#3082,#3488,.F.);
#2415=EDGE_CURVE('',#3082,#3038,#3489,.F.);
#2416=EDGE_CURVE('',#3083,#3084,#3490,.F.);
#2417=EDGE_CURVE('',#3084,#3085,#3491,.F.);
#2418=EDGE_CURVE('',#3085,#3086,#3492,.F.);
#2419=EDGE_CURVE('',#3086,#3087,#3493,.F.);
#2420=EDGE_CURVE('',#3087,#3088,#3494,.F.);
#2421=EDGE_CURVE('',#3088,#3089,#3495,.F.);
#2422=EDGE_CURVE('',#3089,#3090,#3496,.F.);
#2423=EDGE_CURVE('',#3090,#3091,#3497,.F.);
#2424=EDGE_CURVE('',#3091,#3092,#3498,.F.);
#2425=EDGE_CURVE('',#3092,#3093,#3499,.F.);
#2426=EDGE_CURVE('',#3093,#3094,#212,.F.);
#2427=EDGE_CURVE('',#3094,#3095,#213,.T.);
#2428=EDGE_CURVE('',#3095,#3096,#214,.T.);
#2429=EDGE_CURVE('',#3096,#3097,#215,.T.);
#2430=EDGE_CURVE('',#3097,#3098,#3500,.F.);
#2431=EDGE_CURVE('',#3098,#3099,#3501,.F.);
#2432=EDGE_CURVE('',#3099,#3100,#3502,.F.);
#2433=EDGE_CURVE('',#3100,#3101,#3503,.F.);
#2434=EDGE_CURVE('',#3101,#3102,#3504,.F.);
#2435=EDGE_CURVE('',#3102,#3103,#3505,.F.);
#2436=EDGE_CURVE('',#3103,#3083,#3506,.F.);
#2437=EDGE_CURVE('',#3104,#3104,#3507,.T.);
#2438=EDGE_CURVE('',#3105,#3105,#3508,.T.);
#2439=EDGE_CURVE('',#3106,#3107,#216,.T.);
#2440=EDGE_CURVE('',#3106,#3108,#156,.T.);
#2441=EDGE_CURVE('',#3109,#3108,#217,.T.);
#2442=EDGE_CURVE('',#3109,#3110,#157,.T.);
#2443=EDGE_CURVE('',#3110,#3111,#218,.T.);
#2444=EDGE_CURVE('',#3112,#3111,#219,.T.);
#2445=EDGE_CURVE('',#3113,#3112,#220,.T.);
#2446=EDGE_CURVE('',#3113,#3114,#158,.T.);
#2447=EDGE_CURVE('',#3115,#3114,#221,.T.);
#2448=EDGE_CURVE('',#3115,#3116,#159,.T.);
#2449=EDGE_CURVE('',#3116,#3117,#222,.T.);
#2450=EDGE_CURVE('',#3118,#3117,#223,.T.);
#2451=EDGE_CURVE('',#3118,#3119,#3509,.F.);
#2452=EDGE_CURVE('',#3120,#3119,#224,.T.);
#2453=EDGE_CURVE('',#3120,#3121,#3510,.F.);
#2454=EDGE_CURVE('',#3121,#3122,#225,.T.);
#2455=EDGE_CURVE('',#3123,#3122,#226,.T.);
#2456=EDGE_CURVE('',#3123,#3124,#227,.T.);
#2457=EDGE_CURVE('',#3124,#3125,#228,.T.);
#2458=EDGE_CURVE('',#3126,#3125,#229,.T.);
#2459=EDGE_CURVE('',#3127,#3126,#230,.T.);
#2460=EDGE_CURVE('',#3128,#3127,#231,.T.);
#2461=EDGE_CURVE('',#3129,#3128,#232,.T.);
#2462=EDGE_CURVE('',#3129,#3130,#233,.T.);
#2463=EDGE_CURVE('',#3131,#3130,#234,.T.);
#2464=EDGE_CURVE('',#3107,#3131,#235,.T.);
#2465=EDGE_CURVE('',#3132,#3117,#3511,.T.);
#2466=EDGE_CURVE('',#3132,#3133,#236,.T.);
#2467=EDGE_CURVE('',#3133,#3134,#237,.T.);
#2468=EDGE_CURVE('',#3134,#3135,#238,.F.);
#2469=EDGE_CURVE('',#3135,#3118,#239,.F.);
#2470=EDGE_CURVE('',#3122,#3136,#3512,.T.);
#2471=EDGE_CURVE('',#3121,#3137,#240,.T.);
#2472=EDGE_CURVE('',#3137,#3138,#241,.T.);
#2473=EDGE_CURVE('',#3138,#3139,#242,.F.);
#2474=EDGE_CURVE('',#3136,#3139,#243,.T.);
#2475=EDGE_CURVE('',#3140,#3141,#244,.T.);
#2476=EDGE_CURVE('',#3140,#3142,#160,.T.);
#2477=EDGE_CURVE('',#3142,#3143,#245,.T.);
#2478=EDGE_CURVE('',#3144,#3143,#246,.T.);
#2479=EDGE_CURVE('',#3144,#3145,#247,.T.);
#2480=EDGE_CURVE('',#3145,#3146,#248,.T.);
#2481=EDGE_CURVE('',#3147,#3146,#249,.T.);
#2482=EDGE_CURVE('',#3147,#3148,#250,.T.);
#2483=EDGE_CURVE('',#3148,#3149,#251,.T.);
#2484=EDGE_CURVE('',#3149,#3136,#252,.T.);
#2485=EDGE_CURVE('',#3139,#2991,#3513,.F.);
#2486=EDGE_CURVE('',#2990,#3133,#3514,.F.);
#2487=EDGE_CURVE('',#3150,#3132,#253,.T.);
#2488=EDGE_CURVE('',#3150,#3151,#161,.T.);
#2489=EDGE_CURVE('',#3152,#3151,#254,.T.);
#2490=EDGE_CURVE('',#3152,#3153,#162,.T.);
#2491=EDGE_CURVE('',#3153,#3154,#255,.T.);
#2492=EDGE_CURVE('',#3155,#3154,#256,.T.);
#2493=EDGE_CURVE('',#3156,#3155,#257,.T.);
#2494=EDGE_CURVE('',#3156,#3141,#163,.T.);
#2495=EDGE_CURVE('',#3157,#3157,#3515,.T.);
#2496=EDGE_CURVE('',#3158,#3158,#3516,.T.);
#2497=EDGE_CURVE('',#3159,#3160,#258,.T.);
#2498=EDGE_CURVE('',#3160,#3161,#259,.T.);
#2499=EDGE_CURVE('',#3162,#3161,#260,.T.);
#2500=EDGE_CURVE('',#3163,#3162,#261,.T.);
#2501=EDGE_CURVE('',#3163,#3164,#262,.T.);
#2502=EDGE_CURVE('',#3164,#3165,#263,.F.);
#2503=EDGE_CURVE('',#3165,#3126,#264,.T.);
#2504=EDGE_CURVE('',#3125,#3159,#265,.T.);
#2505=EDGE_CURVE('',#3123,#3149,#3517,.T.);
#2506=EDGE_CURVE('',#3166,#3148,#266,.T.);
#2507=EDGE_CURVE('',#3166,#3167,#267,.T.);
#2508=EDGE_CURVE('',#3168,#3167,#268,.T.);
#2509=EDGE_CURVE('',#3168,#3169,#269,.T.);
#2510=EDGE_CURVE('',#3169,#3170,#270,.T.);
#2511=EDGE_CURVE('',#3170,#3124,#271,.T.);
#2512=EDGE_CURVE('',#3161,#3171,#272,.F.);
#2513=EDGE_CURVE('',#3172,#3171,#273,.T.);
#2514=EDGE_CURVE('',#3172,#3173,#274,.T.);
#2515=EDGE_CURVE('',#3173,#3162,#275,.T.);
#2516=EDGE_CURVE('',#3174,#3174,#3518,.T.);
#2517=EDGE_CURVE('',#3175,#3176,#276,.T.);
#2518=EDGE_CURVE('',#3176,#3177,#277,.T.);
#2519=EDGE_CURVE('',#3178,#3177,#278,.T.);
#2520=EDGE_CURVE('',#3178,#3179,#279,.T.);
#2521=EDGE_CURVE('',#3179,#3180,#280,.T.);
#2522=EDGE_CURVE('',#3180,#3181,#281,.T.);
#2523=EDGE_CURVE('',#3181,#3147,#282,.T.);
#2524=EDGE_CURVE('',#3182,#3146,#283,.T.);
#2525=EDGE_CURVE('',#3182,#3175,#284,.T.);
#2526=EDGE_CURVE('',#3183,#3184,#285,.T.);
#2527=EDGE_CURVE('',#3184,#3185,#286,.T.);
#2528=EDGE_CURVE('',#3186,#3185,#287,.T.);
#2529=EDGE_CURVE('',#3186,#3187,#288,.T.);
#2530=EDGE_CURVE('',#3187,#3188,#289,.T.);
#2531=EDGE_CURVE('',#3188,#3189,#290,.T.);
#2532=EDGE_CURVE('',#3189,#3129,#291,.T.);
#2533=EDGE_CURVE('',#3190,#3128,#292,.T.);
#2534=EDGE_CURVE('',#3190,#3183,#293,.F.);
#2535=EDGE_CURVE('',#3191,#3192,#294,.T.);
#2536=EDGE_CURVE('',#3192,#3193,#295,.T.);
#2537=EDGE_CURVE('',#3194,#3193,#296,.T.);
#2538=EDGE_CURVE('',#3194,#3191,#297,.T.);
#2539=EDGE_CURVE('',#3195,#3196,#298,.T.);
#2540=EDGE_CURVE('',#3196,#3197,#299,.F.);
#2541=EDGE_CURVE('',#3197,#3198,#300,.F.);
#2542=EDGE_CURVE('',#3198,#3195,#301,.T.);
#2543=EDGE_CURVE('',#3199,#3199,#3519,.F.);
#2544=EDGE_CURVE('',#3200,#3200,#3520,.T.);
#2545=EDGE_CURVE('',#3201,#3201,#3521,.T.);
#2546=EDGE_CURVE('',#3202,#3202,#3522,.T.);
#2547=EDGE_CURVE('',#3203,#3203,#3523,.T.);
#2548=EDGE_CURVE('',#3204,#3205,#3524,.F.);
#2549=EDGE_CURVE('',#3204,#3206,#302,.T.);
#2550=EDGE_CURVE('',#3207,#3206,#3525,.F.);
#2551=EDGE_CURVE('',#3207,#3208,#303,.F.);
#2552=EDGE_CURVE('',#3209,#3208,#3526,.F.);
#2553=EDGE_CURVE('',#3209,#3210,#304,.T.);
#2554=EDGE_CURVE('',#3211,#3210,#3527,.F.);
#2555=EDGE_CURVE('',#3211,#3205,#305,.T.);
#2556=EDGE_CURVE('',#3212,#3212,#3528,.T.);
#2557=EDGE_CURVE('',#3213,#3213,#3529,.T.);
#2558=EDGE_CURVE('',#3214,#3214,#3530,.T.);
#2559=EDGE_CURVE('',#3215,#3215,#3531,.T.);
#2560=EDGE_CURVE('',#3216,#3216,#3532,.T.);
#2561=EDGE_CURVE('',#3217,#3217,#3533,.T.);
#2562=EDGE_CURVE('',#3218,#3218,#3534,.T.);
#2563=EDGE_CURVE('',#3219,#3219,#3535,.T.);
#2564=EDGE_CURVE('',#3220,#3221,#306,.T.);
#2565=EDGE_CURVE('',#3220,#3222,#307,.T.);
#2566=EDGE_CURVE('',#3222,#3223,#308,.T.);
#2567=EDGE_CURVE('',#3221,#3223,#309,.T.);
#2568=EDGE_CURVE('',#3224,#3225,#310,.T.);
#2569=EDGE_CURVE('',#3224,#3220,#311,.T.);
#2570=EDGE_CURVE('',#3221,#3225,#312,.T.);
#2571=EDGE_CURVE('',#3226,#3227,#313,.T.);
#2572=EDGE_CURVE('',#3226,#3224,#314,.T.);
#2573=EDGE_CURVE('',#3225,#3227,#315,.T.);
#2574=EDGE_CURVE('',#3222,#3226,#316,.T.);
#2575=EDGE_CURVE('',#3223,#3227,#317,.T.);
#2576=EDGE_CURVE('',#3228,#3228,#3536,.T.);
#2577=EDGE_CURVE('',#3185,#3192,#318,.T.);
#2578=EDGE_CURVE('',#3191,#3229,#319,.T.);
#2579=EDGE_CURVE('',#3229,#3230,#320,.T.);
#2580=EDGE_CURVE('',#3230,#3170,#321,.T.);
#2581=EDGE_CURVE('',#3169,#3178,#322,.T.);
#2582=EDGE_CURVE('',#3177,#3231,#323,.F.);
#2583=EDGE_CURVE('',#3232,#3231,#324,.T.);
#2584=EDGE_CURVE('',#3232,#3233,#325,.T.);
#2585=EDGE_CURVE('',#3233,#3234,#326,.T.);
#2586=EDGE_CURVE('',#3234,#3186,#327,.F.);
#2587=EDGE_CURVE('',#3235,#3235,#3537,.T.);
#2588=EDGE_CURVE('',#3236,#3236,#3538,.F.);
#2589=EDGE_CURVE('',#3237,#3238,#328,.T.);
#2590=EDGE_CURVE('',#3238,#3173,#329,.T.);
#2591=EDGE_CURVE('',#3172,#3237,#330,.T.);
#2592=EDGE_CURVE('',#3237,#3239,#331,.T.);
#2593=EDGE_CURVE('',#3239,#3160,#332,.F.);
#2594=EDGE_CURVE('',#3159,#3238,#333,.T.);
#2595=EDGE_CURVE('',#3171,#3239,#334,.T.);
#2596=EDGE_CURVE('',#3240,#3240,#3539,.T.);
#2597=EDGE_CURVE('',#3241,#3241,#3540,.T.);
#2598=EDGE_CURVE('',#3242,#3242,#3541,.T.);
#2599=EDGE_CURVE('',#3243,#3243,#3542,.T.);
#2600=EDGE_CURVE('',#3244,#3224,#335,.T.);
#2601=EDGE_CURVE('',#3244,#3245,#336,.F.);
#2602=EDGE_CURVE('',#3220,#3245,#337,.T.);
#2603=EDGE_CURVE('',#3245,#3246,#338,.F.);
#2604=EDGE_CURVE('',#3222,#3246,#339,.F.);
#2605=EDGE_CURVE('',#3247,#3226,#340,.T.);
#2606=EDGE_CURVE('',#3247,#3244,#341,.F.);
#2607=EDGE_CURVE('',#3246,#3247,#342,.F.);
#2608=EDGE_CURVE('',#3154,#3112,#3543,.T.);
#2609=EDGE_CURVE('',#3155,#3111,#3544,.T.);
#2610=EDGE_CURVE('',#3119,#3248,#343,.T.);
#2611=EDGE_CURVE('',#3248,#3249,#344,.F.);
#2612=EDGE_CURVE('',#3249,#3120,#345,.F.);
#2613=EDGE_CURVE('',#3245,#3198,#31,.T.);
#2614=EDGE_CURVE('',#3195,#3244,#32,.T.);
#2615=EDGE_CURVE('',#3196,#3247,#33,.F.);
#2616=EDGE_CURVE('',#3246,#3197,#34,.T.);
#2617=EDGE_CURVE('',#3137,#3208,#3545,.T.);
#2618=EDGE_CURVE('',#3207,#3138,#3546,.T.);
#2619=EDGE_CURVE('',#3248,#3210,#3547,.T.);
#2620=EDGE_CURVE('',#3209,#3249,#3548,.T.);
#2621=EDGE_CURVE('',#2992,#3206,#3549,.T.);
#2622=EDGE_CURVE('',#3204,#2993,#3550,.T.);
#2623=EDGE_CURVE('',#3134,#3205,#3551,.T.);
#2624=EDGE_CURVE('',#3211,#3135,#3552,.T.);
#2625=EDGE_CURVE('',#3134,#2993,#3553,.T.);
#2626=EDGE_CURVE('',#2992,#3138,#3554,.T.);
#2627=EDGE_CURVE('',#3137,#3249,#3555,.T.);
#2628=EDGE_CURVE('',#3248,#3135,#3556,.T.);
#2629=EDGE_CURVE('',#3165,#3250,#346,.F.);
#2630=EDGE_CURVE('',#3250,#3127,#347,.T.);
#2631=EDGE_CURVE('',#3250,#3190,#348,.T.);
#2632=EDGE_CURVE('',#3193,#3184,#349,.T.);
#2633=EDGE_CURVE('',#3183,#3164,#350,.T.);
#2634=EDGE_CURVE('',#3163,#3194,#351,.F.);
#2635=EDGE_CURVE('',#3189,#3251,#352,.T.);
#2636=EDGE_CURVE('',#3251,#3130,#353,.T.);
#2637=EDGE_CURVE('',#3187,#3252,#354,.F.);
#2638=EDGE_CURVE('',#3253,#3252,#355,.T.);
#2639=EDGE_CURVE('',#3254,#3253,#356,.T.);
#2640=EDGE_CURVE('',#3254,#3255,#357,.T.);
#2641=EDGE_CURVE('',#3255,#3188,#358,.T.);
#2642=EDGE_CURVE('',#3256,#3145,#359,.T.);
#2643=EDGE_CURVE('',#3256,#3182,#360,.T.);
#2644=EDGE_CURVE('',#3175,#3257,#361,.T.);
#2645=EDGE_CURVE('',#3258,#3257,#362,.T.);
#2646=EDGE_CURVE('',#3259,#3258,#363,.T.);
#2647=EDGE_CURVE('',#3259,#3260,#364,.T.);
#2648=EDGE_CURVE('',#3260,#3176,#365,.F.);
#2649=EDGE_CURVE('',#3179,#3168,#366,.T.);
#2650=EDGE_CURVE('',#3167,#3180,#367,.T.);
#2651=EDGE_CURVE('',#3181,#3166,#368,.T.);
#2652=EDGE_CURVE('',#3261,#3261,#3557,.T.);
#2653=EDGE_CURVE('',#3262,#3262,#3558,.T.);
#2654=EDGE_CURVE('',#3263,#3263,#3559,.T.);
#2655=EDGE_CURVE('',#3264,#3264,#3560,.T.);
#2656=EDGE_CURVE('',#3252,#3234,#369,.T.);
#2657=EDGE_CURVE('',#3231,#3260,#370,.T.);
#2658=EDGE_CURVE('',#3257,#3256,#371,.T.);
#2659=EDGE_CURVE('',#3251,#3255,#372,.T.);
#2660=EDGE_CURVE('',#3191,#3162,#373,.F.);
#2661=EDGE_CURVE('',#3229,#3173,#374,.T.);
#2662=EDGE_CURVE('',#3230,#3238,#375,.F.);
#2663=EDGE_CURVE('',#3170,#3159,#376,.F.);
#2664=EDGE_CURVE('',#3253,#3233,#377,.T.);
#2665=EDGE_CURVE('',#3232,#3259,#378,.T.);
#2666=EDGE_CURVE('',#3265,#3256,#379,.T.);
#2667=EDGE_CURVE('',#3258,#3265,#380,.T.);
#2668=EDGE_CURVE('',#3265,#3144,#381,.T.);
#2669=EDGE_CURVE('',#3266,#3251,#382,.T.);
#2670=EDGE_CURVE('',#3266,#3131,#383,.T.);
#2671=EDGE_CURVE('',#3266,#3254,#384,.T.);
#2672=EDGE_CURVE('',#3107,#3143,#3561,.T.);
#2673=EDGE_CURVE('',#3110,#3156,#3562,.F.);
#2674=EDGE_CURVE('',#3142,#3106,#3563,.T.);
#2675=EDGE_CURVE('',#3108,#3140,#3564,.F.);
#2676=EDGE_CURVE('',#3141,#3109,#3565,.T.);
#2677=EDGE_CURVE('',#3153,#3113,#3566,.T.);
#2678=EDGE_CURVE('',#3116,#3150,#3567,.F.);
#2679=EDGE_CURVE('',#3114,#3152,#3568,.F.);
#2680=EDGE_CURVE('',#3151,#3115,#3569,.T.);
#2681=EDGE_CURVE('',#3267,#3267,#3570,.T.);
#2682=EDGE_CURVE('',#3268,#2995,#385,.T.);
#2683=EDGE_CURVE('',#3268,#3269,#3571,.F.);
#2684=EDGE_CURVE('',#3269,#2996,#386,.T.);
#2685=EDGE_CURVE('',#3270,#2994,#387,.T.);
#2686=EDGE_CURVE('',#3270,#3268,#388,.T.);
#2687=EDGE_CURVE('',#3271,#3019,#389,.T.);
#2688=EDGE_CURVE('',#3271,#3270,#3572,.T.);
#2689=EDGE_CURVE('',#3272,#3018,#390,.T.);
#2690=EDGE_CURVE('',#3272,#3271,#3573,.T.);
#2691=EDGE_CURVE('',#3273,#3017,#391,.T.);
#2692=EDGE_CURVE('',#3273,#3272,#3574,.T.);
#2693=EDGE_CURVE('',#3274,#3016,#392,.T.);
#2694=EDGE_CURVE('',#3274,#3273,#3575,.T.);
#2695=EDGE_CURVE('',#3275,#3015,#393,.T.);
#2696=EDGE_CURVE('',#3275,#3274,#3576,.T.);
#2697=EDGE_CURVE('',#3276,#3014,#394,.T.);
#2698=EDGE_CURVE('',#3276,#3275,#3577,.T.);
#2699=EDGE_CURVE('',#3277,#3013,#395,.T.);
#2700=EDGE_CURVE('',#3277,#3276,#3578,.T.);
#2701=EDGE_CURVE('',#3278,#3012,#396,.T.);
#2702=EDGE_CURVE('',#3278,#3277,#3579,.T.);
#2703=EDGE_CURVE('',#3279,#3011,#397,.T.);
#2704=EDGE_CURVE('',#3279,#3278,#3580,.T.);
#2705=EDGE_CURVE('',#3280,#3010,#398,.T.);
#2706=EDGE_CURVE('',#3280,#3279,#3581,.T.);
#2707=EDGE_CURVE('',#3281,#3009,#399,.T.);
#2708=EDGE_CURVE('',#3281,#3280,#3582,.T.);
#2709=EDGE_CURVE('',#3282,#3008,#400,.T.);
#2710=EDGE_CURVE('',#3282,#3281,#3583,.T.);
#2711=EDGE_CURVE('',#3283,#3007,#401,.T.);
#2712=EDGE_CURVE('',#3283,#3282,#402,.T.);
#2713=EDGE_CURVE('',#3284,#3006,#403,.T.);
#2714=EDGE_CURVE('',#3284,#3283,#3584,.F.);
#2715=EDGE_CURVE('',#3285,#3005,#404,.T.);
#2716=EDGE_CURVE('',#3285,#3284,#3585,.F.);
#2717=EDGE_CURVE('',#3286,#3004,#405,.T.);
#2718=EDGE_CURVE('',#3286,#3285,#3586,.F.);
#2719=EDGE_CURVE('',#3287,#3003,#406,.T.);
#2720=EDGE_CURVE('',#3287,#3286,#3587,.F.);
#2721=EDGE_CURVE('',#3288,#3002,#407,.T.);
#2722=EDGE_CURVE('',#3288,#3287,#3588,.F.);
#2723=EDGE_CURVE('',#3289,#3001,#408,.T.);
#2724=EDGE_CURVE('',#3289,#3288,#164,.T.);
#2725=EDGE_CURVE('',#3290,#3000,#409,.T.);
#2726=EDGE_CURVE('',#3290,#3289,#3589,.F.);
#2727=EDGE_CURVE('',#3291,#2999,#410,.T.);
#2728=EDGE_CURVE('',#3291,#3290,#3590,.F.);
#2729=EDGE_CURVE('',#3292,#2998,#411,.T.);
#2730=EDGE_CURVE('',#3292,#3291,#3591,.F.);
#2731=EDGE_CURVE('',#3293,#2997,#412,.T.);
#2732=EDGE_CURVE('',#3293,#3292,#3592,.F.);
#2733=EDGE_CURVE('',#3269,#3293,#3593,.F.);
#2734=EDGE_CURVE('',#3294,#3021,#413,.T.);
#2735=EDGE_CURVE('',#3294,#3295,#414,.T.);
#2736=EDGE_CURVE('',#3295,#3022,#415,.T.);
#2737=EDGE_CURVE('',#3296,#3020,#416,.T.);
#2738=EDGE_CURVE('',#3296,#3294,#417,.T.);
#2739=EDGE_CURVE('',#3297,#3025,#418,.T.);
#2740=EDGE_CURVE('',#3297,#3296,#419,.T.);
#2741=EDGE_CURVE('',#3298,#3024,#420,.T.);
#2742=EDGE_CURVE('',#3298,#3297,#421,.T.);
#2743=EDGE_CURVE('',#3299,#3023,#422,.T.);
#2744=EDGE_CURVE('',#3299,#3298,#423,.T.);
#2745=EDGE_CURVE('',#3295,#3299,#424,.T.);
#2746=EDGE_CURVE('',#3300,#3027,#425,.T.);
#2747=EDGE_CURVE('',#3300,#3301,#426,.T.);
#2748=EDGE_CURVE('',#3301,#3028,#427,.T.);
#2749=EDGE_CURVE('',#3302,#3026,#428,.T.);
#2750=EDGE_CURVE('',#3302,#3300,#429,.T.);
#2751=EDGE_CURVE('',#3303,#3037,#430,.T.);
#2752=EDGE_CURVE('',#3303,#3302,#431,.T.);
#2753=EDGE_CURVE('',#3304,#3036,#432,.T.);
#2754=EDGE_CURVE('',#3304,#3303,#433,.T.);
#2755=EDGE_CURVE('',#3305,#3035,#434,.T.);
#2756=EDGE_CURVE('',#3305,#3304,#435,.T.);
#2757=EDGE_CURVE('',#3306,#3034,#436,.T.);
#2758=EDGE_CURVE('',#3306,#3305,#437,.T.);
#2759=EDGE_CURVE('',#3307,#3033,#438,.T.);
#2760=EDGE_CURVE('',#3307,#3306,#439,.T.);
#2761=EDGE_CURVE('',#3308,#3032,#440,.T.);
#2762=EDGE_CURVE('',#3308,#3307,#441,.T.);
#2763=EDGE_CURVE('',#3309,#3031,#442,.T.);
#2764=EDGE_CURVE('',#3309,#3308,#443,.T.);
#2765=EDGE_CURVE('',#3310,#3030,#444,.T.);
#2766=EDGE_CURVE('',#3310,#3309,#445,.T.);
#2767=EDGE_CURVE('',#3311,#3029,#446,.T.);
#2768=EDGE_CURVE('',#3311,#3310,#447,.T.);
#2769=EDGE_CURVE('',#3301,#3311,#448,.T.);
#2770=EDGE_CURVE('',#3312,#3039,#449,.T.);
#2771=EDGE_CURVE('',#3312,#3313,#3594,.F.);
#2772=EDGE_CURVE('',#3313,#3040,#450,.T.);
#2773=EDGE_CURVE('',#3314,#3038,#451,.T.);
#2774=EDGE_CURVE('',#3314,#3312,#165,.T.);
#2775=EDGE_CURVE('',#3315,#3082,#452,.T.);
#2776=EDGE_CURVE('',#3315,#3314,#3595,.F.);
#2777=EDGE_CURVE('',#3316,#3081,#453,.T.);
#2778=EDGE_CURVE('',#3316,#3315,#3596,.F.);
#2779=EDGE_CURVE('',#3317,#3080,#454,.T.);
#2780=EDGE_CURVE('',#3317,#3316,#3597,.T.);
#2781=EDGE_CURVE('',#3318,#3079,#455,.T.);
#2782=EDGE_CURVE('',#3318,#3317,#3598,.T.);
#2783=EDGE_CURVE('',#3319,#3078,#456,.T.);
#2784=EDGE_CURVE('',#3319,#3318,#3599,.T.);
#2785=EDGE_CURVE('',#3320,#3077,#457,.T.);
#2786=EDGE_CURVE('',#3320,#3319,#3600,.T.);
#2787=EDGE_CURVE('',#3321,#3076,#458,.T.);
#2788=EDGE_CURVE('',#3321,#3320,#3601,.T.);
#2789=EDGE_CURVE('',#3322,#3075,#459,.T.);
#2790=EDGE_CURVE('',#3322,#3321,#3602,.T.);
#2791=EDGE_CURVE('',#3323,#3074,#460,.T.);
#2792=EDGE_CURVE('',#3323,#3322,#3603,.T.);
#2793=EDGE_CURVE('',#3324,#3073,#461,.T.);
#2794=EDGE_CURVE('',#3324,#3323,#3604,.T.);
#2795=EDGE_CURVE('',#3325,#3072,#462,.T.);
#2796=EDGE_CURVE('',#3325,#3324,#3605,.T.);
#2797=EDGE_CURVE('',#3326,#3071,#463,.T.);
#2798=EDGE_CURVE('',#3326,#3325,#3606,.T.);
#2799=EDGE_CURVE('',#3327,#3070,#464,.T.);
#2800=EDGE_CURVE('',#3327,#3326,#3607,.F.);
#2801=EDGE_CURVE('',#3328,#3069,#465,.T.);
#2802=EDGE_CURVE('',#3328,#3327,#466,.T.);
#2803=EDGE_CURVE('',#3329,#3068,#467,.T.);
#2804=EDGE_CURVE('',#3329,#3328,#468,.T.);
#2805=EDGE_CURVE('',#3330,#3067,#469,.T.);
#2806=EDGE_CURVE('',#3330,#3329,#470,.T.);
#2807=EDGE_CURVE('',#3331,#3066,#471,.T.);
#2808=EDGE_CURVE('',#3331,#3330,#3608,.F.);
#2809=EDGE_CURVE('',#3332,#3065,#472,.T.);
#2810=EDGE_CURVE('',#3332,#3331,#3609,.F.);
#2811=EDGE_CURVE('',#3333,#3064,#473,.T.);
#2812=EDGE_CURVE('',#3333,#3332,#3610,.F.);
#2813=EDGE_CURVE('',#3334,#3063,#474,.T.);
#2814=EDGE_CURVE('',#3334,#3333,#3611,.F.);
#2815=EDGE_CURVE('',#3335,#3062,#475,.T.);
#2816=EDGE_CURVE('',#3335,#3334,#3612,.F.);
#2817=EDGE_CURVE('',#3336,#3061,#476,.T.);
#2818=EDGE_CURVE('',#3336,#3335,#3613,.F.);
#2819=EDGE_CURVE('',#3337,#3060,#477,.T.);
#2820=EDGE_CURVE('',#3337,#3336,#3614,.F.);
#2821=EDGE_CURVE('',#3338,#3059,#478,.T.);
#2822=EDGE_CURVE('',#3338,#3337,#3615,.F.);
#2823=EDGE_CURVE('',#3339,#3058,#479,.T.);
#2824=EDGE_CURVE('',#3339,#3338,#3616,.F.);
#2825=EDGE_CURVE('',#3340,#3057,#480,.T.);
#2826=EDGE_CURVE('',#3340,#3339,#3617,.F.);
#2827=EDGE_CURVE('',#3341,#3056,#481,.T.);
#2828=EDGE_CURVE('',#3341,#3340,#3618,.T.);
#2829=EDGE_CURVE('',#3342,#3055,#482,.T.);
#2830=EDGE_CURVE('',#3342,#3341,#3619,.T.);
#2831=EDGE_CURVE('',#3343,#3054,#483,.T.);
#2832=EDGE_CURVE('',#3343,#3342,#3620,.T.);
#2833=EDGE_CURVE('',#3344,#3053,#484,.T.);
#2834=EDGE_CURVE('',#3344,#3343,#166,.T.);
#2835=EDGE_CURVE('',#3345,#3052,#485,.T.);
#2836=EDGE_CURVE('',#3345,#3344,#167,.T.);
#2837=EDGE_CURVE('',#3346,#3051,#486,.T.);
#2838=EDGE_CURVE('',#3346,#3345,#3621,.T.);
#2839=EDGE_CURVE('',#3347,#3050,#487,.T.);
#2840=EDGE_CURVE('',#3347,#3346,#3622,.T.);
#2841=EDGE_CURVE('',#3348,#3049,#488,.T.);
#2842=EDGE_CURVE('',#3348,#3347,#3623,.T.);
#2843=EDGE_CURVE('',#3349,#3048,#489,.T.);
#2844=EDGE_CURVE('',#3349,#3348,#3624,.T.);
#2845=EDGE_CURVE('',#3350,#3047,#490,.T.);
#2846=EDGE_CURVE('',#3350,#3349,#491,.T.);
#2847=EDGE_CURVE('',#3351,#3046,#492,.T.);
#2848=EDGE_CURVE('',#3351,#3350,#3625,.F.);
#2849=EDGE_CURVE('',#3352,#3045,#493,.T.);
#2850=EDGE_CURVE('',#3352,#3351,#3626,.F.);
#2851=EDGE_CURVE('',#3353,#3044,#494,.T.);
#2852=EDGE_CURVE('',#3353,#3352,#3627,.F.);
#2853=EDGE_CURVE('',#3354,#3043,#495,.T.);
#2854=EDGE_CURVE('',#3354,#3353,#3628,.F.);
#2855=EDGE_CURVE('',#3355,#3042,#496,.T.);
#2856=EDGE_CURVE('',#3355,#3354,#3629,.F.);
#2857=EDGE_CURVE('',#3356,#3041,#497,.T.);
#2858=EDGE_CURVE('',#3356,#3355,#3630,.F.);
#2859=EDGE_CURVE('',#3313,#3356,#3631,.F.);
#2860=EDGE_CURVE('',#3357,#3358,#498,.T.);
#2861=EDGE_CURVE('',#3359,#3357,#499,.T.);
#2862=EDGE_CURVE('',#3359,#3360,#500,.T.);
#2863=EDGE_CURVE('',#3360,#3358,#501,.T.);
#2864=EDGE_CURVE('',#3361,#3357,#502,.T.);
#2865=EDGE_CURVE('',#3362,#3361,#503,.T.);
#2866=EDGE_CURVE('',#3362,#3359,#504,.T.);
#2867=EDGE_CURVE('',#3363,#2983,#505,.T.);
#2868=EDGE_CURVE('',#3363,#3364,#506,.T.);
#2869=EDGE_CURVE('',#3364,#2984,#507,.T.);
#2870=EDGE_CURVE('',#3365,#2982,#508,.T.);
#2871=EDGE_CURVE('',#3365,#3363,#509,.T.);
#2872=EDGE_CURVE('',#3366,#2989,#510,.T.);
#2873=EDGE_CURVE('',#3366,#3365,#511,.T.);
#2874=EDGE_CURVE('',#3367,#2988,#512,.T.);
#2875=EDGE_CURVE('',#3367,#3366,#513,.T.);
#2876=EDGE_CURVE('',#3368,#2987,#514,.T.);
#2877=EDGE_CURVE('',#3368,#3367,#515,.T.);
#2878=EDGE_CURVE('',#3369,#2986,#516,.T.);
#2879=EDGE_CURVE('',#3369,#3368,#517,.T.);
#2880=EDGE_CURVE('',#3370,#2985,#518,.T.);
#2881=EDGE_CURVE('',#3370,#3369,#519,.T.);
#2882=EDGE_CURVE('',#3364,#3370,#520,.T.);
#2883=EDGE_CURVE('',#3358,#3361,#521,.T.);
#2884=EDGE_CURVE('',#3360,#3362,#522,.T.);
#2885=EDGE_CURVE('',#3371,#3372,#3632,.T.);
#2886=EDGE_CURVE('',#3373,#3371,#523,.T.);
#2887=EDGE_CURVE('',#3373,#3374,#3633,.T.);
#2888=EDGE_CURVE('',#3374,#3372,#524,.T.);
#2889=EDGE_CURVE('',#3375,#3371,#525,.T.);
#2890=EDGE_CURVE('',#3376,#3375,#526,.T.);
#2891=EDGE_CURVE('',#3376,#3373,#527,.T.);
#2892=EDGE_CURVE('',#3377,#3375,#528,.T.);
#2893=EDGE_CURVE('',#3378,#3377,#529,.T.);
#2894=EDGE_CURVE('',#3378,#3376,#530,.T.);
#2895=EDGE_CURVE('',#3379,#3377,#531,.T.);
#2896=EDGE_CURVE('',#3380,#3379,#532,.T.);
#2897=EDGE_CURVE('',#3380,#3378,#533,.T.);
#2898=EDGE_CURVE('',#3381,#3379,#3634,.T.);
#2899=EDGE_CURVE('',#3382,#3381,#534,.T.);
#2900=EDGE_CURVE('',#3382,#3380,#3635,.T.);
#2901=EDGE_CURVE('',#3383,#3381,#3636,.T.);
#2902=EDGE_CURVE('',#3384,#3383,#535,.T.);
#2903=EDGE_CURVE('',#3384,#3382,#3637,.T.);
#2904=EDGE_CURVE('',#3385,#3383,#3638,.T.);
#2905=EDGE_CURVE('',#3386,#3385,#536,.T.);
#2906=EDGE_CURVE('',#3386,#3384,#3639,.T.);
#2907=EDGE_CURVE('',#3387,#3385,#3640,.T.);
#2908=EDGE_CURVE('',#3388,#3387,#537,.T.);
#2909=EDGE_CURVE('',#3388,#3386,#3641,.T.);
#2910=EDGE_CURVE('',#3389,#3387,#168,.T.);
#2911=EDGE_CURVE('',#3390,#3389,#538,.T.);
#2912=EDGE_CURVE('',#3390,#3388,#169,.T.);
#2913=EDGE_CURVE('',#3391,#3389,#3642,.T.);
#2914=EDGE_CURVE('',#3392,#3391,#539,.T.);
#2915=EDGE_CURVE('',#3392,#3390,#3643,.T.);
#2916=EDGE_CURVE('',#3393,#3394,#170,.T.);
#2917=EDGE_CURVE('',#3395,#3393,#540,.T.);
#2918=EDGE_CURVE('',#3395,#3396,#171,.T.);
#2919=EDGE_CURVE('',#3396,#3394,#541,.T.);
#2920=EDGE_CURVE('',#3397,#3393,#542,.T.);
#2921=EDGE_CURVE('',#3398,#3397,#543,.T.);
#2922=EDGE_CURVE('',#3398,#3395,#544,.T.);
#2923=EDGE_CURVE('',#3399,#3397,#545,.T.);
#2924=EDGE_CURVE('',#3400,#3399,#546,.T.);
#2925=EDGE_CURVE('',#3400,#3398,#547,.T.);
#2926=EDGE_CURVE('',#3401,#3399,#548,.T.);
#2927=EDGE_CURVE('',#3402,#3401,#549,.T.);
#2928=EDGE_CURVE('',#3402,#3400,#550,.T.);
#2929=EDGE_CURVE('',#3403,#3401,#172,.T.);
#2930=EDGE_CURVE('',#3404,#3403,#551,.T.);
#2931=EDGE_CURVE('',#3404,#3402,#173,.T.);
#2932=EDGE_CURVE('',#3405,#3403,#3644,.T.);
#2933=EDGE_CURVE('',#3406,#3405,#552,.T.);
#2934=EDGE_CURVE('',#3406,#3404,#3645,.T.);
#2935=EDGE_CURVE('',#3407,#3084,#553,.T.);
#2936=EDGE_CURVE('',#3407,#3408,#3646,.F.);
#2937=EDGE_CURVE('',#3408,#3085,#554,.T.);
#2938=EDGE_CURVE('',#3409,#3083,#555,.T.);
#2939=EDGE_CURVE('',#3409,#3407,#3647,.F.);
#2940=EDGE_CURVE('',#3410,#3103,#556,.T.);
#2941=EDGE_CURVE('',#3410,#3409,#3648,.F.);
#2942=EDGE_CURVE('',#3411,#3102,#557,.T.);
#2943=EDGE_CURVE('',#3411,#3410,#3649,.F.);
#2944=EDGE_CURVE('',#3412,#3101,#558,.T.);
#2945=EDGE_CURVE('',#3412,#3411,#3650,.F.);
#2946=EDGE_CURVE('',#3413,#3100,#559,.T.);
#2947=EDGE_CURVE('',#3413,#3412,#3651,.F.);
#2948=EDGE_CURVE('',#3414,#3099,#560,.T.);
#2949=EDGE_CURVE('',#3414,#3413,#3652,.F.);
#2950=EDGE_CURVE('',#3415,#3098,#561,.T.);
#2951=EDGE_CURVE('',#3415,#3414,#3653,.F.);
#2952=EDGE_CURVE('',#3416,#3097,#562,.T.);
#2953=EDGE_CURVE('',#3416,#3415,#3654,.F.);
#2954=EDGE_CURVE('',#3417,#3096,#563,.T.);
#2955=EDGE_CURVE('',#3417,#3416,#564,.T.);
#2956=EDGE_CURVE('',#3418,#3095,#565,.T.);
#2957=EDGE_CURVE('',#3418,#3417,#566,.T.);
#2958=EDGE_CURVE('',#3419,#3094,#567,.T.);
#2959=EDGE_CURVE('',#3419,#3418,#568,.T.);
#2960=EDGE_CURVE('',#3420,#3093,#569,.T.);
#2961=EDGE_CURVE('',#3420,#3419,#570,.F.);
#2962=EDGE_CURVE('',#3421,#3092,#571,.T.);
#2963=EDGE_CURVE('',#3421,#3420,#3655,.F.);
#2964=EDGE_CURVE('',#3422,#3091,#572,.T.);
#2965=EDGE_CURVE('',#3422,#3421,#3656,.F.);
#2966=EDGE_CURVE('',#3423,#3090,#573,.T.);
#2967=EDGE_CURVE('',#3423,#3422,#3657,.F.);
#2968=EDGE_CURVE('',#3424,#3089,#574,.T.);
#2969=EDGE_CURVE('',#3424,#3423,#3658,.F.);
#2970=EDGE_CURVE('',#3425,#3088,#575,.T.);
#2971=EDGE_CURVE('',#3425,#3424,#3659,.F.);
#2972=EDGE_CURVE('',#3426,#3087,#576,.T.);
#2973=EDGE_CURVE('',#3426,#3425,#3660,.F.);
#2974=EDGE_CURVE('',#3427,#3086,#577,.T.);
#2975=EDGE_CURVE('',#3427,#3426,#3661,.F.);
#2976=EDGE_CURVE('',#3394,#3405,#174,.T.);
#2977=EDGE_CURVE('',#3396,#3406,#175,.T.);
#2978=EDGE_CURVE('',#3408,#3427,#3662,.F.);
#2979=EDGE_CURVE('',#3372,#3391,#3663,.T.);
#2980=EDGE_CURVE('',#3374,#3392,#3664,.T.);
#2981=VERTEX_POINT('',#6536);
#2982=VERTEX_POINT('',#6538);
#2983=VERTEX_POINT('',#6539);
#2984=VERTEX_POINT('',#6541);
#2985=VERTEX_POINT('',#6543);
#2986=VERTEX_POINT('',#6545);
#2987=VERTEX_POINT('',#6547);
#2988=VERTEX_POINT('',#6549);
#2989=VERTEX_POINT('',#6551);
#2990=VERTEX_POINT('',#6554);
#2991=VERTEX_POINT('',#6555);
#2992=VERTEX_POINT('',#6557);
#2993=VERTEX_POINT('',#6559);
#2994=VERTEX_POINT('',#6562);
#2995=VERTEX_POINT('',#6563);
#2996=VERTEX_POINT('',#6565);
#2997=VERTEX_POINT('',#6567);
#2998=VERTEX_POINT('',#6569);
#2999=VERTEX_POINT('',#6571);
#3000=VERTEX_POINT('',#6573);
#3001=VERTEX_POINT('',#6575);
#3002=VERTEX_POINT('',#6579);
#3003=VERTEX_POINT('',#6581);
#3004=VERTEX_POINT('',#6583);
#3005=VERTEX_POINT('',#6585);
#3006=VERTEX_POINT('',#6587);
#3007=VERTEX_POINT('',#6589);
#3008=VERTEX_POINT('',#6591);
#3009=VERTEX_POINT('',#6593);
#3010=VERTEX_POINT('',#6595);
#3011=VERTEX_POINT('',#6597);
#3012=VERTEX_POINT('',#6599);
#3013=VERTEX_POINT('',#6601);
#3014=VERTEX_POINT('',#6603);
#3015=VERTEX_POINT('',#6605);
#3016=VERTEX_POINT('',#6607);
#3017=VERTEX_POINT('',#6609);
#3018=VERTEX_POINT('',#6611);
#3019=VERTEX_POINT('',#6613);
#3020=VERTEX_POINT('',#6616);
#3021=VERTEX_POINT('',#6617);
#3022=VERTEX_POINT('',#6619);
#3023=VERTEX_POINT('',#6621);
#3024=VERTEX_POINT('',#6623);
#3025=VERTEX_POINT('',#6625);
#3026=VERTEX_POINT('',#6628);
#3027=VERTEX_POINT('',#6629);
#3028=VERTEX_POINT('',#6631);
#3029=VERTEX_POINT('',#6633);
#3030=VERTEX_POINT('',#6635);
#3031=VERTEX_POINT('',#6637);
#3032=VERTEX_POINT('',#6639);
#3033=VERTEX_POINT('',#6641);
#3034=VERTEX_POINT('',#6643);
#3035=VERTEX_POINT('',#6645);
#3036=VERTEX_POINT('',#6647);
#3037=VERTEX_POINT('',#6649);
#3038=VERTEX_POINT('',#6654);
#3039=VERTEX_POINT('',#6655);
#3040=VERTEX_POINT('',#6657);
#3041=VERTEX_POINT('',#6659);
#3042=VERTEX_POINT('',#6661);
#3043=VERTEX_POINT('',#6663);
#3044=VERTEX_POINT('',#6665);
#3045=VERTEX_POINT('',#6667);
#3046=VERTEX_POINT('',#6669);
#3047=VERTEX_POINT('',#6671);
#3048=VERTEX_POINT('',#6673);
#3049=VERTEX_POINT('',#6675);
#3050=VERTEX_POINT('',#6677);
#3051=VERTEX_POINT('',#6679);
#3052=VERTEX_POINT('',#6681);
#3053=VERTEX_POINT('',#6685);
#3054=VERTEX_POINT('',#6689);
#3055=VERTEX_POINT('',#6691);
#3056=VERTEX_POINT('',#6693);
#3057=VERTEX_POINT('',#6695);
#3058=VERTEX_POINT('',#6697);
#3059=VERTEX_POINT('',#6699);
#3060=VERTEX_POINT('',#6701);
#3061=VERTEX_POINT('',#6703);
#3062=VERTEX_POINT('',#6705);
#3063=VERTEX_POINT('',#6707);
#3064=VERTEX_POINT('',#6709);
#3065=VERTEX_POINT('',#6711);
#3066=VERTEX_POINT('',#6713);
#3067=VERTEX_POINT('',#6715);
#3068=VERTEX_POINT('',#6717);
#3069=VERTEX_POINT('',#6719);
#3070=VERTEX_POINT('',#6721);
#3071=VERTEX_POINT('',#6723);
#3072=VERTEX_POINT('',#6725);
#3073=VERTEX_POINT('',#6727);
#3074=VERTEX_POINT('',#6729);
#3075=VERTEX_POINT('',#6731);
#3076=VERTEX_POINT('',#6733);
#3077=VERTEX_POINT('',#6735);
#3078=VERTEX_POINT('',#6737);
#3079=VERTEX_POINT('',#6739);
#3080=VERTEX_POINT('',#6741);
#3081=VERTEX_POINT('',#6743);
#3082=VERTEX_POINT('',#6745);
#3083=VERTEX_POINT('',#6748);
#3084=VERTEX_POINT('',#6749);
#3085=VERTEX_POINT('',#6751);
#3086=VERTEX_POINT('',#6753);
#3087=VERTEX_POINT('',#6755);
#3088=VERTEX_POINT('',#6757);
#3089=VERTEX_POINT('',#6759);
#3090=VERTEX_POINT('',#6761);
#3091=VERTEX_POINT('',#6763);
#3092=VERTEX_POINT('',#6765);
#3093=VERTEX_POINT('',#6767);
#3094=VERTEX_POINT('',#6769);
#3095=VERTEX_POINT('',#6771);
#3096=VERTEX_POINT('',#6773);
#3097=VERTEX_POINT('',#6775);
#3098=VERTEX_POINT('',#6777);
#3099=VERTEX_POINT('',#6779);
#3100=VERTEX_POINT('',#6781);
#3101=VERTEX_POINT('',#6783);
#3102=VERTEX_POINT('',#6785);
#3103=VERTEX_POINT('',#6787);
#3104=VERTEX_POINT('',#6791);
#3105=VERTEX_POINT('',#6793);
#3106=VERTEX_POINT('',#6795);
#3107=VERTEX_POINT('',#6796);
#3108=VERTEX_POINT('',#6802);
#3109=VERTEX_POINT('',#6804);
#3110=VERTEX_POINT('',#6810);
#3111=VERTEX_POINT('',#6812);
#3112=VERTEX_POINT('',#6814);
#3113=VERTEX_POINT('',#6816);
#3114=VERTEX_POINT('',#6822);
#3115=VERTEX_POINT('',#6824);
#3116=VERTEX_POINT('',#6830);
#3117=VERTEX_POINT('',#6832);
#3118=VERTEX_POINT('',#6834);
#3119=VERTEX_POINT('',#6836);
#3120=VERTEX_POINT('',#6838);
#3121=VERTEX_POINT('',#6840);
#3122=VERTEX_POINT('',#6842);
#3123=VERTEX_POINT('',#6844);
#3124=VERTEX_POINT('',#6846);
#3125=VERTEX_POINT('',#6848);
#3126=VERTEX_POINT('',#6850);
#3127=VERTEX_POINT('',#6852);
#3128=VERTEX_POINT('',#6854);
#3129=VERTEX_POINT('',#6856);
#3130=VERTEX_POINT('',#6858);
#3131=VERTEX_POINT('',#6860);
#3132=VERTEX_POINT('',#6864);
#3133=VERTEX_POINT('',#6866);
#3134=VERTEX_POINT('',#6868);
#3135=VERTEX_POINT('',#6870);
#3136=VERTEX_POINT('',#6874);
#3137=VERTEX_POINT('',#6876);
#3138=VERTEX_POINT('',#6878);
#3139=VERTEX_POINT('',#6880);
#3140=VERTEX_POINT('',#6884);
#3141=VERTEX_POINT('',#6885);
#3142=VERTEX_POINT('',#6891);
#3143=VERTEX_POINT('',#6893);
#3144=VERTEX_POINT('',#6895);
#3145=VERTEX_POINT('',#6897);
#3146=VERTEX_POINT('',#6899);
#3147=VERTEX_POINT('',#6901);
#3148=VERTEX_POINT('',#6903);
#3149=VERTEX_POINT('',#6905);
#3150=VERTEX_POINT('',#6910);
#3151=VERTEX_POINT('',#6916);
#3152=VERTEX_POINT('',#6918);
#3153=VERTEX_POINT('',#6924);
#3154=VERTEX_POINT('',#6926);
#3155=VERTEX_POINT('',#6928);
#3156=VERTEX_POINT('',#6930);
#3157=VERTEX_POINT('',#6937);
#3158=VERTEX_POINT('',#6939);
#3159=VERTEX_POINT('',#6942);
#3160=VERTEX_POINT('',#6943);
#3161=VERTEX_POINT('',#6945);
#3162=VERTEX_POINT('',#6947);
#3163=VERTEX_POINT('',#6949);
#3164=VERTEX_POINT('',#6951);
#3165=VERTEX_POINT('',#6953);
#3166=VERTEX_POINT('',#6959);
#3167=VERTEX_POINT('',#6961);
#3168=VERTEX_POINT('',#6963);
#3169=VERTEX_POINT('',#6965);
#3170=VERTEX_POINT('',#6967);
#3171=VERTEX_POINT('',#6971);
#3172=VERTEX_POINT('',#6973);
#3173=VERTEX_POINT('',#6975);
#3174=VERTEX_POINT('',#6979);
#3175=VERTEX_POINT('',#6981);
#3176=VERTEX_POINT('',#6982);
#3177=VERTEX_POINT('',#6984);
#3178=VERTEX_POINT('',#6986);
#3179=VERTEX_POINT('',#6988);
#3180=VERTEX_POINT('',#6990);
#3181=VERTEX_POINT('',#6992);
#3182=VERTEX_POINT('',#6995);
#3183=VERTEX_POINT('',#6999);
#3184=VERTEX_POINT('',#7000);
#3185=VERTEX_POINT('',#7002);
#3186=VERTEX_POINT('',#7004);
#3187=VERTEX_POINT('',#7006);
#3188=VERTEX_POINT('',#7008);
#3189=VERTEX_POINT('',#7010);
#3190=VERTEX_POINT('',#7013);
#3191=VERTEX_POINT('',#7017);
#3192=VERTEX_POINT('',#7018);
#3193=VERTEX_POINT('',#7020);
#3194=VERTEX_POINT('',#7022);
#3195=VERTEX_POINT('',#7026);
#3196=VERTEX_POINT('',#7027);
#3197=VERTEX_POINT('',#7029);
#3198=VERTEX_POINT('',#7031);
#3199=VERTEX_POINT('',#7034);
#3200=VERTEX_POINT('',#7036);
#3201=VERTEX_POINT('',#7038);
#3202=VERTEX_POINT('',#7040);
#3203=VERTEX_POINT('',#7042);
#3204=VERTEX_POINT('',#7044);
#3205=VERTEX_POINT('',#7045);
#3206=VERTEX_POINT('',#7047);
#3207=VERTEX_POINT('',#7049);
#3208=VERTEX_POINT('',#7051);
#3209=VERTEX_POINT('',#7053);
#3210=VERTEX_POINT('',#7055);
#3211=VERTEX_POINT('',#7057);
#3212=VERTEX_POINT('',#7061);
#3213=VERTEX_POINT('',#7063);
#3214=VERTEX_POINT('',#7066);
#3215=VERTEX_POINT('',#7068);
#3216=VERTEX_POINT('',#7071);
#3217=VERTEX_POINT('',#7073);
#3218=VERTEX_POINT('',#7076);
#3219=VERTEX_POINT('',#7078);
#3220=VERTEX_POINT('',#7081);
#3221=VERTEX_POINT('',#7082);
#3222=VERTEX_POINT('',#7084);
#3223=VERTEX_POINT('',#7086);
#3224=VERTEX_POINT('',#7090);
#3225=VERTEX_POINT('',#7091);
#3226=VERTEX_POINT('',#7096);
#3227=VERTEX_POINT('',#7097);
#3228=VERTEX_POINT('',#7105);
#3229=VERTEX_POINT('',#7108);
#3230=VERTEX_POINT('',#7110);
#3231=VERTEX_POINT('',#7114);
#3232=VERTEX_POINT('',#7116);
#3233=VERTEX_POINT('',#7118);
#3234=VERTEX_POINT('',#7120);
#3235=VERTEX_POINT('',#7124);
#3236=VERTEX_POINT('',#7126);
#3237=VERTEX_POINT('',#7129);
#3238=VERTEX_POINT('',#7130);
#3239=VERTEX_POINT('',#7135);
#3240=VERTEX_POINT('',#7142);
#3241=VERTEX_POINT('',#7146);
#3242=VERTEX_POINT('',#7150);
#3243=VERTEX_POINT('',#7154);
#3244=VERTEX_POINT('',#7158);
#3245=VERTEX_POINT('',#7160);
#3246=VERTEX_POINT('',#7164);
#3247=VERTEX_POINT('',#7168);
#3248=VERTEX_POINT('',#7177);
#3249=VERTEX_POINT('',#7179);
#3250=VERTEX_POINT('',#7217);
#3251=VERTEX_POINT('',#7227);
#3252=VERTEX_POINT('',#7231);
#3253=VERTEX_POINT('',#7233);
#3254=VERTEX_POINT('',#7235);
#3255=VERTEX_POINT('',#7237);
#3256=VERTEX_POINT('',#7241);
#3257=VERTEX_POINT('',#7245);
#3258=VERTEX_POINT('',#7247);
#3259=VERTEX_POINT('',#7249);
#3260=VERTEX_POINT('',#7251);
#3261=VERTEX_POINT('',#7260);
#3262=VERTEX_POINT('',#7264);
#3263=VERTEX_POINT('',#7268);
#3264=VERTEX_POINT('',#7272);
#3265=VERTEX_POINT('',#7303);
#3266=VERTEX_POINT('',#7309);
#3267=VERTEX_POINT('',#7335);
#3268=VERTEX_POINT('',#7338);
#3269=VERTEX_POINT('',#7340);
#3270=VERTEX_POINT('',#7344);
#3271=VERTEX_POINT('',#7348);
#3272=VERTEX_POINT('',#7352);
#3273=VERTEX_POINT('',#7356);
#3274=VERTEX_POINT('',#7360);
#3275=VERTEX_POINT('',#7364);
#3276=VERTEX_POINT('',#7368);
#3277=VERTEX_POINT('',#7372);
#3278=VERTEX_POINT('',#7376);
#3279=VERTEX_POINT('',#7380);
#3280=VERTEX_POINT('',#7384);
#3281=VERTEX_POINT('',#7388);
#3282=VERTEX_POINT('',#7392);
#3283=VERTEX_POINT('',#7396);
#3284=VERTEX_POINT('',#7400);
#3285=VERTEX_POINT('',#7404);
#3286=VERTEX_POINT('',#7408);
#3287=VERTEX_POINT('',#7412);
#3288=VERTEX_POINT('',#7416);
#3289=VERTEX_POINT('',#7427);
#3290=VERTEX_POINT('',#7433);
#3291=VERTEX_POINT('',#7437);
#3292=VERTEX_POINT('',#7441);
#3293=VERTEX_POINT('',#7445);
#3294=VERTEX_POINT('',#7452);
#3295=VERTEX_POINT('',#7454);
#3296=VERTEX_POINT('',#7458);
#3297=VERTEX_POINT('',#7462);
#3298=VERTEX_POINT('',#7466);
#3299=VERTEX_POINT('',#7470);
#3300=VERTEX_POINT('',#7477);
#3301=VERTEX_POINT('',#7479);
#3302=VERTEX_POINT('',#7483);
#3303=VERTEX_POINT('',#7487);
#3304=VERTEX_POINT('',#7491);
#3305=VERTEX_POINT('',#7495);
#3306=VERTEX_POINT('',#7499);
#3307=VERTEX_POINT('',#7503);
#3308=VERTEX_POINT('',#7507);
#3309=VERTEX_POINT('',#7511);
#3310=VERTEX_POINT('',#7515);
#3311=VERTEX_POINT('',#7519);
#3312=VERTEX_POINT('',#7526);
#3313=VERTEX_POINT('',#7528);
#3314=VERTEX_POINT('',#7539);
#3315=VERTEX_POINT('',#7545);
#3316=VERTEX_POINT('',#7549);
#3317=VERTEX_POINT('',#7553);
#3318=VERTEX_POINT('',#7557);
#3319=VERTEX_POINT('',#7561);
#3320=VERTEX_POINT('',#7565);
#3321=VERTEX_POINT('',#7569);
#3322=VERTEX_POINT('',#7573);
#3323=VERTEX_POINT('',#7577);
#3324=VERTEX_POINT('',#7581);
#3325=VERTEX_POINT('',#7585);
#3326=VERTEX_POINT('',#7589);
#3327=VERTEX_POINT('',#7593);
#3328=VERTEX_POINT('',#7597);
#3329=VERTEX_POINT('',#7601);
#3330=VERTEX_POINT('',#7605);
#3331=VERTEX_POINT('',#7609);
#3332=VERTEX_POINT('',#7613);
#3333=VERTEX_POINT('',#7617);
#3334=VERTEX_POINT('',#7621);
#3335=VERTEX_POINT('',#7625);
#3336=VERTEX_POINT('',#7629);
#3337=VERTEX_POINT('',#7633);
#3338=VERTEX_POINT('',#7637);
#3339=VERTEX_POINT('',#7641);
#3340=VERTEX_POINT('',#7645);
#3341=VERTEX_POINT('',#7649);
#3342=VERTEX_POINT('',#7653);
#3343=VERTEX_POINT('',#7657);
#3344=VERTEX_POINT('',#7668);
#3345=VERTEX_POINT('',#7681);
#3346=VERTEX_POINT('',#7687);
#3347=VERTEX_POINT('',#7691);
#3348=VERTEX_POINT('',#7695);
#3349=VERTEX_POINT('',#7699);
#3350=VERTEX_POINT('',#7703);
#3351=VERTEX_POINT('',#7707);
#3352=VERTEX_POINT('',#7711);
#3353=VERTEX_POINT('',#7715);
#3354=VERTEX_POINT('',#7719);
#3355=VERTEX_POINT('',#7723);
#3356=VERTEX_POINT('',#7727);
#3357=VERTEX_POINT('',#7734);
#3358=VERTEX_POINT('',#7735);
#3359=VERTEX_POINT('',#7737);
#3360=VERTEX_POINT('',#7739);
#3361=VERTEX_POINT('',#7743);
#3362=VERTEX_POINT('',#7745);
#3363=VERTEX_POINT('',#7749);
#3364=VERTEX_POINT('',#7751);
#3365=VERTEX_POINT('',#7755);
#3366=VERTEX_POINT('',#7759);
#3367=VERTEX_POINT('',#7763);
#3368=VERTEX_POINT('',#7767);
#3369=VERTEX_POINT('',#7771);
#3370=VERTEX_POINT('',#7775);
#3371=VERTEX_POINT('',#7785);
#3372=VERTEX_POINT('',#7786);
#3373=VERTEX_POINT('',#7788);
#3374=VERTEX_POINT('',#7790);
#3375=VERTEX_POINT('',#7794);
#3376=VERTEX_POINT('',#7796);
#3377=VERTEX_POINT('',#7800);
#3378=VERTEX_POINT('',#7802);
#3379=VERTEX_POINT('',#7806);
#3380=VERTEX_POINT('',#7808);
#3381=VERTEX_POINT('',#7812);
#3382=VERTEX_POINT('',#7814);
#3383=VERTEX_POINT('',#7818);
#3384=VERTEX_POINT('',#7820);
#3385=VERTEX_POINT('',#7824);
#3386=VERTEX_POINT('',#7826);
#3387=VERTEX_POINT('',#7830);
#3388=VERTEX_POINT('',#7832);
#3389=VERTEX_POINT('',#7845);
#3390=VERTEX_POINT('',#7847);
#3391=VERTEX_POINT('',#7853);
#3392=VERTEX_POINT('',#7855);
#3393=VERTEX_POINT('',#7868);
#3394=VERTEX_POINT('',#7869);
#3395=VERTEX_POINT('',#7871);
#3396=VERTEX_POINT('',#7875);
#3397=VERTEX_POINT('',#7879);
#3398=VERTEX_POINT('',#7881);
#3399=VERTEX_POINT('',#7885);
#3400=VERTEX_POINT('',#7887);
#3401=VERTEX_POINT('',#7891);
#3402=VERTEX_POINT('',#7893);
#3403=VERTEX_POINT('',#7906);
#3404=VERTEX_POINT('',#7908);
#3405=VERTEX_POINT('',#7914);
#3406=VERTEX_POINT('',#7916);
#3407=VERTEX_POINT('',#7920);
#3408=VERTEX_POINT('',#7922);
#3409=VERTEX_POINT('',#7926);
#3410=VERTEX_POINT('',#7930);
#3411=VERTEX_POINT('',#7934);
#3412=VERTEX_POINT('',#7938);
#3413=VERTEX_POINT('',#7942);
#3414=VERTEX_POINT('',#7946);
#3415=VERTEX_POINT('',#7950);
#3416=VERTEX_POINT('',#7954);
#3417=VERTEX_POINT('',#7958);
#3418=VERTEX_POINT('',#7962);
#3419=VERTEX_POINT('',#7966);
#3420=VERTEX_POINT('',#7970);
#3421=VERTEX_POINT('',#7974);
#3422=VERTEX_POINT('',#7978);
#3423=VERTEX_POINT('',#7982);
#3424=VERTEX_POINT('',#7986);
#3425=VERTEX_POINT('',#7990);
#3426=VERTEX_POINT('',#7994);
#3427=VERTEX_POINT('',#7998);
#3428=CIRCLE('',#4663,0.0025);
#3429=CIRCLE('',#4664,0.000913538037389866);
#3430=CIRCLE('',#4665,0.00104189618478927);
#3431=CIRCLE('',#4666,0.00102140410828227);
#3432=CIRCLE('',#4667,0.000916290730730713);
#3433=CIRCLE('',#4668,0.00113119302923454);
#3434=CIRCLE('',#4669,0.00176560308399492);
#3435=CIRCLE('',#4670,0.00113267418958186);
#3436=CIRCLE('',#4671,0.000929967251333709);
#3437=CIRCLE('',#4672,0.00100694767281117);
#3438=CIRCLE('',#4673,0.00104189618478797);
#3439=CIRCLE('',#4674,0.000913538037389344);
#3440=CIRCLE('',#4675,0.00051524017319531);
#3441=CIRCLE('',#4676,0.000538749890945062);
#3442=CIRCLE('',#4677,0.000609436230654171);
#3443=CIRCLE('',#4678,0.000509853950551606);
#3444=CIRCLE('',#4679,0.000834070629594513);
#3445=CIRCLE('',#4680,0.0017486556623554);
#3446=CIRCLE('',#4681,0.0017715559142231);
#3447=CIRCLE('',#4682,0.000850870986498424);
#3448=CIRCLE('',#4683,0.000540469092890825);
#3449=CIRCLE('',#4684,0.000527992191987196);
#3450=CIRCLE('',#4685,0.000588750421701825);
#3451=CIRCLE('',#4686,0.000534560232702094);
#3452=CIRCLE('',#4687,0.000642389307131432);
#3453=CIRCLE('',#4688,0.000681330936479503);
#3454=CIRCLE('',#4689,0.000751576611390559);
#3455=CIRCLE('',#4690,0.000929779090776904);
#3456=CIRCLE('',#4691,0.00172559526587781);
#3457=CIRCLE('',#4692,0.00135355732794323);
#3458=CIRCLE('',#4693,0.000893260976396194);
#3459=CIRCLE('',#4694,0.000553227053751845);
#3460=CIRCLE('',#4695,0.000728019528136164);
#3461=CIRCLE('',#4696,0.00257029543607087);
#3462=CIRCLE('',#4697,0.00153995530464049);
#3463=CIRCLE('',#4698,0.000852444079793029);
#3464=CIRCLE('',#4699,0.000271985683911988);
#3465=CIRCLE('',#4700,0.00083040497999913);
#3466=CIRCLE('',#4701,0.00478653260267523);
#3467=CIRCLE('',#4702,0.00153347548485646);
#3468=CIRCLE('',#4703,0.000804418675639268);
#3469=CIRCLE('',#4704,0.000556784703680485);
#3470=CIRCLE('',#4705,0.000677662542278753);
#3471=CIRCLE('',#4706,0.000655272006544325);
#3472=CIRCLE('',#4707,0.000717880128236214);
#3473=CIRCLE('',#4708,0.000873984982483014);
#3474=CIRCLE('',#4709,0.00176048920986335);
#3475=CIRCLE('',#4710,0.000698539231612855);
#3476=CIRCLE('',#4711,0.00290297020319987);
#3477=CIRCLE('',#4712,0.000434844993674967);
#3478=CIRCLE('',#4713,0.000354182895507645);
#3479=CIRCLE('',#4714,0.000518500392067896);
#3480=CIRCLE('',#4715,0.00123336116207759);
#3481=CIRCLE('',#4716,0.000351285520653621);
#3482=CIRCLE('',#4717,0.000440905398441731);
#3483=CIRCLE('',#4718,0.00036153647452949);
#3484=CIRCLE('',#4719,0.000272588778348332);
#3485=CIRCLE('',#4720,0.000304365115110965);
#3486=CIRCLE('',#4721,0.000764282002698051);
#3487=CIRCLE('',#4722,0.00314333865690742);
#3488=CIRCLE('',#4723,0.00132972335957286);
#3489=CIRCLE('',#4724,0.000724340528977419);
#3490=CIRCLE('',#4725,0.000395592935210445);
#3491=CIRCLE('',#4726,0.000579759454742136);
#3492=CIRCLE('',#4727,0.000582670716961538);
#3493=CIRCLE('',#4728,0.000628453658226693);
#3494=CIRCLE('',#4729,0.00056130518773795);
#3495=CIRCLE('',#4730,0.000753208318405043);
#3496=CIRCLE('',#4731,0.000649897081531433);
#3497=CIRCLE('',#4732,0.000615310922462422);
#3498=CIRCLE('',#4733,0.000951027734191608);
#3499=CIRCLE('',#4734,0.000780323235690786);
#3500=CIRCLE('',#4735,0.00126372346072098);
#3501=CIRCLE('',#4736,0.000776052377628931);
#3502=CIRCLE('',#4737,0.000580440376994091);
#3503=CIRCLE('',#4738,0.000663441987274743);
#3504=CIRCLE('',#4739,0.000517025588069747);
#3505=CIRCLE('',#4740,0.000584704602615293);
#3506=CIRCLE('',#4741,0.000473663479972919);
#3507=CIRCLE('',#4743,0.001525);
#3508=CIRCLE('',#4744,0.001525);
#3509=CIRCLE('',#4745,0.003);
#3510=CIRCLE('',#4746,0.003);
#3511=CIRCLE('',#4748,0.019775);
#3512=CIRCLE('',#4750,0.006);
#3513=CIRCLE('',#4752,0.003);
#3514=CIRCLE('',#4753,0.003);
#3515=CIRCLE('',#4754,0.001525);
#3516=CIRCLE('',#4755,0.001525);
#3517=CIRCLE('',#4758,0.006);
#3518=CIRCLE('',#4761,0.0015);
#3519=CIRCLE('',#4765,0.01345);
#3520=CIRCLE('',#4766,0.003);
#3521=CIRCLE('',#4767,0.003);
#3522=CIRCLE('',#4768,0.003);
#3523=CIRCLE('',#4769,0.003);
#3524=CIRCLE('',#4770,0.002);
#3525=CIRCLE('',#4771,0.002);
#3526=CIRCLE('',#4772,0.002);
#3527=CIRCLE('',#4773,0.002);
#3528=CIRCLE('',#4775,0.0016);
#3529=CIRCLE('',#4776,0.0016);
#3530=CIRCLE('',#4778,0.0016);
#3531=CIRCLE('',#4779,0.0016);
#3532=CIRCLE('',#4781,0.0016);
#3533=CIRCLE('',#4782,0.0016);
#3534=CIRCLE('',#4784,0.0016);
#3535=CIRCLE('',#4785,0.0016);
#3536=CIRCLE('',#4791,0.01345);
#3537=CIRCLE('',#4793,0.01245);
#3538=CIRCLE('',#4794,0.01245);
#3539=CIRCLE('',#4799,0.003);
#3540=CIRCLE('',#4802,0.003);
#3541=CIRCLE('',#4805,0.003);
#3542=CIRCLE('',#4808,0.003);
#3543=CIRCLE('',#4815,0.016775);
#3544=CIRCLE('',#4816,0.0137);
#3545=CIRCLE('',#4829,0.001);
#3546=CIRCLE('',#4830,0.001);
#3547=CIRCLE('',#4832,0.001);
#3548=CIRCLE('',#4833,0.001);
#3549=CIRCLE('',#4835,0.001);
#3550=CIRCLE('',#4836,0.001);
#3551=CIRCLE('',#4838,0.001);
#3552=CIRCLE('',#4839,0.001);
#3553=CIRCLE('',#4841,0.003);
#3554=CIRCLE('',#4844,0.003);
#3555=CIRCLE('',#4847,0.003);
#3556=CIRCLE('',#4850,0.003);
#3557=CIRCLE('',#4862,0.001525);
#3558=CIRCLE('',#4865,0.001525);
#3559=CIRCLE('',#4868,0.001525);
#3560=CIRCLE('',#4871,0.001525);
#3561=CIRCLE('',#4895,0.0107);
#3562=CIRCLE('',#4897,0.0137);
#3563=CIRCLE('',#4899,0.0107);
#3564=CIRCLE('',#4901,0.0117);
#3565=CIRCLE('',#4902,0.0127);
#3566=CIRCLE('',#4904,0.016775);
#3567=CIRCLE('',#4906,0.019775);
#3568=CIRCLE('',#4908,0.017775);
#3569=CIRCLE('',#4909,0.018775);
#3570=CIRCLE('',#4915,0.0015);
#3571=CIRCLE('',#4917,0.000913538037389866);
#3572=CIRCLE('',#4920,0.000534560232702094);
#3573=CIRCLE('',#4922,0.000588750421701825);
#3574=CIRCLE('',#4924,0.000527992191987196);
#3575=CIRCLE('',#4926,0.000540469092890825);
#3576=CIRCLE('',#4928,0.000850870986498424);
#3577=CIRCLE('',#4930,0.0017715559142231);
#3578=CIRCLE('',#4932,0.0017486556623554);
#3579=CIRCLE('',#4934,0.000834070629594513);
#3580=CIRCLE('',#4936,0.000509853950551606);
#3581=CIRCLE('',#4938,0.000609436230654171);
#3582=CIRCLE('',#4940,0.000538749890945062);
#3583=CIRCLE('',#4942,0.00051524017319531);
#3584=CIRCLE('',#4945,0.000913538037389344);
#3585=CIRCLE('',#4947,0.00104189618478797);
#3586=CIRCLE('',#4949,0.00100694767281117);
#3587=CIRCLE('',#4951,0.000929967251333709);
#3588=CIRCLE('',#4953,0.00113267418958186);
#3589=CIRCLE('',#4955,0.00176560308399492);
#3590=CIRCLE('',#4957,0.00113119302923454);
#3591=CIRCLE('',#4959,0.000916290730730713);
#3592=CIRCLE('',#4961,0.00102140410828227);
#3593=CIRCLE('',#4963,0.00104189618478927);
#3594=CIRCLE('',#4986,0.000642389307131432);
#3595=CIRCLE('',#4988,0.000724340528977419);
#3596=CIRCLE('',#4990,0.00132972335957286);
#3597=CIRCLE('',#4992,0.00314333865690742);
#3598=CIRCLE('',#4994,0.000764282002698051);
#3599=CIRCLE('',#4996,0.000304365115110965);
#3600=CIRCLE('',#4998,0.000272588778348332);
#3601=CIRCLE('',#5000,0.00036153647452949);
#3602=CIRCLE('',#5002,0.000440905398441731);
#3603=CIRCLE('',#5004,0.000351285520653621);
#3604=CIRCLE('',#5006,0.00123336116207759);
#3605=CIRCLE('',#5008,0.000518500392067896);
#3606=CIRCLE('',#5010,0.000354182895507645);
#3607=CIRCLE('',#5012,0.000434844993674967);
#3608=CIRCLE('',#5017,0.00290297020319987);
#3609=CIRCLE('',#5019,0.000698539231612855);
#3610=CIRCLE('',#5021,0.00176048920986335);
#3611=CIRCLE('',#5023,0.000873984982483014);
#3612=CIRCLE('',#5025,0.000717880128236214);
#3613=CIRCLE('',#5027,0.000655272006544325);
#3614=CIRCLE('',#5029,0.000677662542278753);
#3615=CIRCLE('',#5031,0.000556784703680485);
#3616=CIRCLE('',#5033,0.000804418675639268);
#3617=CIRCLE('',#5035,0.00153347548485646);
#3618=CIRCLE('',#5037,0.00478653260267523);
#3619=CIRCLE('',#5039,0.00083040497999913);
#3620=CIRCLE('',#5041,0.000271985683911988);
#3621=CIRCLE('',#5043,0.000852444079793029);
#3622=CIRCLE('',#5045,0.00153995530464049);
#3623=CIRCLE('',#5047,0.00257029543607087);
#3624=CIRCLE('',#5049,0.000728019528136164);
#3625=CIRCLE('',#5052,0.000553227053751845);
#3626=CIRCLE('',#5054,0.000893260976396194);
#3627=CIRCLE('',#5056,0.00135355732794323);
#3628=CIRCLE('',#5058,0.00172559526587781);
#3629=CIRCLE('',#5060,0.000929779090776904);
#3630=CIRCLE('',#5062,0.000751576611390559);
#3631=CIRCLE('',#5064,0.000681330936479503);
#3632=CIRCLE('',#5079,0.00363215689639362);
#3633=CIRCLE('',#5080,0.00363215689639362);
#3634=CIRCLE('',#5085,0.000774909262133231);
#3635=CIRCLE('',#5086,0.000774909262133231);
#3636=CIRCLE('',#5088,0.000363584460348187);
#3637=CIRCLE('',#5089,0.000363584460348187);
#3638=CIRCLE('',#5091,0.00027399319877931);
#3639=CIRCLE('',#5092,0.00027399319877931);
#3640=CIRCLE('',#5094,0.000506649794633338);
#3641=CIRCLE('',#5095,0.000506649794633338);
#3642=CIRCLE('',#5097,0.000254259473550576);
#3643=CIRCLE('',#5098,0.000254259473550576);
#3644=CIRCLE('',#5103,0.000460399864489607);
#3645=CIRCLE('',#5104,0.000460399864489607);
#3646=CIRCLE('',#5106,0.000579759454742136);
#3647=CIRCLE('',#5108,0.000395592935210445);
#3648=CIRCLE('',#5110,0.000473663479972919);
#3649=CIRCLE('',#5112,0.000584704602615293);
#3650=CIRCLE('',#5114,0.000517025588069747);
#3651=CIRCLE('',#5116,0.000663441987274743);
#3652=CIRCLE('',#5118,0.000580440376994091);
#3653=CIRCLE('',#5120,0.000776052377628931);
#3654=CIRCLE('',#5122,0.00126372346072098);
#3655=CIRCLE('',#5128,0.000780323235690786);
#3656=CIRCLE('',#5130,0.000951027734191608);
#3657=CIRCLE('',#5132,0.000615310922462422);
#3658=CIRCLE('',#5134,0.000649897081531433);
#3659=CIRCLE('',#5136,0.000753208318405043);
#3660=CIRCLE('',#5138,0.00056130518773795);
#3661=CIRCLE('',#5140,0.000628453658226693);
#3662=CIRCLE('',#5142,0.000582670716961538);
#3663=CIRCLE('',#5144,0.000352520336691258);
#3664=CIRCLE('',#5145,0.000352520336691258);
#3665=EDGE_LOOP('',(#980));
#3666=EDGE_LOOP('',(#981,#982,#983,#984,#985,#986,#987,#988));
#3667=EDGE_LOOP('',(#989,#990,#991,#992));
#3668=EDGE_LOOP('',(#993,#994,#995,#996,#997,#998,#999,#1000,#1001,#1002,
#1003,#1004,#1005,#1006,#1007,#1008,#1009,#1010,#1011,#1012,#1013,#1014,
#1015,#1016,#1017,#1018));
#3669=EDGE_LOOP('',(#1019,#1020,#1021,#1022,#1023,#1024));
#3670=EDGE_LOOP('',(#1025,#1026,#1027,#1028,#1029,#1030,#1031,#1032,#1033,
#1034,#1035,#1036));
#3671=EDGE_LOOP('',(#1037,#1038,#1039,#1040,#1041,#1042,#1043,#1044,#1045,
#1046,#1047,#1048,#1049,#1050,#1051,#1052,#1053,#1054,#1055,#1056,#1057,
#1058,#1059,#1060,#1061,#1062,#1063,#1064,#1065,#1066,#1067,#1068,#1069,
#1070,#1071,#1072,#1073,#1074,#1075,#1076,#1077,#1078,#1079,#1080,#1081));
#3672=EDGE_LOOP('',(#1082,#1083,#1084,#1085,#1086,#1087,#1088,#1089,#1090,
#1091,#1092,#1093,#1094,#1095,#1096,#1097,#1098,#1099,#1100,#1101,#1102));
#3673=EDGE_LOOP('',(#1103));
#3674=EDGE_LOOP('',(#1104));
#3675=EDGE_LOOP('',(#1105,#1106,#1107,#1108,#1109,#1110,#1111,#1112,#1113,
#1114,#1115,#1116,#1117,#1118,#1119,#1120,#1121,#1122,#1123,#1124,#1125,
#1126,#1127,#1128,#1129,#1130));
#3676=EDGE_LOOP('',(#1131,#1132,#1133,#1134,#1135,#1136));
#3677=EDGE_LOOP('',(#1137,#1138,#1139,#1140,#1141,#1142));
#3678=EDGE_LOOP('',(#1143,#1144,#1145,#1146,#1147,#1148,#1149,#1150,#1151,
#1152,#1153,#1154,#1155,#1156,#1157,#1158,#1159,#1160,#1161,#1162,#1163,
#1164,#1165));
#3679=EDGE_LOOP('',(#1166));
#3680=EDGE_LOOP('',(#1167));
#3681=EDGE_LOOP('',(#1168,#1169,#1170,#1171,#1172,#1173,#1174,#1175,#1176));
#3682=EDGE_LOOP('',(#1177,#1178,#1179,#1180,#1181,#1182,#1183,#1184,#1185));
#3683=EDGE_LOOP('',(#1186,#1187,#1188,#1189,#1190));
#3684=EDGE_LOOP('',(#1191));
#3685=EDGE_LOOP('',(#1192,#1193,#1194,#1195,#1196,#1197,#1198,#1199,#1200,
#1201));
#3686=EDGE_LOOP('',(#1202,#1203,#1204,#1205,#1206,#1207,#1208,#1209,#1210,
#1211));
#3687=EDGE_LOOP('',(#1212,#1213,#1214,#1215));
#3688=EDGE_LOOP('',(#1216,#1217,#1218,#1219));
#3689=EDGE_LOOP('',(#1220));
#3690=EDGE_LOOP('',(#1221));
#3691=EDGE_LOOP('',(#1222));
#3692=EDGE_LOOP('',(#1223));
#3693=EDGE_LOOP('',(#1224));
#3694=EDGE_LOOP('',(#1225,#1226,#1227,#1228,#1229,#1230,#1231,#1232));
#3695=EDGE_LOOP('',(#1233));
#3696=EDGE_LOOP('',(#1234));
#3697=EDGE_LOOP('',(#1235));
#3698=EDGE_LOOP('',(#1236));
#3699=EDGE_LOOP('',(#1237));
#3700=EDGE_LOOP('',(#1238));
#3701=EDGE_LOOP('',(#1239));
#3702=EDGE_LOOP('',(#1240));
#3703=EDGE_LOOP('',(#1241,#1242,#1243,#1244));
#3704=EDGE_LOOP('',(#1245,#1246,#1247,#1248));
#3705=EDGE_LOOP('',(#1249,#1250,#1251,#1252));
#3706=EDGE_LOOP('',(#1253,#1254,#1255,#1256));
#3707=EDGE_LOOP('',(#1257));
#3708=EDGE_LOOP('',(#1258));
#3709=EDGE_LOOP('',(#1259));
#3710=EDGE_LOOP('',(#1260));
#3711=EDGE_LOOP('',(#1261));
#3712=EDGE_LOOP('',(#1262,#1263,#1264,#1265,#1266,#1267,#1268,#1269,#1270,
#1271,#1272,#1273,#1274,#1275));
#3713=EDGE_LOOP('',(#1276));
#3714=EDGE_LOOP('',(#1277));
#3715=EDGE_LOOP('',(#1278,#1279,#1280,#1281));
#3716=EDGE_LOOP('',(#1282,#1283,#1284,#1285,#1286));
#3717=EDGE_LOOP('',(#1287,#1288,#1289,#1290));
#3718=EDGE_LOOP('',(#1291,#1292,#1293,#1294));
#3719=EDGE_LOOP('',(#1295));
#3720=EDGE_LOOP('',(#1296));
#3721=EDGE_LOOP('',(#1297));
#3722=EDGE_LOOP('',(#1298));
#3723=EDGE_LOOP('',(#1299));
#3724=EDGE_LOOP('',(#1300));
#3725=EDGE_LOOP('',(#1301));
#3726=EDGE_LOOP('',(#1302));
#3727=EDGE_LOOP('',(#1303));
#3728=EDGE_LOOP('',(#1304));
#3729=EDGE_LOOP('',(#1305));
#3730=EDGE_LOOP('',(#1306));
#3731=EDGE_LOOP('',(#1307));
#3732=EDGE_LOOP('',(#1308));
#3733=EDGE_LOOP('',(#1309));
#3734=EDGE_LOOP('',(#1310));
#3735=EDGE_LOOP('',(#1311,#1312,#1313,#1314));
#3736=EDGE_LOOP('',(#1315,#1316,#1317,#1318));
#3737=EDGE_LOOP('',(#1319,#1320,#1321,#1322));
#3738=EDGE_LOOP('',(#1323,#1324,#1325,#1326));
#3739=EDGE_LOOP('',(#1327,#1328,#1329,#1330));
#3740=EDGE_LOOP('',(#1331,#1332,#1333,#1334));
#3741=EDGE_LOOP('',(#1335,#1336,#1337,#1338));
#3742=EDGE_LOOP('',(#1339,#1340,#1341,#1342));
#3743=EDGE_LOOP('',(#1343,#1344,#1345,#1346));
#3744=EDGE_LOOP('',(#1347,#1348,#1349,#1350));
#3745=EDGE_LOOP('',(#1351));
#3746=EDGE_LOOP('',(#1352));
#3747=EDGE_LOOP('',(#1353));
#3748=EDGE_LOOP('',(#1354));
#3749=EDGE_LOOP('',(#1355,#1356,#1357,#1358));
#3750=EDGE_LOOP('',(#1359,#1360,#1361,#1362));
#3751=EDGE_LOOP('',(#1363,#1364,#1365,#1366));
#3752=EDGE_LOOP('',(#1367,#1368,#1369,#1370));
#3753=EDGE_LOOP('',(#1371,#1372,#1373,#1374));
#3754=EDGE_LOOP('',(#1375,#1376,#1377,#1378));
#3755=EDGE_LOOP('',(#1379,#1380,#1381,#1382));
#3756=EDGE_LOOP('',(#1383,#1384,#1385,#1386));
#3757=EDGE_LOOP('',(#1387,#1388,#1389,#1390));
#3758=EDGE_LOOP('',(#1391,#1392,#1393,#1394));
#3759=EDGE_LOOP('',(#1395,#1396,#1397,#1398));
#3760=EDGE_LOOP('',(#1399,#1400,#1401,#1402));
#3761=EDGE_LOOP('',(#1403,#1404,#1405,#1406));
#3762=EDGE_LOOP('',(#1407,#1408,#1409,#1410));
#3763=EDGE_LOOP('',(#1411,#1412,#1413,#1414,#1415,#1416));
#3764=EDGE_LOOP('',(#1417,#1418,#1419,#1420));
#3765=EDGE_LOOP('',(#1421,#1422,#1423,#1424,#1425,#1426));
#3766=EDGE_LOOP('',(#1427,#1428,#1429,#1430));
#3767=EDGE_LOOP('',(#1431,#1432,#1433,#1434,#1435,#1436));
#3768=EDGE_LOOP('',(#1437,#1438,#1439,#1440));
#3769=EDGE_LOOP('',(#1441,#1442,#1443,#1444));
#3770=EDGE_LOOP('',(#1445));
#3771=EDGE_LOOP('',(#1446));
#3772=EDGE_LOOP('',(#1447));
#3773=EDGE_LOOP('',(#1448));
#3774=EDGE_LOOP('',(#1449));
#3775=EDGE_LOOP('',(#1450));
#3776=EDGE_LOOP('',(#1451));
#3777=EDGE_LOOP('',(#1452));
#3778=EDGE_LOOP('',(#1453));
#3779=EDGE_LOOP('',(#1454));
#3780=EDGE_LOOP('',(#1455));
#3781=EDGE_LOOP('',(#1456));
#3782=EDGE_LOOP('',(#1457,#1458,#1459,#1460));
#3783=EDGE_LOOP('',(#1461,#1462,#1463,#1464));
#3784=EDGE_LOOP('',(#1465,#1466,#1467,#1468));
#3785=EDGE_LOOP('',(#1469,#1470,#1471,#1472));
#3786=EDGE_LOOP('',(#1473,#1474,#1475,#1476));
#3787=EDGE_LOOP('',(#1477,#1478,#1479,#1480));
#3788=EDGE_LOOP('',(#1481,#1482,#1483,#1484,#1485));
#3789=EDGE_LOOP('',(#1486,#1487,#1488,#1489));
#3790=EDGE_LOOP('',(#1490,#1491,#1492,#1493));
#3791=EDGE_LOOP('',(#1494,#1495,#1496,#1497));
#3792=EDGE_LOOP('',(#1498,#1499,#1500,#1501));
#3793=EDGE_LOOP('',(#1502,#1503,#1504,#1505));
#3794=EDGE_LOOP('',(#1506,#1507,#1508,#1509));
#3795=EDGE_LOOP('',(#1510,#1511,#1512,#1513));
#3796=EDGE_LOOP('',(#1514,#1515,#1516,#1517));
#3797=EDGE_LOOP('',(#1518,#1519,#1520,#1521));
#3798=EDGE_LOOP('',(#1522,#1523,#1524,#1525));
#3799=EDGE_LOOP('',(#1526,#1527,#1528,#1529));
#3800=EDGE_LOOP('',(#1530,#1531,#1532,#1533));
#3801=EDGE_LOOP('',(#1534,#1535,#1536,#1537));
#3802=EDGE_LOOP('',(#1538,#1539,#1540,#1541));
#3803=EDGE_LOOP('',(#1542,#1543,#1544,#1545,#1546,#1547,#1548,#1549,#1550,
#1551,#1552,#1553));
#3804=EDGE_LOOP('',(#1554,#1555,#1556,#1557));
#3805=EDGE_LOOP('',(#1558,#1559,#1560,#1561));
#3806=EDGE_LOOP('',(#1562,#1563,#1564,#1565));
#3807=EDGE_LOOP('',(#1566,#1567,#1568,#1569));
#3808=EDGE_LOOP('',(#1570,#1571,#1572,#1573));
#3809=EDGE_LOOP('',(#1574,#1575,#1576,#1577));
#3810=EDGE_LOOP('',(#1578,#1579,#1580,#1581));
#3811=EDGE_LOOP('',(#1582,#1583,#1584,#1585));
#3812=EDGE_LOOP('',(#1586,#1587,#1588,#1589));
#3813=EDGE_LOOP('',(#1590,#1591,#1592,#1593));
#3814=EDGE_LOOP('',(#1594));
#3815=EDGE_LOOP('',(#1595));
#3816=EDGE_LOOP('',(#1596,#1597,#1598,#1599));
#3817=EDGE_LOOP('',(#1600,#1601,#1602,#1603));
#3818=EDGE_LOOP('',(#1604,#1605,#1606,#1607));
#3819=EDGE_LOOP('',(#1608,#1609,#1610,#1611));
#3820=EDGE_LOOP('',(#1612,#1613,#1614,#1615));
#3821=EDGE_LOOP('',(#1616,#1617,#1618,#1619));
#3822=EDGE_LOOP('',(#1620,#1621,#1622,#1623));
#3823=EDGE_LOOP('',(#1624,#1625,#1626,#1627));
#3824=EDGE_LOOP('',(#1628,#1629,#1630,#1631));
#3825=EDGE_LOOP('',(#1632,#1633,#1634,#1635));
#3826=EDGE_LOOP('',(#1636,#1637,#1638,#1639));
#3827=EDGE_LOOP('',(#1640,#1641,#1642,#1643));
#3828=EDGE_LOOP('',(#1644,#1645,#1646,#1647));
#3829=EDGE_LOOP('',(#1648,#1649,#1650,#1651));
#3830=EDGE_LOOP('',(#1652,#1653,#1654,#1655));
#3831=EDGE_LOOP('',(#1656,#1657,#1658,#1659));
#3832=EDGE_LOOP('',(#1660,#1661,#1662,#1663));
#3833=EDGE_LOOP('',(#1664,#1665,#1666,#1667));
#3834=EDGE_LOOP('',(#1668,#1669,#1670,#1671));
#3835=EDGE_LOOP('',(#1672,#1673,#1674,#1675));
#3836=EDGE_LOOP('',(#1676,#1677,#1678,#1679));
#3837=EDGE_LOOP('',(#1680,#1681,#1682,#1683));
#3838=EDGE_LOOP('',(#1684,#1685,#1686,#1687));
#3839=EDGE_LOOP('',(#1688,#1689,#1690,#1691));
#3840=EDGE_LOOP('',(#1692,#1693,#1694,#1695));
#3841=EDGE_LOOP('',(#1696,#1697,#1698,#1699));
#3842=EDGE_LOOP('',(#1700,#1701,#1702,#1703,#1704,#1705,#1706,#1707,#1708,
#1709,#1710,#1711,#1712,#1713,#1714,#1715,#1716,#1717,#1718,#1719,#1720,
#1721,#1722,#1723,#1724,#1725));
#3843=EDGE_LOOP('',(#1726,#1727,#1728,#1729));
#3844=EDGE_LOOP('',(#1730,#1731,#1732,#1733));
#3845=EDGE_LOOP('',(#1734,#1735,#1736,#1737));
#3846=EDGE_LOOP('',(#1738,#1739,#1740,#1741));
#3847=EDGE_LOOP('',(#1742,#1743,#1744,#1745));
#3848=EDGE_LOOP('',(#1746,#1747,#1748,#1749));
#3849=EDGE_LOOP('',(#1750,#1751,#1752,#1753,#1754,#1755));
#3850=EDGE_LOOP('',(#1756,#1757,#1758,#1759));
#3851=EDGE_LOOP('',(#1760,#1761,#1762,#1763));
#3852=EDGE_LOOP('',(#1764,#1765,#1766,#1767));
#3853=EDGE_LOOP('',(#1768,#1769,#1770,#1771));
#3854=EDGE_LOOP('',(#1772,#1773,#1774,#1775));
#3855=EDGE_LOOP('',(#1776,#1777,#1778,#1779));
#3856=EDGE_LOOP('',(#1780,#1781,#1782,#1783));
#3857=EDGE_LOOP('',(#1784,#1785,#1786,#1787));
#3858=EDGE_LOOP('',(#1788,#1789,#1790,#1791));
#3859=EDGE_LOOP('',(#1792,#1793,#1794,#1795));
#3860=EDGE_LOOP('',(#1796,#1797,#1798,#1799));
#3861=EDGE_LOOP('',(#1800,#1801,#1802,#1803));
#3862=EDGE_LOOP('',(#1804,#1805,#1806,#1807,#1808,#1809,#1810,#1811,#1812,
#1813,#1814,#1815));
#3863=EDGE_LOOP('',(#1816,#1817,#1818,#1819));
#3864=EDGE_LOOP('',(#1820,#1821,#1822,#1823));
#3865=EDGE_LOOP('',(#1824,#1825,#1826,#1827));
#3866=EDGE_LOOP('',(#1828,#1829,#1830,#1831));
#3867=EDGE_LOOP('',(#1832,#1833,#1834,#1835));
#3868=EDGE_LOOP('',(#1836,#1837,#1838,#1839));
#3869=EDGE_LOOP('',(#1840,#1841,#1842,#1843));
#3870=EDGE_LOOP('',(#1844,#1845,#1846,#1847));
#3871=EDGE_LOOP('',(#1848,#1849,#1850,#1851));
#3872=EDGE_LOOP('',(#1852,#1853,#1854,#1855));
#3873=EDGE_LOOP('',(#1856,#1857,#1858,#1859));
#3874=EDGE_LOOP('',(#1860,#1861,#1862,#1863));
#3875=EDGE_LOOP('',(#1864,#1865,#1866,#1867));
#3876=EDGE_LOOP('',(#1868,#1869,#1870,#1871));
#3877=EDGE_LOOP('',(#1872,#1873,#1874,#1875));
#3878=EDGE_LOOP('',(#1876,#1877,#1878,#1879));
#3879=EDGE_LOOP('',(#1880,#1881,#1882,#1883));
#3880=EDGE_LOOP('',(#1884,#1885,#1886,#1887));
#3881=EDGE_LOOP('',(#1888,#1889,#1890,#1891));
#3882=EDGE_LOOP('',(#1892,#1893,#1894,#1895));
#3883=EDGE_LOOP('',(#1896,#1897,#1898,#1899));
#3884=EDGE_LOOP('',(#1900,#1901,#1902,#1903));
#3885=EDGE_LOOP('',(#1904,#1905,#1906,#1907));
#3886=EDGE_LOOP('',(#1908,#1909,#1910,#1911));
#3887=EDGE_LOOP('',(#1912,#1913,#1914,#1915));
#3888=EDGE_LOOP('',(#1916,#1917,#1918,#1919));
#3889=EDGE_LOOP('',(#1920,#1921,#1922,#1923));
#3890=EDGE_LOOP('',(#1924,#1925,#1926,#1927));
#3891=EDGE_LOOP('',(#1928,#1929,#1930,#1931));
#3892=EDGE_LOOP('',(#1932,#1933,#1934,#1935));
#3893=EDGE_LOOP('',(#1936,#1937,#1938,#1939));
#3894=EDGE_LOOP('',(#1940,#1941,#1942,#1943));
#3895=EDGE_LOOP('',(#1944,#1945,#1946,#1947));
#3896=EDGE_LOOP('',(#1948,#1949,#1950,#1951));
#3897=EDGE_LOOP('',(#1952,#1953,#1954,#1955));
#3898=EDGE_LOOP('',(#1956,#1957,#1958,#1959));
#3899=EDGE_LOOP('',(#1960,#1961,#1962,#1963));
#3900=EDGE_LOOP('',(#1964,#1965,#1966,#1967));
#3901=EDGE_LOOP('',(#1968,#1969,#1970,#1971));
#3902=EDGE_LOOP('',(#1972,#1973,#1974,#1975));
#3903=EDGE_LOOP('',(#1976,#1977,#1978,#1979));
#3904=EDGE_LOOP('',(#1980,#1981,#1982,#1983));
#3905=EDGE_LOOP('',(#1984,#1985,#1986,#1987));
#3906=EDGE_LOOP('',(#1988,#1989,#1990,#1991));
#3907=EDGE_LOOP('',(#1992,#1993,#1994,#1995));
#3908=EDGE_LOOP('',(#1996,#1997,#1998,#1999,#2000,#2001,#2002,#2003,#2004,
#2005,#2006,#2007,#2008,#2009,#2010,#2011,#2012,#2013,#2014,#2015,#2016,
#2017,#2018,#2019,#2020,#2021,#2022,#2023,#2024,#2025,#2026,#2027,#2028,
#2029,#2030,#2031,#2032,#2033,#2034,#2035,#2036,#2037,#2038,#2039,#2040));
#3909=EDGE_LOOP('',(#2041,#2042,#2043,#2044));
#3910=EDGE_LOOP('',(#2045,#2046,#2047,#2048));
#3911=EDGE_LOOP('',(#2049,#2050,#2051,#2052));
#3912=EDGE_LOOP('',(#2053,#2054,#2055,#2056));
#3913=EDGE_LOOP('',(#2057,#2058,#2059,#2060));
#3914=EDGE_LOOP('',(#2061,#2062,#2063,#2064));
#3915=EDGE_LOOP('',(#2065,#2066,#2067,#2068));
#3916=EDGE_LOOP('',(#2069,#2070,#2071,#2072));
#3917=EDGE_LOOP('',(#2073,#2074,#2075,#2076));
#3918=EDGE_LOOP('',(#2077,#2078,#2079,#2080));
#3919=EDGE_LOOP('',(#2081,#2082,#2083,#2084));
#3920=EDGE_LOOP('',(#2085,#2086,#2087,#2088,#2089,#2090,#2091,#2092));
#3921=EDGE_LOOP('',(#2093,#2094,#2095));
#3922=EDGE_LOOP('',(#2096,#2097,#2098,#2099));
#3923=EDGE_LOOP('',(#2100,#2101,#2102,#2103));
#3924=EDGE_LOOP('',(#2104,#2105,#2106,#2107));
#3925=EDGE_LOOP('',(#2108,#2109,#2110,#2111));
#3926=EDGE_LOOP('',(#2112,#2113,#2114,#2115));
#3927=EDGE_LOOP('',(#2116,#2117,#2118,#2119));
#3928=EDGE_LOOP('',(#2120,#2121,#2122,#2123));
#3929=EDGE_LOOP('',(#2124,#2125,#2126,#2127));
#3930=EDGE_LOOP('',(#2128,#2129,#2130,#2131));
#3931=EDGE_LOOP('',(#2132,#2133,#2134,#2135));
#3932=EDGE_LOOP('',(#2136,#2137,#2138,#2139));
#3933=EDGE_LOOP('',(#2140,#2141,#2142,#2143));
#3934=EDGE_LOOP('',(#2144,#2145,#2146,#2147));
#3935=EDGE_LOOP('',(#2148,#2149,#2150,#2151));
#3936=EDGE_LOOP('',(#2152,#2153,#2154,#2155));
#3937=EDGE_LOOP('',(#2156,#2157,#2158,#2159));
#3938=EDGE_LOOP('',(#2160,#2161,#2162,#2163));
#3939=EDGE_LOOP('',(#2164,#2165,#2166,#2167));
#3940=EDGE_LOOP('',(#2168,#2169,#2170,#2171));
#3941=EDGE_LOOP('',(#2172,#2173,#2174,#2175));
#3942=EDGE_LOOP('',(#2176,#2177,#2178,#2179));
#3943=EDGE_LOOP('',(#2180,#2181,#2182,#2183));
#3944=EDGE_LOOP('',(#2184,#2185,#2186,#2187));
#3945=EDGE_LOOP('',(#2188,#2189,#2190,#2191));
#3946=EDGE_LOOP('',(#2192,#2193,#2194,#2195));
#3947=EDGE_LOOP('',(#2196,#2197,#2198,#2199));
#3948=EDGE_LOOP('',(#2200,#2201,#2202,#2203));
#3949=EDGE_LOOP('',(#2204,#2205,#2206,#2207));
#3950=EDGE_LOOP('',(#2208,#2209,#2210,#2211));
#3951=EDGE_LOOP('',(#2212,#2213,#2214,#2215));
#3952=EDGE_LOOP('',(#2216,#2217,#2218,#2219));
#3953=EDGE_LOOP('',(#2220,#2221,#2222,#2223));
#3954=EDGE_LOOP('',(#2224,#2225,#2226,#2227));
#3955=EDGE_LOOP('',(#2228,#2229,#2230,#2231));
#3956=EDGE_LOOP('',(#2232,#2233,#2234,#2235));
#3957=EDGE_LOOP('',(#2236,#2237,#2238,#2239));
#3958=EDGE_LOOP('',(#2240,#2241,#2242,#2243));
#3959=EDGE_LOOP('',(#2244,#2245,#2246,#2247));
#3960=EDGE_LOOP('',(#2248,#2249,#2250,#2251));
#3961=EDGE_LOOP('',(#2252,#2253,#2254,#2255,#2256,#2257,#2258,#2259,#2260,
#2261,#2262,#2263,#2264,#2265,#2266,#2267,#2268,#2269,#2270,#2271,#2272));
#3962=EDGE_LOOP('',(#2273,#2274,#2275,#2276,#2277,#2278,#2279));
#3963=EDGE_LOOP('',(#2280,#2281,#2282,#2283,#2284,#2285,#2286,#2287,#2288,
#2289,#2290));
#3964=EDGE_LOOP('',(#2291,#2292,#2293,#2294,#2295,#2296,#2297));
#3965=EDGE_LOOP('',(#2298,#2299,#2300));
#3966=EDGE_LOOP('',(#2301,#2302,#2303,#2304,#2305,#2306,#2307,#2308,#2309,
#2310,#2311));
#3967=EDGE_LOOP('',(#2312));
#3968=EDGE_LOOP('',(#2313));
#3969=FACE_BOUND('',#3665,.T.);
#3970=FACE_BOUND('',#3666,.T.);
#3971=FACE_BOUND('',#3667,.T.);
#3972=FACE_BOUND('',#3668,.T.);
#3973=FACE_BOUND('',#3669,.T.);
#3974=FACE_BOUND('',#3670,.T.);
#3975=FACE_BOUND('',#3671,.T.);
#3976=FACE_BOUND('',#3672,.T.);
#3977=FACE_BOUND('',#3673,.T.);
#3978=FACE_BOUND('',#3674,.T.);
#3979=FACE_BOUND('',#3675,.T.);
#3980=FACE_BOUND('',#3676,.T.);
#3981=FACE_BOUND('',#3677,.T.);
#3982=FACE_BOUND('',#3678,.T.);
#3983=FACE_BOUND('',#3679,.T.);
#3984=FACE_BOUND('',#3680,.T.);
#3985=FACE_BOUND('',#3681,.T.);
#3986=FACE_BOUND('',#3682,.T.);
#3987=FACE_BOUND('',#3683,.T.);
#3988=FACE_BOUND('',#3684,.T.);
#3989=FACE_BOUND('',#3685,.T.);
#3990=FACE_BOUND('',#3686,.T.);
#3991=FACE_BOUND('',#3687,.T.);
#3992=FACE_BOUND('',#3688,.T.);
#3993=FACE_BOUND('',#3689,.T.);
#3994=FACE_BOUND('',#3690,.T.);
#3995=FACE_BOUND('',#3691,.T.);
#3996=FACE_BOUND('',#3692,.T.);
#3997=FACE_BOUND('',#3693,.T.);
#3998=FACE_BOUND('',#3694,.T.);
#3999=FACE_BOUND('',#3695,.T.);
#4000=FACE_BOUND('',#3696,.T.);
#4001=FACE_BOUND('',#3697,.T.);
#4002=FACE_BOUND('',#3698,.T.);
#4003=FACE_BOUND('',#3699,.T.);
#4004=FACE_BOUND('',#3700,.T.);
#4005=FACE_BOUND('',#3701,.T.);
#4006=FACE_BOUND('',#3702,.T.);
#4007=FACE_BOUND('',#3703,.T.);
#4008=FACE_BOUND('',#3704,.T.);
#4009=FACE_BOUND('',#3705,.T.);
#4010=FACE_BOUND('',#3706,.T.);
#4011=FACE_BOUND('',#3707,.T.);
#4012=FACE_BOUND('',#3708,.T.);
#4013=FACE_BOUND('',#3709,.T.);
#4014=FACE_BOUND('',#3710,.T.);
#4015=FACE_BOUND('',#3711,.T.);
#4016=FACE_BOUND('',#3712,.T.);
#4017=FACE_BOUND('',#3713,.T.);
#4018=FACE_BOUND('',#3714,.T.);
#4019=FACE_BOUND('',#3715,.T.);
#4020=FACE_BOUND('',#3716,.T.);
#4021=FACE_BOUND('',#3717,.T.);
#4022=FACE_BOUND('',#3718,.T.);
#4023=FACE_BOUND('',#3719,.T.);
#4024=FACE_BOUND('',#3720,.T.);
#4025=FACE_BOUND('',#3721,.T.);
#4026=FACE_BOUND('',#3722,.T.);
#4027=FACE_BOUND('',#3723,.T.);
#4028=FACE_BOUND('',#3724,.T.);
#4029=FACE_BOUND('',#3725,.T.);
#4030=FACE_BOUND('',#3726,.T.);
#4031=FACE_BOUND('',#3727,.T.);
#4032=FACE_BOUND('',#3728,.T.);
#4033=FACE_BOUND('',#3729,.T.);
#4034=FACE_BOUND('',#3730,.T.);
#4035=FACE_BOUND('',#3731,.T.);
#4036=FACE_BOUND('',#3732,.T.);
#4037=FACE_BOUND('',#3733,.T.);
#4038=FACE_BOUND('',#3734,.T.);
#4039=FACE_BOUND('',#3735,.T.);
#4040=FACE_BOUND('',#3736,.T.);
#4041=FACE_BOUND('',#3737,.T.);
#4042=FACE_BOUND('',#3738,.T.);
#4043=FACE_BOUND('',#3739,.T.);
#4044=FACE_BOUND('',#3740,.T.);
#4045=FACE_BOUND('',#3741,.T.);
#4046=FACE_BOUND('',#3742,.T.);
#4047=FACE_BOUND('',#3743,.T.);
#4048=FACE_BOUND('',#3744,.T.);
#4049=FACE_BOUND('',#3745,.T.);
#4050=FACE_BOUND('',#3746,.T.);
#4051=FACE_BOUND('',#3747,.T.);
#4052=FACE_BOUND('',#3748,.T.);
#4053=FACE_BOUND('',#3749,.T.);
#4054=FACE_BOUND('',#3750,.T.);
#4055=FACE_BOUND('',#3751,.T.);
#4056=FACE_BOUND('',#3752,.T.);
#4057=FACE_BOUND('',#3753,.T.);
#4058=FACE_BOUND('',#3754,.T.);
#4059=FACE_BOUND('',#3755,.T.);
#4060=FACE_BOUND('',#3756,.T.);
#4061=FACE_BOUND('',#3757,.T.);
#4062=FACE_BOUND('',#3758,.T.);
#4063=FACE_BOUND('',#3759,.T.);
#4064=FACE_BOUND('',#3760,.T.);
#4065=FACE_BOUND('',#3761,.T.);
#4066=FACE_BOUND('',#3762,.T.);
#4067=FACE_BOUND('',#3763,.T.);
#4068=FACE_BOUND('',#3764,.T.);
#4069=FACE_BOUND('',#3765,.T.);
#4070=FACE_BOUND('',#3766,.T.);
#4071=FACE_BOUND('',#3767,.T.);
#4072=FACE_BOUND('',#3768,.T.);
#4073=FACE_BOUND('',#3769,.T.);
#4074=FACE_BOUND('',#3770,.T.);
#4075=FACE_BOUND('',#3771,.T.);
#4076=FACE_BOUND('',#3772,.T.);
#4077=FACE_BOUND('',#3773,.T.);
#4078=FACE_BOUND('',#3774,.T.);
#4079=FACE_BOUND('',#3775,.T.);
#4080=FACE_BOUND('',#3776,.T.);
#4081=FACE_BOUND('',#3777,.T.);
#4082=FACE_BOUND('',#3778,.T.);
#4083=FACE_BOUND('',#3779,.T.);
#4084=FACE_BOUND('',#3780,.T.);
#4085=FACE_BOUND('',#3781,.T.);
#4086=FACE_BOUND('',#3782,.T.);
#4087=FACE_BOUND('',#3783,.T.);
#4088=FACE_BOUND('',#3784,.T.);
#4089=FACE_BOUND('',#3785,.T.);
#4090=FACE_BOUND('',#3786,.T.);
#4091=FACE_BOUND('',#3787,.T.);
#4092=FACE_BOUND('',#3788,.T.);
#4093=FACE_BOUND('',#3789,.T.);
#4094=FACE_BOUND('',#3790,.T.);
#4095=FACE_BOUND('',#3791,.T.);
#4096=FACE_BOUND('',#3792,.T.);
#4097=FACE_BOUND('',#3793,.T.);
#4098=FACE_BOUND('',#3794,.T.);
#4099=FACE_BOUND('',#3795,.T.);
#4100=FACE_BOUND('',#3796,.T.);
#4101=FACE_BOUND('',#3797,.T.);
#4102=FACE_BOUND('',#3798,.T.);
#4103=FACE_BOUND('',#3799,.T.);
#4104=FACE_BOUND('',#3800,.T.);
#4105=FACE_BOUND('',#3801,.T.);
#4106=FACE_BOUND('',#3802,.T.);
#4107=FACE_BOUND('',#3803,.T.);
#4108=FACE_BOUND('',#3804,.T.);
#4109=FACE_BOUND('',#3805,.T.);
#4110=FACE_BOUND('',#3806,.T.);
#4111=FACE_BOUND('',#3807,.T.);
#4112=FACE_BOUND('',#3808,.T.);
#4113=FACE_BOUND('',#3809,.T.);
#4114=FACE_BOUND('',#3810,.T.);
#4115=FACE_BOUND('',#3811,.T.);
#4116=FACE_BOUND('',#3812,.T.);
#4117=FACE_BOUND('',#3813,.T.);
#4118=FACE_BOUND('',#3814,.T.);
#4119=FACE_BOUND('',#3815,.T.);
#4120=FACE_BOUND('',#3816,.T.);
#4121=FACE_BOUND('',#3817,.T.);
#4122=FACE_BOUND('',#3818,.T.);
#4123=FACE_BOUND('',#3819,.T.);
#4124=FACE_BOUND('',#3820,.T.);
#4125=FACE_BOUND('',#3821,.T.);
#4126=FACE_BOUND('',#3822,.T.);
#4127=FACE_BOUND('',#3823,.T.);
#4128=FACE_BOUND('',#3824,.T.);
#4129=FACE_BOUND('',#3825,.T.);
#4130=FACE_BOUND('',#3826,.T.);
#4131=FACE_BOUND('',#3827,.T.);
#4132=FACE_BOUND('',#3828,.T.);
#4133=FACE_BOUND('',#3829,.T.);
#4134=FACE_BOUND('',#3830,.T.);
#4135=FACE_BOUND('',#3831,.T.);
#4136=FACE_BOUND('',#3832,.T.);
#4137=FACE_BOUND('',#3833,.T.);
#4138=FACE_BOUND('',#3834,.T.);
#4139=FACE_BOUND('',#3835,.T.);
#4140=FACE_BOUND('',#3836,.T.);
#4141=FACE_BOUND('',#3837,.T.);
#4142=FACE_BOUND('',#3838,.T.);
#4143=FACE_BOUND('',#3839,.T.);
#4144=FACE_BOUND('',#3840,.T.);
#4145=FACE_BOUND('',#3841,.T.);
#4146=FACE_BOUND('',#3842,.T.);
#4147=FACE_BOUND('',#3843,.T.);
#4148=FACE_BOUND('',#3844,.T.);
#4149=FACE_BOUND('',#3845,.T.);
#4150=FACE_BOUND('',#3846,.T.);
#4151=FACE_BOUND('',#3847,.T.);
#4152=FACE_BOUND('',#3848,.T.);
#4153=FACE_BOUND('',#3849,.T.);
#4154=FACE_BOUND('',#3850,.T.);
#4155=FACE_BOUND('',#3851,.T.);
#4156=FACE_BOUND('',#3852,.T.);
#4157=FACE_BOUND('',#3853,.T.);
#4158=FACE_BOUND('',#3854,.T.);
#4159=FACE_BOUND('',#3855,.T.);
#4160=FACE_BOUND('',#3856,.T.);
#4161=FACE_BOUND('',#3857,.T.);
#4162=FACE_BOUND('',#3858,.T.);
#4163=FACE_BOUND('',#3859,.T.);
#4164=FACE_BOUND('',#3860,.T.);
#4165=FACE_BOUND('',#3861,.T.);
#4166=FACE_BOUND('',#3862,.T.);
#4167=FACE_BOUND('',#3863,.T.);
#4168=FACE_BOUND('',#3864,.T.);
#4169=FACE_BOUND('',#3865,.T.);
#4170=FACE_BOUND('',#3866,.T.);
#4171=FACE_BOUND('',#3867,.T.);
#4172=FACE_BOUND('',#3868,.T.);
#4173=FACE_BOUND('',#3869,.T.);
#4174=FACE_BOUND('',#3870,.T.);
#4175=FACE_BOUND('',#3871,.T.);
#4176=FACE_BOUND('',#3872,.T.);
#4177=FACE_BOUND('',#3873,.T.);
#4178=FACE_BOUND('',#3874,.T.);
#4179=FACE_BOUND('',#3875,.T.);
#4180=FACE_BOUND('',#3876,.T.);
#4181=FACE_BOUND('',#3877,.T.);
#4182=FACE_BOUND('',#3878,.T.);
#4183=FACE_BOUND('',#3879,.T.);
#4184=FACE_BOUND('',#3880,.T.);
#4185=FACE_BOUND('',#3881,.T.);
#4186=FACE_BOUND('',#3882,.T.);
#4187=FACE_BOUND('',#3883,.T.);
#4188=FACE_BOUND('',#3884,.T.);
#4189=FACE_BOUND('',#3885,.T.);
#4190=FACE_BOUND('',#3886,.T.);
#4191=FACE_BOUND('',#3887,.T.);
#4192=FACE_BOUND('',#3888,.T.);
#4193=FACE_BOUND('',#3889,.T.);
#4194=FACE_BOUND('',#3890,.T.);
#4195=FACE_BOUND('',#3891,.T.);
#4196=FACE_BOUND('',#3892,.T.);
#4197=FACE_BOUND('',#3893,.T.);
#4198=FACE_BOUND('',#3894,.T.);
#4199=FACE_BOUND('',#3895,.T.);
#4200=FACE_BOUND('',#3896,.T.);
#4201=FACE_BOUND('',#3897,.T.);
#4202=FACE_BOUND('',#3898,.T.);
#4203=FACE_BOUND('',#3899,.T.);
#4204=FACE_BOUND('',#3900,.T.);
#4205=FACE_BOUND('',#3901,.T.);
#4206=FACE_BOUND('',#3902,.T.);
#4207=FACE_BOUND('',#3903,.T.);
#4208=FACE_BOUND('',#3904,.T.);
#4209=FACE_BOUND('',#3905,.T.);
#4210=FACE_BOUND('',#3906,.T.);
#4211=FACE_BOUND('',#3907,.T.);
#4212=FACE_BOUND('',#3908,.T.);
#4213=FACE_BOUND('',#3909,.T.);
#4214=FACE_BOUND('',#3910,.T.);
#4215=FACE_BOUND('',#3911,.T.);
#4216=FACE_BOUND('',#3912,.T.);
#4217=FACE_BOUND('',#3913,.T.);
#4218=FACE_BOUND('',#3914,.T.);
#4219=FACE_BOUND('',#3915,.T.);
#4220=FACE_BOUND('',#3916,.T.);
#4221=FACE_BOUND('',#3917,.T.);
#4222=FACE_BOUND('',#3918,.T.);
#4223=FACE_BOUND('',#3919,.T.);
#4224=FACE_BOUND('',#3920,.T.);
#4225=FACE_BOUND('',#3921,.T.);
#4226=FACE_BOUND('',#3922,.T.);
#4227=FACE_BOUND('',#3923,.T.);
#4228=FACE_BOUND('',#3924,.T.);
#4229=FACE_BOUND('',#3925,.T.);
#4230=FACE_BOUND('',#3926,.T.);
#4231=FACE_BOUND('',#3927,.T.);
#4232=FACE_BOUND('',#3928,.T.);
#4233=FACE_BOUND('',#3929,.T.);
#4234=FACE_BOUND('',#3930,.T.);
#4235=FACE_BOUND('',#3931,.T.);
#4236=FACE_BOUND('',#3932,.T.);
#4237=FACE_BOUND('',#3933,.T.);
#4238=FACE_BOUND('',#3934,.T.);
#4239=FACE_BOUND('',#3935,.T.);
#4240=FACE_BOUND('',#3936,.T.);
#4241=FACE_BOUND('',#3937,.T.);
#4242=FACE_BOUND('',#3938,.T.);
#4243=FACE_BOUND('',#3939,.T.);
#4244=FACE_BOUND('',#3940,.T.);
#4245=FACE_BOUND('',#3941,.T.);
#4246=FACE_BOUND('',#3942,.T.);
#4247=FACE_BOUND('',#3943,.T.);
#4248=FACE_BOUND('',#3944,.T.);
#4249=FACE_BOUND('',#3945,.T.);
#4250=FACE_BOUND('',#3946,.T.);
#4251=FACE_BOUND('',#3947,.T.);
#4252=FACE_BOUND('',#3948,.T.);
#4253=FACE_BOUND('',#3949,.T.);
#4254=FACE_BOUND('',#3950,.T.);
#4255=FACE_BOUND('',#3951,.T.);
#4256=FACE_BOUND('',#3952,.T.);
#4257=FACE_BOUND('',#3953,.T.);
#4258=FACE_BOUND('',#3954,.T.);
#4259=FACE_BOUND('',#3955,.T.);
#4260=FACE_BOUND('',#3956,.T.);
#4261=FACE_BOUND('',#3957,.T.);
#4262=FACE_BOUND('',#3958,.T.);
#4263=FACE_BOUND('',#3959,.T.);
#4264=FACE_BOUND('',#3960,.T.);
#4265=FACE_BOUND('',#3961,.T.);
#4266=FACE_BOUND('',#3962,.T.);
#4267=FACE_BOUND('',#3963,.T.);
#4268=FACE_BOUND('',#3964,.T.);
#4269=FACE_BOUND('',#3965,.T.);
#4270=FACE_BOUND('',#3966,.T.);
#4271=FACE_BOUND('',#3967,.T.);
#4272=FACE_BOUND('',#3968,.T.);
#4273=PLANE('',#4662);
#4274=PLANE('',#4742);
#4275=PLANE('',#4747);
#4276=PLANE('',#4749);
#4277=PLANE('',#4751);
#4278=PLANE('',#4756);
#4279=PLANE('',#4757);
#4280=PLANE('',#4759);
#4281=PLANE('',#4760);
#4282=PLANE('',#4762);
#4283=PLANE('',#4763);
#4284=PLANE('',#4764);
#4285=PLANE('',#4786);
#4286=PLANE('',#4787);
#4287=PLANE('',#4788);
#4288=PLANE('',#4789);
#4289=PLANE('',#4790);
#4290=PLANE('',#4795);
#4291=PLANE('',#4796);
#4292=PLANE('',#4797);
#4293=PLANE('',#4800);
#4294=PLANE('',#4803);
#4295=PLANE('',#4806);
#4296=PLANE('',#4809);
#4297=PLANE('',#4810);
#4298=PLANE('',#4811);
#4299=PLANE('',#4812);
#4300=PLANE('',#4813);
#4301=PLANE('',#4814);
#4302=PLANE('',#4817);
#4303=PLANE('',#4852);
#4304=PLANE('',#4853);
#4305=PLANE('',#4854);
#4306=PLANE('',#4855);
#4307=PLANE('',#4856);
#4308=PLANE('',#4857);
#4309=PLANE('',#4858);
#4310=PLANE('',#4859);
#4311=PLANE('',#4860);
#4312=PLANE('',#4863);
#4313=PLANE('',#4866);
#4314=PLANE('',#4869);
#4315=PLANE('',#4872);
#4316=PLANE('',#4873);
#4317=PLANE('',#4874);
#4318=PLANE('',#4875);
#4319=PLANE('',#4876);
#4320=PLANE('',#4877);
#4321=PLANE('',#4878);
#4322=PLANE('',#4879);
#4323=PLANE('',#4880);
#4324=PLANE('',#4881);
#4325=PLANE('',#4882);
#4326=PLANE('',#4883);
#4327=PLANE('',#4884);
#4328=PLANE('',#4885);
#4329=PLANE('',#4886);
#4330=PLANE('',#4888);
#4331=PLANE('',#4889);
#4332=PLANE('',#4890);
#4333=PLANE('',#4891);
#4334=PLANE('',#4892);
#4335=PLANE('',#4893);
#4336=PLANE('',#4894);
#4337=PLANE('',#4900);
#4338=PLANE('',#4907);
#4339=PLANE('',#4918);
#4340=PLANE('',#4943);
#4341=PLANE('',#4964);
#4342=PLANE('',#4965);
#4343=PLANE('',#4966);
#4344=PLANE('',#4967);
#4345=PLANE('',#4968);
#4346=PLANE('',#4969);
#4347=PLANE('',#4970);
#4348=PLANE('',#4971);
#4349=PLANE('',#4972);
#4350=PLANE('',#4973);
#4351=PLANE('',#4974);
#4352=PLANE('',#4975);
#4353=PLANE('',#4976);
#4354=PLANE('',#4977);
#4355=PLANE('',#4978);
#4356=PLANE('',#4979);
#4357=PLANE('',#4980);
#4358=PLANE('',#4981);
#4359=PLANE('',#4982);
#4360=PLANE('',#4983);
#4361=PLANE('',#4984);
#4362=PLANE('',#5013);
#4363=PLANE('',#5014);
#4364=PLANE('',#5015);
#4365=PLANE('',#5050);
#4366=PLANE('',#5065);
#4367=PLANE('',#5066);
#4368=PLANE('',#5067);
#4369=PLANE('',#5068);
#4370=PLANE('',#5069);
#4371=PLANE('',#5070);
#4372=PLANE('',#5071);
#4373=PLANE('',#5072);
#4374=PLANE('',#5073);
#4375=PLANE('',#5074);
#4376=PLANE('',#5075);
#4377=PLANE('',#5076);
#4378=PLANE('',#5077);
#4379=PLANE('',#5081);
#4380=PLANE('',#5082);
#4381=PLANE('',#5083);
#4382=PLANE('',#5099);
#4383=PLANE('',#5100);
#4384=PLANE('',#5101);
#4385=PLANE('',#5123);
#4386=PLANE('',#5124);
#4387=PLANE('',#5125);
#4388=PLANE('',#5126);
#4389=PLANE('',#5146);
#4390=PLANE('',#5147);
#4391=PLANE('',#5148);
#4392=PLANE('',#5149);
#4393=ADVANCED_FACE('',(#3969,#3970,#3971,#3972,#3973,#3974,#3975,#3976),
#4273,.T.);
#4394=ADVANCED_FACE('',(#3977,#3978,#3979),#4274,.F.);
#4395=ADVANCED_FACE('',(#3980),#4275,.T.);
#4396=ADVANCED_FACE('',(#3981),#4276,.F.);
#4397=ADVANCED_FACE('',(#3982,#3983,#3984),#4277,.F.);
#4398=ADVANCED_FACE('',(#3985),#4278,.T.);
#4399=ADVANCED_FACE('',(#3986),#4279,.F.);
#4400=ADVANCED_FACE('',(#3987),#4280,.F.);
#4401=ADVANCED_FACE('',(#3988,#3989),#4281,.T.);
#4402=ADVANCED_FACE('',(#3990),#4282,.T.);
#4403=ADVANCED_FACE('',(#3991),#4283,.F.);
#4404=ADVANCED_FACE('',(#3992,#3993,#3994,#3995,#3996,#3997,#3998),#4284,
 .T.);
#4405=ADVANCED_FACE('',(#3999,#4000),#35,.F.);
#4406=ADVANCED_FACE('',(#4001,#4002),#36,.F.);
#4407=ADVANCED_FACE('',(#4003,#4004),#37,.F.);
#4408=ADVANCED_FACE('',(#4005,#4006),#38,.F.);
#4409=ADVANCED_FACE('',(#4007),#4285,.T.);
#4410=ADVANCED_FACE('',(#4008),#4286,.F.);
#4411=ADVANCED_FACE('',(#4009),#4287,.F.);
#4412=ADVANCED_FACE('',(#4010),#4288,.T.);
#4413=ADVANCED_FACE('',(#4011,#4012,#4013,#4014,#4015,#4016),#4289,.F.);
#4414=ADVANCED_FACE('',(#4017,#4018),#39,.F.);
#4415=ADVANCED_FACE('',(#4019),#4290,.T.);
#4416=ADVANCED_FACE('',(#4020),#4291,.T.);
#4417=ADVANCED_FACE('',(#4021,#4022),#4292,.T.);
#4418=ADVANCED_FACE('',(#4023,#4024),#40,.F.);
#4419=ADVANCED_FACE('',(#4025,#4026),#4293,.T.);
#4420=ADVANCED_FACE('',(#4027,#4028),#41,.F.);
#4421=ADVANCED_FACE('',(#4029,#4030),#4294,.T.);
#4422=ADVANCED_FACE('',(#4031,#4032),#42,.F.);
#4423=ADVANCED_FACE('',(#4033,#4034),#4295,.T.);
#4424=ADVANCED_FACE('',(#4035,#4036),#43,.F.);
#4425=ADVANCED_FACE('',(#4037,#4038),#4296,.T.);
#4426=ADVANCED_FACE('',(#4039),#4297,.T.);
#4427=ADVANCED_FACE('',(#4040),#4298,.F.);
#4428=ADVANCED_FACE('',(#4041),#4299,.T.);
#4429=ADVANCED_FACE('',(#4042),#4300,.F.);
#4430=ADVANCED_FACE('',(#4043),#4301,.T.);
#4431=ADVANCED_FACE('',(#4044),#4302,.T.);
#4432=ADVANCED_FACE('',(#4045),#44,.T.);
#4433=ADVANCED_FACE('',(#4046),#45,.T.);
#4434=ADVANCED_FACE('',(#4047),#46,.T.);
#4435=ADVANCED_FACE('',(#4048),#47,.T.);
#4436=ADVANCED_FACE('',(#4049,#4050),#20,.T.);
#4437=ADVANCED_FACE('',(#4051,#4052),#21,.T.);
#4438=ADVANCED_FACE('',(#4053),#48,.T.);
#4439=ADVANCED_FACE('',(#4054),#49,.T.);
#4440=ADVANCED_FACE('',(#4055),#50,.T.);
#4441=ADVANCED_FACE('',(#4056),#51,.T.);
#4442=ADVANCED_FACE('',(#4057),#52,.T.);
#4443=ADVANCED_FACE('',(#4058),#22,.T.);
#4444=ADVANCED_FACE('',(#4059),#53,.T.);
#4445=ADVANCED_FACE('',(#4060),#23,.T.);
#4446=ADVANCED_FACE('',(#4061),#54,.T.);
#4447=ADVANCED_FACE('',(#4062),#24,.T.);
#4448=ADVANCED_FACE('',(#4063),#55,.T.);
#4449=ADVANCED_FACE('',(#4064),#25,.T.);
#4450=ADVANCED_FACE('',(#4065),#4303,.F.);
#4451=ADVANCED_FACE('',(#4066),#4304,.F.);
#4452=ADVANCED_FACE('',(#4067),#4305,.F.);
#4453=ADVANCED_FACE('',(#4068),#4306,.T.);
#4454=ADVANCED_FACE('',(#4069),#4307,.F.);
#4455=ADVANCED_FACE('',(#4070),#4308,.T.);
#4456=ADVANCED_FACE('',(#4071),#4309,.F.);
#4457=ADVANCED_FACE('',(#4072),#4310,.F.);
#4458=ADVANCED_FACE('',(#4073),#4311,.T.);
#4459=ADVANCED_FACE('',(#4074,#4075),#56,.F.);
#4460=ADVANCED_FACE('',(#4076),#4312,.T.);
#4461=ADVANCED_FACE('',(#4077,#4078),#57,.F.);
#4462=ADVANCED_FACE('',(#4079),#4313,.T.);
#4463=ADVANCED_FACE('',(#4080,#4081),#58,.F.);
#4464=ADVANCED_FACE('',(#4082),#4314,.T.);
#4465=ADVANCED_FACE('',(#4083,#4084),#59,.F.);
#4466=ADVANCED_FACE('',(#4085),#4315,.T.);
#4467=ADVANCED_FACE('',(#4086),#4316,.F.);
#4468=ADVANCED_FACE('',(#4087),#4317,.T.);
#4469=ADVANCED_FACE('',(#4088),#4318,.T.);
#4470=ADVANCED_FACE('',(#4089),#4319,.F.);
#4471=ADVANCED_FACE('',(#4090),#4320,.T.);
#4472=ADVANCED_FACE('',(#4091),#4321,.T.);
#4473=ADVANCED_FACE('',(#4092),#4322,.F.);
#4474=ADVANCED_FACE('',(#4093),#4323,.T.);
#4475=ADVANCED_FACE('',(#4094),#4324,.T.);
#4476=ADVANCED_FACE('',(#4095),#4325,.F.);
#4477=ADVANCED_FACE('',(#4096),#4326,.F.);
#4478=ADVANCED_FACE('',(#4097),#4327,.T.);
#4479=ADVANCED_FACE('',(#4098),#4328,.T.);
#4480=ADVANCED_FACE('',(#4099),#4329,.T.);
#4481=ADVANCED_FACE('',(#4100),#60,.F.);
#4482=ADVANCED_FACE('',(#4101),#4330,.F.);
#4483=ADVANCED_FACE('',(#4102),#4331,.F.);
#4484=ADVANCED_FACE('',(#4103),#4332,.F.);
#4485=ADVANCED_FACE('',(#4104),#4333,.F.);
#4486=ADVANCED_FACE('',(#4105),#4334,.T.);
#4487=ADVANCED_FACE('',(#4106),#4335,.F.);
#4488=ADVANCED_FACE('',(#4107),#4336,.T.);
#4489=ADVANCED_FACE('',(#4108),#61,.T.);
#4490=ADVANCED_FACE('',(#4109),#62,.F.);
#4491=ADVANCED_FACE('',(#4110),#4337,.T.);
#4492=ADVANCED_FACE('',(#4111),#63,.F.);
#4493=ADVANCED_FACE('',(#4112),#64,.T.);
#4494=ADVANCED_FACE('',(#4113),#4338,.T.);
#4495=ADVANCED_FACE('',(#4114),#26,.T.);
#4496=ADVANCED_FACE('',(#4115),#27,.T.);
#4497=ADVANCED_FACE('',(#4116),#28,.T.);
#4498=ADVANCED_FACE('',(#4117),#29,.T.);
#4499=ADVANCED_FACE('',(#4118,#4119),#65,.F.);
#4500=ADVANCED_FACE('',(#4120),#66,.F.);
#4501=ADVANCED_FACE('',(#4121),#4339,.T.);
#4502=ADVANCED_FACE('',(#4122),#67,.T.);
#4503=ADVANCED_FACE('',(#4123),#68,.T.);
#4504=ADVANCED_FACE('',(#4124),#69,.T.);
#4505=ADVANCED_FACE('',(#4125),#70,.T.);
#4506=ADVANCED_FACE('',(#4126),#71,.T.);
#4507=ADVANCED_FACE('',(#4127),#72,.T.);
#4508=ADVANCED_FACE('',(#4128),#73,.T.);
#4509=ADVANCED_FACE('',(#4129),#74,.T.);
#4510=ADVANCED_FACE('',(#4130),#75,.T.);
#4511=ADVANCED_FACE('',(#4131),#76,.T.);
#4512=ADVANCED_FACE('',(#4132),#77,.T.);
#4513=ADVANCED_FACE('',(#4133),#78,.T.);
#4514=ADVANCED_FACE('',(#4134),#4340,.T.);
#4515=ADVANCED_FACE('',(#4135),#79,.F.);
#4516=ADVANCED_FACE('',(#4136),#80,.F.);
#4517=ADVANCED_FACE('',(#4137),#81,.F.);
#4518=ADVANCED_FACE('',(#4138),#82,.F.);
#4519=ADVANCED_FACE('',(#4139),#83,.F.);
#4520=ADVANCED_FACE('',(#4140),#12,.T.);
#4521=ADVANCED_FACE('',(#4141),#84,.F.);
#4522=ADVANCED_FACE('',(#4142),#85,.F.);
#4523=ADVANCED_FACE('',(#4143),#86,.F.);
#4524=ADVANCED_FACE('',(#4144),#87,.F.);
#4525=ADVANCED_FACE('',(#4145),#88,.F.);
#4526=ADVANCED_FACE('',(#4146),#4341,.T.);
#4527=ADVANCED_FACE('',(#4147),#4342,.T.);
#4528=ADVANCED_FACE('',(#4148),#4343,.T.);
#4529=ADVANCED_FACE('',(#4149),#4344,.T.);
#4530=ADVANCED_FACE('',(#4150),#4345,.T.);
#4531=ADVANCED_FACE('',(#4151),#4346,.T.);
#4532=ADVANCED_FACE('',(#4152),#4347,.T.);
#4533=ADVANCED_FACE('',(#4153),#4348,.T.);
#4534=ADVANCED_FACE('',(#4154),#4349,.T.);
#4535=ADVANCED_FACE('',(#4155),#4350,.T.);
#4536=ADVANCED_FACE('',(#4156),#4351,.T.);
#4537=ADVANCED_FACE('',(#4157),#4352,.T.);
#4538=ADVANCED_FACE('',(#4158),#4353,.T.);
#4539=ADVANCED_FACE('',(#4159),#4354,.T.);
#4540=ADVANCED_FACE('',(#4160),#4355,.T.);
#4541=ADVANCED_FACE('',(#4161),#4356,.T.);
#4542=ADVANCED_FACE('',(#4162),#4357,.T.);
#4543=ADVANCED_FACE('',(#4163),#4358,.T.);
#4544=ADVANCED_FACE('',(#4164),#4359,.T.);
#4545=ADVANCED_FACE('',(#4165),#4360,.T.);
#4546=ADVANCED_FACE('',(#4166),#4361,.T.);
#4547=ADVANCED_FACE('',(#4167),#89,.F.);
#4548=ADVANCED_FACE('',(#4168),#13,.T.);
#4549=ADVANCED_FACE('',(#4169),#90,.F.);
#4550=ADVANCED_FACE('',(#4170),#91,.F.);
#4551=ADVANCED_FACE('',(#4171),#92,.T.);
#4552=ADVANCED_FACE('',(#4172),#93,.T.);
#4553=ADVANCED_FACE('',(#4173),#94,.T.);
#4554=ADVANCED_FACE('',(#4174),#95,.T.);
#4555=ADVANCED_FACE('',(#4175),#96,.T.);
#4556=ADVANCED_FACE('',(#4176),#97,.T.);
#4557=ADVANCED_FACE('',(#4177),#98,.T.);
#4558=ADVANCED_FACE('',(#4178),#99,.T.);
#4559=ADVANCED_FACE('',(#4179),#100,.T.);
#4560=ADVANCED_FACE('',(#4180),#101,.T.);
#4561=ADVANCED_FACE('',(#4181),#102,.F.);
#4562=ADVANCED_FACE('',(#4182),#4362,.T.);
#4563=ADVANCED_FACE('',(#4183),#4363,.T.);
#4564=ADVANCED_FACE('',(#4184),#4364,.T.);
#4565=ADVANCED_FACE('',(#4185),#103,.F.);
#4566=ADVANCED_FACE('',(#4186),#104,.F.);
#4567=ADVANCED_FACE('',(#4187),#105,.F.);
#4568=ADVANCED_FACE('',(#4188),#106,.F.);
#4569=ADVANCED_FACE('',(#4189),#107,.F.);
#4570=ADVANCED_FACE('',(#4190),#108,.F.);
#4571=ADVANCED_FACE('',(#4191),#109,.F.);
#4572=ADVANCED_FACE('',(#4192),#110,.F.);
#4573=ADVANCED_FACE('',(#4193),#111,.F.);
#4574=ADVANCED_FACE('',(#4194),#112,.F.);
#4575=ADVANCED_FACE('',(#4195),#113,.T.);
#4576=ADVANCED_FACE('',(#4196),#114,.T.);
#4577=ADVANCED_FACE('',(#4197),#115,.T.);
#4578=ADVANCED_FACE('',(#4198),#14,.T.);
#4579=ADVANCED_FACE('',(#4199),#15,.T.);
#4580=ADVANCED_FACE('',(#4200),#116,.T.);
#4581=ADVANCED_FACE('',(#4201),#117,.T.);
#4582=ADVANCED_FACE('',(#4202),#118,.T.);
#4583=ADVANCED_FACE('',(#4203),#119,.T.);
#4584=ADVANCED_FACE('',(#4204),#4365,.T.);
#4585=ADVANCED_FACE('',(#4205),#120,.F.);
#4586=ADVANCED_FACE('',(#4206),#121,.F.);
#4587=ADVANCED_FACE('',(#4207),#122,.F.);
#4588=ADVANCED_FACE('',(#4208),#123,.F.);
#4589=ADVANCED_FACE('',(#4209),#124,.F.);
#4590=ADVANCED_FACE('',(#4210),#125,.F.);
#4591=ADVANCED_FACE('',(#4211),#126,.F.);
#4592=ADVANCED_FACE('',(#4212),#4366,.T.);
#4593=ADVANCED_FACE('',(#4213),#4367,.T.);
#4594=ADVANCED_FACE('',(#4214),#4368,.T.);
#4595=ADVANCED_FACE('',(#4215),#4369,.T.);
#4596=ADVANCED_FACE('',(#4216),#4370,.T.);
#4597=ADVANCED_FACE('',(#4217),#4371,.T.);
#4598=ADVANCED_FACE('',(#4218),#4372,.T.);
#4599=ADVANCED_FACE('',(#4219),#4373,.T.);
#4600=ADVANCED_FACE('',(#4220),#4374,.T.);
#4601=ADVANCED_FACE('',(#4221),#4375,.T.);
#4602=ADVANCED_FACE('',(#4222),#4376,.T.);
#4603=ADVANCED_FACE('',(#4223),#4377,.T.);
#4604=ADVANCED_FACE('',(#4224,#4225),#4378,.T.);
#4605=ADVANCED_FACE('',(#4226),#127,.T.);
#4606=ADVANCED_FACE('',(#4227),#4379,.T.);
#4607=ADVANCED_FACE('',(#4228),#4380,.T.);
#4608=ADVANCED_FACE('',(#4229),#4381,.T.);
#4609=ADVANCED_FACE('',(#4230),#128,.T.);
#4610=ADVANCED_FACE('',(#4231),#129,.T.);
#4611=ADVANCED_FACE('',(#4232),#130,.T.);
#4612=ADVANCED_FACE('',(#4233),#131,.T.);
#4613=ADVANCED_FACE('',(#4234),#16,.T.);
#4614=ADVANCED_FACE('',(#4235),#132,.T.);
#4615=ADVANCED_FACE('',(#4236),#17,.T.);
#4616=ADVANCED_FACE('',(#4237),#4382,.T.);
#4617=ADVANCED_FACE('',(#4238),#4383,.T.);
#4618=ADVANCED_FACE('',(#4239),#4384,.T.);
#4619=ADVANCED_FACE('',(#4240),#18,.T.);
#4620=ADVANCED_FACE('',(#4241),#133,.T.);
#4621=ADVANCED_FACE('',(#4242),#134,.F.);
#4622=ADVANCED_FACE('',(#4243),#135,.F.);
#4623=ADVANCED_FACE('',(#4244),#136,.F.);
#4624=ADVANCED_FACE('',(#4245),#137,.F.);
#4625=ADVANCED_FACE('',(#4246),#138,.F.);
#4626=ADVANCED_FACE('',(#4247),#139,.F.);
#4627=ADVANCED_FACE('',(#4248),#140,.F.);
#4628=ADVANCED_FACE('',(#4249),#141,.F.);
#4629=ADVANCED_FACE('',(#4250),#142,.F.);
#4630=ADVANCED_FACE('',(#4251),#4385,.T.);
#4631=ADVANCED_FACE('',(#4252),#4386,.T.);
#4632=ADVANCED_FACE('',(#4253),#4387,.T.);
#4633=ADVANCED_FACE('',(#4254),#4388,.T.);
#4634=ADVANCED_FACE('',(#4255),#143,.F.);
#4635=ADVANCED_FACE('',(#4256),#144,.F.);
#4636=ADVANCED_FACE('',(#4257),#145,.F.);
#4637=ADVANCED_FACE('',(#4258),#146,.F.);
#4638=ADVANCED_FACE('',(#4259),#147,.F.);
#4639=ADVANCED_FACE('',(#4260),#148,.F.);
#4640=ADVANCED_FACE('',(#4261),#149,.F.);
#4641=ADVANCED_FACE('',(#4262),#19,.T.);
#4642=ADVANCED_FACE('',(#4263),#150,.F.);
#4643=ADVANCED_FACE('',(#4264),#151,.T.);
#4644=ADVANCED_FACE('',(#4265,#4266,#4267),#4389,.T.);
#4645=ADVANCED_FACE('',(#4268),#4390,.T.);
#4646=ADVANCED_FACE('',(#4269),#4391,.T.);
#4647=ADVANCED_FACE('',(#4270),#4392,.T.);
#4648=ADVANCED_FACE('',(#4271,#4272),#30,.T.);
#4649=CLOSED_SHELL('',(#4393,#4394,#4395,#4396,#4397,#4398,#4399,#4400,
#4401,#4402,#4403,#4404,#4405,#4406,#4407,#4408,#4409,#4410,#4411,#4412,
#4413,#4414,#4415,#4416,#4417,#4418,#4419,#4420,#4421,#4422,#4423,#4424,
#4425,#4426,#4427,#4428,#4429,#4430,#4431,#4432,#4433,#4434,#4435,#4436,
#4437,#4438,#4439,#4440,#4441,#4442,#4443,#4444,#4445,#4446,#4447,#4448,
#4449,#4450,#4451,#4452,#4453,#4454,#4455,#4456,#4457,#4458,#4459,#4460,
#4461,#4462,#4463,#4464,#4465,#4466,#4467,#4468,#4469,#4470,#4471,#4472,
#4473,#4474,#4475,#4476,#4477,#4478,#4479,#4480,#4481,#4482,#4483,#4484,
#4485,#4486,#4487,#4488,#4489,#4490,#4491,#4492,#4493,#4494,#4495,#4496,
#4497,#4498,#4499,#4500,#4501,#4502,#4503,#4504,#4505,#4506,#4507,#4508,
#4509,#4510,#4511,#4512,#4513,#4514,#4515,#4516,#4517,#4518,#4519,#4520,
#4521,#4522,#4523,#4524,#4525,#4526,#4527,#4528,#4529,#4530,#4531,#4532,
#4533,#4534,#4535,#4536,#4537,#4538,#4539,#4540,#4541,#4542,#4543,#4544,
#4545,#4546,#4547,#4548,#4549,#4550,#4551,#4552,#4553,#4554,#4555,#4556,
#4557,#4558,#4559,#4560,#4561,#4562,#4563,#4564,#4565,#4566,#4567,#4568,
#4569,#4570,#4571,#4572,#4573,#4574,#4575,#4576,#4577,#4578,#4579,#4580,
#4581,#4582,#4583,#4584,#4585,#4586,#4587,#4588,#4589,#4590,#4591,#4592,
#4593,#4594,#4595,#4596,#4597,#4598,#4599,#4600,#4601,#4602,#4603,#4604,
#4605,#4606,#4607,#4608,#4609,#4610,#4611,#4612,#4613,#4614,#4615,#4616,
#4617,#4618,#4619,#4620,#4621,#4622,#4623,#4624,#4625,#4626,#4627,#4628,
#4629,#4630,#4631,#4632,#4633,#4634,#4635,#4636,#4637,#4638,#4639,#4640,
#4641,#4642,#4643,#4644,#4645,#4646,#4647,#4648));
#4650=STYLED_ITEM('',(#4651),#4658);
#4651=PRESENTATION_STYLE_ASSIGNMENT((#4652));
#4652=SURFACE_STYLE_USAGE(.BOTH.,#4653);
#4653=SURFACE_SIDE_STYLE('',(#4654));
#4654=SURFACE_STYLE_FILL_AREA(#4655);
#4655=FILL_AREA_STYLE('',(#4656));
#4656=FILL_AREA_STYLE_COLOUR('',#4657);
#4657=COLOUR_RGB('',0.498039215686275,0.498039215686275,0.498039215686275);
#4658=MANIFOLD_SOLID_BREP('Part 1',#4649);
#4659=SHAPE_DEFINITION_REPRESENTATION(#8030,#4660);
#4660=SHAPE_REPRESENTATION('Part 1',(#4661),#8025);
#4661=AXIS2_PLACEMENT_3D('',#6533,#5151,#5152);
#4662=AXIS2_PLACEMENT_3D('',#6534,#5153,#5154);
#4663=AXIS2_PLACEMENT_3D('',#6535,#5155,#5156);
#4664=AXIS2_PLACEMENT_3D('',#6564,#5170,#5171);
#4665=AXIS2_PLACEMENT_3D('',#6566,#5172,#5173);
#4666=AXIS2_PLACEMENT_3D('',#6568,#5174,#5175);
#4667=AXIS2_PLACEMENT_3D('',#6570,#5176,#5177);
#4668=AXIS2_PLACEMENT_3D('',#6572,#5178,#5179);
#4669=AXIS2_PLACEMENT_3D('',#6574,#5180,#5181);
#4670=AXIS2_PLACEMENT_3D('',#6580,#5182,#5183);
#4671=AXIS2_PLACEMENT_3D('',#6582,#5184,#5185);
#4672=AXIS2_PLACEMENT_3D('',#6584,#5186,#5187);
#4673=AXIS2_PLACEMENT_3D('',#6586,#5188,#5189);
#4674=AXIS2_PLACEMENT_3D('',#6588,#5190,#5191);
#4675=AXIS2_PLACEMENT_3D('',#6592,#5193,#5194);
#4676=AXIS2_PLACEMENT_3D('',#6594,#5195,#5196);
#4677=AXIS2_PLACEMENT_3D('',#6596,#5197,#5198);
#4678=AXIS2_PLACEMENT_3D('',#6598,#5199,#5200);
#4679=AXIS2_PLACEMENT_3D('',#6600,#5201,#5202);
#4680=AXIS2_PLACEMENT_3D('',#6602,#5203,#5204);
#4681=AXIS2_PLACEMENT_3D('',#6604,#5205,#5206);
#4682=AXIS2_PLACEMENT_3D('',#6606,#5207,#5208);
#4683=AXIS2_PLACEMENT_3D('',#6608,#5209,#5210);
#4684=AXIS2_PLACEMENT_3D('',#6610,#5211,#5212);
#4685=AXIS2_PLACEMENT_3D('',#6612,#5213,#5214);
#4686=AXIS2_PLACEMENT_3D('',#6614,#5215,#5216);
#4687=AXIS2_PLACEMENT_3D('',#6656,#5235,#5236);
#4688=AXIS2_PLACEMENT_3D('',#6658,#5237,#5238);
#4689=AXIS2_PLACEMENT_3D('',#6660,#5239,#5240);
#4690=AXIS2_PLACEMENT_3D('',#6662,#5241,#5242);
#4691=AXIS2_PLACEMENT_3D('',#6664,#5243,#5244);
#4692=AXIS2_PLACEMENT_3D('',#6666,#5245,#5246);
#4693=AXIS2_PLACEMENT_3D('',#6668,#5247,#5248);
#4694=AXIS2_PLACEMENT_3D('',#6670,#5249,#5250);
#4695=AXIS2_PLACEMENT_3D('',#6674,#5252,#5253);
#4696=AXIS2_PLACEMENT_3D('',#6676,#5254,#5255);
#4697=AXIS2_PLACEMENT_3D('',#6678,#5256,#5257);
#4698=AXIS2_PLACEMENT_3D('',#6680,#5258,#5259);
#4699=AXIS2_PLACEMENT_3D('',#6690,#5260,#5261);
#4700=AXIS2_PLACEMENT_3D('',#6692,#5262,#5263);
#4701=AXIS2_PLACEMENT_3D('',#6694,#5264,#5265);
#4702=AXIS2_PLACEMENT_3D('',#6696,#5266,#5267);
#4703=AXIS2_PLACEMENT_3D('',#6698,#5268,#5269);
#4704=AXIS2_PLACEMENT_3D('',#6700,#5270,#5271);
#4705=AXIS2_PLACEMENT_3D('',#6702,#5272,#5273);
#4706=AXIS2_PLACEMENT_3D('',#6704,#5274,#5275);
#4707=AXIS2_PLACEMENT_3D('',#6706,#5276,#5277);
#4708=AXIS2_PLACEMENT_3D('',#6708,#5278,#5279);
#4709=AXIS2_PLACEMENT_3D('',#6710,#5280,#5281);
#4710=AXIS2_PLACEMENT_3D('',#6712,#5282,#5283);
#4711=AXIS2_PLACEMENT_3D('',#6714,#5284,#5285);
#4712=AXIS2_PLACEMENT_3D('',#6722,#5289,#5290);
#4713=AXIS2_PLACEMENT_3D('',#6724,#5291,#5292);
#4714=AXIS2_PLACEMENT_3D('',#6726,#5293,#5294);
#4715=AXIS2_PLACEMENT_3D('',#6728,#5295,#5296);
#4716=AXIS2_PLACEMENT_3D('',#6730,#5297,#5298);
#4717=AXIS2_PLACEMENT_3D('',#6732,#5299,#5300);
#4718=AXIS2_PLACEMENT_3D('',#6734,#5301,#5302);
#4719=AXIS2_PLACEMENT_3D('',#6736,#5303,#5304);
#4720=AXIS2_PLACEMENT_3D('',#6738,#5305,#5306);
#4721=AXIS2_PLACEMENT_3D('',#6740,#5307,#5308);
#4722=AXIS2_PLACEMENT_3D('',#6742,#5309,#5310);
#4723=AXIS2_PLACEMENT_3D('',#6744,#5311,#5312);
#4724=AXIS2_PLACEMENT_3D('',#6746,#5313,#5314);
#4725=AXIS2_PLACEMENT_3D('',#6747,#5315,#5316);
#4726=AXIS2_PLACEMENT_3D('',#6750,#5317,#5318);
#4727=AXIS2_PLACEMENT_3D('',#6752,#5319,#5320);
#4728=AXIS2_PLACEMENT_3D('',#6754,#5321,#5322);
#4729=AXIS2_PLACEMENT_3D('',#6756,#5323,#5324);
#4730=AXIS2_PLACEMENT_3D('',#6758,#5325,#5326);
#4731=AXIS2_PLACEMENT_3D('',#6760,#5327,#5328);
#4732=AXIS2_PLACEMENT_3D('',#6762,#5329,#5330);
#4733=AXIS2_PLACEMENT_3D('',#6764,#5331,#5332);
#4734=AXIS2_PLACEMENT_3D('',#6766,#5333,#5334);
#4735=AXIS2_PLACEMENT_3D('',#6776,#5339,#5340);
#4736=AXIS2_PLACEMENT_3D('',#6778,#5341,#5342);
#4737=AXIS2_PLACEMENT_3D('',#6780,#5343,#5344);
#4738=AXIS2_PLACEMENT_3D('',#6782,#5345,#5346);
#4739=AXIS2_PLACEMENT_3D('',#6784,#5347,#5348);
#4740=AXIS2_PLACEMENT_3D('',#6786,#5349,#5350);
#4741=AXIS2_PLACEMENT_3D('',#6788,#5351,#5352);
#4742=AXIS2_PLACEMENT_3D('',#6789,#5353,#5354);
#4743=AXIS2_PLACEMENT_3D('',#6790,#5355,#5356);
#4744=AXIS2_PLACEMENT_3D('',#6792,#5357,#5358);
#4745=AXIS2_PLACEMENT_3D('',#6835,#5367,#5368);
#4746=AXIS2_PLACEMENT_3D('',#6839,#5370,#5371);
#4747=AXIS2_PLACEMENT_3D('',#6862,#5383,#5384);
#4748=AXIS2_PLACEMENT_3D('',#6863,#5385,#5386);
#4749=AXIS2_PLACEMENT_3D('',#6872,#5391,#5392);
#4750=AXIS2_PLACEMENT_3D('',#6873,#5393,#5394);
#4751=AXIS2_PLACEMENT_3D('',#6882,#5399,#5400);
#4752=AXIS2_PLACEMENT_3D('',#6907,#5410,#5411);
#4753=AXIS2_PLACEMENT_3D('',#6908,#5412,#5413);
#4754=AXIS2_PLACEMENT_3D('',#6936,#5419,#5420);
#4755=AXIS2_PLACEMENT_3D('',#6938,#5421,#5422);
#4756=AXIS2_PLACEMENT_3D('',#6940,#5423,#5424);
#4757=AXIS2_PLACEMENT_3D('',#6956,#5433,#5434);
#4758=AXIS2_PLACEMENT_3D('',#6957,#5435,#5436);
#4759=AXIS2_PLACEMENT_3D('',#6969,#5443,#5444);
#4760=AXIS2_PLACEMENT_3D('',#6977,#5449,#5450);
#4761=AXIS2_PLACEMENT_3D('',#6978,#5451,#5452);
#4762=AXIS2_PLACEMENT_3D('',#6997,#5462,#5463);
#4763=AXIS2_PLACEMENT_3D('',#7015,#5473,#5474);
#4764=AXIS2_PLACEMENT_3D('',#7024,#5479,#5480);
#4765=AXIS2_PLACEMENT_3D('',#7033,#5485,#5486);
#4766=AXIS2_PLACEMENT_3D('',#7035,#5487,#5488);
#4767=AXIS2_PLACEMENT_3D('',#7037,#5489,#5490);
#4768=AXIS2_PLACEMENT_3D('',#7039,#5491,#5492);
#4769=AXIS2_PLACEMENT_3D('',#7041,#5493,#5494);
#4770=AXIS2_PLACEMENT_3D('',#7043,#5495,#5496);
#4771=AXIS2_PLACEMENT_3D('',#7048,#5498,#5499);
#4772=AXIS2_PLACEMENT_3D('',#7052,#5501,#5502);
#4773=AXIS2_PLACEMENT_3D('',#7056,#5504,#5505);
#4774=AXIS2_PLACEMENT_3D('',#7059,#5507,#5508);
#4775=AXIS2_PLACEMENT_3D('',#7060,#5509,#5510);
#4776=AXIS2_PLACEMENT_3D('',#7062,#5511,#5512);
#4777=AXIS2_PLACEMENT_3D('',#7064,#5513,#5514);
#4778=AXIS2_PLACEMENT_3D('',#7065,#5515,#5516);
#4779=AXIS2_PLACEMENT_3D('',#7067,#5517,#5518);
#4780=AXIS2_PLACEMENT_3D('',#7069,#5519,#5520);
#4781=AXIS2_PLACEMENT_3D('',#7070,#5521,#5522);
#4782=AXIS2_PLACEMENT_3D('',#7072,#5523,#5524);
#4783=AXIS2_PLACEMENT_3D('',#7074,#5525,#5526);
#4784=AXIS2_PLACEMENT_3D('',#7075,#5527,#5528);
#4785=AXIS2_PLACEMENT_3D('',#7077,#5529,#5530);
#4786=AXIS2_PLACEMENT_3D('',#7079,#5531,#5532);
#4787=AXIS2_PLACEMENT_3D('',#7088,#5537,#5538);
#4788=AXIS2_PLACEMENT_3D('',#7094,#5542,#5543);
#4789=AXIS2_PLACEMENT_3D('',#7100,#5547,#5548);
#4790=AXIS2_PLACEMENT_3D('',#7103,#5551,#5552);
#4791=AXIS2_PLACEMENT_3D('',#7104,#5553,#5554);
#4792=AXIS2_PLACEMENT_3D('',#7122,#5565,#5566);
#4793=AXIS2_PLACEMENT_3D('',#7123,#5567,#5568);
#4794=AXIS2_PLACEMENT_3D('',#7125,#5569,#5570);
#4795=AXIS2_PLACEMENT_3D('',#7127,#5571,#5572);
#4796=AXIS2_PLACEMENT_3D('',#7133,#5576,#5577);
#4797=AXIS2_PLACEMENT_3D('',#7138,#5581,#5582);
#4798=AXIS2_PLACEMENT_3D('',#7140,#5584,#5585);
#4799=AXIS2_PLACEMENT_3D('',#7141,#5586,#5587);
#4800=AXIS2_PLACEMENT_3D('',#7143,#5588,#5589);
#4801=AXIS2_PLACEMENT_3D('',#7144,#5590,#5591);
#4802=AXIS2_PLACEMENT_3D('',#7145,#5592,#5593);
#4803=AXIS2_PLACEMENT_3D('',#7147,#5594,#5595);
#4804=AXIS2_PLACEMENT_3D('',#7148,#5596,#5597);
#4805=AXIS2_PLACEMENT_3D('',#7149,#5598,#5599);
#4806=AXIS2_PLACEMENT_3D('',#7151,#5600,#5601);
#4807=AXIS2_PLACEMENT_3D('',#7152,#5602,#5603);
#4808=AXIS2_PLACEMENT_3D('',#7153,#5604,#5605);
#4809=AXIS2_PLACEMENT_3D('',#7155,#5606,#5607);
#4810=AXIS2_PLACEMENT_3D('',#7156,#5608,#5609);
#4811=AXIS2_PLACEMENT_3D('',#7162,#5613,#5614);
#4812=AXIS2_PLACEMENT_3D('',#7166,#5617,#5618);
#4813=AXIS2_PLACEMENT_3D('',#7170,#5621,#5622);
#4814=AXIS2_PLACEMENT_3D('',#7172,#5624,#5625);
#4815=AXIS2_PLACEMENT_3D('',#7173,#5626,#5627);
#4816=AXIS2_PLACEMENT_3D('',#7174,#5628,#5629);
#4817=AXIS2_PLACEMENT_3D('',#7175,#5630,#5631);
#4818=AXIS2_PLACEMENT_3D('',#7181,#5635,#5636);
#4819=AXIS2_PLACEMENT_3D('',#7182,#5637,#5638);
#4820=AXIS2_PLACEMENT_3D('',#7183,#5639,#5640);
#4821=AXIS2_PLACEMENT_3D('',#7184,#5641,#5642);
#4822=AXIS2_PLACEMENT_3D('',#7185,#5643,#5644);
#4823=AXIS2_PLACEMENT_3D('',#7186,#5645,#5646);
#4824=AXIS2_PLACEMENT_3D('',#7187,#5647,#5648);
#4825=AXIS2_PLACEMENT_3D('',#7188,#5649,#5650);
#4826=AXIS2_PLACEMENT_3D('',#7189,#5651,#5652);
#4827=AXIS2_PLACEMENT_3D('',#7190,#5653,#5654);
#4828=AXIS2_PLACEMENT_3D('',#7191,#5655,#5656);
#4829=AXIS2_PLACEMENT_3D('',#7192,#5657,#5658);
#4830=AXIS2_PLACEMENT_3D('',#7193,#5659,#5660);
#4831=AXIS2_PLACEMENT_3D('',#7194,#5661,#5662);
#4832=AXIS2_PLACEMENT_3D('',#7195,#5663,#5664);
#4833=AXIS2_PLACEMENT_3D('',#7196,#5665,#5666);
#4834=AXIS2_PLACEMENT_3D('',#7197,#5667,#5668);
#4835=AXIS2_PLACEMENT_3D('',#7198,#5669,#5670);
#4836=AXIS2_PLACEMENT_3D('',#7199,#5671,#5672);
#4837=AXIS2_PLACEMENT_3D('',#7200,#5673,#5674);
#4838=AXIS2_PLACEMENT_3D('',#7201,#5675,#5676);
#4839=AXIS2_PLACEMENT_3D('',#7202,#5677,#5678);
#4840=AXIS2_PLACEMENT_3D('',#7203,#5679,#5680);
#4841=AXIS2_PLACEMENT_3D('',#7204,#5681,#5682);
#4842=AXIS2_PLACEMENT_3D('',#7205,#5683,#5684);
#4843=AXIS2_PLACEMENT_3D('',#7206,#5685,#5686);
#4844=AXIS2_PLACEMENT_3D('',#7207,#5687,#5688);
#4845=AXIS2_PLACEMENT_3D('',#7208,#5689,#5690);
#4846=AXIS2_PLACEMENT_3D('',#7209,#5691,#5692);
#4847=AXIS2_PLACEMENT_3D('',#7210,#5693,#5694);
#4848=AXIS2_PLACEMENT_3D('',#7211,#5695,#5696);
#4849=AXIS2_PLACEMENT_3D('',#7212,#5697,#5698);
#4850=AXIS2_PLACEMENT_3D('',#7213,#5699,#5700);
#4851=AXIS2_PLACEMENT_3D('',#7214,#5701,#5702);
#4852=AXIS2_PLACEMENT_3D('',#7215,#5703,#5704);
#4853=AXIS2_PLACEMENT_3D('',#7219,#5707,#5708);
#4854=AXIS2_PLACEMENT_3D('',#7221,#5710,#5711);
#4855=AXIS2_PLACEMENT_3D('',#7225,#5715,#5716);
#4856=AXIS2_PLACEMENT_3D('',#7229,#5719,#5720);
#4857=AXIS2_PLACEMENT_3D('',#7239,#5726,#5727);
#4858=AXIS2_PLACEMENT_3D('',#7243,#5730,#5731);
#4859=AXIS2_PLACEMENT_3D('',#7253,#5737,#5738);
#4860=AXIS2_PLACEMENT_3D('',#7256,#5741,#5742);
#4861=AXIS2_PLACEMENT_3D('',#7258,#5744,#5745);
#4862=AXIS2_PLACEMENT_3D('',#7259,#5746,#5747);
#4863=AXIS2_PLACEMENT_3D('',#7261,#5748,#5749);
#4864=AXIS2_PLACEMENT_3D('',#7262,#5750,#5751);
#4865=AXIS2_PLACEMENT_3D('',#7263,#5752,#5753);
#4866=AXIS2_PLACEMENT_3D('',#7265,#5754,#5755);
#4867=AXIS2_PLACEMENT_3D('',#7266,#5756,#5757);
#4868=AXIS2_PLACEMENT_3D('',#7267,#5758,#5759);
#4869=AXIS2_PLACEMENT_3D('',#7269,#5760,#5761);
#4870=AXIS2_PLACEMENT_3D('',#7270,#5762,#5763);
#4871=AXIS2_PLACEMENT_3D('',#7271,#5764,#5765);
#4872=AXIS2_PLACEMENT_3D('',#7273,#5766,#5767);
#4873=AXIS2_PLACEMENT_3D('',#7274,#5768,#5769);
#4874=AXIS2_PLACEMENT_3D('',#7275,#5770,#5771);
#4875=AXIS2_PLACEMENT_3D('',#7277,#5773,#5774);
#4876=AXIS2_PLACEMENT_3D('',#7279,#5776,#5777);
#4877=AXIS2_PLACEMENT_3D('',#7280,#5778,#5779);
#4878=AXIS2_PLACEMENT_3D('',#7281,#5780,#5781);
#4879=AXIS2_PLACEMENT_3D('',#7283,#5783,#5784);
#4880=AXIS2_PLACEMENT_3D('',#7284,#5785,#5786);
#4881=AXIS2_PLACEMENT_3D('',#7286,#5788,#5789);
#4882=AXIS2_PLACEMENT_3D('',#7287,#5790,#5791);
#4883=AXIS2_PLACEMENT_3D('',#7289,#5793,#5794);
#4884=AXIS2_PLACEMENT_3D('',#7291,#5796,#5797);
#4885=AXIS2_PLACEMENT_3D('',#7293,#5799,#5800);
#4886=AXIS2_PLACEMENT_3D('',#7295,#5802,#5803);
#4887=AXIS2_PLACEMENT_3D('',#7296,#5804,#5805);
#4888=AXIS2_PLACEMENT_3D('',#7297,#5806,#5807);
#4889=AXIS2_PLACEMENT_3D('',#7299,#5809,#5810);
#4890=AXIS2_PLACEMENT_3D('',#7301,#5812,#5813);
#4891=AXIS2_PLACEMENT_3D('',#7305,#5816,#5817);
#4892=AXIS2_PLACEMENT_3D('',#7307,#5819,#5820);
#4893=AXIS2_PLACEMENT_3D('',#7311,#5823,#5824);
#4894=AXIS2_PLACEMENT_3D('',#7313,#5826,#5827);
#4895=AXIS2_PLACEMENT_3D('',#7314,#5828,#5829);
#4896=AXIS2_PLACEMENT_3D('',#7315,#5830,#5831);
#4897=AXIS2_PLACEMENT_3D('',#7316,#5832,#5833);
#4898=AXIS2_PLACEMENT_3D('',#7317,#5834,#5835);
#4899=AXIS2_PLACEMENT_3D('',#7318,#5836,#5837);
#4900=AXIS2_PLACEMENT_3D('',#7319,#5838,#5839);
#4901=AXIS2_PLACEMENT_3D('',#7320,#5840,#5841);
#4902=AXIS2_PLACEMENT_3D('',#7321,#5842,#5843);
#4903=AXIS2_PLACEMENT_3D('',#7322,#5844,#5845);
#4904=AXIS2_PLACEMENT_3D('',#7323,#5846,#5847);
#4905=AXIS2_PLACEMENT_3D('',#7324,#5848,#5849);
#4906=AXIS2_PLACEMENT_3D('',#7325,#5850,#5851);
#4907=AXIS2_PLACEMENT_3D('',#7326,#5852,#5853);
#4908=AXIS2_PLACEMENT_3D('',#7327,#5854,#5855);
#4909=AXIS2_PLACEMENT_3D('',#7328,#5856,#5857);
#4910=AXIS2_PLACEMENT_3D('',#7329,#5858,#5859);
#4911=AXIS2_PLACEMENT_3D('',#7330,#5860,#5861);
#4912=AXIS2_PLACEMENT_3D('',#7331,#5862,#5863);
#4913=AXIS2_PLACEMENT_3D('',#7332,#5864,#5865);
#4914=AXIS2_PLACEMENT_3D('',#7333,#5866,#5867);
#4915=AXIS2_PLACEMENT_3D('',#7334,#5868,#5869);
#4916=AXIS2_PLACEMENT_3D('',#7336,#5870,#5871);
#4917=AXIS2_PLACEMENT_3D('',#7339,#5873,#5874);
#4918=AXIS2_PLACEMENT_3D('',#7342,#5876,#5877);
#4919=AXIS2_PLACEMENT_3D('',#7346,#5880,#5881);
#4920=AXIS2_PLACEMENT_3D('',#7349,#5883,#5884);
#4921=AXIS2_PLACEMENT_3D('',#7350,#5885,#5886);
#4922=AXIS2_PLACEMENT_3D('',#7353,#5888,#5889);
#4923=AXIS2_PLACEMENT_3D('',#7354,#5890,#5891);
#4924=AXIS2_PLACEMENT_3D('',#7357,#5893,#5894);
#4925=AXIS2_PLACEMENT_3D('',#7358,#5895,#5896);
#4926=AXIS2_PLACEMENT_3D('',#7361,#5898,#5899);
#4927=AXIS2_PLACEMENT_3D('',#7362,#5900,#5901);
#4928=AXIS2_PLACEMENT_3D('',#7365,#5903,#5904);
#4929=AXIS2_PLACEMENT_3D('',#7366,#5905,#5906);
#4930=AXIS2_PLACEMENT_3D('',#7369,#5908,#5909);
#4931=AXIS2_PLACEMENT_3D('',#7370,#5910,#5911);
#4932=AXIS2_PLACEMENT_3D('',#7373,#5913,#5914);
#4933=AXIS2_PLACEMENT_3D('',#7374,#5915,#5916);
#4934=AXIS2_PLACEMENT_3D('',#7377,#5918,#5919);
#4935=AXIS2_PLACEMENT_3D('',#7378,#5920,#5921);
#4936=AXIS2_PLACEMENT_3D('',#7381,#5923,#5924);
#4937=AXIS2_PLACEMENT_3D('',#7382,#5925,#5926);
#4938=AXIS2_PLACEMENT_3D('',#7385,#5928,#5929);
#4939=AXIS2_PLACEMENT_3D('',#7386,#5930,#5931);
#4940=AXIS2_PLACEMENT_3D('',#7389,#5933,#5934);
#4941=AXIS2_PLACEMENT_3D('',#7390,#5935,#5936);
#4942=AXIS2_PLACEMENT_3D('',#7393,#5938,#5939);
#4943=AXIS2_PLACEMENT_3D('',#7394,#5940,#5941);
#4944=AXIS2_PLACEMENT_3D('',#7398,#5944,#5945);
#4945=AXIS2_PLACEMENT_3D('',#7401,#5947,#5948);
#4946=AXIS2_PLACEMENT_3D('',#7402,#5949,#5950);
#4947=AXIS2_PLACEMENT_3D('',#7405,#5952,#5953);
#4948=AXIS2_PLACEMENT_3D('',#7406,#5954,#5955);
#4949=AXIS2_PLACEMENT_3D('',#7409,#5957,#5958);
#4950=AXIS2_PLACEMENT_3D('',#7410,#5959,#5960);
#4951=AXIS2_PLACEMENT_3D('',#7413,#5962,#5963);
#4952=AXIS2_PLACEMENT_3D('',#7414,#5964,#5965);
#4953=AXIS2_PLACEMENT_3D('',#7417,#5967,#5968);
#4954=AXIS2_PLACEMENT_3D('',#7431,#5970,#5971);
#4955=AXIS2_PLACEMENT_3D('',#7434,#5973,#5974);
#4956=AXIS2_PLACEMENT_3D('',#7435,#5975,#5976);
#4957=AXIS2_PLACEMENT_3D('',#7438,#5978,#5979);
#4958=AXIS2_PLACEMENT_3D('',#7439,#5980,#5981);
#4959=AXIS2_PLACEMENT_3D('',#7442,#5983,#5984);
#4960=AXIS2_PLACEMENT_3D('',#7443,#5985,#5986);
#4961=AXIS2_PLACEMENT_3D('',#7446,#5988,#5989);
#4962=AXIS2_PLACEMENT_3D('',#7447,#5990,#5991);
#4963=AXIS2_PLACEMENT_3D('',#7448,#5992,#5993);
#4964=AXIS2_PLACEMENT_3D('',#7449,#5994,#5995);
#4965=AXIS2_PLACEMENT_3D('',#7450,#5996,#5997);
#4966=AXIS2_PLACEMENT_3D('',#7456,#6001,#6002);
#4967=AXIS2_PLACEMENT_3D('',#7460,#6005,#6006);
#4968=AXIS2_PLACEMENT_3D('',#7464,#6009,#6010);
#4969=AXIS2_PLACEMENT_3D('',#7468,#6013,#6014);
#4970=AXIS2_PLACEMENT_3D('',#7472,#6017,#6018);
#4971=AXIS2_PLACEMENT_3D('',#7474,#6020,#6021);
#4972=AXIS2_PLACEMENT_3D('',#7475,#6022,#6023);
#4973=AXIS2_PLACEMENT_3D('',#7481,#6027,#6028);
#4974=AXIS2_PLACEMENT_3D('',#7485,#6031,#6032);
#4975=AXIS2_PLACEMENT_3D('',#7489,#6035,#6036);
#4976=AXIS2_PLACEMENT_3D('',#7493,#6039,#6040);
#4977=AXIS2_PLACEMENT_3D('',#7497,#6043,#6044);
#4978=AXIS2_PLACEMENT_3D('',#7501,#6047,#6048);
#4979=AXIS2_PLACEMENT_3D('',#7505,#6051,#6052);
#4980=AXIS2_PLACEMENT_3D('',#7509,#6055,#6056);
#4981=AXIS2_PLACEMENT_3D('',#7513,#6059,#6060);
#4982=AXIS2_PLACEMENT_3D('',#7517,#6063,#6064);
#4983=AXIS2_PLACEMENT_3D('',#7521,#6067,#6068);
#4984=AXIS2_PLACEMENT_3D('',#7523,#6070,#6071);
#4985=AXIS2_PLACEMENT_3D('',#7524,#6072,#6073);
#4986=AXIS2_PLACEMENT_3D('',#7527,#6075,#6076);
#4987=AXIS2_PLACEMENT_3D('',#7543,#6079,#6080);
#4988=AXIS2_PLACEMENT_3D('',#7546,#6082,#6083);
#4989=AXIS2_PLACEMENT_3D('',#7547,#6084,#6085);
#4990=AXIS2_PLACEMENT_3D('',#7550,#6087,#6088);
#4991=AXIS2_PLACEMENT_3D('',#7551,#6089,#6090);
#4992=AXIS2_PLACEMENT_3D('',#7554,#6092,#6093);
#4993=AXIS2_PLACEMENT_3D('',#7555,#6094,#6095);
#4994=AXIS2_PLACEMENT_3D('',#7558,#6097,#6098);
#4995=AXIS2_PLACEMENT_3D('',#7559,#6099,#6100);
#4996=AXIS2_PLACEMENT_3D('',#7562,#6102,#6103);
#4997=AXIS2_PLACEMENT_3D('',#7563,#6104,#6105);
#4998=AXIS2_PLACEMENT_3D('',#7566,#6107,#6108);
#4999=AXIS2_PLACEMENT_3D('',#7567,#6109,#6110);
#5000=AXIS2_PLACEMENT_3D('',#7570,#6112,#6113);
#5001=AXIS2_PLACEMENT_3D('',#7571,#6114,#6115);
#5002=AXIS2_PLACEMENT_3D('',#7574,#6117,#6118);
#5003=AXIS2_PLACEMENT_3D('',#7575,#6119,#6120);
#5004=AXIS2_PLACEMENT_3D('',#7578,#6122,#6123);
#5005=AXIS2_PLACEMENT_3D('',#7579,#6124,#6125);
#5006=AXIS2_PLACEMENT_3D('',#7582,#6127,#6128);
#5007=AXIS2_PLACEMENT_3D('',#7583,#6129,#6130);
#5008=AXIS2_PLACEMENT_3D('',#7586,#6132,#6133);
#5009=AXIS2_PLACEMENT_3D('',#7587,#6134,#6135);
#5010=AXIS2_PLACEMENT_3D('',#7590,#6137,#6138);
#5011=AXIS2_PLACEMENT_3D('',#7591,#6139,#6140);
#5012=AXIS2_PLACEMENT_3D('',#7594,#6142,#6143);
#5013=AXIS2_PLACEMENT_3D('',#7595,#6144,#6145);
#5014=AXIS2_PLACEMENT_3D('',#7599,#6148,#6149);
#5015=AXIS2_PLACEMENT_3D('',#7603,#6152,#6153);
#5016=AXIS2_PLACEMENT_3D('',#7607,#6156,#6157);
#5017=AXIS2_PLACEMENT_3D('',#7610,#6159,#6160);
#5018=AXIS2_PLACEMENT_3D('',#7611,#6161,#6162);
#5019=AXIS2_PLACEMENT_3D('',#7614,#6164,#6165);
#5020=AXIS2_PLACEMENT_3D('',#7615,#6166,#6167);
#5021=AXIS2_PLACEMENT_3D('',#7618,#6169,#6170);
#5022=AXIS2_PLACEMENT_3D('',#7619,#6171,#6172);
#5023=AXIS2_PLACEMENT_3D('',#7622,#6174,#6175);
#5024=AXIS2_PLACEMENT_3D('',#7623,#6176,#6177);
#5025=AXIS2_PLACEMENT_3D('',#7626,#6179,#6180);
#5026=AXIS2_PLACEMENT_3D('',#7627,#6181,#6182);
#5027=AXIS2_PLACEMENT_3D('',#7630,#6184,#6185);
#5028=AXIS2_PLACEMENT_3D('',#7631,#6186,#6187);
#5029=AXIS2_PLACEMENT_3D('',#7634,#6189,#6190);
#5030=AXIS2_PLACEMENT_3D('',#7635,#6191,#6192);
#5031=AXIS2_PLACEMENT_3D('',#7638,#6194,#6195);
#5032=AXIS2_PLACEMENT_3D('',#7639,#6196,#6197);
#5033=AXIS2_PLACEMENT_3D('',#7642,#6199,#6200);
#5034=AXIS2_PLACEMENT_3D('',#7643,#6201,#6202);
#5035=AXIS2_PLACEMENT_3D('',#7646,#6204,#6205);
#5036=AXIS2_PLACEMENT_3D('',#7647,#6206,#6207);
#5037=AXIS2_PLACEMENT_3D('',#7650,#6209,#6210);
#5038=AXIS2_PLACEMENT_3D('',#7651,#6211,#6212);
#5039=AXIS2_PLACEMENT_3D('',#7654,#6214,#6215);
#5040=AXIS2_PLACEMENT_3D('',#7655,#6216,#6217);
#5041=AXIS2_PLACEMENT_3D('',#7658,#6219,#6220);
#5042=AXIS2_PLACEMENT_3D('',#7685,#6223,#6224);
#5043=AXIS2_PLACEMENT_3D('',#7688,#6226,#6227);
#5044=AXIS2_PLACEMENT_3D('',#7689,#6228,#6229);
#5045=AXIS2_PLACEMENT_3D('',#7692,#6231,#6232);
#5046=AXIS2_PLACEMENT_3D('',#7693,#6233,#6234);
#5047=AXIS2_PLACEMENT_3D('',#7696,#6236,#6237);
#5048=AXIS2_PLACEMENT_3D('',#7697,#6238,#6239);
#5049=AXIS2_PLACEMENT_3D('',#7700,#6241,#6242);
#5050=AXIS2_PLACEMENT_3D('',#7701,#6243,#6244);
#5051=AXIS2_PLACEMENT_3D('',#7705,#6247,#6248);
#5052=AXIS2_PLACEMENT_3D('',#7708,#6250,#6251);
#5053=AXIS2_PLACEMENT_3D('',#7709,#6252,#6253);
#5054=AXIS2_PLACEMENT_3D('',#7712,#6255,#6256);
#5055=AXIS2_PLACEMENT_3D('',#7713,#6257,#6258);
#5056=AXIS2_PLACEMENT_3D('',#7716,#6260,#6261);
#5057=AXIS2_PLACEMENT_3D('',#7717,#6262,#6263);
#5058=AXIS2_PLACEMENT_3D('',#7720,#6265,#6266);
#5059=AXIS2_PLACEMENT_3D('',#7721,#6267,#6268);
#5060=AXIS2_PLACEMENT_3D('',#7724,#6270,#6271);
#5061=AXIS2_PLACEMENT_3D('',#7725,#6272,#6273);
#5062=AXIS2_PLACEMENT_3D('',#7728,#6275,#6276);
#5063=AXIS2_PLACEMENT_3D('',#7729,#6277,#6278);
#5064=AXIS2_PLACEMENT_3D('',#7730,#6279,#6280);
#5065=AXIS2_PLACEMENT_3D('',#7731,#6281,#6282);
#5066=AXIS2_PLACEMENT_3D('',#7732,#6283,#6284);
#5067=AXIS2_PLACEMENT_3D('',#7741,#6289,#6290);
#5068=AXIS2_PLACEMENT_3D('',#7747,#6294,#6295);
#5069=AXIS2_PLACEMENT_3D('',#7753,#6299,#6300);
#5070=AXIS2_PLACEMENT_3D('',#7757,#6303,#6304);
#5071=AXIS2_PLACEMENT_3D('',#7761,#6307,#6308);
#5072=AXIS2_PLACEMENT_3D('',#7765,#6311,#6312);
#5073=AXIS2_PLACEMENT_3D('',#7769,#6315,#6316);
#5074=AXIS2_PLACEMENT_3D('',#7773,#6319,#6320);
#5075=AXIS2_PLACEMENT_3D('',#7777,#6323,#6324);
#5076=AXIS2_PLACEMENT_3D('',#7779,#6326,#6327);
#5077=AXIS2_PLACEMENT_3D('',#7782,#6330,#6331);
#5078=AXIS2_PLACEMENT_3D('',#7783,#6332,#6333);
#5079=AXIS2_PLACEMENT_3D('',#7784,#6334,#6335);
#5080=AXIS2_PLACEMENT_3D('',#7789,#6337,#6338);
#5081=AXIS2_PLACEMENT_3D('',#7792,#6340,#6341);
#5082=AXIS2_PLACEMENT_3D('',#7798,#6345,#6346);
#5083=AXIS2_PLACEMENT_3D('',#7804,#6350,#6351);
#5084=AXIS2_PLACEMENT_3D('',#7810,#6355,#6356);
#5085=AXIS2_PLACEMENT_3D('',#7811,#6357,#6358);
#5086=AXIS2_PLACEMENT_3D('',#7815,#6360,#6361);
#5087=AXIS2_PLACEMENT_3D('',#7816,#6362,#6363);
#5088=AXIS2_PLACEMENT_3D('',#7817,#6364,#6365);
#5089=AXIS2_PLACEMENT_3D('',#7821,#6367,#6368);
#5090=AXIS2_PLACEMENT_3D('',#7822,#6369,#6370);
#5091=AXIS2_PLACEMENT_3D('',#7823,#6371,#6372);
#5092=AXIS2_PLACEMENT_3D('',#7827,#6374,#6375);
#5093=AXIS2_PLACEMENT_3D('',#7828,#6376,#6377);
#5094=AXIS2_PLACEMENT_3D('',#7829,#6378,#6379);
#5095=AXIS2_PLACEMENT_3D('',#7833,#6381,#6382);
#5096=AXIS2_PLACEMENT_3D('',#7851,#6384,#6385);
#5097=AXIS2_PLACEMENT_3D('',#7852,#6386,#6387);
#5098=AXIS2_PLACEMENT_3D('',#7856,#6389,#6390);
#5099=AXIS2_PLACEMENT_3D('',#7877,#6393,#6394);
#5100=AXIS2_PLACEMENT_3D('',#7883,#6398,#6399);
#5101=AXIS2_PLACEMENT_3D('',#7889,#6403,#6404);
#5102=AXIS2_PLACEMENT_3D('',#7912,#6409,#6410);
#5103=AXIS2_PLACEMENT_3D('',#7913,#6411,#6412);
#5104=AXIS2_PLACEMENT_3D('',#7917,#6414,#6415);
#5105=AXIS2_PLACEMENT_3D('',#7918,#6416,#6417);
#5106=AXIS2_PLACEMENT_3D('',#7921,#6419,#6420);
#5107=AXIS2_PLACEMENT_3D('',#7924,#6422,#6423);
#5108=AXIS2_PLACEMENT_3D('',#7927,#6425,#6426);
#5109=AXIS2_PLACEMENT_3D('',#7928,#6427,#6428);
#5110=AXIS2_PLACEMENT_3D('',#7931,#6430,#6431);
#5111=AXIS2_PLACEMENT_3D('',#7932,#6432,#6433);
#5112=AXIS2_PLACEMENT_3D('',#7935,#6435,#6436);
#5113=AXIS2_PLACEMENT_3D('',#7936,#6437,#6438);
#5114=AXIS2_PLACEMENT_3D('',#7939,#6440,#6441);
#5115=AXIS2_PLACEMENT_3D('',#7940,#6442,#6443);
#5116=AXIS2_PLACEMENT_3D('',#7943,#6445,#6446);
#5117=AXIS2_PLACEMENT_3D('',#7944,#6447,#6448);
#5118=AXIS2_PLACEMENT_3D('',#7947,#6450,#6451);
#5119=AXIS2_PLACEMENT_3D('',#7948,#6452,#6453);
#5120=AXIS2_PLACEMENT_3D('',#7951,#6455,#6456);
#5121=AXIS2_PLACEMENT_3D('',#7952,#6457,#6458);
#5122=AXIS2_PLACEMENT_3D('',#7955,#6460,#6461);
#5123=AXIS2_PLACEMENT_3D('',#7956,#6462,#6463);
#5124=AXIS2_PLACEMENT_3D('',#7960,#6466,#6467);
#5125=AXIS2_PLACEMENT_3D('',#7964,#6470,#6471);
#5126=AXIS2_PLACEMENT_3D('',#7968,#6474,#6475);
#5127=AXIS2_PLACEMENT_3D('',#7972,#6478,#6479);
#5128=AXIS2_PLACEMENT_3D('',#7975,#6481,#6482);
#5129=AXIS2_PLACEMENT_3D('',#7976,#6483,#6484);
#5130=AXIS2_PLACEMENT_3D('',#7979,#6486,#6487);
#5131=AXIS2_PLACEMENT_3D('',#7980,#6488,#6489);
#5132=AXIS2_PLACEMENT_3D('',#7983,#6491,#6492);
#5133=AXIS2_PLACEMENT_3D('',#7984,#6493,#6494);
#5134=AXIS2_PLACEMENT_3D('',#7987,#6496,#6497);
#5135=AXIS2_PLACEMENT_3D('',#7988,#6498,#6499);
#5136=AXIS2_PLACEMENT_3D('',#7991,#6501,#6502);
#5137=AXIS2_PLACEMENT_3D('',#7992,#6503,#6504);
#5138=AXIS2_PLACEMENT_3D('',#7995,#6506,#6507);
#5139=AXIS2_PLACEMENT_3D('',#7996,#6508,#6509);
#5140=AXIS2_PLACEMENT_3D('',#7999,#6511,#6512);
#5141=AXIS2_PLACEMENT_3D('',#8014,#6513,#6514);
#5142=AXIS2_PLACEMENT_3D('',#8015,#6515,#6516);
#5143=AXIS2_PLACEMENT_3D('',#8016,#6517,#6518);
#5144=AXIS2_PLACEMENT_3D('',#8017,#6519,#6520);
#5145=AXIS2_PLACEMENT_3D('',#8018,#6521,#6522);
#5146=AXIS2_PLACEMENT_3D('',#8019,#6523,#6524);
#5147=AXIS2_PLACEMENT_3D('',#8020,#6525,#6526);
#5148=AXIS2_PLACEMENT_3D('',#8021,#6527,#6528);
#5149=AXIS2_PLACEMENT_3D('',#8022,#6529,#6530);
#5150=AXIS2_PLACEMENT_3D('',#8023,#6531,#6532);
#5151=DIRECTION('',(0.,0.,1.));
#5152=DIRECTION('',(1.,0.,0.));
#5153=DIRECTION('',(1.,0.,-1.49287734593529E-16));
#5154=DIRECTION('',(-1.49287734593529E-16,0.,-1.));
#5155=DIRECTION('',(1.,0.,-1.49287734593529E-16));
#5156=DIRECTION('',(-1.49287734593529E-16,0.,-1.));
#5157=DIRECTION('',(1.49287734593529E-16,0.,1.));
#5158=DIRECTION('',(-4.93718333223558E-17,0.943730346928175,-0.330715938967004));
#5159=DIRECTION('',(-1.49287734593529E-16,0.,-1.));
#5160=DIRECTION('',(-4.9044099864733E-17,-0.944496796706159,-0.328520624941273));
#5161=DIRECTION('',(1.49287734593529E-16,0.,1.));
#5162=DIRECTION('',(4.88437314242124E-17,0.944962567457675,0.327178462163693));
#5163=DIRECTION('',(1.49287734593529E-16,0.,1.));
#5164=DIRECTION('',(4.97629653859587E-17,-0.942808124612758,0.333335926902837));
#5165=DIRECTION('',(-1.49287734593529E-16,0.,-1.));
#5166=DIRECTION('',(0.,1.,0.));
#5167=DIRECTION('',(-1.49287734593529E-16,0.,-1.));
#5168=DIRECTION('',(0.,1.,0.));
#5169=DIRECTION('',(-1.12149446182746E-16,-0.660040356713672,-0.75123014283859));
#5170=DIRECTION('',(1.,0.,-1.49287734593529E-16));
#5171=DIRECTION('',(-1.49287734593529E-16,0.,-1.));
#5172=DIRECTION('',(1.,0.,-1.49287734593529E-16));
#5173=DIRECTION('',(-1.49287734593529E-16,0.,-1.));
#5174=DIRECTION('',(1.,0.,-1.49287734593529E-16));
#5175=DIRECTION('',(-1.49287734593529E-16,0.,-1.));
#5176=DIRECTION('',(1.,0.,-1.49287734593529E-16));
#5177=DIRECTION('',(-1.49287734593529E-16,0.,-1.));
#5178=DIRECTION('',(1.,0.,-1.49287734593529E-16));
#5179=DIRECTION('',(-1.49287734593529E-16,0.,-1.));
#5180=DIRECTION('',(1.,0.,-1.49287734593529E-16));
#5181=DIRECTION('',(-1.49287734593529E-16,0.,-1.));
#5182=DIRECTION('',(1.,0.,-1.49287734593529E-16));
#5183=DIRECTION('',(-1.49287734593529E-16,0.,-1.));
#5184=DIRECTION('',(1.,0.,-1.49287734593529E-16));
#5185=DIRECTION('',(-1.49287734593529E-16,0.,-1.));
#5186=DIRECTION('',(1.,0.,-1.49287734593529E-16));
#5187=DIRECTION('',(-1.49287734593529E-16,0.,-1.));
#5188=DIRECTION('',(1.,0.,-1.49287734593529E-16));
#5189=DIRECTION('',(-1.49287734593529E-16,0.,-1.));
#5190=DIRECTION('',(1.,0.,-1.49287734593529E-16));
#5191=DIRECTION('',(-1.49287734593529E-16,0.,-1.));
#5192=DIRECTION('',(1.11507892079433E-16,-0.664899637265189,0.746932709395311));
#5193=DIRECTION('',(1.,0.,-1.49287734593529E-16));
#5194=DIRECTION('',(-1.49287734593529E-16,0.,-1.));
#5195=DIRECTION('',(1.,0.,-1.49287734593529E-16));
#5196=DIRECTION('',(-1.49287734593529E-16,0.,-1.));
#5197=DIRECTION('',(1.,0.,-1.49287734593529E-16));
#5198=DIRECTION('',(-1.49287734593529E-16,0.,-1.));
#5199=DIRECTION('',(1.,0.,-1.49287734593529E-16));
#5200=DIRECTION('',(-1.49287734593529E-16,0.,-1.));
#5201=DIRECTION('',(1.,0.,-1.49287734593529E-16));
#5202=DIRECTION('',(-1.49287734593529E-16,0.,-1.));
#5203=DIRECTION('',(1.,0.,-1.49287734593529E-16));
#5204=DIRECTION('',(-1.49287734593529E-16,0.,-1.));
#5205=DIRECTION('',(1.,0.,-1.49287734593529E-16));
#5206=DIRECTION('',(-1.49287734593529E-16,0.,-1.));
#5207=DIRECTION('',(1.,0.,-1.49287734593529E-16));
#5208=DIRECTION('',(-1.49287734593529E-16,0.,-1.));
#5209=DIRECTION('',(1.,0.,-1.49287734593529E-16));
#5210=DIRECTION('',(-1.49287734593529E-16,0.,-1.));
#5211=DIRECTION('',(1.,0.,-1.49287734593529E-16));
#5212=DIRECTION('',(-1.49287734593529E-16,0.,-1.));
#5213=DIRECTION('',(1.,0.,-1.49287734593529E-16));
#5214=DIRECTION('',(-1.49287734593529E-16,0.,-1.));
#5215=DIRECTION('',(1.,0.,-1.49287734593529E-16));
#5216=DIRECTION('',(-1.49287734593529E-16,0.,-1.));
#5217=DIRECTION('',(-1.49287734593529E-16,0.,-1.));
#5218=DIRECTION('',(0.,-1.,0.));
#5219=DIRECTION('',(-1.49287734593529E-16,0.,-1.));
#5220=DIRECTION('',(0.,-1.,0.));
#5221=DIRECTION('',(1.49287734593529E-16,0.,1.));
#5222=DIRECTION('',(0.,1.,0.));
#5223=DIRECTION('',(1.49287734593529E-16,0.,1.));
#5224=DIRECTION('',(0.,-1.,0.));
#5225=DIRECTION('',(-1.49287734593529E-16,0.,-1.));
#5226=DIRECTION('',(0.,-1.,0.));
#5227=DIRECTION('',(1.49287734593529E-16,0.,1.));
#5228=DIRECTION('',(0.,-1.,0.));
#5229=DIRECTION('',(-1.49287734593529E-16,0.,-1.));
#5230=DIRECTION('',(0.,-1.,0.));
#5231=DIRECTION('',(1.49287734593529E-16,0.,1.));
#5232=DIRECTION('',(0.,1.,0.));
#5233=DIRECTION('',(-1.49287734593529E-16,0.,-1.));
#5234=DIRECTION('',(0.,-1.,0.));
#5235=DIRECTION('',(1.,0.,-1.49287734593529E-16));
#5236=DIRECTION('',(-1.49287734593529E-16,0.,-1.));
#5237=DIRECTION('',(1.,0.,-1.49287734593529E-16));
#5238=DIRECTION('',(-1.49287734593529E-16,0.,-1.));
#5239=DIRECTION('',(1.,0.,-1.49287734593529E-16));
#5240=DIRECTION('',(-1.49287734593529E-16,0.,-1.));
#5241=DIRECTION('',(1.,0.,-1.49287734593529E-16));
#5242=DIRECTION('',(-1.49287734593529E-16,0.,-1.));
#5243=DIRECTION('',(1.,0.,-1.49287734593529E-16));
#5244=DIRECTION('',(-1.49287734593529E-16,0.,-1.));
#5245=DIRECTION('',(1.,0.,-1.49287734593529E-16));
#5246=DIRECTION('',(-1.49287734593529E-16,0.,-1.));
#5247=DIRECTION('',(1.,0.,-1.49287734593529E-16));
#5248=DIRECTION('',(-1.49287734593529E-16,0.,-1.));
#5249=DIRECTION('',(1.,0.,-1.49287734593529E-16));
#5250=DIRECTION('',(-1.49287734593529E-16,0.,-1.));
#5251=DIRECTION('',(-3.55731445874732E-17,0.97119508136872,-0.238285782045856));
#5252=DIRECTION('',(1.,0.,-1.49287734593529E-16));
#5253=DIRECTION('',(-1.49287734593529E-16,0.,-1.));
#5254=DIRECTION('',(1.,2.12898252343795E-13,-6.70801291007592E-14));
#5255=DIRECTION('',(2.22720991150903E-13,-0.94405181431419,0.329797167801798));
#5256=DIRECTION('',(1.,2.17094094790865E-14,-4.94596981175928E-15));
#5257=DIRECTION('',(2.25295301850567E-14,-0.962257696419883,0.272139900934612));
#5258=DIRECTION('',(1.,0.,-1.49287734593529E-16));
#5259=DIRECTION('',(-1.49287734593529E-16,0.,-1.));
#5260=DIRECTION('',(1.,0.,-1.49287734593529E-16));
#5261=DIRECTION('',(-1.49287734593529E-16,0.,-1.));
#5262=DIRECTION('',(1.,0.,-1.49287734593529E-16));
#5263=DIRECTION('',(-1.49287734593529E-16,0.,-1.));
#5264=DIRECTION('',(1.,0.,-1.49287734593529E-16));
#5265=DIRECTION('',(-1.49287734593529E-16,0.,-1.));
#5266=DIRECTION('',(1.,0.,-1.49287734593529E-16));
#5267=DIRECTION('',(-1.49287734593529E-16,0.,-1.));
#5268=DIRECTION('',(1.,0.,-1.49287734593529E-16));
#5269=DIRECTION('',(-1.49287734593529E-16,0.,-1.));
#5270=DIRECTION('',(1.,0.,-1.49287734593529E-16));
#5271=DIRECTION('',(-1.49287734593529E-16,0.,-1.));
#5272=DIRECTION('',(1.,0.,-1.49287734593529E-16));
#5273=DIRECTION('',(-1.49287734593529E-16,0.,-1.));
#5274=DIRECTION('',(1.,0.,-1.49287734593529E-16));
#5275=DIRECTION('',(-1.49287734593529E-16,0.,-1.));
#5276=DIRECTION('',(1.,0.,-1.49287734593529E-16));
#5277=DIRECTION('',(-1.49287734593529E-16,0.,-1.));
#5278=DIRECTION('',(1.,0.,-1.49287734593529E-16));
#5279=DIRECTION('',(-1.49287734593529E-16,0.,-1.));
#5280=DIRECTION('',(1.,0.,-1.49287734593529E-16));
#5281=DIRECTION('',(-1.49287734593529E-16,0.,-1.));
#5282=DIRECTION('',(1.,0.,-1.49287734593529E-16));
#5283=DIRECTION('',(-1.49287734593529E-16,0.,-1.));
#5284=DIRECTION('',(1.,0.,-1.49287734593529E-16));
#5285=DIRECTION('',(-1.49287734593529E-16,0.,-1.));
#5286=DIRECTION('',(6.85157735791278E-17,-0.888461516247515,0.458951123919712));
#5287=DIRECTION('',(7.02749175862588E-17,-0.882274808804551,0.470734704211293));
#5288=DIRECTION('',(-1.90764385250013E-14,-0.859064957920916,0.511866582296925));
#5289=DIRECTION('',(1.,0.,-1.49287734593529E-16));
#5290=DIRECTION('',(-1.49287734593529E-16,0.,-1.));
#5291=DIRECTION('',(1.,0.,-1.49287734593529E-16));
#5292=DIRECTION('',(-1.49287734593529E-16,0.,-1.));
#5293=DIRECTION('',(1.,0.,-1.49287734593529E-16));
#5294=DIRECTION('',(-1.49287734593529E-16,0.,-1.));
#5295=DIRECTION('',(1.,0.,-1.49287734593529E-16));
#5296=DIRECTION('',(-1.49287734593529E-16,0.,-1.));
#5297=DIRECTION('',(1.,0.,-1.49287734593529E-16));
#5298=DIRECTION('',(-1.49287734593529E-16,0.,-1.));
#5299=DIRECTION('',(1.,0.,-1.49287734593529E-16));
#5300=DIRECTION('',(-1.49287734593529E-16,0.,-1.));
#5301=DIRECTION('',(1.,0.,-1.49287734593529E-16));
#5302=DIRECTION('',(-1.49287734593529E-16,0.,-1.));
#5303=DIRECTION('',(1.,0.,-1.49287734593529E-16));
#5304=DIRECTION('',(-1.49287734593529E-16,0.,-1.));
#5305=DIRECTION('',(1.,0.,-1.49287734593529E-16));
#5306=DIRECTION('',(-1.49287734593529E-16,0.,-1.));
#5307=DIRECTION('',(1.,0.,-1.49287734593529E-16));
#5308=DIRECTION('',(-1.49287734593529E-16,0.,-1.));
#5309=DIRECTION('',(1.,0.,-1.49287734593529E-16));
#5310=DIRECTION('',(-1.49287734593529E-16,0.,-1.));
#5311=DIRECTION('',(1.,0.,-1.49287734593529E-16));
#5312=DIRECTION('',(-1.49287734593529E-16,0.,-1.));
#5313=DIRECTION('',(1.,0.,-1.49287734593529E-16));
#5314=DIRECTION('',(-1.49287734593529E-16,0.,-1.));
#5315=DIRECTION('',(1.,0.,-1.49287734593529E-16));
#5316=DIRECTION('',(-1.49287734593529E-16,0.,-1.));
#5317=DIRECTION('',(1.,0.,-1.49287734593529E-16));
#5318=DIRECTION('',(-1.49287734593529E-16,0.,-1.));
#5319=DIRECTION('',(1.,0.,-1.49287734593529E-16));
#5320=DIRECTION('',(-1.49287734593529E-16,0.,-1.));
#5321=DIRECTION('',(1.,0.,-1.49287734593529E-16));
#5322=DIRECTION('',(-1.49287734593529E-16,0.,-1.));
#5323=DIRECTION('',(1.,0.,-1.49287734593529E-16));
#5324=DIRECTION('',(-1.49287734593529E-16,0.,-1.));
#5325=DIRECTION('',(1.,0.,-1.49287734593529E-16));
#5326=DIRECTION('',(-1.49287734593529E-16,0.,-1.));
#5327=DIRECTION('',(1.,0.,-1.49287734593529E-16));
#5328=DIRECTION('',(-1.49287734593529E-16,0.,-1.));
#5329=DIRECTION('',(1.,0.,-1.49287734593529E-16));
#5330=DIRECTION('',(-1.49287734593529E-16,0.,-1.));
#5331=DIRECTION('',(1.,0.,-1.49287734593529E-16));
#5332=DIRECTION('',(-1.49287734593529E-16,0.,-1.));
#5333=DIRECTION('',(1.,0.,-1.49287734593529E-16));
#5334=DIRECTION('',(-1.49287734593529E-16,0.,-1.));
#5335=DIRECTION('',(9.15812225021574E-15,0.0616768313827145,-0.998096171954681));
#5336=DIRECTION('',(1.49287734593529E-16,0.,1.));
#5337=DIRECTION('',(0.,1.,0.));
#5338=DIRECTION('',(-1.49287734593529E-16,0.,-1.));
#5339=DIRECTION('',(1.,0.,-1.49287734593529E-16));
#5340=DIRECTION('',(-1.49287734593529E-16,0.,-1.));
#5341=DIRECTION('',(1.,0.,-1.49287734593529E-16));
#5342=DIRECTION('',(-1.49287734593529E-16,0.,-1.));
#5343=DIRECTION('',(1.,0.,-1.49287734593529E-16));
#5344=DIRECTION('',(-1.49287734593529E-16,0.,-1.));
#5345=DIRECTION('',(1.,0.,-1.49287734593529E-16));
#5346=DIRECTION('',(-1.49287734593529E-16,0.,-1.));
#5347=DIRECTION('',(1.,0.,-1.49287734593529E-16));
#5348=DIRECTION('',(-1.49287734593529E-16,0.,-1.));
#5349=DIRECTION('',(1.,0.,-1.49287734593529E-16));
#5350=DIRECTION('',(-1.49287734593529E-16,0.,-1.));
#5351=DIRECTION('',(1.,0.,-1.49287734593529E-16));
#5352=DIRECTION('',(-1.49287734593529E-16,0.,-1.));
#5353=DIRECTION('',(0.,1.,0.));
#5354=DIRECTION('',(1.,0.,0.));
#5355=DIRECTION('',(0.,1.,0.));
#5356=DIRECTION('',(-1.,0.,0.));
#5357=DIRECTION('',(0.,-1.,0.));
#5358=DIRECTION('',(-1.,0.,0.));
#5359=DIRECTION('',(0.,0.,-1.));
#5360=DIRECTION('',(1.,0.,0.));
#5361=DIRECTION('',(0.,0.,-1.));
#5362=DIRECTION('',(1.,0.,0.));
#5363=DIRECTION('',(0.,0.,-1.));
#5364=DIRECTION('',(1.,0.,0.));
#5365=DIRECTION('',(0.,0.,-1.));
#5366=DIRECTION('',(1.,0.,0.));
#5367=DIRECTION('',(0.,1.,0.));
#5368=DIRECTION('',(1.,0.,0.));
#5369=DIRECTION('',(0.,0.,1.));
#5370=DIRECTION('',(0.,1.,0.));
#5371=DIRECTION('',(1.,0.,0.));
#5372=DIRECTION('',(1.,0.,0.));
#5373=DIRECTION('',(0.,0.,-1.));
#5374=DIRECTION('',(-1.,0.,1.71415363238815E-16));
#5375=DIRECTION('',(-0.707106781186548,0.,-0.707106781186548));
#5376=DIRECTION('',(1.,0.,0.));
#5377=DIRECTION('',(0.,0.,-1.));
#5378=DIRECTION('',(0.707106781186548,0.,-0.707106781186547));
#5379=DIRECTION('',(-3.4283072647763E-16,0.,-1.));
#5380=DIRECTION('',(0.707106781186548,0.,0.707106781186547));
#5381=DIRECTION('',(0.,0.,-1.));
#5382=DIRECTION('',(-1.,0.,0.));
#5383=DIRECTION('',(0.,0.,1.));
#5384=DIRECTION('',(0.,-1.,0.));
#5385=DIRECTION('',(0.,0.,1.));
#5386=DIRECTION('',(0.,-1.,0.));
#5387=DIRECTION('',(1.,0.,0.));
#5388=DIRECTION('',(0.,1.,0.));
#5389=DIRECTION('',(1.,0.,0.));
#5390=DIRECTION('',(0.,1.,0.));
#5391=DIRECTION('',(0.,0.,1.));
#5392=DIRECTION('',(0.,-1.,0.));
#5393=DIRECTION('',(0.,0.,-1.));
#5394=DIRECTION('',(0.,1.,0.));
#5395=DIRECTION('',(0.,1.,0.));
#5396=DIRECTION('',(1.,0.,0.));
#5397=DIRECTION('',(0.,1.,0.));
#5398=DIRECTION('',(1.,0.,0.));
#5399=DIRECTION('',(0.,1.,0.));
#5400=DIRECTION('',(1.,0.,0.));
#5401=DIRECTION('',(1.,0.,0.));
#5402=DIRECTION('',(0.,0.,-1.));
#5403=DIRECTION('',(-1.,0.,0.));
#5404=DIRECTION('',(0.,0.,-1.));
#5405=DIRECTION('',(0.707106781186548,0.,-0.707106781186548));
#5406=DIRECTION('',(1.71415363238815E-16,0.,1.));
#5407=DIRECTION('',(-0.707106781186548,0.,-0.707106781186548));
#5408=DIRECTION('',(-1.,0.,1.71415363238815E-16));
#5409=DIRECTION('',(0.,0.,-1.));
#5410=DIRECTION('',(0.,1.,0.));
#5411=DIRECTION('',(1.,0.,0.));
#5412=DIRECTION('',(0.,1.,0.));
#5413=DIRECTION('',(1.,0.,0.));
#5414=DIRECTION('',(0.,0.,-1.));
#5415=DIRECTION('',(1.,0.,0.));
#5416=DIRECTION('',(0.,0.,-1.));
#5417=DIRECTION('',(1.,0.,0.));
#5418=DIRECTION('',(0.,0.,-1.));
#5419=DIRECTION('',(0.,-1.,0.));
#5420=DIRECTION('',(-1.,0.,0.));
#5421=DIRECTION('',(0.,1.,0.));
#5422=DIRECTION('',(-1.,0.,0.));
#5423=DIRECTION('',(0.,0.,1.));
#5424=DIRECTION('',(0.,-1.,0.));
#5425=DIRECTION('',(0.,1.,0.));
#5426=DIRECTION('',(-1.,0.,0.));
#5427=DIRECTION('',(0.,1.,0.));
#5428=DIRECTION('',(0.,1.,0.));
#5429=DIRECTION('',(1.,0.,0.));
#5430=DIRECTION('',(-0.816496580927722,0.577350269189632,0.));
#5431=DIRECTION('',(0.,-1.,0.));
#5432=DIRECTION('',(0.,1.,0.));
#5433=DIRECTION('',(-1.71415363238815E-16,0.,-1.));
#5434=DIRECTION('',(-1.,0.,1.71415363238815E-16));
#5435=DIRECTION('',(0.,0.,-1.));
#5436=DIRECTION('',(0.,1.,0.));
#5437=DIRECTION('',(0.,-1.,0.));
#5438=DIRECTION('',(0.816496580927729,0.577350269189622,-1.72009436109369E-16));
#5439=DIRECTION('',(-1.,0.,1.71415363238815E-16));
#5440=DIRECTION('',(0.,1.,0.));
#5441=DIRECTION('',(-1.,0.,1.71415363238815E-16));
#5442=DIRECTION('',(0.,-1.,0.));
#5443=DIRECTION('',(-1.,0.,1.82602471155453E-16));
#5444=DIRECTION('',(1.82602471155453E-16,0.,1.));
#5445=DIRECTION('',(-1.29119445615442E-16,-0.707106781186546,-0.707106781186549));
#5446=DIRECTION('',(-1.82602471155453E-16,0.,-1.));
#5447=DIRECTION('',(0.,-1.,0.));
#5448=DIRECTION('',(-1.82602471155453E-16,0.,-1.));
#5449=DIRECTION('',(-1.,0.,1.71415363238815E-16));
#5450=DIRECTION('',(1.71415363238815E-16,0.,1.));
#5451=DIRECTION('',(1.,0.,-1.49287734593529E-16));
#5452=DIRECTION('',(-1.49287734593529E-16,0.,-1.));
#5453=DIRECTION('',(1.71415363238815E-16,0.,1.));
#5454=DIRECTION('',(0.,1.,0.));
#5455=DIRECTION('',(1.71415363238815E-16,0.,1.));
#5456=DIRECTION('',(0.,-1.,0.));
#5457=DIRECTION('',(1.71415363238815E-16,0.,1.));
#5458=DIRECTION('',(1.39960058002977E-16,-0.577350269189622,0.816496580927729));
#5459=DIRECTION('',(0.,-1.,0.));
#5460=DIRECTION('',(0.,-1.,0.));
#5461=DIRECTION('',(1.39960058002976E-16,0.577350269189627,0.816496580927725));
#5462=DIRECTION('',(1.,0.,-3.4283072647763E-16));
#5463=DIRECTION('',(-3.4283072647763E-16,0.,-1.));
#5464=DIRECTION('',(-3.4283072647763E-16,0.,-1.));
#5465=DIRECTION('',(0.,1.,0.));
#5466=DIRECTION('',(-3.4283072647763E-16,0.,-1.));
#5467=DIRECTION('',(0.,-1.,0.));
#5468=DIRECTION('',(-3.4283072647763E-16,0.,-1.));
#5469=DIRECTION('',(-2.79920116005954E-16,-0.577350269189623,-0.816496580927728));
#5470=DIRECTION('',(0.,-1.,0.));
#5471=DIRECTION('',(0.,-1.,0.));
#5472=DIRECTION('',(2.79920116005952E-16,-0.577350269189632,0.816496580927722));
#5473=DIRECTION('',(-1.71415363238815E-16,0.,-1.));
#5474=DIRECTION('',(-1.,0.,1.71415363238815E-16));
#5475=DIRECTION('',(-1.,0.,1.71415363238815E-16));
#5476=DIRECTION('',(0.,-1.,0.));
#5477=DIRECTION('',(-1.,0.,1.71415363238815E-16));
#5478=DIRECTION('',(0.,1.,0.));
#5479=DIRECTION('',(0.,1.,0.));
#5480=DIRECTION('',(1.,0.,0.));
#5481=DIRECTION('',(0.,0.,1.));
#5482=DIRECTION('',(1.,0.,0.));
#5483=DIRECTION('',(0.,0.,1.));
#5484=DIRECTION('',(1.,0.,0.));
#5485=DIRECTION('',(0.,1.,0.));
#5486=DIRECTION('',(1.,0.,0.));
#5487=DIRECTION('',(0.,1.,0.));
#5488=DIRECTION('',(1.,0.,0.));
#5489=DIRECTION('',(0.,1.,0.));
#5490=DIRECTION('',(1.,0.,0.));
#5491=DIRECTION('',(0.,1.,0.));
#5492=DIRECTION('',(1.,0.,0.));
#5493=DIRECTION('',(0.,1.,0.));
#5494=DIRECTION('',(1.,0.,0.));
#5495=DIRECTION('',(0.,1.,0.));
#5496=DIRECTION('',(1.,0.,0.));
#5497=DIRECTION('',(-1.49287734593529E-16,0.,-1.));
#5498=DIRECTION('',(0.,1.,0.));
#5499=DIRECTION('',(1.,0.,0.));
#5500=DIRECTION('',(1.,0.,0.));
#5501=DIRECTION('',(0.,1.,0.));
#5502=DIRECTION('',(1.,0.,0.));
#5503=DIRECTION('',(0.,0.,1.));
#5504=DIRECTION('',(0.,1.,0.));
#5505=DIRECTION('',(1.,0.,0.));
#5506=DIRECTION('',(1.,0.,0.));
#5507=DIRECTION('',(0.,-1.,0.));
#5508=DIRECTION('',(-1.,0.,0.));
#5509=DIRECTION('',(0.,1.,0.));
#5510=DIRECTION('',(1.,0.,0.));
#5511=DIRECTION('',(0.,1.,0.));
#5512=DIRECTION('',(1.,0.,0.));
#5513=DIRECTION('',(0.,-1.,0.));
#5514=DIRECTION('',(-1.,0.,0.));
#5515=DIRECTION('',(0.,1.,0.));
#5516=DIRECTION('',(1.,0.,0.));
#5517=DIRECTION('',(0.,1.,0.));
#5518=DIRECTION('',(1.,0.,0.));
#5519=DIRECTION('',(0.,-1.,0.));
#5520=DIRECTION('',(-1.,0.,0.));
#5521=DIRECTION('',(0.,1.,0.));
#5522=DIRECTION('',(1.,0.,0.));
#5523=DIRECTION('',(0.,1.,0.));
#5524=DIRECTION('',(1.,0.,0.));
#5525=DIRECTION('',(0.,-1.,0.));
#5526=DIRECTION('',(-1.,0.,0.));
#5527=DIRECTION('',(0.,1.,0.));
#5528=DIRECTION('',(1.,0.,0.));
#5529=DIRECTION('',(0.,1.,0.));
#5530=DIRECTION('',(1.,0.,0.));
#5531=DIRECTION('',(1.,0.,0.));
#5532=DIRECTION('',(0.,-1.,0.));
#5533=DIRECTION('',(0.,-1.,0.));
#5534=DIRECTION('',(0.,0.,1.));
#5535=DIRECTION('',(0.,-1.,0.));
#5536=DIRECTION('',(0.,0.,1.));
#5537=DIRECTION('',(0.,0.,-1.));
#5538=DIRECTION('',(0.,1.,0.));
#5539=DIRECTION('',(0.,-1.,0.));
#5540=DIRECTION('',(-1.,0.,0.));
#5541=DIRECTION('',(1.,0.,0.));
#5542=DIRECTION('',(1.,0.,0.));
#5543=DIRECTION('',(0.,-1.,0.));
#5544=DIRECTION('',(0.,-1.,0.));
#5545=DIRECTION('',(0.,0.,-1.));
#5546=DIRECTION('',(0.,0.,1.));
#5547=DIRECTION('',(0.,0.,-1.));
#5548=DIRECTION('',(0.,1.,0.));
#5549=DIRECTION('',(1.,0.,0.));
#5550=DIRECTION('',(1.,0.,0.));
#5551=DIRECTION('',(0.,1.,0.));
#5552=DIRECTION('',(1.,0.,0.));
#5553=DIRECTION('',(0.,1.,0.));
#5554=DIRECTION('',(1.,0.,0.));
#5555=DIRECTION('',(0.707106781186543,0.,-0.707106781186553));
#5556=DIRECTION('',(1.82602471155453E-16,0.,1.));
#5557=DIRECTION('',(1.,0.,0.));
#5558=DIRECTION('',(-1.82602471155453E-16,0.,-1.));
#5559=DIRECTION('',(0.707106781186548,0.,0.707106781186548));
#5560=DIRECTION('',(0.707106781186545,0.,-0.70710678118655));
#5561=DIRECTION('',(0.,0.,-1.));
#5562=DIRECTION('',(-1.,0.,0.));
#5563=DIRECTION('',(0.,0.,-1.));
#5564=DIRECTION('',(0.707106781186548,0.,0.707106781186548));
#5565=DIRECTION('',(0.,-1.,0.));
#5566=DIRECTION('',(-1.,0.,0.));
#5567=DIRECTION('',(0.,1.,0.));
#5568=DIRECTION('',(1.,0.,0.));
#5569=DIRECTION('',(0.,1.,0.));
#5570=DIRECTION('',(1.,0.,0.));
#5571=DIRECTION('',(0.,0.,-1.));
#5572=DIRECTION('',(0.,1.,0.));
#5573=DIRECTION('',(0.,-1.,0.));
#5574=DIRECTION('',(-1.,0.,0.));
#5575=DIRECTION('',(1.,0.,0.));
#5576=DIRECTION('',(-1.,0.,1.82602471155453E-16));
#5577=DIRECTION('',(1.82602471155453E-16,0.,1.));
#5578=DIRECTION('',(-1.82602471155453E-16,0.,-1.));
#5579=DIRECTION('',(1.29119445615442E-16,0.707106781186546,0.707106781186549));
#5580=DIRECTION('',(1.82602471155453E-16,0.,1.));
#5581=DIRECTION('',(0.,-1.,0.));
#5582=DIRECTION('',(1.,0.,0.));
#5583=DIRECTION('',(1.,0.,0.));
#5584=DIRECTION('',(0.,1.,0.));
#5585=DIRECTION('',(1.,0.,0.));
#5586=DIRECTION('',(0.,1.,0.));
#5587=DIRECTION('',(1.,0.,0.));
#5588=DIRECTION('',(0.,1.,0.));
#5589=DIRECTION('',(1.,0.,0.));
#5590=DIRECTION('',(0.,1.,0.));
#5591=DIRECTION('',(1.,0.,0.));
#5592=DIRECTION('',(0.,1.,0.));
#5593=DIRECTION('',(1.,0.,0.));
#5594=DIRECTION('',(0.,1.,0.));
#5595=DIRECTION('',(1.,0.,0.));
#5596=DIRECTION('',(0.,1.,0.));
#5597=DIRECTION('',(1.,0.,0.));
#5598=DIRECTION('',(0.,1.,0.));
#5599=DIRECTION('',(1.,0.,0.));
#5600=DIRECTION('',(0.,1.,0.));
#5601=DIRECTION('',(1.,0.,0.));
#5602=DIRECTION('',(0.,1.,0.));
#5603=DIRECTION('',(1.,0.,0.));
#5604=DIRECTION('',(0.,1.,0.));
#5605=DIRECTION('',(1.,0.,0.));
#5606=DIRECTION('',(0.,1.,0.));
#5607=DIRECTION('',(1.,0.,0.));
#5608=DIRECTION('',(0.,0.707106781186548,0.707106781186547));
#5609=DIRECTION('',(-1.,0.,0.));
#5610=DIRECTION('',(-0.577350269189626,-0.577350269189626,0.577350269189626));
#5611=DIRECTION('',(1.,0.,0.));
#5612=DIRECTION('',(-0.577350269189626,0.577350269189626,-0.577350269189626));
#5613=DIRECTION('',(-0.707106781186547,-0.707106781186548,0.));
#5614=DIRECTION('',(0.,0.,1.));
#5615=DIRECTION('',(0.,0.,-1.));
#5616=DIRECTION('',(0.577350269189626,-0.577350269189626,-0.577350269189626));
#5617=DIRECTION('',(-0.707106781186547,0.707106781186548,0.));
#5618=DIRECTION('',(0.,0.,-1.));
#5619=DIRECTION('',(-0.577350269189626,-0.577350269189626,-0.577350269189626));
#5620=DIRECTION('',(0.,0.,1.));
#5621=DIRECTION('',(0.,-0.707106781186548,0.707106781186547));
#5622=DIRECTION('',(1.,0.,0.));
#5623=DIRECTION('',(-1.,0.,0.));
#5624=DIRECTION('',(0.,0.,1.));
#5625=DIRECTION('',(0.,-1.,0.));
#5626=DIRECTION('',(0.,0.,1.));
#5627=DIRECTION('',(0.,-1.,0.));
#5628=DIRECTION('',(0.,0.,1.));
#5629=DIRECTION('',(0.,-1.,0.));
#5630=DIRECTION('',(-1.,0.,0.));
#5631=DIRECTION('',(0.,1.,0.));
#5632=DIRECTION('',(0.,1.,0.));
#5633=DIRECTION('',(0.,0.,1.));
#5634=DIRECTION('',(0.,1.,0.));
#5635=DIRECTION('',(1.,0.,0.));
#5636=DIRECTION('',(0.,-1.,0.));
#5637=DIRECTION('',(-0.707106781186548,0.,0.707106781186548));
#5638=DIRECTION('',(0.707106781186548,0.,0.707106781186548));
#5639=DIRECTION('',(0.707106781186548,0.,0.707106781186548));
#5640=DIRECTION('',(-0.707106781186548,0.,0.707106781186548));
#5641=DIRECTION('',(0.,0.,1.));
#5642=DIRECTION('',(0.,-1.,0.));
#5643=DIRECTION('',(0.707106781186548,0.,-0.707106781186548));
#5644=DIRECTION('',(0.707106781186548,0.,0.707106781186548));
#5645=DIRECTION('',(0.,0.,1.));
#5646=DIRECTION('',(0.,-1.,0.));
#5647=DIRECTION('',(0.707106781186548,0.,0.707106781186548));
#5648=DIRECTION('',(0.707106781186548,0.,-0.707106781186548));
#5649=DIRECTION('',(1.,0.,0.));
#5650=DIRECTION('',(0.,-1.,0.));
#5651=DIRECTION('',(0.,1.,0.));
#5652=DIRECTION('',(1.,0.,0.));
#5653=DIRECTION('',(0.,1.,0.));
#5654=DIRECTION('',(1.,0.,0.));
#5655=DIRECTION('',(-1.,0.,0.));
#5656=DIRECTION('',(0.,1.,0.));
#5657=DIRECTION('',(1.,0.,0.));
#5658=DIRECTION('',(0.,-1.,0.));
#5659=DIRECTION('',(-1.,0.,0.));
#5660=DIRECTION('',(0.,1.,0.));
#5661=DIRECTION('',(0.,0.,1.));
#5662=DIRECTION('',(0.,-1.,0.));
#5663=DIRECTION('',(0.,0.,-1.));
#5664=DIRECTION('',(0.,1.,0.));
#5665=DIRECTION('',(0.,0.,1.));
#5666=DIRECTION('',(0.,-1.,0.));
#5667=DIRECTION('',(-1.49287734593529E-16,0.,-1.));
#5668=DIRECTION('',(-1.,0.,1.49287734593529E-16));
#5669=DIRECTION('',(0.,0.,1.));
#5670=DIRECTION('',(0.,-1.,0.));
#5671=DIRECTION('',(0.,0.,-1.));
#5672=DIRECTION('',(0.,1.,0.));
#5673=DIRECTION('',(1.,0.,0.));
#5674=DIRECTION('',(0.,-1.,0.));
#5675=DIRECTION('',(-1.,0.,0.));
#5676=DIRECTION('',(0.,1.,0.));
#5677=DIRECTION('',(1.,0.,0.));
#5678=DIRECTION('',(0.,-1.,0.));
#5679=DIRECTION('',(0.,1.,0.));
#5680=DIRECTION('',(1.,0.,0.));
#5681=DIRECTION('',(0.,1.,0.));
#5682=DIRECTION('',(1.,0.,0.));
#5683=DIRECTION('',(0.,1.,0.));
#5684=DIRECTION('',(1.,0.,0.));
#5685=DIRECTION('',(0.,-1.,0.));
#5686=DIRECTION('',(-1.,0.,0.));
#5687=DIRECTION('',(0.,1.,0.));
#5688=DIRECTION('',(1.,0.,0.));
#5689=DIRECTION('',(0.,1.,0.));
#5690=DIRECTION('',(1.,0.,0.));
#5691=DIRECTION('',(0.,-1.,0.));
#5692=DIRECTION('',(-1.,0.,0.));
#5693=DIRECTION('',(0.,1.,0.));
#5694=DIRECTION('',(1.,0.,0.));
#5695=DIRECTION('',(0.,1.,0.));
#5696=DIRECTION('',(1.,0.,0.));
#5697=DIRECTION('',(0.,1.,0.));
#5698=DIRECTION('',(1.,0.,0.));
#5699=DIRECTION('',(0.,1.,0.));
#5700=DIRECTION('',(1.,0.,0.));
#5701=DIRECTION('',(0.,1.,0.));
#5702=DIRECTION('',(1.,0.,0.));
#5703=DIRECTION('',(-1.,0.,0.));
#5704=DIRECTION('',(0.,1.,0.));
#5705=DIRECTION('',(0.,0.577350269189632,-0.816496580927722));
#5706=DIRECTION('',(0.,-1.,0.));
#5707=DIRECTION('',(-0.707106781186547,0.,-0.707106781186548));
#5708=DIRECTION('',(-0.707106781186548,0.,0.707106781186547));
#5709=DIRECTION('',(-0.707106781186548,0.,0.707106781186547));
#5710=DIRECTION('',(0.,-1.,0.));
#5711=DIRECTION('',(1.,0.,0.));
#5712=DIRECTION('',(-0.707106781186543,0.,0.707106781186553));
#5713=DIRECTION('',(0.707106781186548,0.,-0.707106781186547));
#5714=DIRECTION('',(0.707106781186548,0.,-0.707106781186548));
#5715=DIRECTION('',(0.707106781186547,0.,-0.707106781186548));
#5716=DIRECTION('',(-0.707106781186548,0.,-0.707106781186547));
#5717=DIRECTION('',(0.707106781186548,0.,0.707106781186547));
#5718=DIRECTION('',(0.,-1.,0.));
#5719=DIRECTION('',(0.,-1.,0.));
#5720=DIRECTION('',(1.,0.,0.));
#5721=DIRECTION('',(-0.707106781186548,0.,-0.707106781186548));
#5722=DIRECTION('',(0.,0.,-1.));
#5723=DIRECTION('',(-1.,0.,0.));
#5724=DIRECTION('',(0.,0.,-1.));
#5725=DIRECTION('',(-0.707106781186548,0.,-0.707106781186547));
#5726=DIRECTION('',(-0.707106781186548,0.,-0.707106781186548));
#5727=DIRECTION('',(-0.707106781186548,0.,0.707106781186548));
#5728=DIRECTION('',(0.,-1.,0.));
#5729=DIRECTION('',(0.707106781186548,0.,-0.707106781186548));
#5730=DIRECTION('',(0.,-1.,0.));
#5731=DIRECTION('',(1.,0.,0.));
#5732=DIRECTION('',(-0.707106781186548,0.,0.707106781186548));
#5733=DIRECTION('',(0.,0.,-1.));
#5734=DIRECTION('',(-1.,0.,0.));
#5735=DIRECTION('',(0.,0.,-1.));
#5736=DIRECTION('',(-0.707106781186545,0.,0.70710678118655));
#5737=DIRECTION('',(0.,-1.,0.));
#5738=DIRECTION('',(1.,0.,0.));
#5739=DIRECTION('',(-0.707106781186548,0.,-0.707106781186548));
#5740=DIRECTION('',(0.707106781186548,0.,0.707106781186548));
#5741=DIRECTION('',(-0.707106781186548,0.,0.707106781186548));
#5742=DIRECTION('',(0.707106781186548,0.,0.707106781186548));
#5743=DIRECTION('',(-0.707106781186548,0.,-0.707106781186548));
#5744=DIRECTION('',(0.,-1.,0.));
#5745=DIRECTION('',(-1.,0.,0.));
#5746=DIRECTION('',(0.,-1.,0.));
#5747=DIRECTION('',(-1.,0.,0.));
#5748=DIRECTION('',(0.,-1.,0.));
#5749=DIRECTION('',(1.,0.,0.));
#5750=DIRECTION('',(0.,-1.,0.));
#5751=DIRECTION('',(-1.,0.,0.));
#5752=DIRECTION('',(0.,1.,0.));
#5753=DIRECTION('',(-1.,0.,0.));
#5754=DIRECTION('',(0.,-1.,0.));
#5755=DIRECTION('',(1.,0.,0.));
#5756=DIRECTION('',(0.,-1.,0.));
#5757=DIRECTION('',(-1.,0.,0.));
#5758=DIRECTION('',(0.,1.,0.));
#5759=DIRECTION('',(-1.,0.,0.));
#5760=DIRECTION('',(0.,-1.,0.));
#5761=DIRECTION('',(1.,0.,0.));
#5762=DIRECTION('',(0.,-1.,0.));
#5763=DIRECTION('',(-1.,0.,0.));
#5764=DIRECTION('',(0.,-1.,0.));
#5765=DIRECTION('',(-1.,0.,0.));
#5766=DIRECTION('',(0.,-1.,0.));
#5767=DIRECTION('',(1.,0.,0.));
#5768=DIRECTION('',(-0.707106781186552,0.,-0.707106781186543));
#5769=DIRECTION('',(0.,1.,0.));
#5770=DIRECTION('',(0.707106781186548,0.,-0.707106781186548));
#5771=DIRECTION('',(0.,-1.,0.));
#5772=DIRECTION('',(0.,1.,0.));
#5773=DIRECTION('',(-0.70710678118655,0.,-0.707106781186545));
#5774=DIRECTION('',(0.,-1.,0.));
#5775=DIRECTION('',(0.,-1.,0.));
#5776=DIRECTION('',(0.707106781186548,0.,-0.707106781186548));
#5777=DIRECTION('',(0.,1.,0.));
#5778=DIRECTION('',(-0.5,0.707106781186551,0.5));
#5779=DIRECTION('',(0.707106781186548,0.,0.707106781186548));
#5780=DIRECTION('',(-0.5,0.707106781186547,-0.5));
#5781=DIRECTION('',(-0.707106781186548,0.,0.707106781186548));
#5782=DIRECTION('',(-0.816496580927725,-0.577350269189627,0.));
#5783=DIRECTION('',(-0.5,-0.707106781186542,-0.5));
#5784=DIRECTION('',(0.707106781186548,0.,-0.707106781186547));
#5785=DIRECTION('',(0.5,0.707106781186551,-0.5));
#5786=DIRECTION('',(-0.707106781186548,0.,-0.707106781186547));
#5787=DIRECTION('',(-0.816496580927729,0.577350269189622,0.));
#5788=DIRECTION('',(0.,-0.707106781186549,0.707106781186546));
#5789=DIRECTION('',(-1.,0.,0.));
#5790=DIRECTION('',(-0.707106781186548,0.,-0.707106781186548));
#5791=DIRECTION('',(0.,1.,0.));
#5792=DIRECTION('',(-0.577350269189627,-0.577350269189623,0.577350269189627));
#5793=DIRECTION('',(-0.707106781186545,0.70710678118655,1.29119445615442E-16));
#5794=DIRECTION('',(-1.82602471155453E-16,0.,-1.));
#5795=DIRECTION('',(0.577350269189628,0.577350269189624,-0.577350269189625));
#5796=DIRECTION('',(0.,-0.707106781186548,-0.707106781186547));
#5797=DIRECTION('',(-1.,0.,0.));
#5798=DIRECTION('',(0.577350269189627,-0.577350269189625,0.577350269189625));
#5799=DIRECTION('',(-0.707106781186546,-0.707106781186549,1.29119445615442E-16));
#5800=DIRECTION('',(1.82602471155453E-16,0.,1.));
#5801=DIRECTION('',(0.577350269189627,-0.577350269189624,0.577350269189627));
#5802=DIRECTION('',(-0.707106781186548,0.,0.707106781186548));
#5803=DIRECTION('',(0.,-1.,0.));
#5804=DIRECTION('',(0.,0.,-1.));
#5805=DIRECTION('',(0.,1.,0.));
#5806=DIRECTION('',(-1.,0.,0.));
#5807=DIRECTION('',(0.,1.,0.));
#5808=DIRECTION('',(0.,1.,0.));
#5809=DIRECTION('',(1.,0.,0.));
#5810=DIRECTION('',(0.,-1.,0.));
#5811=DIRECTION('',(0.,-1.,0.));
#5812=DIRECTION('',(0.577350269189627,-0.816496580927725,0.));
#5813=DIRECTION('',(-0.816496580927725,-0.577350269189627,0.));
#5814=DIRECTION('',(0.,0.,-1.));
#5815=DIRECTION('',(-0.816496580927725,-0.577350269189627,0.));
#5816=DIRECTION('',(1.,0.,0.));
#5817=DIRECTION('',(0.,-1.,0.));
#5818=DIRECTION('',(0.,-1.,0.));
#5819=DIRECTION('',(1.,0.,0.));
#5820=DIRECTION('',(0.,-1.,0.));
#5821=DIRECTION('',(0.,0.,-1.));
#5822=DIRECTION('',(0.,-1.,0.));
#5823=DIRECTION('',(-0.577350269189622,-0.816496580927729,0.));
#5824=DIRECTION('',(-0.816496580927729,0.577350269189622,0.));
#5825=DIRECTION('',(-0.816496580927729,0.577350269189622,0.));
#5826=DIRECTION('',(0.,0.,-1.));
#5827=DIRECTION('',(0.,1.,0.));
#5828=DIRECTION('',(0.,0.,-1.));
#5829=DIRECTION('',(0.,1.,0.));
#5830=DIRECTION('',(0.,0.,-1.));
#5831=DIRECTION('',(0.,1.,0.));
#5832=DIRECTION('',(0.,0.,1.));
#5833=DIRECTION('',(0.,-1.,0.));
#5834=DIRECTION('',(0.,0.,-1.));
#5835=DIRECTION('',(0.,1.,0.));
#5836=DIRECTION('',(0.,0.,1.));
#5837=DIRECTION('',(0.,-1.,0.));
#5838=DIRECTION('',(0.,0.,1.));
#5839=DIRECTION('',(1.,0.,0.));
#5840=DIRECTION('',(0.,0.,1.));
#5841=DIRECTION('',(0.,-1.,0.));
#5842=DIRECTION('',(0.,0.,1.));
#5843=DIRECTION('',(0.,-1.,0.));
#5844=DIRECTION('',(0.,0.,-1.));
#5845=DIRECTION('',(0.,1.,0.));
#5846=DIRECTION('',(0.,0.,1.));
#5847=DIRECTION('',(0.,-1.,0.));
#5848=DIRECTION('',(0.,0.,-1.));
#5849=DIRECTION('',(0.,1.,0.));
#5850=DIRECTION('',(0.,0.,1.));
#5851=DIRECTION('',(0.,-1.,0.));
#5852=DIRECTION('',(0.,0.,1.));
#5853=DIRECTION('',(1.,0.,0.));
#5854=DIRECTION('',(0.,0.,1.));
#5855=DIRECTION('',(0.,-1.,0.));
#5856=DIRECTION('',(0.,0.,1.));
#5857=DIRECTION('',(0.,-1.,0.));
#5858=DIRECTION('',(0.,0.,1.));
#5859=DIRECTION('',(0.,-1.,0.));
#5860=DIRECTION('',(0.,0.,1.));
#5861=DIRECTION('',(0.,-1.,0.));
#5862=DIRECTION('',(0.,0.,1.));
#5863=DIRECTION('',(0.,-1.,0.));
#5864=DIRECTION('',(0.,0.,1.));
#5865=DIRECTION('',(0.,-1.,0.));
#5866=DIRECTION('',(1.,0.,-1.49287734593529E-16));
#5867=DIRECTION('',(-1.49287734593529E-16,0.,-1.));
#5868=DIRECTION('',(1.,0.,-1.49287734593529E-16));
#5869=DIRECTION('',(-1.49287734593529E-16,0.,-1.));
#5870=DIRECTION('',(1.,0.,-1.49287734593529E-16));
#5871=DIRECTION('',(0.,-0.840708652660507,-0.541487729631757));
#5872=DIRECTION('',(1.,0.,-1.49287734593529E-16));
#5873=DIRECTION('',(1.,0.,-1.49287734593529E-16));
#5874=DIRECTION('',(-1.49287734593529E-16,0.,-1.));
#5875=DIRECTION('',(1.,0.,-1.49287734593529E-16));
#5876=DIRECTION('',(9.85359295940889E-17,-0.75123014283859,0.660040356713672));
#5877=DIRECTION('',(0.,-0.660040356713672,-0.75123014283859));
#5878=DIRECTION('',(1.,0.,-1.49287734593529E-16));
#5879=DIRECTION('',(-1.12149446182746E-16,-0.660040356713672,-0.75123014283859));
#5880=DIRECTION('',(1.,0.,-1.49287734593529E-16));
#5881=DIRECTION('',(0.,-0.81021109699907,-0.586138190446214));
#5882=DIRECTION('',(1.,0.,-1.49287734593529E-16));
#5883=DIRECTION('',(1.,0.,-1.49287734593529E-16));
#5884=DIRECTION('',(-1.49287734593529E-16,0.,-1.));
#5885=DIRECTION('',(1.,0.,-1.49287734593529E-16));
#5886=DIRECTION('',(0.,-0.981509970833784,-0.191411016281362));
#5887=DIRECTION('',(1.,0.,-1.49287734593529E-16));
#5888=DIRECTION('',(1.,0.,-1.49287734593529E-16));
#5889=DIRECTION('',(-1.49287734593529E-16,0.,-1.));
#5890=DIRECTION('',(1.,0.,-1.49287734593529E-16));
#5891=DIRECTION('',(0.,-0.975266384458301,0.221032756272987));
#5892=DIRECTION('',(1.,0.,-1.49287734593529E-16));
#5893=DIRECTION('',(1.,0.,-1.49287734593529E-16));
#5894=DIRECTION('',(-1.49287734593529E-16,0.,-1.));
#5895=DIRECTION('',(1.,0.,-1.49287734593529E-16));
#5896=DIRECTION('',(0.,-0.76780070457903,0.640688752865185));
#5897=DIRECTION('',(1.,0.,-1.49287734593529E-16));
#5898=DIRECTION('',(1.,0.,-1.49287734593529E-16));
#5899=DIRECTION('',(-1.49287734593529E-16,0.,-1.));
#5900=DIRECTION('',(1.,0.,-1.49287734593529E-16));
#5901=DIRECTION('',(0.,-0.427501721899095,0.904014534049818));
#5902=DIRECTION('',(1.,0.,-1.49287734593529E-16));
#5903=DIRECTION('',(1.,0.,-1.49287734593529E-16));
#5904=DIRECTION('',(-1.49287734593529E-16,0.,-1.));
#5905=DIRECTION('',(1.,0.,-1.49287734593529E-16));
#5906=DIRECTION('',(0.,-0.127298148564574,0.991864497485434));
#5907=DIRECTION('',(1.,0.,-1.49287734593529E-16));
#5908=DIRECTION('',(1.,0.,-1.49287734593529E-16));
#5909=DIRECTION('',(-1.49287734593529E-16,0.,-1.));
#5910=DIRECTION('',(1.,0.,-1.49287734593529E-16));
#5911=DIRECTION('',(0.,0.129702685231357,0.991552930228021));
#5912=DIRECTION('',(1.,0.,-1.49287734593529E-16));
#5913=DIRECTION('',(1.,0.,-1.49287734593529E-16));
#5914=DIRECTION('',(-1.49287734593529E-16,0.,-1.));
#5915=DIRECTION('',(1.,0.,-1.49287734593529E-16));
#5916=DIRECTION('',(0.,0.4393876255931,0.898297564549553));
#5917=DIRECTION('',(1.,0.,-1.49287734593529E-16));
#5918=DIRECTION('',(1.,0.,-1.49287734593529E-16));
#5919=DIRECTION('',(-1.49287734593529E-16,0.,-1.));
#5920=DIRECTION('',(1.,0.,-1.49287734593529E-16));
#5921=DIRECTION('',(0.,0.788368702410086,0.615203047018004));
#5922=DIRECTION('',(1.,0.,-1.49287734593529E-16));
#5923=DIRECTION('',(1.,0.,-1.49287734593529E-16));
#5924=DIRECTION('',(-1.49287734593529E-16,0.,-1.));
#5925=DIRECTION('',(1.,0.,-1.49287734593529E-16));
#5926=DIRECTION('',(0.,0.980721582374422,0.195410280858017));
#5927=DIRECTION('',(1.,0.,-1.49287734593529E-16));
#5928=DIRECTION('',(1.,0.,-1.49287734593529E-16));
#5929=DIRECTION('',(-1.49287734593529E-16,0.,-1.));
#5930=DIRECTION('',(1.,0.,-1.49287734593529E-16));
#5931=DIRECTION('',(0.,0.979628184887115,-0.200819867978188));
#5932=DIRECTION('',(1.,0.,-1.49287734593529E-16));
#5933=DIRECTION('',(1.,0.,-1.49287734593529E-16));
#5934=DIRECTION('',(-1.49287734593529E-16,0.,-1.));
#5935=DIRECTION('',(1.,0.,-1.49287734593529E-16));
#5936=DIRECTION('',(0.,0.800478402092509,-0.599361600190922));
#5937=DIRECTION('',(1.,0.,-1.49287734593529E-16));
#5938=DIRECTION('',(1.,0.,-1.49287734593529E-16));
#5939=DIRECTION('',(-1.49287734593529E-16,0.,-1.));
#5940=DIRECTION('',(9.92613605793792E-17,0.746932709395311,0.664899637265189));
#5941=DIRECTION('',(0.,-0.664899637265189,0.746932709395311));
#5942=DIRECTION('',(1.,0.,-1.49287734593529E-16));
#5943=DIRECTION('',(1.11507892079433E-16,-0.664899637265189,0.746932709395311));
#5944=DIRECTION('',(1.,0.,-1.49287734593529E-16));
#5945=DIRECTION('',(0.,0.840708652660504,-0.541487729631763));
#5946=DIRECTION('',(1.,0.,-1.49287734593529E-16));
#5947=DIRECTION('',(1.,0.,-1.49287734593529E-16));
#5948=DIRECTION('',(-1.49287734593529E-16,0.,-1.));
#5949=DIRECTION('',(1.,0.,-1.49287734593529E-16));
#5950=DIRECTION('',(0.,0.984015616784276,-0.178082188678885));
#5951=DIRECTION('',(1.,0.,-1.49287734593529E-16));
#5952=DIRECTION('',(1.,0.,-1.49287734593529E-16));
#5953=DIRECTION('',(-1.49287734593529E-16,0.,-1.));
#5954=DIRECTION('',(1.,0.,-1.49287734593529E-16));
#5955=DIRECTION('',(0.,0.979730043030899,0.200322347187409));
#5956=DIRECTION('',(1.,0.,-1.49287734593529E-16));
#5957=DIRECTION('',(1.,0.,-1.49287734593529E-16));
#5958=DIRECTION('',(-1.49287734593529E-16,0.,-1.));
#5959=DIRECTION('',(1.,0.,-1.49287734593529E-16));
#5960=DIRECTION('',(0.,0.807016094338349,0.590529443363222));
#5961=DIRECTION('',(1.,0.,-1.49287734593529E-16));
#5962=DIRECTION('',(1.,0.,-1.49287734593529E-16));
#5963=DIRECTION('',(-1.49287734593529E-16,0.,-1.));
#5964=DIRECTION('',(1.,0.,-1.49287734593529E-16));
#5965=DIRECTION('',(0.,0.488912764715001,0.872332682236963));
#5966=DIRECTION('',(1.,0.,-1.49287734593529E-16));
#5967=DIRECTION('',(1.,0.,-1.49287734593529E-16));
#5968=DIRECTION('',(-1.49287734593529E-16,0.,-1.));
#5969=DIRECTION('',(1.,0.,-1.49287734593529E-16));
#5970=DIRECTION('',(1.,0.,-1.49287734593529E-16));
#5971=DIRECTION('',(0.,-0.147683327709065,0.989034698439229));
#5972=DIRECTION('',(1.,0.,-1.49287734593529E-16));
#5973=DIRECTION('',(1.,0.,-1.49287734593529E-16));
#5974=DIRECTION('',(-1.49287734593529E-16,0.,-1.));
#5975=DIRECTION('',(1.,0.,-1.49287734593529E-16));
#5976=DIRECTION('',(0.,-0.487615318168522,0.873058589951105));
#5977=DIRECTION('',(1.,0.,-1.49287734593529E-16));
#5978=DIRECTION('',(1.,0.,-1.49287734593529E-16));
#5979=DIRECTION('',(-1.49287734593529E-16,0.,-1.));
#5980=DIRECTION('',(1.,0.,-1.49287734593529E-16));
#5981=DIRECTION('',(0.,-0.80776360494895,0.58950653814854));
#5982=DIRECTION('',(1.,0.,-1.49287734593529E-16));
#5983=DIRECTION('',(1.,0.,-1.49287734593529E-16));
#5984=DIRECTION('',(-1.49287734593529E-16,0.,-1.));
#5985=DIRECTION('',(1.,0.,-1.49287734593529E-16));
#5986=DIRECTION('',(0.,-0.980466675332354,0.196685277951146));
#5987=DIRECTION('',(1.,0.,-1.49287734593529E-16));
#5988=DIRECTION('',(1.,0.,-1.49287734593529E-16));
#5989=DIRECTION('',(-1.49287734593529E-16,0.,-1.));
#5990=DIRECTION('',(1.,0.,-1.49287734593529E-16));
#5991=DIRECTION('',(0.,-0.984015616784264,-0.17808218867895));
#5992=DIRECTION('',(1.,0.,-1.49287734593529E-16));
#5993=DIRECTION('',(-1.49287734593529E-16,0.,-1.));
#5994=DIRECTION('',(1.,0.,-1.49287734593529E-16));
#5995=DIRECTION('',(-1.49287734593529E-16,0.,-1.));
#5996=DIRECTION('',(1.49287734593529E-16,0.,1.));
#5997=DIRECTION('',(1.,0.,-1.49287734593529E-16));
#5998=DIRECTION('',(1.,0.,-1.49287734593529E-16));
#5999=DIRECTION('',(0.,-1.,0.));
#6000=DIRECTION('',(1.,0.,-1.49287734593529E-16));
#6001=DIRECTION('',(0.,-1.,0.));
#6002=DIRECTION('',(-1.,0.,0.));
#6003=DIRECTION('',(1.,0.,-1.49287734593529E-16));
#6004=DIRECTION('',(-1.49287734593529E-16,0.,-1.));
#6005=DIRECTION('',(-1.49287734593529E-16,0.,-1.));
#6006=DIRECTION('',(-1.,0.,1.49287734593529E-16));
#6007=DIRECTION('',(1.,0.,-1.49287734593529E-16));
#6008=DIRECTION('',(0.,1.,0.));
#6009=DIRECTION('',(0.,1.,0.));
#6010=DIRECTION('',(1.,0.,0.));
#6011=DIRECTION('',(1.,0.,-1.49287734593529E-16));
#6012=DIRECTION('',(1.49287734593529E-16,0.,1.));
#6013=DIRECTION('',(1.49287734593529E-16,0.,1.));
#6014=DIRECTION('',(1.,0.,-1.49287734593529E-16));
#6015=DIRECTION('',(1.,0.,-1.49287734593529E-16));
#6016=DIRECTION('',(0.,-1.,0.));
#6017=DIRECTION('',(0.,-1.,0.));
#6018=DIRECTION('',(-1.,0.,0.));
#6019=DIRECTION('',(-1.49287734593529E-16,0.,-1.));
#6020=DIRECTION('',(1.,0.,-1.49287734593529E-16));
#6021=DIRECTION('',(-1.49287734593529E-16,0.,-1.));
#6022=DIRECTION('',(1.49287734593529E-16,0.,1.));
#6023=DIRECTION('',(1.,0.,-1.49287734593529E-16));
#6024=DIRECTION('',(1.,0.,-1.49287734593529E-16));
#6025=DIRECTION('',(0.,-1.,0.));
#6026=DIRECTION('',(1.,0.,-1.49287734593529E-16));
#6027=DIRECTION('',(0.,1.,0.));
#6028=DIRECTION('',(1.,0.,0.));
#6029=DIRECTION('',(1.,0.,-1.49287734593529E-16));
#6030=DIRECTION('',(1.49287734593529E-16,0.,1.));
#6031=DIRECTION('',(1.49287734593529E-16,0.,1.));
#6032=DIRECTION('',(1.,0.,-1.49287734593529E-16));
#6033=DIRECTION('',(1.,0.,-1.49287734593529E-16));
#6034=DIRECTION('',(0.,-1.,0.));
#6035=DIRECTION('',(0.,-1.,0.));
#6036=DIRECTION('',(-1.,0.,0.));
#6037=DIRECTION('',(1.,0.,-1.49287734593529E-16));
#6038=DIRECTION('',(-1.49287734593529E-16,0.,-1.));
#6039=DIRECTION('',(-1.49287734593529E-16,0.,-1.));
#6040=DIRECTION('',(-1.,0.,1.49287734593529E-16));
#6041=DIRECTION('',(1.,0.,-1.49287734593529E-16));
#6042=DIRECTION('',(0.,1.,0.));
#6043=DIRECTION('',(0.,1.,0.));
#6044=DIRECTION('',(1.,0.,0.));
#6045=DIRECTION('',(1.,0.,-1.49287734593529E-16));
#6046=DIRECTION('',(1.49287734593529E-16,0.,1.));
#6047=DIRECTION('',(1.49287734593529E-16,0.,1.));
#6048=DIRECTION('',(1.,0.,-1.49287734593529E-16));
#6049=DIRECTION('',(1.,0.,-1.49287734593529E-16));
#6050=DIRECTION('',(0.,-1.,0.));
#6051=DIRECTION('',(0.,-1.,0.));
#6052=DIRECTION('',(-1.,0.,0.));
#6053=DIRECTION('',(1.,0.,-1.49287734593529E-16));
#6054=DIRECTION('',(-1.49287734593529E-16,0.,-1.));
#6055=DIRECTION('',(1.49287734593529E-16,0.,1.));
#6056=DIRECTION('',(1.,0.,-1.49287734593529E-16));
#6057=DIRECTION('',(1.,0.,-1.49287734593529E-16));
#6058=DIRECTION('',(0.,-1.,0.));
#6059=DIRECTION('',(0.,1.,0.));
#6060=DIRECTION('',(1.,0.,0.));
#6061=DIRECTION('',(1.,0.,-1.49287734593529E-16));
#6062=DIRECTION('',(1.49287734593529E-16,0.,1.));
#6063=DIRECTION('',(1.49287734593529E-16,0.,1.));
#6064=DIRECTION('',(1.,0.,-1.49287734593529E-16));
#6065=DIRECTION('',(1.,0.,-1.49287734593529E-16));
#6066=DIRECTION('',(0.,-1.,0.));
#6067=DIRECTION('',(0.,-1.,0.));
#6068=DIRECTION('',(-1.,0.,0.));
#6069=DIRECTION('',(-1.49287734593529E-16,0.,-1.));
#6070=DIRECTION('',(1.,0.,-1.49287734593529E-16));
#6071=DIRECTION('',(-1.49287734593529E-16,0.,-1.));
#6072=DIRECTION('',(1.,0.,-1.49287734593529E-16));
#6073=DIRECTION('',(0.,-0.207094930633716,-0.978320852126651));
#6074=DIRECTION('',(1.,0.,-1.49287734593529E-16));
#6075=DIRECTION('',(1.,0.,-1.49287734593529E-16));
#6076=DIRECTION('',(-1.49287734593529E-16,0.,-1.));
#6077=DIRECTION('',(1.,0.,-1.49287734593529E-16));
#6078=DIRECTION('',(1.,0.,-1.49287734593529E-16));
#6079=DIRECTION('',(1.,0.,-1.49287734593529E-16));
#6080=DIRECTION('',(0.,0.67711434419546,-0.735877819264008));
#6081=DIRECTION('',(1.,0.,-1.49287734593529E-16));
#6082=DIRECTION('',(1.,0.,-1.49287734593529E-16));
#6083=DIRECTION('',(-1.49287734593529E-16,0.,-1.));
#6084=DIRECTION('',(1.,0.,-1.49287734593529E-16));
#6085=DIRECTION('',(0.,0.868431213766106,-0.495809668075087));
#6086=DIRECTION('',(1.,0.,-1.49287734593529E-16));
#6087=DIRECTION('',(1.,0.,-1.49287734593529E-16));
#6088=DIRECTION('',(-1.49287734593529E-16,0.,-1.));
#6089=DIRECTION('',(1.,0.,-1.49287734593529E-16));
#6090=DIRECTION('',(0.,-0.898854908818471,0.438246338139793));
#6091=DIRECTION('',(1.,0.,-1.49287734593529E-16));
#6092=DIRECTION('',(1.,0.,-1.49287734593529E-16));
#6093=DIRECTION('',(-1.49287734593529E-16,0.,-1.));
#6094=DIRECTION('',(1.,0.,-1.49287734593529E-16));
#6095=DIRECTION('',(0.,-0.795972026474283,0.605333406537606));
#6096=DIRECTION('',(1.,0.,-1.49287734593529E-16));
#6097=DIRECTION('',(1.,0.,-1.49287734593529E-16));
#6098=DIRECTION('',(-1.49287734593529E-16,0.,-1.));
#6099=DIRECTION('',(1.,0.,-1.49287734593529E-16));
#6100=DIRECTION('',(0.,-0.348259498836327,0.937398165920048));
#6101=DIRECTION('',(1.,0.,-1.49287734593529E-16));
#6102=DIRECTION('',(1.,0.,-1.49287734593529E-16));
#6103=DIRECTION('',(-1.49287734593529E-16,0.,-1.));
#6104=DIRECTION('',(1.,0.,-1.49287734593529E-16));
#6105=DIRECTION('',(0.,0.225518592045251,0.974238864263753));
#6106=DIRECTION('',(1.,0.,-1.49287734593529E-16));
#6107=DIRECTION('',(1.,0.,-1.49287734593529E-16));
#6108=DIRECTION('',(-1.49287734593529E-16,0.,-1.));
#6109=DIRECTION('',(1.,0.,-1.49287734593529E-16));
#6110=DIRECTION('',(0.,0.571652969960528,0.820495510003137));
#6111=DIRECTION('',(1.,0.,-1.49287734593529E-16));
#6112=DIRECTION('',(1.,0.,-1.49287734593529E-16));
#6113=DIRECTION('',(-1.49287734593529E-16,0.,-1.));
#6114=DIRECTION('',(1.,0.,-1.49287734593529E-16));
#6115=DIRECTION('',(0.,0.806328296201618,0.591468239844369));
#6116=DIRECTION('',(1.,0.,-1.49287734593529E-16));
#6117=DIRECTION('',(1.,0.,-1.49287734593529E-16));
#6118=DIRECTION('',(-1.49287734593529E-16,0.,-1.));
#6119=DIRECTION('',(1.,0.,-1.49287734593529E-16));
#6120=DIRECTION('',(0.,0.957092154303942,0.289783726544192));
#6121=DIRECTION('',(1.,0.,-1.49287734593529E-16));
#6122=DIRECTION('',(1.,0.,-1.49287734593529E-16));
#6123=DIRECTION('',(-1.49287734593529E-16,0.,-1.));
#6124=DIRECTION('',(1.,0.,-1.49287734593529E-16));
#6125=DIRECTION('',(0.,0.999931035997468,0.0117440729319427));
#6126=DIRECTION('',(1.,0.,-1.49287734593529E-16));
#6127=DIRECTION('',(1.,0.,-1.49287734593529E-16));
#6128=DIRECTION('',(-1.49287734593529E-16,0.,-1.));
#6129=DIRECTION('',(1.,0.,-1.49287734593529E-16));
#6130=DIRECTION('',(0.,0.980712868394771,-0.195454009334422));
#6131=DIRECTION('',(1.,0.,-1.49287734593529E-16));
#6132=DIRECTION('',(1.,0.,-1.49287734593529E-16));
#6133=DIRECTION('',(-1.49287734593529E-16,0.,-1.));
#6134=DIRECTION('',(1.,0.,-1.49287734593529E-16));
#6135=DIRECTION('',(0.,0.90227461701065,-0.431161820548022));
#6136=DIRECTION('',(1.,0.,-1.49287734593529E-16));
#6137=DIRECTION('',(1.,0.,-1.49287734593529E-16));
#6138=DIRECTION('',(-1.49287734593529E-16,0.,-1.));
#6139=DIRECTION('',(1.,0.,-1.49287734593529E-16));
#6140=DIRECTION('',(0.,-0.862017377835771,0.50687872347253));
#6141=DIRECTION('',(1.,0.,-1.49287734593529E-16));
#6142=DIRECTION('',(1.,0.,-1.49287734593529E-16));
#6143=DIRECTION('',(-1.49287734593529E-16,0.,-1.));
#6144=DIRECTION('',(1.28247844714994E-16,0.511866582296925,0.859064957920916));
#6145=DIRECTION('',(-1.90764385250013E-14,-0.859064957920916,0.511866582296925));
#6146=DIRECTION('',(1.,0.,-1.49287734593529E-16));
#6147=DIRECTION('',(-1.90764385250013E-14,-0.859064957920916,0.511866582296925));
#6148=DIRECTION('',(1.31712790335415E-16,0.470734704211293,0.882274808804551));
#6149=DIRECTION('',(-9.3440134685273E-15,-0.882274808804551,0.470734704211293));
#6150=DIRECTION('',(1.,0.,-1.49287734593529E-16));
#6151=DIRECTION('',(-9.3440134685273E-15,-0.882274808804551,0.470734704211293));
#6152=DIRECTION('',(1.32636389741167E-16,0.458951123919712,0.888461516247515));
#6153=DIRECTION('',(-7.36073576629708E-15,-0.888461516247515,0.458951123919712));
#6154=DIRECTION('',(1.,0.,-1.49287734593529E-16));
#6155=DIRECTION('',(-7.36073576629708E-15,-0.888461516247515,0.458951123919712));
#6156=DIRECTION('',(1.,0.,-1.49287734593529E-16));
#6157=DIRECTION('',(0.,-0.442639804758263,-0.896699505544397));
#6158=DIRECTION('',(1.,0.,-1.49287734593529E-16));
#6159=DIRECTION('',(1.,0.,-1.49287734593529E-16));
#6160=DIRECTION('',(-1.49287734593529E-16,0.,-1.));
#6161=DIRECTION('',(1.,0.,-1.49287734593529E-16));
#6162=DIRECTION('',(0.,0.936751015291455,-0.34999647905433));
#6163=DIRECTION('',(1.,0.,-1.49287734593529E-16));
#6164=DIRECTION('',(1.,0.,-1.49287734593529E-16));
#6165=DIRECTION('',(-1.49287734593529E-16,0.,-1.));
#6166=DIRECTION('',(1.,0.,-1.49287734593529E-16));
#6167=DIRECTION('',(0.,0.99591921655714,-0.0902491777924476));
#6168=DIRECTION('',(1.,0.,-1.49287734593529E-16));
#6169=DIRECTION('',(1.,0.,-1.49287734593529E-16));
#6170=DIRECTION('',(-1.49287734593529E-16,0.,-1.));
#6171=DIRECTION('',(1.,0.,-1.49287734593529E-16));
#6172=DIRECTION('',(0.,0.986616724701403,0.163056550127479));
#6173=DIRECTION('',(1.,0.,-1.49287734593529E-16));
#6174=DIRECTION('',(1.,0.,-1.49287734593529E-16));
#6175=DIRECTION('',(-1.49287734593529E-16,0.,-1.));
#6176=DIRECTION('',(1.,0.,-1.49287734593529E-16));
#6177=DIRECTION('',(0.,0.867641833378029,0.497189751475644));
#6178=DIRECTION('',(1.,0.,-1.49287734593529E-16));
#6179=DIRECTION('',(1.,0.,-1.49287734593529E-16));
#6180=DIRECTION('',(-1.49287734593529E-16,0.,-1.));
#6181=DIRECTION('',(1.,0.,-1.49287734593529E-16));
#6182=DIRECTION('',(0.,0.602110183756505,0.798413005039815));
#6183=DIRECTION('',(1.,0.,-1.49287734593529E-16));
#6184=DIRECTION('',(1.,0.,-1.49287734593529E-16));
#6185=DIRECTION('',(-1.49287734593529E-16,0.,-1.));
#6186=DIRECTION('',(1.,0.,-1.49287734593529E-16));
#6187=DIRECTION('',(0.,0.208385604805813,0.978046747200621));
#6188=DIRECTION('',(1.,0.,-1.49287734593529E-16));
#6189=DIRECTION('',(1.,0.,-1.49287734593529E-16));
#6190=DIRECTION('',(-1.49287734593529E-16,0.,-1.));
#6191=DIRECTION('',(1.,0.,-1.49287734593529E-16));
#6192=DIRECTION('',(0.,-0.258433268896692,0.966029112153133));
#6193=DIRECTION('',(1.,0.,-1.49287734593529E-16));
#6194=DIRECTION('',(1.,0.,-1.49287734593529E-16));
#6195=DIRECTION('',(-1.49287734593529E-16,0.,-1.));
#6196=DIRECTION('',(1.,0.,-1.49287734593529E-16));
#6197=DIRECTION('',(0.,-0.679713474115341,0.733477738657455));
#6198=DIRECTION('',(1.,0.,-1.49287734593529E-16));
#6199=DIRECTION('',(1.,0.,-1.49287734593529E-16));
#6200=DIRECTION('',(-1.49287734593529E-16,0.,-1.));
#6201=DIRECTION('',(1.,0.,-1.49287734593529E-16));
#6202=DIRECTION('',(0.,-0.852449907917463,0.52280890819831));
#6203=DIRECTION('',(1.,0.,-1.49287734593529E-16));
#6204=DIRECTION('',(1.,0.,-1.49287734593529E-16));
#6205=DIRECTION('',(-1.49287734593529E-16,0.,-1.));
#6206=DIRECTION('',(1.,0.,-1.49287734593529E-16));
#6207=DIRECTION('',(0.,0.885826526730588,-0.464016556321456));
#6208=DIRECTION('',(1.,0.,-1.49287734593529E-16));
#6209=DIRECTION('',(1.,0.,-1.49287734593529E-16));
#6210=DIRECTION('',(-1.49287734593529E-16,0.,-1.));
#6211=DIRECTION('',(1.,0.,-1.49287734593529E-16));
#6212=DIRECTION('',(0.,0.794985706838337,-0.606628161168561));
#6213=DIRECTION('',(1.,0.,-1.49287734593529E-16));
#6214=DIRECTION('',(1.,0.,-1.49287734593529E-16));
#6215=DIRECTION('',(-1.49287734593529E-16,0.,-1.));
#6216=DIRECTION('',(1.,0.,-1.49287734593529E-16));
#6217=DIRECTION('',(0.,0.369407078196351,-0.929267674342778));
#6218=DIRECTION('',(1.,0.,-1.49287734593529E-16));
#6219=DIRECTION('',(1.,0.,-1.49287734593529E-16));
#6220=DIRECTION('',(-1.49287734593529E-16,0.,-1.));
#6221=DIRECTION('',(1.,0.,-1.49287734593529E-16));
#6222=DIRECTION('',(1.,0.,-1.49287734593529E-16));
#6223=DIRECTION('',(1.,0.,-1.49287734593529E-16));
#6224=DIRECTION('',(0.,-0.995911850533745,0.0903304265818138));
#6225=DIRECTION('',(1.,0.,-1.49287734593529E-16));
#6226=DIRECTION('',(1.,0.,-1.49287734593529E-16));
#6227=DIRECTION('',(-1.49287734593529E-16,0.,-1.));
#6228=DIRECTION('',(1.,0.,-1.49287734593529E-16));
#6229=DIRECTION('',(0.,-0.97505407235208,0.221967466061189));
#6230=DIRECTION('',(1.,0.,-1.49287734593529E-16));
#6231=DIRECTION('',(1.,-3.85954572586006E-13,8.79305200152856E-14));
#6232=DIRECTION('',(-3.94266778238492E-13,-0.962257696419883,0.272139900934612));
#6233=DIRECTION('',(1.,0.,-1.49287734593529E-16));
#6234=DIRECTION('',(0.,-0.953798471185445,0.300447127402324));
#6235=DIRECTION('',(1.,0.,-1.49287734593529E-16));
#6236=DIRECTION('',(1.,-4.31762946194427E-13,1.36040168732228E-13));
#6237=DIRECTION('',(-4.52191103245773E-13,-0.94405181431419,0.329797167801798));
#6238=DIRECTION('',(1.,0.,-1.49287734593529E-16));
#6239=DIRECTION('',(0.,-0.913930951543827,0.405869702996164));
#6240=DIRECTION('',(1.,0.,-1.49287734593529E-16));
#6241=DIRECTION('',(1.,0.,-1.49287734593529E-16));
#6242=DIRECTION('',(-1.49287734593529E-16,0.,-1.));
#6243=DIRECTION('',(-1.44987513545914E-16,-0.238285782045856,-0.97119508136872));
#6244=DIRECTION('',(0.,0.97119508136872,-0.238285782045856));
#6245=DIRECTION('',(1.,0.,-1.49287734593529E-16));
#6246=DIRECTION('',(-3.55731445874732E-17,0.97119508136872,-0.238285782045856));
#6247=DIRECTION('',(1.,0.,-1.49287734593529E-16));
#6248=DIRECTION('',(0.,-0.845514018815914,0.533953222656968));
#6249=DIRECTION('',(1.,0.,-1.49287734593529E-16));
#6250=DIRECTION('',(1.,0.,-1.49287734593529E-16));
#6251=DIRECTION('',(-1.49287734593529E-16,0.,-1.));
#6252=DIRECTION('',(1.,0.,-1.49287734593529E-16));
#6253=DIRECTION('',(0.,-0.948028074572294,0.318186690203643));
#6254=DIRECTION('',(1.,0.,-1.49287734593529E-16));
#6255=DIRECTION('',(1.,0.,-1.49287734593529E-16));
#6256=DIRECTION('',(-1.49287734593529E-16,0.,-1.));
#6257=DIRECTION('',(1.,0.,-1.49287734593529E-16));
#6258=DIRECTION('',(0.,-0.986792909408366,0.16198689435066));
#6259=DIRECTION('',(1.,0.,-1.49287734593529E-16));
#6260=DIRECTION('',(1.,0.,-1.49287734593529E-16));
#6261=DIRECTION('',(-1.49287734593529E-16,0.,-1.));
#6262=DIRECTION('',(1.,0.,-1.49287734593529E-16));
#6263=DIRECTION('',(0.,-0.998774659070536,0.04948919476547));
#6264=DIRECTION('',(1.,0.,-1.49287734593529E-16));
#6265=DIRECTION('',(1.,0.,-1.49287734593529E-16));
#6266=DIRECTION('',(-1.49287734593529E-16,0.,-1.));
#6267=DIRECTION('',(1.,0.,-1.49287734593529E-16));
#6268=DIRECTION('',(0.,-0.984875340435723,-0.173264433169707));
#6269=DIRECTION('',(1.,0.,-1.49287734593529E-16));
#6270=DIRECTION('',(1.,0.,-1.49287734593529E-16));
#6271=DIRECTION('',(-1.49287734593529E-16,0.,-1.));
#6272=DIRECTION('',(1.,0.,-1.49287734593529E-16));
#6273=DIRECTION('',(0.,-0.849444897728687,-0.52767733106767));
#6274=DIRECTION('',(1.,0.,-1.49287734593529E-16));
#6275=DIRECTION('',(1.,0.,-1.49287734593529E-16));
#6276=DIRECTION('',(-1.49287734593529E-16,0.,-1.));
#6277=DIRECTION('',(1.,0.,-1.49287734593529E-16));
#6278=DIRECTION('',(0.,-0.575525113363644,-0.817784105915347));
#6279=DIRECTION('',(1.,0.,-1.49287734593529E-16));
#6280=DIRECTION('',(-1.49287734593529E-16,0.,-1.));
#6281=DIRECTION('',(1.,0.,-1.49287734593529E-16));
#6282=DIRECTION('',(-1.49287734593529E-16,0.,-1.));
#6283=DIRECTION('',(0.,-1.,0.));
#6284=DIRECTION('',(-1.,0.,0.));
#6285=DIRECTION('',(-1.49287734593529E-16,0.,-1.));
#6286=DIRECTION('',(1.,0.,-1.49287734593529E-16));
#6287=DIRECTION('',(-1.49287734593529E-16,0.,-1.));
#6288=DIRECTION('',(1.,0.,-1.49287734593529E-16));
#6289=DIRECTION('',(1.4096058427506E-16,0.329313042176004,0.944220800582568));
#6290=DIRECTION('',(0.,-0.944220800582568,0.329313042176004));
#6291=DIRECTION('',(4.91623980385589E-17,-0.944220800582568,0.329313042176004));
#6292=DIRECTION('',(1.,0.,-1.49287734593529E-16));
#6293=DIRECTION('',(4.91623980385589E-17,-0.944220800582568,0.329313042176004));
#6294=DIRECTION('',(-1.40887365560072E-16,-0.330715938967004,-0.943730346928175));
#6295=DIRECTION('',(0.,0.943730346928175,-0.330715938967004));
#6296=DIRECTION('',(1.,0.,-1.49287734593529E-16));
#6297=DIRECTION('',(-4.93718333223558E-17,0.943730346928175,-0.330715938967004));
#6298=DIRECTION('',(1.,0.,-1.49287734593529E-16));
#6299=DIRECTION('',(0.,1.,0.));
#6300=DIRECTION('',(1.,0.,0.));
#6301=DIRECTION('',(1.,0.,-1.49287734593529E-16));
#6302=DIRECTION('',(1.49287734593529E-16,0.,1.));
#6303=DIRECTION('',(1.40749689079812E-16,0.333335926902837,0.942808124612758));
#6304=DIRECTION('',(0.,-0.942808124612758,0.333335926902837));
#6305=DIRECTION('',(1.,0.,-1.49287734593529E-16));
#6306=DIRECTION('',(4.97629653859587E-17,-0.942808124612758,0.333335926902837));
#6307=DIRECTION('',(0.,1.,0.));
#6308=DIRECTION('',(1.,0.,0.));
#6309=DIRECTION('',(1.,0.,-1.49287734593529E-16));
#6310=DIRECTION('',(1.49287734593529E-16,0.,1.));
#6311=DIRECTION('',(-1.41071320971441E-16,0.327178462163693,-0.944962567457675));
#6312=DIRECTION('',(0.,0.944962567457675,0.327178462163693));
#6313=DIRECTION('',(1.,0.,-1.49287734593529E-16));
#6314=DIRECTION('',(4.88437314242124E-17,0.944962567457675,0.327178462163693));
#6315=DIRECTION('',(0.,1.,0.));
#6316=DIRECTION('',(1.,0.,0.));
#6317=DIRECTION('',(1.,0.,-1.49287734593529E-16));
#6318=DIRECTION('',(1.49287734593529E-16,0.,1.));
#6319=DIRECTION('',(1.41001787111107E-16,-0.328520624941273,0.944496796706159));
#6320=DIRECTION('',(0.,-0.944496796706159,-0.328520624941273));
#6321=DIRECTION('',(1.,0.,-1.49287734593529E-16));
#6322=DIRECTION('',(-4.9044099864733E-17,-0.944496796706159,-0.328520624941273));
#6323=DIRECTION('',(0.,-1.,0.));
#6324=DIRECTION('',(-1.,0.,0.));
#6325=DIRECTION('',(-1.49287734593529E-16,0.,-1.));
#6326=DIRECTION('',(-1.41201923935383E-16,0.324640720816154,-0.945837408008357));
#6327=DIRECTION('',(0.,0.945837408008357,0.324640720816154));
#6328=DIRECTION('',(4.8464877767454E-17,0.945837408008357,0.324640720816154));
#6329=DIRECTION('',(4.8464877767454E-17,0.945837408008357,0.324640720816154));
#6330=DIRECTION('',(1.,0.,-1.49287734593529E-16));
#6331=DIRECTION('',(-1.49287734593529E-16,0.,-1.));
#6332=DIRECTION('',(1.,0.,-1.49287734593529E-16));
#6333=DIRECTION('',(0.,-0.999775855286887,-0.0211716599579058));
#6334=DIRECTION('',(1.,5.73357179922034E-14,1.22207569433576E-15));
#6335=DIRECTION('',(5.73121764987372E-14,-0.999999910452466,-0.000423196242886505));
#6336=DIRECTION('',(1.,0.,-1.49287734593529E-16));
#6337=DIRECTION('',(1.,-1.02444194223636E-12,-2.18353522325371E-14));
#6338=DIRECTION('',(-1.02397755344411E-12,-0.999999910452466,-0.000423196242886505));
#6339=DIRECTION('',(1.,0.,-1.49287734593529E-16));
#6340=DIRECTION('',(0.,-1.,0.));
#6341=DIRECTION('',(-1.,0.,0.));
#6342=DIRECTION('',(-1.49287734593529E-16,0.,-1.));
#6343=DIRECTION('',(1.,0.,-1.49287734593529E-16));
#6344=DIRECTION('',(-1.49287734593529E-16,0.,-1.));
#6345=DIRECTION('',(1.49287734593529E-16,0.,1.));
#6346=DIRECTION('',(1.,0.,-1.49287734593529E-16));
#6347=DIRECTION('',(0.,-1.,0.));
#6348=DIRECTION('',(1.,0.,-1.49287734593529E-16));
#6349=DIRECTION('',(0.,-1.,0.));
#6350=DIRECTION('',(0.,1.,0.));
#6351=DIRECTION('',(1.,0.,0.));
#6352=DIRECTION('',(1.49287734593529E-16,0.,1.));
#6353=DIRECTION('',(1.,0.,-1.49287734593529E-16));
#6354=DIRECTION('',(1.49287734593529E-16,0.,1.));
#6355=DIRECTION('',(1.,0.,-1.49287734593529E-16));
#6356=DIRECTION('',(0.,0.989353828560076,-0.145530072196502));
#6357=DIRECTION('',(1.,0.,-1.49287734593529E-16));
#6358=DIRECTION('',(-1.49287734593529E-16,0.,-1.));
#6359=DIRECTION('',(1.,0.,-1.49287734593529E-16));
#6360=DIRECTION('',(1.,0.,-1.49287734593529E-16));
#6361=DIRECTION('',(-1.49287734593529E-16,0.,-1.));
#6362=DIRECTION('',(1.,0.,-1.49287734593529E-16));
#6363=DIRECTION('',(0.,0.849085413251462,-0.528255583031162));
#6364=DIRECTION('',(1.,0.,-1.49287734593529E-16));
#6365=DIRECTION('',(-1.49287734593529E-16,0.,-1.));
#6366=DIRECTION('',(1.,0.,-1.49287734593529E-16));
#6367=DIRECTION('',(1.,0.,-1.49287734593529E-16));
#6368=DIRECTION('',(-1.49287734593529E-16,0.,-1.));
#6369=DIRECTION('',(1.,0.,-1.49287734593529E-16));
#6370=DIRECTION('',(0.,0.487445902763164,-0.873153189239668));
#6371=DIRECTION('',(1.,0.,-1.49287734593529E-16));
#6372=DIRECTION('',(-1.49287734593529E-16,0.,-1.));
#6373=DIRECTION('',(1.,0.,-1.49287734593529E-16));
#6374=DIRECTION('',(1.,0.,-1.49287734593529E-16));
#6375=DIRECTION('',(-1.49287734593529E-16,0.,-1.));
#6376=DIRECTION('',(1.,0.,-1.49287734593529E-16));
#6377=DIRECTION('',(0.,0.130571718655063,-0.991438866641541));
#6378=DIRECTION('',(1.,0.,-1.49287734593529E-16));
#6379=DIRECTION('',(-1.49287734593529E-16,0.,-1.));
#6380=DIRECTION('',(1.,0.,-1.49287734593529E-16));
#6381=DIRECTION('',(1.,0.,-1.49287734593529E-16));
#6382=DIRECTION('',(-1.49287734593529E-16,0.,-1.));
#6383=DIRECTION('',(1.,0.,-1.49287734593529E-16));
#6384=DIRECTION('',(1.,0.,-1.49287734593529E-16));
#6385=DIRECTION('',(0.,-0.699448013500562,-0.714683479877714));
#6386=DIRECTION('',(1.,0.,-1.49287734593529E-16));
#6387=DIRECTION('',(-1.49287734593529E-16,0.,-1.));
#6388=DIRECTION('',(1.,0.,-1.49287734593529E-16));
#6389=DIRECTION('',(1.,0.,-1.49287734593529E-16));
#6390=DIRECTION('',(-1.49287734593529E-16,0.,-1.));
#6391=DIRECTION('',(1.,0.,-1.49287734593529E-16));
#6392=DIRECTION('',(1.,0.,-1.49287734593529E-16));
#6393=DIRECTION('',(0.,-1.,0.));
#6394=DIRECTION('',(-1.,0.,0.));
#6395=DIRECTION('',(-1.49287734593529E-16,0.,-1.));
#6396=DIRECTION('',(1.,0.,-1.49287734593529E-16));
#6397=DIRECTION('',(-1.49287734593529E-16,0.,-1.));
#6398=DIRECTION('',(1.49287734593529E-16,0.,1.));
#6399=DIRECTION('',(1.,0.,-1.49287734593529E-16));
#6400=DIRECTION('',(0.,-1.,0.));
#6401=DIRECTION('',(1.,0.,-1.49287734593529E-16));
#6402=DIRECTION('',(0.,-1.,0.));
#6403=DIRECTION('',(0.,1.,0.));
#6404=DIRECTION('',(1.,0.,0.));
#6405=DIRECTION('',(1.49287734593529E-16,0.,1.));
#6406=DIRECTION('',(1.,0.,-1.49287734593529E-16));
#6407=DIRECTION('',(1.49287734593529E-16,0.,1.));
#6408=DIRECTION('',(1.,0.,-1.49287734593529E-16));
#6409=DIRECTION('',(1.,0.,-1.49287734593529E-16));
#6410=DIRECTION('',(0.,0.329772530068029,-0.944060420954364));
#6411=DIRECTION('',(1.,0.,-1.49287734593529E-16));
#6412=DIRECTION('',(-1.49287734593529E-16,0.,-1.));
#6413=DIRECTION('',(1.,0.,-1.49287734593529E-16));
#6414=DIRECTION('',(1.,0.,-1.49287734593529E-16));
#6415=DIRECTION('',(-1.49287734593529E-16,0.,-1.));
#6416=DIRECTION('',(1.,0.,-1.49287734593529E-16));
#6417=DIRECTION('',(0.,0.957570057053139,-0.288200599991132));
#6418=DIRECTION('',(1.,0.,-1.49287734593529E-16));
#6419=DIRECTION('',(1.,0.,-1.49287734593529E-16));
#6420=DIRECTION('',(-1.49287734593529E-16,0.,-1.));
#6421=DIRECTION('',(1.,0.,-1.49287734593529E-16));
#6422=DIRECTION('',(1.,0.,-1.49287734593529E-16));
#6423=DIRECTION('',(0.,-0.918185833134729,-0.396149941096402));
#6424=DIRECTION('',(1.,0.,-1.49287734593529E-16));
#6425=DIRECTION('',(1.,0.,-1.49287734593529E-16));
#6426=DIRECTION('',(-1.49287734593529E-16,0.,-1.));
#6427=DIRECTION('',(1.,0.,-1.49287734593529E-16));
#6428=DIRECTION('',(0.,-0.739011067727725,-0.673693284645118));
#6429=DIRECTION('',(1.,0.,-1.49287734593529E-16));
#6430=DIRECTION('',(1.,0.,-1.49287734593529E-16));
#6431=DIRECTION('',(-1.49287734593529E-16,0.,-1.));
#6432=DIRECTION('',(1.,0.,-1.49287734593529E-16));
#6433=DIRECTION('',(0.,-0.492525391614409,-0.870298074578517));
#6434=DIRECTION('',(1.,0.,-1.49287734593529E-16));
#6435=DIRECTION('',(1.,0.,-1.49287734593529E-16));
#6436=DIRECTION('',(-1.49287734593529E-16,0.,-1.));
#6437=DIRECTION('',(1.,0.,-1.49287734593529E-16));
#6438=DIRECTION('',(0.,-0.178322910309534,-0.983972021786564));
#6439=DIRECTION('',(1.,0.,-1.49287734593529E-16));
#6440=DIRECTION('',(1.,0.,-1.49287734593529E-16));
#6441=DIRECTION('',(-1.49287734593529E-16,0.,-1.));
#6442=DIRECTION('',(1.,0.,-1.49287734593529E-16));
#6443=DIRECTION('',(0.,0.221526240394711,-0.975154410755848));
#6444=DIRECTION('',(1.,0.,-1.49287734593529E-16));
#6445=DIRECTION('',(1.,0.,-1.49287734593529E-16));
#6446=DIRECTION('',(-1.49287734593529E-16,0.,-1.));
#6447=DIRECTION('',(1.,0.,-1.49287734593529E-16));
#6448=DIRECTION('',(0.,0.655202370496059,-0.755453409348548));
#6449=DIRECTION('',(1.,0.,-1.49287734593529E-16));
#6450=DIRECTION('',(1.,0.,-1.49287734593529E-16));
#6451=DIRECTION('',(-1.49287734593529E-16,0.,-1.));
#6452=DIRECTION('',(1.,0.,-1.49287734593529E-16));
#6453=DIRECTION('',(0.,0.911418066571714,-0.411481600957659));
#6454=DIRECTION('',(1.,0.,-1.49287734593529E-16));
#6455=DIRECTION('',(1.,0.,-1.49287734593529E-16));
#6456=DIRECTION('',(-1.49287734593529E-16,0.,-1.));
#6457=DIRECTION('',(1.,0.,-1.49287734593529E-16));
#6458=DIRECTION('',(0.,0.992741166229166,-0.120270432251472));
#6459=DIRECTION('',(1.,0.,-1.49287734593529E-16));
#6460=DIRECTION('',(1.,0.,-1.49287734593529E-16));
#6461=DIRECTION('',(-1.49287734593529E-16,0.,-1.));
#6462=DIRECTION('',(0.,-1.,0.));
#6463=DIRECTION('',(-1.,0.,0.));
#6464=DIRECTION('',(1.,0.,-1.49287734593529E-16));
#6465=DIRECTION('',(-1.49287734593529E-16,0.,-1.));
#6466=DIRECTION('',(-1.49287734593529E-16,0.,-1.));
#6467=DIRECTION('',(-1.,0.,1.49287734593529E-16));
#6468=DIRECTION('',(1.,0.,-1.49287734593529E-16));
#6469=DIRECTION('',(0.,1.,0.));
#6470=DIRECTION('',(0.,1.,0.));
#6471=DIRECTION('',(1.,0.,0.));
#6472=DIRECTION('',(1.,0.,-1.49287734593529E-16));
#6473=DIRECTION('',(1.49287734593529E-16,0.,1.));
#6474=DIRECTION('',(9.20759460397294E-18,0.998096171954681,0.0616768313827145));
#6475=DIRECTION('',(9.15812225021574E-15,0.0616768313827145,-0.998096171954681));
#6476=DIRECTION('',(1.,0.,-1.49287734593529E-16));
#6477=DIRECTION('',(9.15812225021574E-15,0.0616768313827145,-0.998096171954681));
#6478=DIRECTION('',(1.,0.,-1.49287734593529E-16));
#6479=DIRECTION('',(0.,-0.982419991536062,-0.186684118848614));
#6480=DIRECTION('',(1.,0.,-1.49287734593529E-16));
#6481=DIRECTION('',(1.,0.,-1.49287734593529E-16));
#6482=DIRECTION('',(-1.49287734593529E-16,0.,-1.));
#6483=DIRECTION('',(1.,0.,-1.49287734593529E-16));
#6484=DIRECTION('',(0.,-0.928992313629144,-0.37009901542421));
#6485=DIRECTION('',(1.,0.,-1.49287734593529E-16));
#6486=DIRECTION('',(1.,0.,-1.49287734593529E-16));
#6487=DIRECTION('',(-1.49287734593529E-16,0.,-1.));
#6488=DIRECTION('',(1.,0.,-1.49287734593529E-16));
#6489=DIRECTION('',(0.,-0.79903975100749,-0.601278202091086));
#6490=DIRECTION('',(1.,0.,-1.49287734593529E-16));
#6491=DIRECTION('',(1.,0.,-1.49287734593529E-16));
#6492=DIRECTION('',(-1.49287734593529E-16,0.,-1.));
#6493=DIRECTION('',(1.,0.,-1.49287734593529E-16));
#6494=DIRECTION('',(0.,-0.53802794648633,-0.842927000872379));
#6495=DIRECTION('',(1.,0.,-1.49287734593529E-16));
#6496=DIRECTION('',(1.,0.,-1.49287734593529E-16));
#6497=DIRECTION('',(-1.49287734593529E-16,0.,-1.));
#6498=DIRECTION('',(1.,0.,-1.49287734593529E-16));
#6499=DIRECTION('',(0.,-0.180502198744265,-0.983574580928404));
#6500=DIRECTION('',(1.,0.,-1.49287734593529E-16));
#6501=DIRECTION('',(1.,0.,-1.49287734593529E-16));
#6502=DIRECTION('',(-1.49287734593529E-16,0.,-1.));
#6503=DIRECTION('',(1.,0.,-1.49287734593529E-16));
#6504=DIRECTION('',(0.,0.209193537093513,-0.977874257784867));
#6505=DIRECTION('',(1.,0.,-1.49287734593529E-16));
#6506=DIRECTION('',(1.,0.,-1.49287734593529E-16));
#6507=DIRECTION('',(-1.49287734593529E-16,0.,-1.));
#6508=DIRECTION('',(1.,0.,-1.49287734593529E-16));
#6509=DIRECTION('',(0.,0.577110667066153,-0.816665952491262));
#6510=DIRECTION('',(1.,0.,-1.49287734593529E-16));
#6511=DIRECTION('',(1.,0.,-1.49287734593529E-16));
#6512=DIRECTION('',(-1.49287734593529E-16,0.,-1.));
#6513=DIRECTION('',(1.,0.,-1.49287734593529E-16));
#6514=DIRECTION('',(0.,0.820288916377817,-0.57194938033685));
#6515=DIRECTION('',(1.,0.,-1.49287734593529E-16));
#6516=DIRECTION('',(-1.49287734593529E-16,0.,-1.));
#6517=DIRECTION('',(1.,0.,-1.49287734593529E-16));
#6518=DIRECTION('',(0.,-0.968716050551181,-0.248171741752606));
#6519=DIRECTION('',(1.,0.,-1.49287734593529E-16));
#6520=DIRECTION('',(-1.49287734593529E-16,0.,-1.));
#6521=DIRECTION('',(1.,0.,-1.49287734593529E-16));
#6522=DIRECTION('',(-1.49287734593529E-16,0.,-1.));
#6523=DIRECTION('',(1.,0.,-1.49287734593529E-16));
#6524=DIRECTION('',(-1.49287734593529E-16,0.,-1.));
#6525=DIRECTION('',(1.,0.,-1.49287734593529E-16));
#6526=DIRECTION('',(-1.49287734593529E-16,0.,-1.));
#6527=DIRECTION('',(1.,0.,-1.49287734593529E-16));
#6528=DIRECTION('',(-1.49287734593529E-16,0.,-1.));
#6529=DIRECTION('',(1.,0.,-1.49287734593529E-16));
#6530=DIRECTION('',(-1.49287734593529E-16,0.,-1.));
#6531=DIRECTION('',(1.,0.,-1.49287734593529E-16));
#6532=DIRECTION('',(-1.49287734593529E-16,0.,-1.));
#6533=CARTESIAN_POINT('',(0.,0.,0.));
#6534=CARTESIAN_POINT('',(0.02324,-0.022,6.93889390390723E-18));
#6535=CARTESIAN_POINT('',(0.02324,-0.016,-0.01324));
#6536=CARTESIAN_POINT('',(0.02324,-0.016,-0.01574));
#6537=CARTESIAN_POINT('',(0.02324,-0.0171647656551004,0.00162821416788104));
#6538=CARTESIAN_POINT('',(0.02324,-0.0171647656551004,0.00141778635671441));
#6539=CARTESIAN_POINT('',(0.02324,-0.0171647656551004,0.00183864197904767));
#6540=CARTESIAN_POINT('',(0.02324,-0.0159253700963724,0.00140431466585867));
#6541=CARTESIAN_POINT('',(0.02324,-0.0146859745376445,0.000969987352669665));
#6542=CARTESIAN_POINT('',(0.02324,-0.0146859745376445,0.000769528592736278));
#6543=CARTESIAN_POINT('',(0.02324,-0.0146859745376445,0.000569069832802892));
#6544=CARTESIAN_POINT('',(0.02324,-0.0159253700963724,0.000137975725419265));
#6545=CARTESIAN_POINT('',(0.02324,-0.0171647656551004,-0.000293118381964362));
#6546=CARTESIAN_POINT('',(0.02324,-0.0171647656551004,-8.43071737004178E-5));
#6547=CARTESIAN_POINT('',(0.02324,-0.0171647656551004,0.000124504034563526));
#6548=CARTESIAN_POINT('',(0.02324,-0.0169071869259386,0.000213686628028514));
#6549=CARTESIAN_POINT('',(0.02324,-0.0166496081967769,0.000302869221493502));
#6550=CARTESIAN_POINT('',(0.02324,-0.0166496081967769,0.000769259158919163));
#6551=CARTESIAN_POINT('',(0.02324,-0.0166496081967769,0.00123564909634482));
#6552=CARTESIAN_POINT('',(0.02324,-0.0169071869259386,0.00132671772652962));
#6553=CARTESIAN_POINT('',(0.02324,-0.022,6.93889390390723E-18));
#6554=CARTESIAN_POINT('',(0.02324,-0.022,0.02024));
#6555=CARTESIAN_POINT('',(0.02324,-0.022,-0.02024));
#6556=CARTESIAN_POINT('',(0.02324,0.002,-0.02024));
#6557=CARTESIAN_POINT('',(0.02324,0.002,-0.02024));
#6558=CARTESIAN_POINT('',(0.02324,0.002,6.93889390390723E-18));
#6559=CARTESIAN_POINT('',(0.02324,0.002,0.02024));
#6560=CARTESIAN_POINT('',(0.02324,-0.022,0.02024));
#6561=CARTESIAN_POINT('',(0.02324,-0.0167891749140423,0.00246022579513144));
#6562=CARTESIAN_POINT('',(0.02324,-0.0166660939155702,0.00260031140523465));
#6563=CARTESIAN_POINT('',(0.02324,-0.0169119548826204,0.00232048280457879));
#6564=CARTESIAN_POINT('',(0.02324,-0.0162618768560838,0.00296231635400759));
#6565=CARTESIAN_POINT('',(0.02324,-0.0171142091753412,0.00263343485994369));
#6566=CARTESIAN_POINT('',(0.02324,-0.0161393702752901,0.00300088607541406));
#6567=CARTESIAN_POINT('',(0.02324,-0.0171812882497719,0.0030106809190306));
#6568=CARTESIAN_POINT('',(0.02324,-0.016159781783699,0.0030234392239873));
#6569=CARTESIAN_POINT('',(0.02324,-0.017100779493859,0.00342027776825775));
#6570=CARTESIAN_POINT('',(0.02324,-0.0162603081404379,0.00305517361798045));
#6571=CARTESIAN_POINT('',(0.02324,-0.0168618190511101,0.00374697099664368));
#6572=CARTESIAN_POINT('',(0.02324,-0.0161316093011187,0.00288361044253229));
#6573=CARTESIAN_POINT('',(0.02324,-0.0164642548808328,0.00396560842305846));
#6574=CARTESIAN_POINT('',(0.02324,-0.015945766936206,0.00227867169250351));
#6575=CARTESIAN_POINT('',(0.02324,-0.0159118984055166,0.00404476607358339));
#6576=CARTESIAN_POINT('',(0.02324,-0.0159118984055166,0.00404476607358339));
#6577=CARTESIAN_POINT('',(0.02324,-0.0155988163100293,0.00404476607358339));
#6578=CARTESIAN_POINT('',(0.02324,-0.0153611756833341,0.00396555253135164));
#6579=CARTESIAN_POINT('',(0.02324,-0.0153611756833341,0.00396555253135164));
#6580=CARTESIAN_POINT('',(0.02324,-0.0156972073538439,0.00288314150863294));
#6581=CARTESIAN_POINT('',(0.02324,-0.0149652069963362,0.00374697491157575));
#6582=CARTESIAN_POINT('',(0.02324,-0.0155766690308266,0.00304575643461614));
#6583=CARTESIAN_POINT('',(0.02324,-0.0147246782139018,0.00341864254876487));
#6584=CARTESIAN_POINT('',(0.02324,-0.0156495013737586,0.00302059979884126));
#6585=CARTESIAN_POINT('',(0.02324,-0.014642464664509,0.00301067854835776));
#6586=CARTESIAN_POINT('',(0.02324,-0.0156844265357419,0.00300088607541376));
#6587=CARTESIAN_POINT('',(0.02324,-0.0147095876356921,0.00263343485994369));
#6588=CARTESIAN_POINT('',(0.02324,-0.0155619199549491,0.00296231635400731));
#6589=CARTESIAN_POINT('',(0.02324,-0.0149118424947762,0.002320482230941));
#6590=CARTESIAN_POINT('',(0.02324,-0.0150362384998937,0.00246022579513144));
#6591=CARTESIAN_POINT('',(0.02324,-0.0151607169234007,0.00260006194621401));
#6592=CARTESIAN_POINT('',(0.02324,-0.0154890469425276,0.00299760475115011));
#6593=CARTESIAN_POINT('',(0.02324,-0.0150191279456479,0.00278671818674535));
#6594=CARTESIAN_POINT('',(0.02324,-0.0155141122025423,0.00299985078330882));
#6595=CARTESIAN_POINT('',(0.02324,-0.0149753745277951,0.00300097960689292));
#6596=CARTESIAN_POINT('',(0.02324,-0.015584833744061,0.00300346892168678));
#6597=CARTESIAN_POINT('',(0.02324,-0.0150222930819412,0.00323844379332706));
#6598=CARTESIAN_POINT('',(0.02324,-0.0154880704894359,0.00303162577656792));
#6599=CARTESIAN_POINT('',(0.02324,-0.0151824803936511,0.00344050992194842));
#6600=CARTESIAN_POINT('',(0.02324,-0.015678371514484,0.00277062059697476));
#6601=CARTESIAN_POINT('',(0.02324,-0.0154740504279943,0.00358006635542579));
#6602=CARTESIAN_POINT('',(0.02324,-0.0158996558682082,0.00188478353496331));
#6603=CARTESIAN_POINT('',(0.02324,-0.0159118989410641,0.00363377239970763));
#6604=CARTESIAN_POINT('',(0.02324,-0.0159205145718894,0.00186193757927465));
#6605=CARTESIAN_POINT('',(0.02324,-0.0163430004437416,0.00358163920344591));
#6606=CARTESIAN_POINT('',(0.02324,-0.0161412194378482,0.00275430147728705));
#6607=CARTESIAN_POINT('',(0.02324,-0.0166343269290008,0.00344700297890195));
#6608=CARTESIAN_POINT('',(0.02324,-0.0163169877071008,0.00300878758659894));
#6609=CARTESIAN_POINT('',(0.02324,-0.0167995817190066,0.00325163802140129));
#6610=CARTESIAN_POINT('',(0.02324,-0.0163236659112402,0.00302249157557336));
#6611=CARTESIAN_POINT('',(0.02324,-0.0168516209399188,0.00302091690243434));
#6612=CARTESIAN_POINT('',(0.02324,-0.0162628272812242,0.00301614016706545));
#6613=CARTESIAN_POINT('',(0.02324,-0.0168078999215495,0.00279345704313367));
#6614=CARTESIAN_POINT('',(0.02324,-0.0163173162939981,0.00300541486495454));
#6615=CARTESIAN_POINT('',(0.02324,-0.0146827413318391,-0.00328410318575539));
#6616=CARTESIAN_POINT('',(0.02324,-0.0146827413318391,-0.00307852518329682));
#6617=CARTESIAN_POINT('',(0.02324,-0.0146827413318391,-0.00348968118821395));
#6618=CARTESIAN_POINT('',(0.02324,-0.0157704456515314,-0.00348968118821395));
#6619=CARTESIAN_POINT('',(0.02324,-0.0168581499712238,-0.00348968118821395));
#6620=CARTESIAN_POINT('',(0.02324,-0.0168581499712238,-0.00406061144668015));
#6621=CARTESIAN_POINT('',(0.02324,-0.0168581499712238,-0.00463154170514634));
#6622=CARTESIAN_POINT('',(0.02324,-0.017011457813162,-0.00463154170514634));
#6623=CARTESIAN_POINT('',(0.02324,-0.0171647656551004,-0.00463154170514634));
#6624=CARTESIAN_POINT('',(0.02324,-0.0171647656551004,-0.00385503344422158));
#6625=CARTESIAN_POINT('',(0.02324,-0.0171647656551004,-0.00307852518329682));
#6626=CARTESIAN_POINT('',(0.02324,-0.0159237534934697,-0.00307852518329682));
#6627=CARTESIAN_POINT('',(0.02324,-0.0149888181480815,-0.0060339447232287));
#6628=CARTESIAN_POINT('',(0.02324,-0.0149888181480815,-0.00660487498169489));
#6629=CARTESIAN_POINT('',(0.02324,-0.0149888181480815,-0.00546301446476251));
#6630=CARTESIAN_POINT('',(0.02324,-0.0153794971828979,-0.00546301446476251));
#6631=CARTESIAN_POINT('',(0.02324,-0.0157701762177143,-0.00546301446476251));
#6632=CARTESIAN_POINT('',(0.02324,-0.0157701762177143,-0.00598167456270843));
#6633=CARTESIAN_POINT('',(0.02324,-0.0157701762177143,-0.00650033466065436));
#6634=CARTESIAN_POINT('',(0.02324,-0.0159083957658942,-0.00650033466065436));
#6635=CARTESIAN_POINT('',(0.02324,-0.0160466153140741,-0.00650033466065436));
#6636=CARTESIAN_POINT('',(0.02324,-0.0160466153140741,-0.00598167456270843));
#6637=CARTESIAN_POINT('',(0.02324,-0.0160466153140741,-0.00546301446476251));
#6638=CARTESIAN_POINT('',(0.02324,-0.0164523826426489,-0.00546301446476251));
#6639=CARTESIAN_POINT('',(0.02324,-0.0168581499712238,-0.00546301446476251));
#6640=CARTESIAN_POINT('',(0.02324,-0.0168581499712238,-0.0060339447232287));
#6641=CARTESIAN_POINT('',(0.02324,-0.0168581499712238,-0.00660487498169489));
#6642=CARTESIAN_POINT('',(0.02324,-0.017011457813162,-0.00660487498169489));
#6643=CARTESIAN_POINT('',(0.02324,-0.0171647656551004,-0.00660487498169489));
#6644=CARTESIAN_POINT('',(0.02324,-0.0171647656551004,-0.00582863615458725));
#6645=CARTESIAN_POINT('',(0.02324,-0.0171647656551004,-0.0050523973274796));
#6646=CARTESIAN_POINT('',(0.02324,-0.0159237534934697,-0.0050523973274796));
#6647=CARTESIAN_POINT('',(0.02324,-0.0146827413318391,-0.0050523973274796));
#6648=CARTESIAN_POINT('',(0.02324,-0.0146827413318391,-0.00582863615458725));
#6649=CARTESIAN_POINT('',(0.02324,-0.0146827413318391,-0.00660487498169489));
#6650=CARTESIAN_POINT('',(0.02324,-0.0148357797399603,-0.00660487498169489));
#6651=CARTESIAN_POINT('',(0.02324,-0.0161595080834451,-0.00848417585607039));
#6652=CARTESIAN_POINT('',(0.02324,-0.016285872543672,-0.00856150336158233));
#6653=CARTESIAN_POINT('',(0.02324,-0.0164841758330684,-0.00856150336158233));
#6654=CARTESIAN_POINT('',(0.02324,-0.0161595080834451,-0.00848417585607039));
#6655=CARTESIAN_POINT('',(0.02324,-0.0164841758330684,-0.00856150336158233));
#6656=CARTESIAN_POINT('',(0.02324,-0.0164837657483579,-0.00791914901881848));
#6657=CARTESIAN_POINT('',(0.02324,-0.0167452400195055,-0.00850596175948065));
#6658=CARTESIAN_POINT('',(0.02324,-0.0164718789251428,-0.00788191983444597));
#6659=CARTESIAN_POINT('',(0.02324,-0.0169676406108706,-0.0083495501568062));
#6660=CARTESIAN_POINT('',(0.02324,-0.0164153842075777,-0.00784003169674217));
#6661=CARTESIAN_POINT('',(0.02324,-0.0171209052552905,-0.00810025318251097));
#6662=CARTESIAN_POINT('',(0.02324,-0.0162481445168319,-0.00778083755371138));
#6663=CARTESIAN_POINT('',(0.02324,-0.0171780105709874,-0.00776344492417154));
#6664=CARTESIAN_POINT('',(0.02324,-0.0154526680054966,-0.00776672877979007));
#6665=CARTESIAN_POINT('',(0.02324,-0.0171698831403503,-0.00759666104177951));
#6666=CARTESIAN_POINT('',(0.02324,-0.0158228874531897,-0.00772956594592761));
#6667=CARTESIAN_POINT('',(0.02324,-0.0171413107876391,-0.00742314871519651));
#6668=CARTESIAN_POINT('',(0.02324,-0.0162704402575807,-0.00762195912181574));
#6669=CARTESIAN_POINT('',(0.02324,-0.0170855046390153,-0.00725665570954136));
#6670=CARTESIAN_POINT('',(0.02324,-0.0165785829401258,-0.00747841332440975));
#6671=CARTESIAN_POINT('',(0.02324,-0.0170000083372281,-0.00711999902826615));
#6672=CARTESIAN_POINT('',(0.02324,-0.0168549167654184,-0.00715559770387747));
#6673=CARTESIAN_POINT('',(0.02324,-0.0167101469148496,-0.00719111744176588));
#6674=CARTESIAN_POINT('',(0.02324,-0.0160711300073335,-0.00753992946657258));
#6675=CARTESIAN_POINT('',(0.02324,-0.0167621588163622,-0.00731054621367852));
#6676=CARTESIAN_POINT('',(0.0232399999999994,-0.0143352329270085,-0.00815674875001244));
#6677=CARTESIAN_POINT('',(0.02324,-0.016809382450326,-0.00746032735103427));
#6678=CARTESIAN_POINT('',(0.02324,-0.015327548606293,-0.00787941063508286));
#6679=CARTESIAN_POINT('',(0.02324,-0.0168446417060122,-0.00761525873008899));
#6680=CARTESIAN_POINT('',(0.02324,-0.0160058198581696,-0.00776729102607297));
#6681=CARTESIAN_POINT('',(0.02324,-0.0168581499712238,-0.00776020718948301));
#6682=CARTESIAN_POINT('',(0.02324,-0.0168581499712238,-0.00776020718948301));
#6683=CARTESIAN_POINT('',(0.02324,-0.0168581499712238,-0.00796551575812446));
#6684=CARTESIAN_POINT('',(0.02324,-0.0167622315323309,-0.00807490588787306));
#6685=CARTESIAN_POINT('',(0.02324,-0.0167622315323309,-0.00807490588787306));
#6686=CARTESIAN_POINT('',(0.02324,-0.0167622315323309,-0.00807490588787306));
#6687=CARTESIAN_POINT('',(0.02324,-0.016666313093438,-0.00818429601762165));
#6688=CARTESIAN_POINT('',(0.02324,-0.0164777094214577,-0.00818429601762165));
#6689=CARTESIAN_POINT('',(0.02324,-0.0164777094214577,-0.00818429601762165));
#6690=CARTESIAN_POINT('',(0.02324,-0.0164719227472129,-0.00791213732202093));
#6691=CARTESIAN_POINT('',(0.02324,-0.0162820151259694,-0.00810705420737109));
#6692=CARTESIAN_POINT('',(0.02324,-0.0168652809198288,-0.00751618589380172));
#6693=CARTESIAN_POINT('',(0.02324,-0.016135896659235,-0.00791346169757824));
#6694=CARTESIAN_POINT('',(0.02324,-0.0203102965411327,-0.00557171049787123));
#6695=CARTESIAN_POINT('',(0.02324,-0.0160045934110418,-0.00766266741671315));
#6696=CARTESIAN_POINT('',(0.02324,-0.014625769059924,-0.00833384703086664));
#6697=CARTESIAN_POINT('',(0.02324,-0.0158496326642818,-0.00740996296086322));
#6698=CARTESIAN_POINT('',(0.02324,-0.0152056792592186,-0.00789213359648552));
#6699=CARTESIAN_POINT('',(0.02324,-0.0156394655933088,-0.00721420457387902));
#6700=CARTESIAN_POINT('',(0.02324,-0.0153588478234268,-0.0076945666795692));
#6701=CARTESIAN_POINT('',(0.02324,-0.0153358543124335,-0.00713776687404542));
#6702=CARTESIAN_POINT('',(0.02324,-0.0153214058145318,-0.00781525119650817));
#6703=CARTESIAN_POINT('',(0.02324,-0.0150429133324155,-0.00719776091336817));
#6704=CARTESIAN_POINT('',(0.02324,-0.0153192488984941,-0.00779222036011065));
#6705=CARTESIAN_POINT('',(0.02324,-0.0148257657907084,-0.00736113704031688));
#6706=CARTESIAN_POINT('',(0.02324,-0.0153700111972847,-0.00782917951843899));
#6707=CARTESIAN_POINT('',(0.02324,-0.0146895083287996,-0.00760017365152037));
#6708=CARTESIAN_POINT('',(0.02324,-0.01551641183231,-0.00788277965675417));
#6709=CARTESIAN_POINT('',(0.02324,-0.0146423641110799,-0.00788791847013288));
#6710=CARTESIAN_POINT('',(0.02324,-0.0164027730085988,-0.0078849707810166));
#6711=CARTESIAN_POINT('',(0.02324,-0.01467123878,-0.0082012239023065));
#6712=CARTESIAN_POINT('',(0.02324,-0.0153627493008828,-0.0080999004583153));
#6713=CARTESIAN_POINT('',(0.02324,-0.0147628878132923,-0.00845784354570214));
#6714=CARTESIAN_POINT('',(0.02324,-0.0135244047853952,-0.00583231582917026));
#6715=CARTESIAN_POINT('',(0.02324,-0.0148594899251577,-0.00841008160221902));
#6716=CARTESIAN_POINT('',(0.02324,-0.0239252562249749,-0.00372701138674064));
#6717=CARTESIAN_POINT('',(0.02324,-0.0149570705571581,-0.00835978186429575));
#6718=CARTESIAN_POINT('',(0.02324,-0.0239113568713962,-0.00358236179143363));
#6719=CARTESIAN_POINT('',(0.02324,-0.0150328065028661,-0.008319400569742));
#6720=CARTESIAN_POINT('',(0.02324,-0.0150538722341875,-0.00830700894059021));
#6721=CARTESIAN_POINT('',(0.02324,-0.0150664150874105,-0.00829907482371254));
#6722=CARTESIAN_POINT('',(0.02324,-0.0146797143275757,-0.00849786745284999));
#6723=CARTESIAN_POINT('',(0.02324,-0.0150393802045472,-0.00825359405735258));
#6724=CARTESIAN_POINT('',(0.02324,-0.0153422869428065,-0.00807024138245741));
#6725=CARTESIAN_POINT('',(0.02324,-0.0150057250093033,-0.00818135131887361));
#6726=CARTESIAN_POINT('',(0.02324,-0.0154999030273728,-0.00802522180931073));
#6727=CARTESIAN_POINT('',(0.02324,-0.0149820532102339,-0.00805658604643148));
#6728=CARTESIAN_POINT('',(0.02324,-0.0162128919749144,-0.00798256036620227));
#6729=CARTESIAN_POINT('',(0.02324,-0.0149857212832085,-0.00785775609516517));
#6730=CARTESIAN_POINT('',(0.02324,-0.0153350056125701,-0.00789386632095704));
#6731=CARTESIAN_POINT('',(0.02324,-0.0150243956846549,-0.00772976756934237));
#6732=CARTESIAN_POINT('',(0.02324,-0.0154155330587099,-0.00793328987468255));
#6733=CARTESIAN_POINT('',(0.02324,-0.0151033336468426,-0.00762199363929251));
#6734=CARTESIAN_POINT('',(0.02324,-0.0153601184666467,-0.00787653176194317));
#6735=CARTESIAN_POINT('',(0.02324,-0.0152095264566849,-0.00754797663753464));
#6736=CARTESIAN_POINT('',(0.02324,-0.0153286877907675,-0.0077932667020965));
#6737=CARTESIAN_POINT('',(0.02324,-0.0153223966965579,-0.00752127592021118));
#6738=CARTESIAN_POINT('',(0.02324,-0.0153379887994475,-0.00782576746272122));
#6739=CARTESIAN_POINT('',(0.02324,-0.0155397553912452,-0.00759831319015643));
#6740=CARTESIAN_POINT('',(0.02324,-0.015008646084897,-0.0081480249140529));
#6741=CARTESIAN_POINT('',(0.02324,-0.0156844195034854,-0.00779069326362153));
#6742=CARTESIAN_POINT('',(0.02324,-0.0129206551211229,-0.00928777179987711));
#6743=CARTESIAN_POINT('',(0.02324,-0.0158057300027961,-0.00803988442508223));
#6744=CARTESIAN_POINT('',(0.02324,-0.0170256525756562,-0.00751065771461354));
#6745=CARTESIAN_POINT('',(0.02324,-0.0159487879245484,-0.0082907390765087));
#6746=CARTESIAN_POINT('',(0.02324,-0.0165341230001386,-0.00786411163230822));
#6747=CARTESIAN_POINT('',(0.02324,-0.0154741586618776,-0.00190610712404725));
#6748=CARTESIAN_POINT('',(0.02324,-0.015802434244046,-0.00212710275060433));
#6749=CARTESIAN_POINT('',(0.02324,-0.0158579559948977,-0.00200198922641835));
#6750=CARTESIAN_POINT('',(0.02324,-0.0164309670160631,-0.00191378834781824));
#6751=CARTESIAN_POINT('',(0.02324,-0.0159087081821616,-0.00216593089252517));
#6752=CARTESIAN_POINT('',(0.02324,-0.0164354658291727,-0.00191729173481102));
#6753=CARTESIAN_POINT('',(0.02324,-0.0160231687214888,-0.00232923547466227));
#6754=CARTESIAN_POINT('',(0.02324,-0.0164679108831261,-0.00188543053673358));
#6755=CARTESIAN_POINT('',(0.02324,-0.0162031141569066,-0.0024556916355177));
#6756=CARTESIAN_POINT('',(0.02324,-0.0164346221824553,-0.0019446679016079));
#6757=CARTESIAN_POINT('',(0.02324,-0.0164475423563458,-0.00250594181838151));
#6758=CARTESIAN_POINT('',(0.02324,-0.0164679754964431,-0.00175270470375334));
#6759=CARTESIAN_POINT('',(0.02324,-0.0167369535232996,-0.00245572691411354));
#6760=CARTESIAN_POINT('',(0.02324,-0.0164979677349819,-0.00185084244999586));
#6761=CARTESIAN_POINT('',(0.02324,-0.016937429339841,-0.00232930301439736));
#6762=CARTESIAN_POINT('',(0.02324,-0.016516492365603,-0.00188017260212568));
#6763=CARTESIAN_POINT('',(0.02324,-0.0170621171761979,-0.0021643392430809));
#6764=CARTESIAN_POINT('',(0.02324,-0.0162186206494399,-0.00172479415472389));
#6765=CARTESIAN_POINT('',(0.02324,-0.0171310623689049,-0.00199242969983812));
#6766=CARTESIAN_POINT('',(0.02324,-0.0163833310428637,-0.00176876040543629));
#6767=CARTESIAN_POINT('',(0.02324,-0.0171598155294656,-0.0018458761501769));
#6768=CARTESIAN_POINT('',(0.02324,-0.0171630143352891,-0.0017968497863727));
#6769=CARTESIAN_POINT('',(0.02324,-0.0171649803761746,-0.00176154595381642));
#6770=CARTESIAN_POINT('',(0.02324,-0.0171647656551004,-0.00129514274781418));
#6771=CARTESIAN_POINT('',(0.02324,-0.0171647656551004,-0.000828752810388518));
#6772=CARTESIAN_POINT('',(0.02324,-0.0159237534934697,-0.000828752810388518));
#6773=CARTESIAN_POINT('',(0.02324,-0.0146827413318391,-0.000828752810388518));
#6774=CARTESIAN_POINT('',(0.02324,-0.0146827413318391,-0.00118575261806558));
#6775=CARTESIAN_POINT('',(0.02324,-0.0146827737977005,-0.00154275252537677));
#6776=CARTESIAN_POINT('',(0.02324,-0.015946523773401,-0.00154663083370453));
#6777=CARTESIAN_POINT('',(0.02324,-0.0147197327802404,-0.00184935003037159));
#6778=CARTESIAN_POINT('',(0.02324,-0.0154748677631085,-0.001669799315977));
#6779=CARTESIAN_POINT('',(0.02324,-0.0148373204721722,-0.00211211927280754));
#6780=CARTESIAN_POINT('',(0.02324,-0.0153107415170354,-0.00177627218695355));
#6781=CARTESIAN_POINT('',(0.02324,-0.0150477155874233,-0.00229416157442838));
#6782=CARTESIAN_POINT('',(0.02324,-0.0153367304855192,-0.00169744040378564));
#6783=CARTESIAN_POINT('',(0.02324,-0.0153563205749534,-0.00236094278138046));
#6784=CARTESIAN_POINT('',(0.02324,-0.0153636145693414,-0.00184412151132453));
#6785=CARTESIAN_POINT('',(0.02324,-0.0155462842939551,-0.00232763361605759));
#6786=CARTESIAN_POINT('',(0.02324,-0.0153387849100296,-0.00178081721282893));
#6787=CARTESIAN_POINT('',(0.02324,-0.0156963721534298,-0.00224330759989703));
#6788=CARTESIAN_POINT('',(0.02324,-0.0154049067944526,-0.00186981465451897));
#6789=CARTESIAN_POINT('',(-0.01015,-0.022,1.04083408558608E-17));
#6790=CARTESIAN_POINT('',(-0.0403632233047033,-0.022,-0.0200632233047033));
#6791=CARTESIAN_POINT('',(-0.0418882233047033,-0.022,-0.0200632233047033));
#6792=CARTESIAN_POINT('',(-0.0403632233047033,-0.022,0.0200632233047033));
#6793=CARTESIAN_POINT('',(-0.0418882233047033,-0.022,0.0200632233047033));
#6794=CARTESIAN_POINT('',(-0.0102708324881676,-0.022,0.03324));
#6795=CARTESIAN_POINT('',(-0.0102708324881676,-0.022,0.03224));
#6796=CARTESIAN_POINT('',(-0.0102708324881676,-0.022,0.02124));
#6797=CARTESIAN_POINT('',(-0.0102708324881676,-0.022,0.03224));
#6798=CARTESIAN_POINT('',(-0.0102708324881676,-0.022,0.0325091551078113));
#6799=CARTESIAN_POINT('',(-0.0105083154028402,-0.022,0.0330315361806274));
#6800=CARTESIAN_POINT('',(-0.0110399585162159,-0.022,0.03324));
#6801=CARTESIAN_POINT('',(-0.0113088460949825,-0.022,0.03324));
#6802=CARTESIAN_POINT('',(-0.0113088460949825,-0.022,0.03324));
#6803=CARTESIAN_POINT('',(-0.01015,-0.022,0.03324));
#6804=CARTESIAN_POINT('',(-0.0123405834546021,-0.022,0.03324));
#6805=CARTESIAN_POINT('',(-0.0123405834546021,-0.022,0.03324));
#6806=CARTESIAN_POINT('',(-0.0126082562106395,-0.022,0.03324));
#6807=CARTESIAN_POINT('',(-0.013135736688082,-0.022,0.0330306162363128));
#6808=CARTESIAN_POINT('',(-0.0133674978960163,-0.022,0.0325078878982033));
#6809=CARTESIAN_POINT('',(-0.0133674978960163,-0.022,0.03224));
#6810=CARTESIAN_POINT('',(-0.0133674978960163,-0.022,0.03224));
#6811=CARTESIAN_POINT('',(-0.0133674978960163,-0.022,0.03324));
#6812=CARTESIAN_POINT('',(-0.0133674978960163,-0.022,0.02324));
#6813=CARTESIAN_POINT('',(-0.01015,-0.022,0.02324));
#6814=CARTESIAN_POINT('',(-0.0165045637627899,-0.022,0.02324));
#6815=CARTESIAN_POINT('',(-0.0165045637627899,-0.022,0.03324));
#6816=CARTESIAN_POINT('',(-0.0165045637627899,-0.022,0.03224));
#6817=CARTESIAN_POINT('',(-0.0165045637627899,-0.022,0.03224));
#6818=CARTESIAN_POINT('',(-0.0165045637627899,-0.022,0.0325061595983774));
#6819=CARTESIAN_POINT('',(-0.0167298937732039,-0.022,0.0330258545062148));
#6820=CARTESIAN_POINT('',(-0.0172539589982248,-0.022,0.03324));
#6821=CARTESIAN_POINT('',(-0.0175200064212317,-0.022,0.03324));
#6822=CARTESIAN_POINT('',(-0.0175200064212317,-0.022,0.03324));
#6823=CARTESIAN_POINT('',(-0.01015,-0.022,0.03324));
#6824=CARTESIAN_POINT('',(-0.018533769853972,-0.022,0.03324));
#6825=CARTESIAN_POINT('',(-0.018533769853972,-0.022,0.03324));
#6826=CARTESIAN_POINT('',(-0.0187995042964954,-0.022,0.03324));
#6827=CARTESIAN_POINT('',(-0.0193216049106503,-0.022,0.0330262854564247));
#6828=CARTESIAN_POINT('',(-0.0195461153429524,-0.022,0.0325058300534546));
#6829=CARTESIAN_POINT('',(-0.0195461153429524,-0.022,0.03224));
#6830=CARTESIAN_POINT('',(-0.0195461153429524,-0.022,0.03224));
#6831=CARTESIAN_POINT('',(-0.0195461153429524,-0.022,0.03324));
#6832=CARTESIAN_POINT('',(-0.0195461153429524,-0.022,0.02324));
#6833=CARTESIAN_POINT('',(-0.01015,-0.022,0.02324));
#6834=CARTESIAN_POINT('',(-0.04054,-0.022,0.02324));
#6835=CARTESIAN_POINT('',(-0.04054,-0.022,0.02024));
#6836=CARTESIAN_POINT('',(-0.04354,-0.022,0.02024));
#6837=CARTESIAN_POINT('',(-0.04354,-0.022,-0.02174));
#6838=CARTESIAN_POINT('',(-0.04354,-0.022,-0.02024));
#6839=CARTESIAN_POINT('',(-0.04054,-0.022,-0.02024));
#6840=CARTESIAN_POINT('',(-0.04054,-0.022,-0.02324));
#6841=CARTESIAN_POINT('',(0.02174,-0.022,-0.02324));
#6842=CARTESIAN_POINT('',(-0.00346662479035541,-0.022,-0.02324));
#6843=CARTESIAN_POINT('',(-0.00346662479035541,-0.022,-0.02024));
#6844=CARTESIAN_POINT('',(-0.00346662479035541,-0.022,-0.02024));
#6845=CARTESIAN_POINT('',(-3.46944695195361E-18,-0.022,-0.02024));
#6846=CARTESIAN_POINT('',(-0.02289,-0.022,-0.02024));
#6847=CARTESIAN_POINT('',(-0.02339,-0.022,-0.02074));
#6848=CARTESIAN_POINT('',(-0.02339,-0.022,-0.02074));
#6849=CARTESIAN_POINT('',(-0.01015,-0.022,-0.02074));
#6850=CARTESIAN_POINT('',(-0.0355902525316941,-0.022,-0.02074));
#6851=CARTESIAN_POINT('',(-0.0355902525316941,-0.022,-0.02049));
#6852=CARTESIAN_POINT('',(-0.0355902525316941,-0.022,-0.02024));
#6853=CARTESIAN_POINT('',(-0.0380651262658471,-0.022,-0.0177651262658471));
#6854=CARTESIAN_POINT('',(-0.04054,-0.022,-0.0152902525316942));
#6855=CARTESIAN_POINT('',(-0.04054,-0.022,1.04083408558608E-17));
#6856=CARTESIAN_POINT('',(-0.04054,-0.022,0.0152902525316942));
#6857=CARTESIAN_POINT('',(-0.0380651262658471,-0.022,0.0177651262658471));
#6858=CARTESIAN_POINT('',(-0.0355902525316941,-0.022,0.02024));
#6859=CARTESIAN_POINT('',(-0.0355902525316941,-0.022,0.02124));
#6860=CARTESIAN_POINT('',(-0.0355902525316941,-0.022,0.02124));
#6861=CARTESIAN_POINT('',(-0.03039,-0.022,0.02124));
#6862=CARTESIAN_POINT('',(-0.01015,-0.022,0.02324));
#6863=CARTESIAN_POINT('',(0.,-0.019,0.02324));
#6864=CARTESIAN_POINT('',(0.0195461153429524,-0.022,0.02324));
#6865=CARTESIAN_POINT('',(-0.01015,-0.022,0.02324));
#6866=CARTESIAN_POINT('',(0.02024,-0.022,0.02324));
#6867=CARTESIAN_POINT('',(0.02024,-0.022,0.02324));
#6868=CARTESIAN_POINT('',(0.02024,0.002,0.02324));
#6869=CARTESIAN_POINT('',(-0.01015,0.002,0.02324));
#6870=CARTESIAN_POINT('',(-0.04054,0.002,0.02324));
#6871=CARTESIAN_POINT('',(-0.04054,-0.022,0.02324));
#6872=CARTESIAN_POINT('',(0.02174,-0.022,-0.02324));
#6873=CARTESIAN_POINT('',(-0.000149999999999993,-0.027,-0.02324));
#6874=CARTESIAN_POINT('',(0.00316662479035543,-0.022,-0.02324));
#6875=CARTESIAN_POINT('',(-0.04054,0.002,-0.02324));
#6876=CARTESIAN_POINT('',(-0.04054,0.002,-0.02324));
#6877=CARTESIAN_POINT('',(0.02324,0.002,-0.02324));
#6878=CARTESIAN_POINT('',(0.02024,0.002,-0.02324));
#6879=CARTESIAN_POINT('',(0.02024,-0.022,-0.02324));
#6880=CARTESIAN_POINT('',(0.02024,-0.022,-0.02324));
#6881=CARTESIAN_POINT('',(0.02174,-0.022,-0.02324));
#6882=CARTESIAN_POINT('',(-0.01015,-0.022,1.04083408558608E-17));
#6883=CARTESIAN_POINT('',(-0.01015,-0.022,0.03324));
#6884=CARTESIAN_POINT('',(0.0113088460949825,-0.022,0.03324));
#6885=CARTESIAN_POINT('',(0.0123405834546021,-0.022,0.03324));
#6886=CARTESIAN_POINT('',(0.0113088460949825,-0.022,0.03324));
#6887=CARTESIAN_POINT('',(0.0110397886123663,-0.022,0.03324));
#6888=CARTESIAN_POINT('',(0.0105093991231327,-0.022,0.0330323830303946));
#6889=CARTESIAN_POINT('',(0.0102708324881673,-0.022,0.0325093497275449));
#6890=CARTESIAN_POINT('',(0.0102708324881673,-0.022,0.03224));
#6891=CARTESIAN_POINT('',(0.0102708324881676,-0.022,0.03224));
#6892=CARTESIAN_POINT('',(0.0102708324881676,-0.022,0.03324));
#6893=CARTESIAN_POINT('',(0.0102708324881676,-0.022,0.02124));
#6894=CARTESIAN_POINT('',(-0.03039,-0.022,0.02124));
#6895=CARTESIAN_POINT('',(0.0152902525316941,-0.022,0.02124));
#6896=CARTESIAN_POINT('',(0.0152902525316941,-0.022,0.02124));
#6897=CARTESIAN_POINT('',(0.0152902525316941,-0.022,0.02024));
#6898=CARTESIAN_POINT('',(0.0177651262658471,-0.022,0.0177651262658471));
#6899=CARTESIAN_POINT('',(0.02024,-0.022,0.0152902525316941));
#6900=CARTESIAN_POINT('',(0.02024,-0.022,-3.46944695195361E-18));
#6901=CARTESIAN_POINT('',(0.02024,-0.022,-0.0152902525316942));
#6902=CARTESIAN_POINT('',(0.0177651262658471,-0.022,-0.0177651262658471));
#6903=CARTESIAN_POINT('',(0.0152902525316942,-0.022,-0.02024));
#6904=CARTESIAN_POINT('',(-3.46944695195361E-18,-0.022,-0.02024));
#6905=CARTESIAN_POINT('',(0.00316662479035543,-0.022,-0.02024));
#6906=CARTESIAN_POINT('',(0.00316662479035543,-0.022,-0.02024));
#6907=CARTESIAN_POINT('',(0.02024,-0.022,-0.02024));
#6908=CARTESIAN_POINT('',(0.02024,-0.022,0.02024));
#6909=CARTESIAN_POINT('',(0.0195461153429524,-0.022,0.03324));
#6910=CARTESIAN_POINT('',(0.0195461153429524,-0.022,0.03224));
#6911=CARTESIAN_POINT('',(0.0195461153429524,-0.022,0.03224));
#6912=CARTESIAN_POINT('',(0.0195461153429524,-0.022,0.0325057716776713));
#6913=CARTESIAN_POINT('',(0.0193226655208276,-0.022,0.0330252995834407));
#6914=CARTESIAN_POINT('',(0.0187994507878225,-0.022,0.03324));
#6915=CARTESIAN_POINT('',(0.018533769853972,-0.022,0.03324));
#6916=CARTESIAN_POINT('',(0.018533769853972,-0.022,0.03324));
#6917=CARTESIAN_POINT('',(-0.01015,-0.022,0.03324));
#6918=CARTESIAN_POINT('',(0.0175200064212317,-0.022,0.03324));
#6919=CARTESIAN_POINT('',(0.0175200064212317,-0.022,0.03324));
#6920=CARTESIAN_POINT('',(0.0172538882508728,-0.022,0.03324));
#6921=CARTESIAN_POINT('',(0.01673094636484,-0.022,0.0330268115604109));
#6922=CARTESIAN_POINT('',(0.0165045637627899,-0.022,0.032506233510931));
#6923=CARTESIAN_POINT('',(0.0165045637627899,-0.022,0.03224));
#6924=CARTESIAN_POINT('',(0.0165045637627899,-0.022,0.03224));
#6925=CARTESIAN_POINT('',(0.0165045637627899,-0.022,0.03324));
#6926=CARTESIAN_POINT('',(0.0165045637627899,-0.022,0.02324));
#6927=CARTESIAN_POINT('',(-0.01015,-0.022,0.02324));
#6928=CARTESIAN_POINT('',(0.0133674978960163,-0.022,0.02324));
#6929=CARTESIAN_POINT('',(0.0133674978960163,-0.022,0.03324));
#6930=CARTESIAN_POINT('',(0.0133674978960163,-0.022,0.03224));
#6931=CARTESIAN_POINT('',(0.0133674978960163,-0.022,0.03224));
#6932=CARTESIAN_POINT('',(0.0133674978960163,-0.022,0.0325077558395943));
#6933=CARTESIAN_POINT('',(0.0131368618579355,-0.022,0.0330296545125606));
#6934=CARTESIAN_POINT('',(0.0126081445315152,-0.022,0.03324));
#6935=CARTESIAN_POINT('',(0.0123405834546021,-0.022,0.03324));
#6936=CARTESIAN_POINT('',(0.0200632233047033,-0.022,0.0200632233047033));
#6937=CARTESIAN_POINT('',(0.0185382233047033,-0.022,0.0200632233047033));
#6938=CARTESIAN_POINT('',(0.0200632233047034,-0.022,-0.0200632233047033));
#6939=CARTESIAN_POINT('',(0.0185382233047034,-0.022,-0.0200632233047033));
#6940=CARTESIAN_POINT('',(-0.02989,-0.023,-0.02074));
#6941=CARTESIAN_POINT('',(-0.02339,-0.023,-0.02074));
#6942=CARTESIAN_POINT('',(-0.02339,0.000499999999999994,-0.02074));
#6943=CARTESIAN_POINT('',(-0.02339,0.0015,-0.02074));
#6944=CARTESIAN_POINT('',(-0.03639,0.0015,-0.02074));
#6945=CARTESIAN_POINT('',(-0.03639,0.0015,-0.02074));
#6946=CARTESIAN_POINT('',(-0.03639,-0.023,-0.02074));
#6947=CARTESIAN_POINT('',(-0.03639,0.0005,-0.02074));
#6948=CARTESIAN_POINT('',(-0.03639,-0.023,-0.02074));
#6949=CARTESIAN_POINT('',(-0.03639,-0.017,-0.02074));
#6950=CARTESIAN_POINT('',(-0.01015,-0.017,-0.02074));
#6951=CARTESIAN_POINT('',(-0.0357973593128807,-0.017,-0.02074));
#6952=CARTESIAN_POINT('',(-0.0341615728752538,-0.018156675682619,-0.02074));
#6953=CARTESIAN_POINT('',(-0.0355902525316941,-0.0171464466094067,-0.02074));
#6954=CARTESIAN_POINT('',(-0.0355902525316941,-0.017,-0.02074));
#6955=CARTESIAN_POINT('',(-0.02339,-0.023,-0.02074));
#6956=CARTESIAN_POINT('',(-3.46944695195361E-18,-0.022,-0.02024));
#6957=CARTESIAN_POINT('',(-0.000149999999999993,-0.027,-0.02024));
#6958=CARTESIAN_POINT('',(0.0152902525316941,-0.017,-0.02024));
#6959=CARTESIAN_POINT('',(0.0152902525316941,-0.0175,-0.02024));
#6960=CARTESIAN_POINT('',(0.00297543050033834,-0.0262078941674771,-0.02024));
#6961=CARTESIAN_POINT('',(0.0159973593128807,-0.017,-0.02024));
#6962=CARTESIAN_POINT('',(-3.46944695195361E-18,-0.017,-0.02024));
#6963=CARTESIAN_POINT('',(0.01974,-0.017,-0.02024));
#6964=CARTESIAN_POINT('',(0.01974,-0.022,-0.02024));
#6965=CARTESIAN_POINT('',(0.01974,0.,-0.02024));
#6966=CARTESIAN_POINT('',(-3.46944695195361E-18,0.,-0.02024));
#6967=CARTESIAN_POINT('',(-0.02289,0.,-0.02024));
#6968=CARTESIAN_POINT('',(-0.02289,-0.022,-0.02024));
#6969=CARTESIAN_POINT('',(-0.03639,0.002,0.));
#6970=CARTESIAN_POINT('',(-0.03639,0.002,-0.02024));
#6971=CARTESIAN_POINT('',(-0.03639,0.002,-0.02024));
#6972=CARTESIAN_POINT('',(-0.03639,0.002,0.));
#6973=CARTESIAN_POINT('',(-0.03639,0.002,0.019));
#6974=CARTESIAN_POINT('',(-0.03639,0.002,0.019));
#6975=CARTESIAN_POINT('',(-0.03639,0.0005,0.019));
#6976=CARTESIAN_POINT('',(-0.03639,0.0005,0.));
#6977=CARTESIAN_POINT('',(0.02024,-0.022,-3.46944695195361E-18));
#6978=CARTESIAN_POINT('',(0.02024,-0.016,-0.01324));
#6979=CARTESIAN_POINT('',(0.02024,-0.016,-0.01474));
#6980=CARTESIAN_POINT('',(0.02024,-0.017,-3.46944695195361E-18));
#6981=CARTESIAN_POINT('',(0.02024,-0.017,0.0159973593128807));
#6982=CARTESIAN_POINT('',(0.02024,-0.017,0.01974));
#6983=CARTESIAN_POINT('',(0.02024,0.,0.01974));
#6984=CARTESIAN_POINT('',(0.02024,0.,0.01974));
#6985=CARTESIAN_POINT('',(0.02024,0.,-3.46944695195361E-18));
#6986=CARTESIAN_POINT('',(0.02024,0.,-0.01974));
#6987=CARTESIAN_POINT('',(0.02024,-0.022,-0.01974));
#6988=CARTESIAN_POINT('',(0.02024,-0.017,-0.01974));
#6989=CARTESIAN_POINT('',(0.02024,-0.017,-3.46944695195361E-18));
#6990=CARTESIAN_POINT('',(0.02024,-0.017,-0.0159973593128807));
#6991=CARTESIAN_POINT('',(0.02024,-0.0163333333333334,-0.0169401683544628));
#6992=CARTESIAN_POINT('',(0.02024,-0.0175,-0.0152902525316941));
#6993=CARTESIAN_POINT('',(0.02024,-0.017,-0.0152902525316941));
#6994=CARTESIAN_POINT('',(0.02024,-0.017,0.0152902525316942));
#6995=CARTESIAN_POINT('',(0.02024,-0.0175,0.0152902525316942));
#6996=CARTESIAN_POINT('',(0.02024,-0.0163333333333334,0.0169401683544628));
#6997=CARTESIAN_POINT('',(-0.04054,-0.022,1.04083408558608E-17));
#6998=CARTESIAN_POINT('',(-0.04054,-0.017,1.04083408558608E-17));
#6999=CARTESIAN_POINT('',(-0.04054,-0.017,-0.0159973593128807));
#7000=CARTESIAN_POINT('',(-0.04054,-0.017,-0.01974));
#7001=CARTESIAN_POINT('',(-0.04054,-0.022,-0.01974));
#7002=CARTESIAN_POINT('',(-0.04054,0.,-0.01974));
#7003=CARTESIAN_POINT('',(-0.04054,0.,1.04083408558608E-17));
#7004=CARTESIAN_POINT('',(-0.04054,0.,0.01974));
#7005=CARTESIAN_POINT('',(-0.04054,-0.017,0.01974));
#7006=CARTESIAN_POINT('',(-0.04054,-0.017,0.01974));
#7007=CARTESIAN_POINT('',(-0.04054,-0.017,1.04083408558608E-17));
#7008=CARTESIAN_POINT('',(-0.04054,-0.017,0.0159973593128808));
#7009=CARTESIAN_POINT('',(-0.04054,-0.0163333333333334,0.0169401683544628));
#7010=CARTESIAN_POINT('',(-0.04054,-0.0175,0.0152902525316942));
#7011=CARTESIAN_POINT('',(-0.04054,-0.017,0.0152902525316942));
#7012=CARTESIAN_POINT('',(-0.04054,-0.017,-0.0152902525316942));
#7013=CARTESIAN_POINT('',(-0.04054,-0.0175,-0.0152902525316942));
#7014=CARTESIAN_POINT('',(-0.04054,-0.0136076220569855,-0.0207949062085871));
#7015=CARTESIAN_POINT('',(-3.46944695195361E-18,-0.022,-0.02024));
#7016=CARTESIAN_POINT('',(-3.46944695195361E-18,0.,-0.02024));
#7017=CARTESIAN_POINT('',(-0.03689,0.,-0.02024));
#7018=CARTESIAN_POINT('',(-0.04004,0.,-0.02024));
#7019=CARTESIAN_POINT('',(-0.04004,-0.022,-0.02024));
#7020=CARTESIAN_POINT('',(-0.04004,-0.017,-0.02024));
#7021=CARTESIAN_POINT('',(-3.46944695195361E-18,-0.017,-0.02024));
#7022=CARTESIAN_POINT('',(-0.03689,-0.017,-0.02024));
#7023=CARTESIAN_POINT('',(-0.03689,-0.022,-0.02024));
#7024=CARTESIAN_POINT('',(-0.01015,0.003,3.46944695195361E-18));
#7025=CARTESIAN_POINT('',(-0.0233257864376269,0.003,3.46944695195361E-18));
#7026=CARTESIAN_POINT('',(-0.0233257864376269,0.003,-0.0139142135623731));
#7027=CARTESIAN_POINT('',(-0.0233257864376269,0.003,0.0139142135623731));
#7028=CARTESIAN_POINT('',(-0.01015,0.003,0.0139142135623731));
#7029=CARTESIAN_POINT('',(-0.0364542135623731,0.003,0.0139142135623731));
#7030=CARTESIAN_POINT('',(-0.0364542135623731,0.003,3.46944695195361E-18));
#7031=CARTESIAN_POINT('',(-0.0364542135623731,0.003,-0.0139142135623731));
#7032=CARTESIAN_POINT('',(-0.01015,0.003,-0.0139142135623731));
#7033=CARTESIAN_POINT('',(0.,0.003,-7.62342632469227E-19));
#7034=CARTESIAN_POINT('',(0.01345,0.003,-7.62342632469227E-19));
#7035=CARTESIAN_POINT('',(-0.01524,0.003,0.01524));
#7036=CARTESIAN_POINT('',(-0.01224,0.003,0.01524));
#7037=CARTESIAN_POINT('',(0.01524,0.003,0.01524));
#7038=CARTESIAN_POINT('',(0.01824,0.003,0.01524));
#7039=CARTESIAN_POINT('',(0.01524,0.003,-0.01524));
#7040=CARTESIAN_POINT('',(0.01824,0.003,-0.01524));
#7041=CARTESIAN_POINT('',(-0.01524,0.003,-0.01524));
#7042=CARTESIAN_POINT('',(-0.01224,0.003,-0.01524));
#7043=CARTESIAN_POINT('',(0.02024,0.003,0.02024));
#7044=CARTESIAN_POINT('',(0.02224,0.003,0.02024));
#7045=CARTESIAN_POINT('',(0.02024,0.003,0.02224));
#7046=CARTESIAN_POINT('',(0.02224,0.003,-1.36598277153079E-18));
#7047=CARTESIAN_POINT('',(0.02224,0.003,-0.02024));
#7048=CARTESIAN_POINT('',(0.02024,0.003,-0.02024));
#7049=CARTESIAN_POINT('',(0.02024,0.003,-0.02224));
#7050=CARTESIAN_POINT('',(-0.04354,0.003,-0.02224));
#7051=CARTESIAN_POINT('',(-0.04054,0.003,-0.02224));
#7052=CARTESIAN_POINT('',(-0.04054,0.003,-0.02024));
#7053=CARTESIAN_POINT('',(-0.04254,0.003,-0.02024));
#7054=CARTESIAN_POINT('',(-0.04254,0.003,3.46944695195361E-18));
#7055=CARTESIAN_POINT('',(-0.04254,0.003,0.02024));
#7056=CARTESIAN_POINT('',(-0.04054,0.003,0.02024));
#7057=CARTESIAN_POINT('',(-0.04054,0.003,0.02224));
#7058=CARTESIAN_POINT('',(-0.01015,0.003,0.02224));
#7059=CARTESIAN_POINT('',(-0.01524,0.003,0.01524));
#7060=CARTESIAN_POINT('',(-0.01524,0.,0.01524));
#7061=CARTESIAN_POINT('',(-0.01364,0.,0.01524));
#7062=CARTESIAN_POINT('',(-0.01524,0.001,0.01524));
#7063=CARTESIAN_POINT('',(-0.01364,0.001,0.01524));
#7064=CARTESIAN_POINT('',(-0.01524,0.003,-0.01524));
#7065=CARTESIAN_POINT('',(-0.01524,0.,-0.01524));
#7066=CARTESIAN_POINT('',(-0.01364,0.,-0.01524));
#7067=CARTESIAN_POINT('',(-0.01524,0.001,-0.01524));
#7068=CARTESIAN_POINT('',(-0.01364,0.001,-0.01524));
#7069=CARTESIAN_POINT('',(0.01524,0.003,0.01524));
#7070=CARTESIAN_POINT('',(0.01524,0.,0.01524));
#7071=CARTESIAN_POINT('',(0.01684,0.,0.01524));
#7072=CARTESIAN_POINT('',(0.01524,0.001,0.01524));
#7073=CARTESIAN_POINT('',(0.01684,0.001,0.01524));
#7074=CARTESIAN_POINT('',(0.01524,0.003,-0.01524));
#7075=CARTESIAN_POINT('',(0.01524,0.,-0.01524));
#7076=CARTESIAN_POINT('',(0.01684,0.,-0.01524));
#7077=CARTESIAN_POINT('',(0.01524,0.001,-0.01524));
#7078=CARTESIAN_POINT('',(0.01684,0.001,-0.01524));
#7079=CARTESIAN_POINT('',(-0.03554,0.003,0.));
#7080=CARTESIAN_POINT('',(-0.03554,0.003,-0.013));
#7081=CARTESIAN_POINT('',(-0.03554,0.0025,-0.013));
#7082=CARTESIAN_POINT('',(-0.03554,0.002,-0.013));
#7083=CARTESIAN_POINT('',(-0.03554,0.0025,0.));
#7084=CARTESIAN_POINT('',(-0.03554,0.0025,0.013));
#7085=CARTESIAN_POINT('',(-0.03554,0.003,0.013));
#7086=CARTESIAN_POINT('',(-0.03554,0.002,0.013));
#7087=CARTESIAN_POINT('',(-0.03554,0.002,0.));
#7088=CARTESIAN_POINT('',(-0.02989,0.003,-0.013));
#7089=CARTESIAN_POINT('',(-0.02424,0.003,-0.013));
#7090=CARTESIAN_POINT('',(-0.02424,0.0025,-0.013));
#7091=CARTESIAN_POINT('',(-0.02424,0.002,-0.013));
#7092=CARTESIAN_POINT('',(-0.03554,0.0025,-0.013));
#7093=CARTESIAN_POINT('',(-0.02989,0.002,-0.013));
#7094=CARTESIAN_POINT('',(-0.02424,0.003,0.));
#7095=CARTESIAN_POINT('',(-0.02424,0.003,0.013));
#7096=CARTESIAN_POINT('',(-0.02424,0.0025,0.013));
#7097=CARTESIAN_POINT('',(-0.02424,0.002,0.013));
#7098=CARTESIAN_POINT('',(-0.02424,0.0025,-0.013));
#7099=CARTESIAN_POINT('',(-0.02424,0.002,0.));
#7100=CARTESIAN_POINT('',(-0.02989,0.003,0.013));
#7101=CARTESIAN_POINT('',(-0.02989,0.0025,0.013));
#7102=CARTESIAN_POINT('',(-0.02989,0.002,0.013));
#7103=CARTESIAN_POINT('',(-0.01015,0.,3.46944695195361E-18));
#7104=CARTESIAN_POINT('',(0.,0.,-7.62342632469227E-19));
#7105=CARTESIAN_POINT('',(0.01345,0.,-7.62342632469227E-19));
#7106=CARTESIAN_POINT('',(-0.04054,0.,-0.01974));
#7107=CARTESIAN_POINT('',(-0.03689,0.,8.35223703065044E-18));
#7108=CARTESIAN_POINT('',(-0.03689,0.,0.0195));
#7109=CARTESIAN_POINT('',(-0.02339,0.,0.0195));
#7110=CARTESIAN_POINT('',(-0.02289,0.,0.0195));
#7111=CARTESIAN_POINT('',(-0.02289,0.,-0.02024));
#7112=CARTESIAN_POINT('',(0.01974,0.,-0.02024));
#7113=CARTESIAN_POINT('',(0.02024,0.,0.01974));
#7114=CARTESIAN_POINT('',(0.01974,0.,0.02024));
#7115=CARTESIAN_POINT('',(0.01974,0.,0.02124));
#7116=CARTESIAN_POINT('',(0.01974,0.,0.02124));
#7117=CARTESIAN_POINT('',(-0.03039,0.,0.02124));
#7118=CARTESIAN_POINT('',(-0.04004,0.,0.02124));
#7119=CARTESIAN_POINT('',(-0.04004,0.,0.02124));
#7120=CARTESIAN_POINT('',(-0.04004,0.,0.02024));
#7121=CARTESIAN_POINT('',(-0.04004,0.,0.02024));
#7122=CARTESIAN_POINT('',(0.,0.003,-7.62342632469227E-19));
#7123=CARTESIAN_POINT('',(0.,0.002,-7.62342632469227E-19));
#7124=CARTESIAN_POINT('',(0.01245,0.002,-7.62342632469227E-19));
#7125=CARTESIAN_POINT('',(0.,0.001,-7.62342632469227E-19));
#7126=CARTESIAN_POINT('',(0.01245,0.001,-7.62342632469227E-19));
#7127=CARTESIAN_POINT('',(-0.02989,0.002,0.019));
#7128=CARTESIAN_POINT('',(-0.02339,0.002,0.019));
#7129=CARTESIAN_POINT('',(-0.02339,0.002,0.019));
#7130=CARTESIAN_POINT('',(-0.02339,0.0005,0.019));
#7131=CARTESIAN_POINT('',(-0.03639,0.0005,0.019));
#7132=CARTESIAN_POINT('',(-0.02989,0.002,0.019));
#7133=CARTESIAN_POINT('',(-0.02339,0.002,0.));
#7134=CARTESIAN_POINT('',(-0.02339,0.002,0.));
#7135=CARTESIAN_POINT('',(-0.02339,0.002,-0.02024));
#7136=CARTESIAN_POINT('',(-0.02339,0.01212,-0.01012));
#7137=CARTESIAN_POINT('',(-0.02339,0.0005,0.019));
#7138=CARTESIAN_POINT('',(-0.01015,0.002,3.46944695195361E-18));
#7139=CARTESIAN_POINT('',(-0.02339,0.002,-0.02024));
#7140=CARTESIAN_POINT('',(-0.01524,0.001,-0.01524));
#7141=CARTESIAN_POINT('',(-0.01524,0.001,-0.01524));
#7142=CARTESIAN_POINT('',(-0.01224,0.001,-0.01524));
#7143=CARTESIAN_POINT('',(-0.01015,0.001,3.46944695195361E-18));
#7144=CARTESIAN_POINT('',(0.01524,0.001,-0.01524));
#7145=CARTESIAN_POINT('',(0.01524,0.001,-0.01524));
#7146=CARTESIAN_POINT('',(0.01824,0.001,-0.01524));
#7147=CARTESIAN_POINT('',(-0.01015,0.001,3.46944695195361E-18));
#7148=CARTESIAN_POINT('',(0.01524,0.001,0.01524));
#7149=CARTESIAN_POINT('',(0.01524,0.001,0.01524));
#7150=CARTESIAN_POINT('',(0.01824,0.001,0.01524));
#7151=CARTESIAN_POINT('',(-0.01015,0.001,3.46944695195361E-18));
#7152=CARTESIAN_POINT('',(-0.01524,0.001,0.01524));
#7153=CARTESIAN_POINT('',(-0.01524,0.001,0.01524));
#7154=CARTESIAN_POINT('',(-0.01224,0.001,0.01524));
#7155=CARTESIAN_POINT('',(-0.01015,0.001,3.46944695195361E-18));
#7156=CARTESIAN_POINT('',(-0.01015,0.003,-0.0135));
#7157=CARTESIAN_POINT('',(-0.01921,0.00753,-0.01803));
#7158=CARTESIAN_POINT('',(-0.0240328932188134,0.00270710678118654,-0.0132071067811865));
#7159=CARTESIAN_POINT('',(-0.01015,0.00270710678118654,-0.0132071067811865));
#7160=CARTESIAN_POINT('',(-0.0357471067811866,0.00270710678118655,-0.0132071067811865));
#7161=CARTESIAN_POINT('',(-0.0312066666666666,-0.00183333333333333,-0.00866666666666667));
#7162=CARTESIAN_POINT('',(-0.03554,0.0025,0.));
#7163=CARTESIAN_POINT('',(-0.0357471067811866,0.00270710678118655,0.));
#7164=CARTESIAN_POINT('',(-0.0357471067811866,0.00270710678118655,0.0132071067811865));
#7165=CARTESIAN_POINT('',(-0.0336566666666667,0.000616666666666669,0.0111166666666667));
#7166=CARTESIAN_POINT('',(-0.02374,0.003,3.46944695195361E-18));
#7167=CARTESIAN_POINT('',(-0.0261233333333333,0.000616666666666668,0.0111166666666667));
#7168=CARTESIAN_POINT('',(-0.0240328932188134,0.00270710678118655,0.0132071067811865));
#7169=CARTESIAN_POINT('',(-0.0240328932188134,0.00270710678118655,3.46944695195361E-18));
#7170=CARTESIAN_POINT('',(-0.02989,0.0025,0.013));
#7171=CARTESIAN_POINT('',(-0.02989,0.00270710678118655,0.0132071067811865));
#7172=CARTESIAN_POINT('',(-0.01015,-0.022,0.02324));
#7173=CARTESIAN_POINT('',(0.,-0.019,0.02324));
#7174=CARTESIAN_POINT('',(0.,-0.019,0.02324));
#7175=CARTESIAN_POINT('',(-0.04354,-0.022,-0.02174));
#7176=CARTESIAN_POINT('',(-0.04354,-0.022,0.02024));
#7177=CARTESIAN_POINT('',(-0.04354,0.002,0.02024));
#7178=CARTESIAN_POINT('',(-0.04354,0.002,-0.02174));
#7179=CARTESIAN_POINT('',(-0.04354,0.002,-0.02024));
#7180=CARTESIAN_POINT('',(-0.04354,-0.022,-0.02024));
#7181=CARTESIAN_POINT('',(-0.01015,0.002,-0.0139142135623731));
#7182=CARTESIAN_POINT('',(-0.0364542135623731,0.002,-0.0139142135623731));
#7183=CARTESIAN_POINT('',(-0.0233257864376269,0.002,-0.0139142135623731));
#7184=CARTESIAN_POINT('',(-0.0233257864376269,0.002,3.46944695195361E-18));
#7185=CARTESIAN_POINT('',(-0.0233257864376269,0.002,0.0139142135623731));
#7186=CARTESIAN_POINT('',(-0.0364542135623731,0.002,3.46944695195361E-18));
#7187=CARTESIAN_POINT('',(-0.0364542135623731,0.002,0.0139142135623731));
#7188=CARTESIAN_POINT('',(-0.01015,0.002,0.0139142135623731));
#7189=CARTESIAN_POINT('',(0.,0.002,-7.62342632469227E-19));
#7190=CARTESIAN_POINT('',(0.,0.001,-7.62342632469227E-19));
#7191=CARTESIAN_POINT('',(0.02174,0.002,-0.02224));
#7192=CARTESIAN_POINT('',(-0.04054,0.002,-0.02224));
#7193=CARTESIAN_POINT('',(0.02024,0.002,-0.02224));
#7194=CARTESIAN_POINT('',(-0.04254,0.002,3.46944695195361E-18));
#7195=CARTESIAN_POINT('',(-0.04254,0.002,0.02024));
#7196=CARTESIAN_POINT('',(-0.04254,0.002,-0.02024));
#7197=CARTESIAN_POINT('',(0.02224,0.002,-1.36598277153079E-18));
#7198=CARTESIAN_POINT('',(0.02224,0.002,-0.02024));
#7199=CARTESIAN_POINT('',(0.02224,0.002,0.02024));
#7200=CARTESIAN_POINT('',(-0.01015,0.002,0.02224));
#7201=CARTESIAN_POINT('',(0.02024,0.002,0.02224));
#7202=CARTESIAN_POINT('',(-0.04054,0.002,0.02224));
#7203=CARTESIAN_POINT('',(0.02024,-0.022,0.02024));
#7204=CARTESIAN_POINT('',(0.02024,0.002,0.02024));
#7205=CARTESIAN_POINT('',(0.02024,0.002,0.02024));
#7206=CARTESIAN_POINT('',(0.02024,-0.022,-0.02024));
#7207=CARTESIAN_POINT('',(0.02024,0.002,-0.02024));
#7208=CARTESIAN_POINT('',(0.02024,0.002,-0.02024));
#7209=CARTESIAN_POINT('',(-0.04054,-0.022,-0.02024));
#7210=CARTESIAN_POINT('',(-0.04054,0.002,-0.02024));
#7211=CARTESIAN_POINT('',(-0.04054,0.002,-0.02024));
#7212=CARTESIAN_POINT('',(-0.04054,-0.022,0.02024));
#7213=CARTESIAN_POINT('',(-0.04054,0.002,0.02024));
#7214=CARTESIAN_POINT('',(-0.04054,0.002,0.02024));
#7215=CARTESIAN_POINT('',(-0.0355902525316941,-0.017,-0.02049));
#7216=CARTESIAN_POINT('',(-0.0355902525316941,-0.0159409553903188,-0.0224448220313558));
#7217=CARTESIAN_POINT('',(-0.0355902525316941,-0.0175,-0.02024));
#7218=CARTESIAN_POINT('',(-0.0355902525316941,-0.017,-0.02024));
#7219=CARTESIAN_POINT('',(-0.0380651262658471,-0.017,-0.0177651262658471));
#7220=CARTESIAN_POINT('',(-0.0380651262658471,-0.0175,-0.0177651262658471));
#7221=CARTESIAN_POINT('',(-0.01015,-0.017,1.04083408558608E-17));
#7222=CARTESIAN_POINT('',(-0.04054,-0.017,-0.01974));
#7223=CARTESIAN_POINT('',(-0.0333436796564404,-0.017,-0.0231936796564403));
#7224=CARTESIAN_POINT('',(-0.03364,-0.017,-0.02349));
#7225=CARTESIAN_POINT('',(-0.0380651262658471,-0.017,0.0177651262658471));
#7226=CARTESIAN_POINT('',(-0.0355902525316941,-0.0175,0.02024));
#7227=CARTESIAN_POINT('',(-0.0355902525316941,-0.0175,0.02024));
#7228=CARTESIAN_POINT('',(-0.0355902525316941,-0.017,0.02024));
#7229=CARTESIAN_POINT('',(-0.01015,-0.017,1.04083408558608E-17));
#7230=CARTESIAN_POINT('',(-0.04004,-0.017,0.02024));
#7231=CARTESIAN_POINT('',(-0.04004,-0.017,0.02024));
#7232=CARTESIAN_POINT('',(-0.04004,-0.017,0.02124));
#7233=CARTESIAN_POINT('',(-0.04004,-0.017,0.02124));
#7234=CARTESIAN_POINT('',(-0.03039,-0.017,0.02124));
#7235=CARTESIAN_POINT('',(-0.0362973593128807,-0.017,0.02124));
#7236=CARTESIAN_POINT('',(-0.0362973593128807,-0.017,0.02124));
#7237=CARTESIAN_POINT('',(-0.0362973593128807,-0.017,0.02024));
#7238=CARTESIAN_POINT('',(-0.0408935533905933,-0.017,0.0156438059222875));
#7239=CARTESIAN_POINT('',(0.0177651262658471,-0.017,0.0177651262658471));
#7240=CARTESIAN_POINT('',(0.0152902525316941,-0.017,0.02024));
#7241=CARTESIAN_POINT('',(0.0152902525316941,-0.0175,0.02024));
#7242=CARTESIAN_POINT('',(0.02024,-0.0175,0.0152902525316942));
#7243=CARTESIAN_POINT('',(-0.01015,-0.017,1.04083408558608E-17));
#7244=CARTESIAN_POINT('',(0.0156438059222875,-0.017,0.0205935533905933));
#7245=CARTESIAN_POINT('',(0.0159973593128807,-0.017,0.02024));
#7246=CARTESIAN_POINT('',(0.0159973593128807,-0.017,0.02124));
#7247=CARTESIAN_POINT('',(0.0159973593128807,-0.017,0.02124));
#7248=CARTESIAN_POINT('',(-0.03039,-0.017,0.02124));
#7249=CARTESIAN_POINT('',(0.01974,-0.017,0.02124));
#7250=CARTESIAN_POINT('',(0.01974,-0.017,0.02124));
#7251=CARTESIAN_POINT('',(0.01974,-0.017,0.02024));
#7252=CARTESIAN_POINT('',(0.02024,-0.017,0.01974));
#7253=CARTESIAN_POINT('',(-0.01015,-0.017,1.04083408558608E-17));
#7254=CARTESIAN_POINT('',(0.01974,-0.017,-0.02024));
#7255=CARTESIAN_POINT('',(0.0205935533905933,-0.017,-0.0156438059222875));
#7256=CARTESIAN_POINT('',(0.0177651262658471,-0.017,-0.0177651262658471));
#7257=CARTESIAN_POINT('',(0.0152902525316941,-0.0175,-0.02024));
#7258=CARTESIAN_POINT('',(-0.0403632233047033,-0.018,0.0200632233047033));
#7259=CARTESIAN_POINT('',(-0.0403632233047033,-0.018,0.0200632233047033));
#7260=CARTESIAN_POINT('',(-0.0418882233047033,-0.018,0.0200632233047033));
#7261=CARTESIAN_POINT('',(-0.01015,-0.018,1.04083408558608E-17));
#7262=CARTESIAN_POINT('',(-0.0403632233047033,-0.018,-0.0200632233047033));
#7263=CARTESIAN_POINT('',(-0.0403632233047033,-0.018,-0.0200632233047033));
#7264=CARTESIAN_POINT('',(-0.0418882233047033,-0.018,-0.0200632233047033));
#7265=CARTESIAN_POINT('',(-0.01015,-0.018,1.04083408558608E-17));
#7266=CARTESIAN_POINT('',(0.0200632233047034,-0.018,-0.0200632233047033));
#7267=CARTESIAN_POINT('',(0.0200632233047034,-0.018,-0.0200632233047033));
#7268=CARTESIAN_POINT('',(0.0185382233047034,-0.018,-0.0200632233047033));
#7269=CARTESIAN_POINT('',(-0.01015,-0.018,1.04083408558608E-17));
#7270=CARTESIAN_POINT('',(0.0200632233047033,-0.018,0.0200632233047033));
#7271=CARTESIAN_POINT('',(0.0200632233047033,-0.018,0.0200632233047033));
#7272=CARTESIAN_POINT('',(0.0185382233047033,-0.018,0.0200632233047033));
#7273=CARTESIAN_POINT('',(-0.01015,-0.018,1.04083408558608E-17));
#7274=CARTESIAN_POINT('',(-0.04054,-0.022,-0.01974));
#7275=CARTESIAN_POINT('',(-0.04004,-0.022,0.02024));
#7276=CARTESIAN_POINT('',(-0.04004,0.,0.02024));
#7277=CARTESIAN_POINT('',(0.02024,-0.022,0.01974));
#7278=CARTESIAN_POINT('',(0.01974,-0.017,0.02024));
#7279=CARTESIAN_POINT('',(0.01974,-0.022,-0.02024));
#7280=CARTESIAN_POINT('',(0.0177651262658471,-0.0175,-0.0177651262658471));
#7281=CARTESIAN_POINT('',(0.0177651262658471,-0.0175,0.0177651262658471));
#7282=CARTESIAN_POINT('',(0.0169401683544628,-0.0163333333333334,0.02024));
#7283=CARTESIAN_POINT('',(-0.0333436796564404,-0.017,-0.0231936796564403));
#7284=CARTESIAN_POINT('',(-0.0380651262658471,-0.0175,0.0177651262658471));
#7285=CARTESIAN_POINT('',(-0.0372401683544628,-0.0163333333333334,0.02024));
#7286=CARTESIAN_POINT('',(-0.01015,0.002,-0.02024));
#7287=CARTESIAN_POINT('',(-0.03689,-0.022,-0.02024));
#7288=CARTESIAN_POINT('',(-0.0433033333333334,-0.00641333333333332,-0.0138266666666666));
#7289=CARTESIAN_POINT('',(-0.03639,0.0005,0.));
#7290=CARTESIAN_POINT('',(-0.0279766666666666,0.00891333333333335,0.0105866666666666));
#7291=CARTESIAN_POINT('',(-0.01015,0.,0.0195));
#7292=CARTESIAN_POINT('',(-0.02939,0.0065,0.013));
#7293=CARTESIAN_POINT('',(-0.02289,0.,5.79580243447409E-18));
#7294=CARTESIAN_POINT('',(-0.02389,0.001,-0.02124));
#7295=CARTESIAN_POINT('',(-0.02339,0.002,-0.02074));
#7296=CARTESIAN_POINT('',(-0.000149999999999993,-0.027,-0.02024));
#7297=CARTESIAN_POINT('',(-0.04004,0.,0.02124));
#7298=CARTESIAN_POINT('',(-0.04004,0.,0.02124));
#7299=CARTESIAN_POINT('',(0.01974,-0.017,0.02124));
#7300=CARTESIAN_POINT('',(0.01974,-0.017,0.02124));
#7301=CARTESIAN_POINT('',(0.0169401683544628,-0.0163333333333334,0.02124));
#7302=CARTESIAN_POINT('',(0.0152902525316941,-0.0175,0.02124));
#7303=CARTESIAN_POINT('',(0.0152902525316941,-0.0175,0.02124));
#7304=CARTESIAN_POINT('',(0.0169401683544628,-0.0163333333333334,0.02124));
#7305=CARTESIAN_POINT('',(0.0152902525316941,-0.017,0.02124));
#7306=CARTESIAN_POINT('',(0.0152902525316941,-0.017,0.02124));
#7307=CARTESIAN_POINT('',(-0.0355902525316941,-0.017,0.02124));
#7308=CARTESIAN_POINT('',(-0.0355902525316941,-0.0175,0.02124));
#7309=CARTESIAN_POINT('',(-0.0355902525316941,-0.0175,0.02124));
#7310=CARTESIAN_POINT('',(-0.0355902525316941,-0.017,0.02124));
#7311=CARTESIAN_POINT('',(-0.0372401683544628,-0.0163333333333334,0.02124));
#7312=CARTESIAN_POINT('',(-0.0372401683544628,-0.0163333333333334,0.02124));
#7313=CARTESIAN_POINT('',(-0.03039,-0.022,0.02124));
#7314=CARTESIAN_POINT('',(0.,-0.019,0.02124));
#7315=CARTESIAN_POINT('',(0.,-0.019,0.03324));
#7316=CARTESIAN_POINT('',(0.,-0.019,0.03224));
#7317=CARTESIAN_POINT('',(0.,-0.019,0.03324));
#7318=CARTESIAN_POINT('',(0.,-0.019,0.03224));
#7319=CARTESIAN_POINT('',(-0.00865,-0.019,0.03324));
#7320=CARTESIAN_POINT('',(0.,-0.019,0.03324));
#7321=CARTESIAN_POINT('',(0.,-0.019,0.03324));
#7322=CARTESIAN_POINT('',(0.,-0.019,0.03324));
#7323=CARTESIAN_POINT('',(0.,-0.019,0.03224));
#7324=CARTESIAN_POINT('',(0.,-0.019,0.03324));
#7325=CARTESIAN_POINT('',(0.,-0.019,0.03224));
#7326=CARTESIAN_POINT('',(-0.00865,-0.019,0.03324));
#7327=CARTESIAN_POINT('',(0.,-0.019,0.03324));
#7328=CARTESIAN_POINT('',(0.,-0.019,0.03324));
#7329=CARTESIAN_POINT('',(0.,-0.019,0.03224));
#7330=CARTESIAN_POINT('',(0.,-0.019,0.03224));
#7331=CARTESIAN_POINT('',(0.,-0.019,0.03224));
#7332=CARTESIAN_POINT('',(0.,-0.019,0.03224));
#7333=CARTESIAN_POINT('',(0.02024,-0.016,-0.01324));
#7334=CARTESIAN_POINT('',(0.02224,-0.016,-0.01324));
#7335=CARTESIAN_POINT('',(0.02224,-0.016,-0.01474));
#7336=CARTESIAN_POINT('',(0.02304,-0.0162618768560838,0.00296231635400759));
#7337=CARTESIAN_POINT('',(0.02304,-0.0169119548826204,0.00232048280457879));
#7338=CARTESIAN_POINT('',(0.02304,-0.0169119548826204,0.00232048280457879));
#7339=CARTESIAN_POINT('',(0.02304,-0.0162618768560838,0.00296231635400759));
#7340=CARTESIAN_POINT('',(0.02304000025,-0.0171142091886923,0.00263343489614918));
#7341=CARTESIAN_POINT('',(0.02304,-0.0171141120974828,0.00263347173953624));
#7342=CARTESIAN_POINT('',(0.02304,-0.0167891749140423,0.00246022579513144));
#7343=CARTESIAN_POINT('',(0.02304,-0.0166660939155702,0.00260031140523465));
#7344=CARTESIAN_POINT('',(0.02304,-0.0166660939155702,0.00260031140523465));
#7345=CARTESIAN_POINT('',(0.02304,-0.0167891749140423,0.00246022579513144));
#7346=CARTESIAN_POINT('',(0.02304,-0.0163173162939981,0.00300541486495454));
#7347=CARTESIAN_POINT('',(0.02304,-0.0168077658474232,0.0027935154269024));
#7348=CARTESIAN_POINT('',(0.02304,-0.0168078999215495,0.00279345704313367));
#7349=CARTESIAN_POINT('',(0.02304,-0.0163173162939981,0.00300541486495454));
#7350=CARTESIAN_POINT('',(0.02304,-0.0162628272812242,0.00301614016706545));
#7351=CARTESIAN_POINT('',(0.02304,-0.0168516835596129,0.00302091756854727));
#7352=CARTESIAN_POINT('',(0.02304,-0.0168516209399188,0.00302091690243434));
#7353=CARTESIAN_POINT('',(0.02304,-0.0162628272812242,0.00301614016706545));
#7354=CARTESIAN_POINT('',(0.02304,-0.0163236659112402,0.00302249157557336));
#7355=CARTESIAN_POINT('',(0.02304,-0.0167994133990927,0.00325155291599751));
#7356=CARTESIAN_POINT('',(0.02304,-0.0167995817190066,0.00325163802140129));
#7357=CARTESIAN_POINT('',(0.02304,-0.0163236659112402,0.00302249157557336));
#7358=CARTESIAN_POINT('',(0.02304,-0.0163169877071008,0.00300878758659894));
#7359=CARTESIAN_POINT('',(0.02304,-0.0166342504692014,0.00344689243340571));
#7360=CARTESIAN_POINT('',(0.02304,-0.0166343269290008,0.00344700297890195));
#7361=CARTESIAN_POINT('',(0.02304,-0.0163169877071008,0.00300878758659894));
#7362=CARTESIAN_POINT('',(0.02304,-0.0161412194378482,0.00275430147728705));
#7363=CARTESIAN_POINT('',(0.02304,-0.0163429925129003,0.0035816093419631));
#7364=CARTESIAN_POINT('',(0.02304,-0.0163430004437416,0.00358163920344591));
#7365=CARTESIAN_POINT('',(0.02304,-0.0161412194378482,0.00275430147728705));
#7366=CARTESIAN_POINT('',(0.02304,-0.0159205145718894,0.00186193757927465));
#7367=CARTESIAN_POINT('',(0.02304,-0.0159118984055166,0.00363414893630048));
#7368=CARTESIAN_POINT('',(0.02304,-0.0159118989410641,0.00363377239970763));
#7369=CARTESIAN_POINT('',(0.02304,-0.0159205145718894,0.00186193757927465));
#7370=CARTESIAN_POINT('',(0.02304,-0.0158996558682082,0.00188478353496331));
#7371=CARTESIAN_POINT('',(0.02304,-0.0154740684527051,0.00357999273906041));
#7372=CARTESIAN_POINT('',(0.02304,-0.0154740504279943,0.00358006635542579));
#7373=CARTESIAN_POINT('',(0.02304,-0.0158996558682082,0.00188478353496331));
#7374=CARTESIAN_POINT('',(0.02304,-0.015678371514484,0.00277062059697476));
#7375=CARTESIAN_POINT('',(0.02304,-0.015182541062587,0.00344042602179496));
#7376=CARTESIAN_POINT('',(0.02304,-0.0151824803936511,0.00344050992194842));
#7377=CARTESIAN_POINT('',(0.02304,-0.015678371514484,0.00277062059697476));
#7378=CARTESIAN_POINT('',(0.02304,-0.0154880704894359,0.00303162577656792));
#7379=CARTESIAN_POINT('',(0.02304,-0.0150224973752208,0.00323835065895888));
#7380=CARTESIAN_POINT('',(0.02304,-0.0150222930819412,0.00323844379332706));
#7381=CARTESIAN_POINT('',(0.02304,-0.0154880704894359,0.00303162577656792));
#7382=CARTESIAN_POINT('',(0.02304,-0.015584833744061,0.00300346892168678));
#7383=CARTESIAN_POINT('',(0.02304,-0.0149753464572257,0.00300097946608078));
#7384=CARTESIAN_POINT('',(0.02304,-0.0149753745277951,0.00300097960689292));
#7385=CARTESIAN_POINT('',(0.02304,-0.015584833744061,0.00300346892168678));
#7386=CARTESIAN_POINT('',(0.02304,-0.0155141122025423,0.00299985078330882));
#7387=CARTESIAN_POINT('',(0.02304,-0.0150192641694154,0.00278677958147453));
#7388=CARTESIAN_POINT('',(0.02304,-0.0150191279456479,0.00278671818674535));
#7389=CARTESIAN_POINT('',(0.02304,-0.0155141122025423,0.00299985078330882));
#7390=CARTESIAN_POINT('',(0.02304,-0.0154890469425276,0.00299760475115011));
#7391=CARTESIAN_POINT('',(0.02304,-0.0151609547413947,0.00260032906045416));
#7392=CARTESIAN_POINT('',(0.02304,-0.0151607169234007,0.00260006194621401));
#7393=CARTESIAN_POINT('',(0.02304,-0.0154890469425276,0.00299760475115011));
#7394=CARTESIAN_POINT('',(0.02304,-0.0150362384998937,0.00246022579513144));
#7395=CARTESIAN_POINT('',(0.02304,-0.0149118424947762,0.002320482230941));
#7396=CARTESIAN_POINT('',(0.02304,-0.0149118424947762,0.002320482230941));
#7397=CARTESIAN_POINT('',(0.02304,-0.0150362384998937,0.00246022579513144));
#7398=CARTESIAN_POINT('',(0.02304,-0.0155619199549491,0.00296231635400731));
#7399=CARTESIAN_POINT('',(0.02304,-0.0147096847135506,0.00263347173953624));
#7400=CARTESIAN_POINT('',(0.02304,-0.0147095876356921,0.00263343485994369));
#7401=CARTESIAN_POINT('',(0.02304,-0.0155619199549491,0.00296231635400731));
#7402=CARTESIAN_POINT('',(0.02304,-0.0156844265357419,0.00300088607541376));
#7403=CARTESIAN_POINT('',(0.02304,-0.0146423262592719,0.00301067908349691));
#7404=CARTESIAN_POINT('',(0.02304,-0.014642464664509,0.00301067854835776));
#7405=CARTESIAN_POINT('',(0.02304,-0.0156844265357419,0.00300088607541376));
#7406=CARTESIAN_POINT('',(0.02304,-0.0156495013737586,0.00302059979884126));
#7407=CARTESIAN_POINT('',(0.02304,-0.014724773007309,0.00341860188260866));
#7408=CARTESIAN_POINT('',(0.02304,-0.0147246782139018,0.00341864254876487));
#7409=CARTESIAN_POINT('',(0.02304,-0.0156495013737586,0.00302059979884126));
#7410=CARTESIAN_POINT('',(0.02304,-0.0155766690308266,0.00304575643461614));
#7411=CARTESIAN_POINT('',(0.02304,-0.0149653774059925,0.00374677227185445));
#7412=CARTESIAN_POINT('',(0.02304,-0.0149652069963362,0.00374697491157575));
#7413=CARTESIAN_POINT('',(0.02304,-0.0155766690308266,0.00304575643461614));
#7414=CARTESIAN_POINT('',(0.02304,-0.0156972073538439,0.00288314150863294));
#7415=CARTESIAN_POINT('',(0.02304,-0.0153611756833341,0.00396555253135164));
#7416=CARTESIAN_POINT('',(0.02304,-0.0153611756833341,0.00396555253135164));
#7417=CARTESIAN_POINT('',(0.02304,-0.0156972073538439,0.00288314150863294));
#7418=CARTESIAN_POINT('',(0.02304,-0.0159118984055166,0.00404476607358339));
#7419=CARTESIAN_POINT('',(0.02324,-0.0159118984055166,0.00404476607358339));
#7420=CARTESIAN_POINT('',(0.02304,-0.0157031770085251,0.00404476607358339));
#7421=CARTESIAN_POINT('',(0.02324,-0.0157031770085251,0.00404476607358339));
#7422=CARTESIAN_POINT('',(0.02304,-0.0155196027677976,0.00401836155950614));
#7423=CARTESIAN_POINT('',(0.02324,-0.0155196027677976,0.00401836155950614));
#7424=CARTESIAN_POINT('',(0.02304,-0.0153611756833341,0.00396555253135164));
#7425=CARTESIAN_POINT('',(0.02324,-0.0153611756833341,0.00396555253135164));
#7426=CARTESIAN_POINT('',(0.02304,-0.0159118984055166,0.00404476607358339));
#7427=CARTESIAN_POINT('',(0.02304,-0.0159118984055166,0.00404476607358339));
#7428=CARTESIAN_POINT('',(0.02304,-0.0159118984055166,0.00404476607358339));
#7429=CARTESIAN_POINT('',(0.02304,-0.0155988163100293,0.00404476607358339));
#7430=CARTESIAN_POINT('',(0.02304,-0.0153611756833341,0.00396555253135164));
#7431=CARTESIAN_POINT('',(0.02304,-0.015945766936206,0.00227867169250351));
#7432=CARTESIAN_POINT('',(0.02304,-0.016464237730602,0.00396555253135164));
#7433=CARTESIAN_POINT('',(0.02304,-0.0164642548808328,0.00396560842305846));
#7434=CARTESIAN_POINT('',(0.02304,-0.015945766936206,0.00227867169250351));
#7435=CARTESIAN_POINT('',(0.02304,-0.0161316093011187,0.00288361044253229));
#7436=CARTESIAN_POINT('',(0.02304,-0.0168616526108462,0.00374677227185445));
#7437=CARTESIAN_POINT('',(0.02304,-0.0168618190511101,0.00374697099664368));
#7438=CARTESIAN_POINT('',(0.02304,-0.0161316093011187,0.00288361044253229));
#7439=CARTESIAN_POINT('',(0.02304,-0.0162603081404379,0.00305517361798045));
#7440=CARTESIAN_POINT('',(0.02304,-0.017100640406627,0.00342021848551135));
#7441=CARTESIAN_POINT('',(0.02304,-0.017100779493859,0.00342027776825775));
#7442=CARTESIAN_POINT('',(0.02304,-0.0162603081404379,0.00305517361798045));
#7443=CARTESIAN_POINT('',(0.02304,-0.016159781783699,0.0030234392239873));
#7444=CARTESIAN_POINT('',(0.02304,-0.0171814705517614,0.00301067908349691));
#7445=CARTESIAN_POINT('',(0.02304,-0.0171812882497719,0.0030106809190306));
#7446=CARTESIAN_POINT('',(0.02304,-0.016159781783699,0.0030234392239873));
#7447=CARTESIAN_POINT('',(0.02304,-0.0161393702752901,0.00300088607541406));
#7448=CARTESIAN_POINT('',(0.02304,-0.0161393702752901,0.00300088607541406));
#7449=CARTESIAN_POINT('',(0.02304,-0.01,1.39076453547332E-17));
#7450=CARTESIAN_POINT('',(0.02304,-0.0157704456515314,-0.00348968118821395));
#7451=CARTESIAN_POINT('',(0.02304,-0.0146827413318391,-0.00348968118821395));
#7452=CARTESIAN_POINT('',(0.02304,-0.0146827413318391,-0.00348968118821395));
#7453=CARTESIAN_POINT('',(0.02304,-0.0157704456515314,-0.00348968118821395));
#7454=CARTESIAN_POINT('',(0.02304,-0.0168581499712238,-0.00348968118821395));
#7455=CARTESIAN_POINT('',(0.02304,-0.0168581499712238,-0.00348968118821395));
#7456=CARTESIAN_POINT('',(0.02304,-0.0146827413318391,-0.00328410318575539));
#7457=CARTESIAN_POINT('',(0.02304,-0.0146827413318391,-0.00307852518329682));
#7458=CARTESIAN_POINT('',(0.02304,-0.0146827413318391,-0.00307852518329682));
#7459=CARTESIAN_POINT('',(0.02304,-0.0146827413318391,-0.00328410318575539));
#7460=CARTESIAN_POINT('',(0.02304,-0.0159237534934697,-0.00307852518329682));
#7461=CARTESIAN_POINT('',(0.02304,-0.0171647656551004,-0.00307852518329682));
#7462=CARTESIAN_POINT('',(0.02304,-0.0171647656551004,-0.00307852518329682));
#7463=CARTESIAN_POINT('',(0.02304,-0.0159237534934697,-0.00307852518329682));
#7464=CARTESIAN_POINT('',(0.02304,-0.0171647656551004,-0.00385503344422158));
#7465=CARTESIAN_POINT('',(0.02304,-0.0171647656551004,-0.00463154170514634));
#7466=CARTESIAN_POINT('',(0.02304,-0.0171647656551004,-0.00463154170514634));
#7467=CARTESIAN_POINT('',(0.02304,-0.0171647656551004,-0.00385503344422158));
#7468=CARTESIAN_POINT('',(0.02304,-0.017011457813162,-0.00463154170514634));
#7469=CARTESIAN_POINT('',(0.02304,-0.0168581499712238,-0.00463154170514634));
#7470=CARTESIAN_POINT('',(0.02304,-0.0168581499712238,-0.00463154170514634));
#7471=CARTESIAN_POINT('',(0.02304,-0.017011457813162,-0.00463154170514634));
#7472=CARTESIAN_POINT('',(0.02304,-0.0168581499712238,-0.00406061144668015));
#7473=CARTESIAN_POINT('',(0.02304,-0.0168581499712238,-0.00406061144668015));
#7474=CARTESIAN_POINT('',(0.02304,-0.01,1.39076453547332E-17));
#7475=CARTESIAN_POINT('',(0.02304,-0.0153794971828979,-0.00546301446476251));
#7476=CARTESIAN_POINT('',(0.02304,-0.0149888181480815,-0.00546301446476251));
#7477=CARTESIAN_POINT('',(0.02304,-0.0149888181480815,-0.00546301446476251));
#7478=CARTESIAN_POINT('',(0.02304,-0.0153794971828979,-0.00546301446476251));
#7479=CARTESIAN_POINT('',(0.02304,-0.0157701762177143,-0.00546301446476251));
#7480=CARTESIAN_POINT('',(0.02304,-0.0157701762177143,-0.00546301446476251));
#7481=CARTESIAN_POINT('',(0.02304,-0.0149888181480815,-0.0060339447232287));
#7482=CARTESIAN_POINT('',(0.02304,-0.0149888181480815,-0.00660487498169489));
#7483=CARTESIAN_POINT('',(0.02304,-0.0149888181480815,-0.00660487498169489));
#7484=CARTESIAN_POINT('',(0.02304,-0.0149888181480815,-0.0060339447232287));
#7485=CARTESIAN_POINT('',(0.02304,-0.0148357797399603,-0.00660487498169489));
#7486=CARTESIAN_POINT('',(0.02304,-0.0146827413318391,-0.00660487498169489));
#7487=CARTESIAN_POINT('',(0.02304,-0.0146827413318391,-0.00660487498169489));
#7488=CARTESIAN_POINT('',(0.02304,-0.0148357797399603,-0.00660487498169489));
#7489=CARTESIAN_POINT('',(0.02304,-0.0146827413318391,-0.00582863615458725));
#7490=CARTESIAN_POINT('',(0.02304,-0.0146827413318391,-0.0050523973274796));
#7491=CARTESIAN_POINT('',(0.02304,-0.0146827413318391,-0.0050523973274796));
#7492=CARTESIAN_POINT('',(0.02304,-0.0146827413318391,-0.00582863615458725));
#7493=CARTESIAN_POINT('',(0.02304,-0.0159237534934697,-0.0050523973274796));
#7494=CARTESIAN_POINT('',(0.02304,-0.0171647656551004,-0.0050523973274796));
#7495=CARTESIAN_POINT('',(0.02304,-0.0171647656551004,-0.0050523973274796));
#7496=CARTESIAN_POINT('',(0.02304,-0.0159237534934697,-0.0050523973274796));
#7497=CARTESIAN_POINT('',(0.02304,-0.0171647656551004,-0.00582863615458725));
#7498=CARTESIAN_POINT('',(0.02304,-0.0171647656551004,-0.00660487498169489));
#7499=CARTESIAN_POINT('',(0.02304,-0.0171647656551004,-0.00660487498169489));
#7500=CARTESIAN_POINT('',(0.02304,-0.0171647656551004,-0.00582863615458725));
#7501=CARTESIAN_POINT('',(0.02304,-0.017011457813162,-0.00660487498169489));
#7502=CARTESIAN_POINT('',(0.02304,-0.0168581499712238,-0.00660487498169489));
#7503=CARTESIAN_POINT('',(0.02304,-0.0168581499712238,-0.00660487498169489));
#7504=CARTESIAN_POINT('',(0.02304,-0.017011457813162,-0.00660487498169489));
#7505=CARTESIAN_POINT('',(0.02304,-0.0168581499712238,-0.0060339447232287));
#7506=CARTESIAN_POINT('',(0.02304,-0.0168581499712238,-0.00546301446476251));
#7507=CARTESIAN_POINT('',(0.02304,-0.0168581499712238,-0.00546301446476251));
#7508=CARTESIAN_POINT('',(0.02304,-0.0168581499712238,-0.0060339447232287));
#7509=CARTESIAN_POINT('',(0.02304,-0.0164523826426489,-0.00546301446476251));
#7510=CARTESIAN_POINT('',(0.02304,-0.0160466153140741,-0.00546301446476251));
#7511=CARTESIAN_POINT('',(0.02304,-0.0160466153140741,-0.00546301446476251));
#7512=CARTESIAN_POINT('',(0.02304,-0.0164523826426489,-0.00546301446476251));
#7513=CARTESIAN_POINT('',(0.02304,-0.0160466153140741,-0.00598167456270843));
#7514=CARTESIAN_POINT('',(0.02304,-0.0160466153140741,-0.00650033466065436));
#7515=CARTESIAN_POINT('',(0.02304,-0.0160466153140741,-0.00650033466065436));
#7516=CARTESIAN_POINT('',(0.02304,-0.0160466153140741,-0.00598167456270843));
#7517=CARTESIAN_POINT('',(0.02304,-0.0159083957658942,-0.00650033466065436));
#7518=CARTESIAN_POINT('',(0.02304,-0.0157701762177143,-0.00650033466065436));
#7519=CARTESIAN_POINT('',(0.02304,-0.0157701762177143,-0.00650033466065436));
#7520=CARTESIAN_POINT('',(0.02304,-0.0159083957658942,-0.00650033466065436));
#7521=CARTESIAN_POINT('',(0.02304,-0.0157701762177143,-0.00598167456270843));
#7522=CARTESIAN_POINT('',(0.02304,-0.0157701762177143,-0.00598167456270843));
#7523=CARTESIAN_POINT('',(0.02304,-0.01,1.39076453547332E-17));
#7524=CARTESIAN_POINT('',(0.02304,-0.0164837657483579,-0.00791914901881848));
#7525=CARTESIAN_POINT('',(0.02304,-0.0164841758330684,-0.00856150336158233));
#7526=CARTESIAN_POINT('',(0.02304,-0.0164841758330684,-0.00856150336158233));
#7527=CARTESIAN_POINT('',(0.02304,-0.0164837657483579,-0.00791914901881848));
#7528=CARTESIAN_POINT('',(0.0230400000000137,-0.0167452400928529,-0.00850596172897539));
#7529=CARTESIAN_POINT('',(0.02304,-0.0167452572018526,-0.00850599999525668));
#7530=CARTESIAN_POINT('',(0.02304,-0.0161595080834451,-0.00848417585607039));
#7531=CARTESIAN_POINT('',(0.02324,-0.0161595080834451,-0.00848417585607039));
#7532=CARTESIAN_POINT('',(0.02304,-0.0162437510569297,-0.00853572752641168));
#7533=CARTESIAN_POINT('',(0.02324,-0.0162437510569297,-0.00853572752641168));
#7534=CARTESIAN_POINT('',(0.02304,-0.0163519736401374,-0.00856150336158233));
#7535=CARTESIAN_POINT('',(0.02324,-0.0163519736401374,-0.00856150336158233));
#7536=CARTESIAN_POINT('',(0.02304,-0.0164841758330684,-0.00856150336158233));
#7537=CARTESIAN_POINT('',(0.02324,-0.0164841758330684,-0.00856150336158233));
#7538=CARTESIAN_POINT('',(0.02304,-0.0161595080834451,-0.00848417585607039));
#7539=CARTESIAN_POINT('',(0.02304,-0.0161595080834451,-0.00848417585607039));
#7540=CARTESIAN_POINT('',(0.02304,-0.0161595080834451,-0.00848417585607039));
#7541=CARTESIAN_POINT('',(0.02304,-0.016285872543672,-0.00856150336158233));
#7542=CARTESIAN_POINT('',(0.02304,-0.0164841758330684,-0.00856150336158233));
#7543=CARTESIAN_POINT('',(0.02304,-0.0165341230001386,-0.00786411163230822));
#7544=CARTESIAN_POINT('',(0.02304,-0.0159488108384614,-0.00829072237538198));
#7545=CARTESIAN_POINT('',(0.02304,-0.0159487879245484,-0.0082907390765087));
#7546=CARTESIAN_POINT('',(0.02304,-0.0165341230001386,-0.00786411163230822));
#7547=CARTESIAN_POINT('',(0.02304,-0.0170256525756562,-0.00751065771461354));
#7548=CARTESIAN_POINT('',(0.02304,-0.0158057414815734,-0.00803987949164814));
#7549=CARTESIAN_POINT('',(0.02304,-0.0158057300027961,-0.00803988442508223));
#7550=CARTESIAN_POINT('',(0.02304,-0.0170256525756562,-0.00751065771461354));
#7551=CARTESIAN_POINT('',(0.02304,-0.0129206551211229,-0.00928777179987711));
#7552=CARTESIAN_POINT('',(0.02304,-0.0156844962638718,-0.00779065321081698));
#7553=CARTESIAN_POINT('',(0.02304,-0.0156844195034854,-0.00779069326362153));
#7554=CARTESIAN_POINT('',(0.02304,-0.0129206551211229,-0.00928777179987711));
#7555=CARTESIAN_POINT('',(0.02304,-0.015008646084897,-0.0081480249140529));
#7556=CARTESIAN_POINT('',(0.02304,-0.015539540870264,-0.00759854689921415));
#7557=CARTESIAN_POINT('',(0.02304,-0.0155397553912452,-0.00759831319015643));
#7558=CARTESIAN_POINT('',(0.02304,-0.015008646084897,-0.0081480249140529));
#7559=CARTESIAN_POINT('',(0.02304,-0.0153379887994475,-0.00782576746272122));
#7560=CARTESIAN_POINT('',(0.02304,-0.0153223772136696,-0.00752094995988509));
#7561=CARTESIAN_POINT('',(0.02304,-0.0153223966965579,-0.00752127592021118));
#7562=CARTESIAN_POINT('',(0.02304,-0.0153379887994475,-0.00782576746272122));
#7563=CARTESIAN_POINT('',(0.02304,-0.0153286877907675,-0.0077932667020965));
#7564=CARTESIAN_POINT('',(0.02304,-0.0152094844442985,-0.00754789334159657));
#7565=CARTESIAN_POINT('',(0.02304,-0.0152095264566849,-0.00754797663753464));
#7566=CARTESIAN_POINT('',(0.02304,-0.0153286877907675,-0.0077932667020965));
#7567=CARTESIAN_POINT('',(0.02304,-0.0153601184666467,-0.00787653176194317));
#7568=CARTESIAN_POINT('',(0.02304,-0.0151033275203552,-0.00762198764130313));
#7569=CARTESIAN_POINT('',(0.02304,-0.0151033336468426,-0.00762199363929251));
#7570=CARTESIAN_POINT('',(0.02304,-0.0153601184666467,-0.00787653176194317));
#7571=CARTESIAN_POINT('',(0.02304,-0.0154155330587099,-0.00793328987468255));
#7572=CARTESIAN_POINT('',(0.02304,-0.0150243834119407,-0.00772976116814904));
#7573=CARTESIAN_POINT('',(0.02304,-0.0150243956846549,-0.00772976756934237));
#7574=CARTESIAN_POINT('',(0.02304,-0.0154155330587099,-0.00793328987468255));
#7575=CARTESIAN_POINT('',(0.02304,-0.0153350056125701,-0.00789386632095704));
#7576=CARTESIAN_POINT('',(0.02304,-0.0149855849422761,-0.00785774223127855));
#7577=CARTESIAN_POINT('',(0.02304,-0.0149857212832085,-0.00785775609516517));
#7578=CARTESIAN_POINT('',(0.02304,-0.0153350056125701,-0.00789386632095704));
#7579=CARTESIAN_POINT('',(0.02304,-0.0162128919749144,-0.00798256036620227));
#7580=CARTESIAN_POINT('',(0.02304,-0.0149820823026536,-0.00805658438830925));
#7581=CARTESIAN_POINT('',(0.02304,-0.0149820532102339,-0.00805658604643148));
#7582=CARTESIAN_POINT('',(0.02304,-0.0162128919749144,-0.00798256036620227));
#7583=CARTESIAN_POINT('',(0.02304,-0.0154999030273728,-0.00802522180931073));
#7584=CARTESIAN_POINT('',(0.02304,-0.0150057924785597,-0.00818133224563339));
#7585=CARTESIAN_POINT('',(0.02304,-0.0150057250093033,-0.00818135131887361));
#7586=CARTESIAN_POINT('',(0.02304,-0.0154999030273728,-0.00802522180931073));
#7587=CARTESIAN_POINT('',(0.02304,-0.0153422869428065,-0.00807024138245741));
#7588=CARTESIAN_POINT('',(0.02304,-0.015039471705699,-0.00825354050862015));
#7589=CARTESIAN_POINT('',(0.02304,-0.0150393802045472,-0.00825359405735258));
#7590=CARTESIAN_POINT('',(0.02304,-0.0153422869428065,-0.00807024138245741));
#7591=CARTESIAN_POINT('',(0.02304,-0.0146797143275757,-0.00849786745284999));
#7592=CARTESIAN_POINT('',(0.02304,-0.0150666300119947,-0.00829940732669168));
#7593=CARTESIAN_POINT('',(0.02304,-0.0150664150874105,-0.00829907482371254));
#7594=CARTESIAN_POINT('',(0.02304,-0.0146797143275757,-0.00849786745284999));
#7595=CARTESIAN_POINT('',(0.0230400000003192,-0.0150538722341875,-0.00830700894059021));
#7596=CARTESIAN_POINT('',(0.02304,-0.0150327358602712,-0.00831928235999615));
#7597=CARTESIAN_POINT('',(0.02304,-0.0150328065028661,-0.008319400569742));
#7598=CARTESIAN_POINT('',(0.02304,-0.0150538722341875,-0.00830700894059021));
#7599=CARTESIAN_POINT('',(0.0230400000003192,-0.0149972202289573,-0.00833846888392017));
#7600=CARTESIAN_POINT('',(0.02304,-0.0149570249576619,-0.00835969743256336));
#7601=CARTESIAN_POINT('',(0.02304,-0.0149570705571581,-0.00835978186429575));
#7602=CARTESIAN_POINT('',(0.02304,-0.0149972202289573,-0.00833846888392017));
#7603=CARTESIAN_POINT('',(0.0230400000003192,-0.0149093635334871,-0.00838433644610215));
#7604=CARTESIAN_POINT('',(0.02304,-0.0148594899158664,-0.00841008155636383));
#7605=CARTESIAN_POINT('',(0.02304,-0.0148594899251577,-0.00841008160221902));
#7606=CARTESIAN_POINT('',(0.02304,-0.0149093635334871,-0.00838433644610215));
#7607=CARTESIAN_POINT('',(0.02304,-0.0135244047853952,-0.00583231582917026));
#7608=CARTESIAN_POINT('',(0.02304,-0.0147628878132923,-0.00845784354570215));
#7609=CARTESIAN_POINT('',(0.02304,-0.0147628878132923,-0.00845784354570214));
#7610=CARTESIAN_POINT('',(0.02304,-0.0135244047853952,-0.00583231582917026));
#7611=CARTESIAN_POINT('',(0.02304,-0.0153627493008828,-0.0080999004583153));
#7612=CARTESIAN_POINT('',(0.02304,-0.014670886243886,-0.00820127034809988));
#7613=CARTESIAN_POINT('',(0.02304,-0.01467123878,-0.0082012239023065));
#7614=CARTESIAN_POINT('',(0.02304,-0.0153627493008828,-0.0080999004583153));
#7615=CARTESIAN_POINT('',(0.02304,-0.0164027730085988,-0.0078849707810166));
#7616=CARTESIAN_POINT('',(0.02304,-0.0146423262592719,-0.00788791881879541));
#7617=CARTESIAN_POINT('',(0.02304,-0.0146423641110799,-0.00788791847013288));
#7618=CARTESIAN_POINT('',(0.02304,-0.0164027730085988,-0.0078849707810166));
#7619=CARTESIAN_POINT('',(0.02304,-0.01551641183231,-0.00788277965675417));
#7620=CARTESIAN_POINT('',(0.02304,-0.014689477177267,-0.00760016350211684));
#7621=CARTESIAN_POINT('',(0.02304,-0.0146895083287996,-0.00760017365152037));
#7622=CARTESIAN_POINT('',(0.02304,-0.01551641183231,-0.00788277965675417));
#7623=CARTESIAN_POINT('',(0.02304,-0.0153700111972847,-0.00782917951843899));
#7624=CARTESIAN_POINT('',(0.02304,-0.014825810688727,-0.00736117570633604));
#7625=CARTESIAN_POINT('',(0.02304,-0.0148257657907084,-0.00736113704031688));
#7626=CARTESIAN_POINT('',(0.02304,-0.0153700111972847,-0.00782917951843899));
#7627=CARTESIAN_POINT('',(0.02304,-0.0153192488984941,-0.00779222036011065));
#7628=CARTESIAN_POINT('',(0.02304,-0.0150429743453215,-0.00719789881316449));
#7629=CARTESIAN_POINT('',(0.02304,-0.0150429133324155,-0.00719776091336817));
#7630=CARTESIAN_POINT('',(0.02304,-0.0153192488984941,-0.00779222036011065));
#7631=CARTESIAN_POINT('',(0.02304,-0.0153214058145318,-0.00781525119650817));
#7632=CARTESIAN_POINT('',(0.02304,-0.0153358489045253,-0.00713727620431367));
#7633=CARTESIAN_POINT('',(0.02304,-0.0153358543124335,-0.00713776687404542));
#7634=CARTESIAN_POINT('',(0.02304,-0.0153214058145318,-0.00781525119650817));
#7635=CARTESIAN_POINT('',(0.02304,-0.0153588478234268,-0.0076945666795692));
#7636=CARTESIAN_POINT('',(0.02304,-0.0156392313825966,-0.00721460370982561));
#7637=CARTESIAN_POINT('',(0.02304,-0.0156394655933088,-0.00721420457387902));
#7638=CARTESIAN_POINT('',(0.02304,-0.0153588478234268,-0.0076945666795692));
#7639=CARTESIAN_POINT('',(0.02304,-0.0152056792592186,-0.00789213359648552));
#7640=CARTESIAN_POINT('',(0.02304,-0.0158496591937631,-0.00740994322723381));
#7641=CARTESIAN_POINT('',(0.02304,-0.0158496326642818,-0.00740996296086322));
#7642=CARTESIAN_POINT('',(0.02304,-0.0152056792592186,-0.00789213359648552));
#7643=CARTESIAN_POINT('',(0.02304,-0.014625769059924,-0.00833384703086664));
#7644=CARTESIAN_POINT('',(0.02304,-0.0160045836386041,-0.00766267214768746));
#7645=CARTESIAN_POINT('',(0.02304,-0.0160045934110418,-0.00766266741671315));
#7646=CARTESIAN_POINT('',(0.02304,-0.014625769059924,-0.00833384703086664));
#7647=CARTESIAN_POINT('',(0.02304,-0.0203102965411327,-0.00557171049787123));
#7648=CARTESIAN_POINT('',(0.02304,-0.016135797907539,-0.00791351503142131));
#7649=CARTESIAN_POINT('',(0.02304,-0.016135896659235,-0.00791346169757824));
#7650=CARTESIAN_POINT('',(0.02304,-0.0203102965411327,-0.00557171049787123));
#7651=CARTESIAN_POINT('',(0.02304,-0.0168652809198288,-0.00751618589380172));
#7652=CARTESIAN_POINT('',(0.02304,-0.0162821004702324,-0.00810696851210971));
#7653=CARTESIAN_POINT('',(0.02304,-0.0162820151259694,-0.00810705420737109));
#7654=CARTESIAN_POINT('',(0.02304,-0.0168652809198288,-0.00751618589380172));
#7655=CARTESIAN_POINT('',(0.02304,-0.0164719227472129,-0.00791213732202093));
#7656=CARTESIAN_POINT('',(0.02304,-0.0164777094214577,-0.00818429601762165));
#7657=CARTESIAN_POINT('',(0.02304,-0.0164777094214577,-0.00818429601762165));
#7658=CARTESIAN_POINT('',(0.02304,-0.0164719227472129,-0.00791213732202093));
#7659=CARTESIAN_POINT('',(0.02304,-0.0167622315323309,-0.00807490588787306));
#7660=CARTESIAN_POINT('',(0.02324,-0.0167622315323309,-0.00807490588787306));
#7661=CARTESIAN_POINT('',(0.02304,-0.0166982859064023,-0.00814783264103879));
#7662=CARTESIAN_POINT('',(0.02324,-0.0166982859064023,-0.00814783264103879));
#7663=CARTESIAN_POINT('',(0.02304,-0.0166034452027779,-0.00818429601762165));
#7664=CARTESIAN_POINT('',(0.02324,-0.0166034452027779,-0.00818429601762165));
#7665=CARTESIAN_POINT('',(0.02304,-0.0164777094214577,-0.00818429601762165));
#7666=CARTESIAN_POINT('',(0.02324,-0.0164777094214577,-0.00818429601762165));
#7667=CARTESIAN_POINT('',(0.02304,-0.0167622315323309,-0.00807490588787306));
#7668=CARTESIAN_POINT('',(0.02304,-0.0167622315323309,-0.00807490588787306));
#7669=CARTESIAN_POINT('',(0.02304,-0.0167622315323309,-0.00807490588787306));
#7670=CARTESIAN_POINT('',(0.02304,-0.016666313093438,-0.00818429601762165));
#7671=CARTESIAN_POINT('',(0.02304,-0.0164777094214577,-0.00818429601762165));
#7672=CARTESIAN_POINT('',(0.02304,-0.0168581499712238,-0.00776020718948301));
#7673=CARTESIAN_POINT('',(0.02324,-0.0168581499712238,-0.00776020718948301));
#7674=CARTESIAN_POINT('',(0.02304,-0.0168581499712238,-0.00789707956857731));
#7675=CARTESIAN_POINT('',(0.02324,-0.0168581499712238,-0.00789707956857731));
#7676=CARTESIAN_POINT('',(0.02304,-0.0168261771582595,-0.00800197913470733));
#7677=CARTESIAN_POINT('',(0.02324,-0.0168261771582595,-0.00800197913470733));
#7678=CARTESIAN_POINT('',(0.02304,-0.0167622315323309,-0.00807490588787306));
#7679=CARTESIAN_POINT('',(0.02324,-0.0167622315323309,-0.00807490588787306));
#7680=CARTESIAN_POINT('',(0.02304,-0.0168581499712238,-0.00776020718948301));
#7681=CARTESIAN_POINT('',(0.02304,-0.0168581499712238,-0.00776020718948301));
#7682=CARTESIAN_POINT('',(0.02304,-0.0168581499712238,-0.00776020718948301));
#7683=CARTESIAN_POINT('',(0.02304,-0.0168581499712238,-0.00796551575812446));
#7684=CARTESIAN_POINT('',(0.02304,-0.0167622315323309,-0.00807490588787306));
#7685=CARTESIAN_POINT('',(0.02304,-0.0160058198581696,-0.00776729102607297));
#7686=CARTESIAN_POINT('',(0.02304,-0.016844678280368,-0.00761525179587526));
#7687=CARTESIAN_POINT('',(0.02304,-0.0168446417060122,-0.00761525873008899));
#7688=CARTESIAN_POINT('',(0.02304,-0.0160058198581696,-0.00776729102607297));
#7689=CARTESIAN_POINT('',(0.02304,-0.0153277436115484,-0.00787950466998138));
#7690=CARTESIAN_POINT('',(0.02304,-0.016809382450326,-0.00746032735103427));
#7691=CARTESIAN_POINT('',(0.02304,-0.016809382450326,-0.00746032735103427));
#7692=CARTESIAN_POINT('',(0.0230400000000006,-0.015327548606293,-0.00787941063508286));
#7693=CARTESIAN_POINT('',(0.02304,-0.0143338854886516,-0.00815684496996871));
#7694=CARTESIAN_POINT('',(0.02304,-0.0167622315323309,-0.00731052214871846));
#7695=CARTESIAN_POINT('',(0.02304,-0.0167621588163622,-0.00731054621367852));
#7696=CARTESIAN_POINT('',(0.0230400000000012,-0.0143352329270085,-0.00815674875001244));
#7697=CARTESIAN_POINT('',(0.02304,-0.0160711300073335,-0.00753992946657258));
#7698=CARTESIAN_POINT('',(0.02304,-0.0167101469160361,-0.00719111743907494));
#7699=CARTESIAN_POINT('',(0.02304,-0.0167101469148496,-0.00719111744176588));
#7700=CARTESIAN_POINT('',(0.02304,-0.0160711300073335,-0.00753992946657258));
#7701=CARTESIAN_POINT('',(0.02304,-0.0168549167654184,-0.00715559770387747));
#7702=CARTESIAN_POINT('',(0.02304,-0.0170000083372281,-0.00711999902826615));
#7703=CARTESIAN_POINT('',(0.02304,-0.0170000083372281,-0.00711999902826615));
#7704=CARTESIAN_POINT('',(0.02304,-0.0168549167654184,-0.00715559770387747));
#7705=CARTESIAN_POINT('',(0.02304,-0.0165785829401258,-0.00747841332440975));
#7706=CARTESIAN_POINT('',(0.02304,-0.0170855521128686,-0.00725663538529551));
#7707=CARTESIAN_POINT('',(0.02304,-0.0170855046390153,-0.00725665570954136));
#7708=CARTESIAN_POINT('',(0.02304,-0.0165785829401258,-0.00747841332440975));
#7709=CARTESIAN_POINT('',(0.02304,-0.0162704402575807,-0.00762195912181574));
#7710=CARTESIAN_POINT('',(0.02304,-0.0171413249130114,-0.00742314548427243));
#7711=CARTESIAN_POINT('',(0.02304,-0.0171413107876391,-0.00742314871519651));
#7712=CARTESIAN_POINT('',(0.02304,-0.0162704402575807,-0.00762195912181574));
#7713=CARTESIAN_POINT('',(0.02304,-0.0158228874531897,-0.00772956594592761));
#7714=CARTESIAN_POINT('',(0.02304,-0.0171698848976255,-0.00759666086249435));
#7715=CARTESIAN_POINT('',(0.02304,-0.0171698831403503,-0.00759666104177951));
#7716=CARTESIAN_POINT('',(0.02304,-0.0158228874531897,-0.00772956594592761));
#7717=CARTESIAN_POINT('',(0.02304,-0.0154526680054966,-0.00776672877979007));
#7718=CARTESIAN_POINT('',(0.02304,-0.0171782373459561,-0.00776344039528839));
#7719=CARTESIAN_POINT('',(0.02304,-0.0171780105709874,-0.00776344492417154));
#7720=CARTESIAN_POINT('',(0.02304,-0.0154526680054966,-0.00776672877979007));
#7721=CARTESIAN_POINT('',(0.02304,-0.0162481445168319,-0.00778083755371138));
#7722=CARTESIAN_POINT('',(0.02304,-0.0171208479429107,-0.00810023266668184));
#7723=CARTESIAN_POINT('',(0.02304,-0.0171209052552905,-0.00810025318251097));
#7724=CARTESIAN_POINT('',(0.02304,-0.0162481445168319,-0.00778083755371138));
#7725=CARTESIAN_POINT('',(0.02304,-0.0164153842075777,-0.00784003169674217));
#7726=CARTESIAN_POINT('',(0.02304,-0.0169675401009724,-0.008349458947513));
#7727=CARTESIAN_POINT('',(0.02304,-0.0169676406108706,-0.0083495501568062));
#7728=CARTESIAN_POINT('',(0.02304,-0.0164153842075777,-0.00784003169674217));
#7729=CARTESIAN_POINT('',(0.02304,-0.0164718789251428,-0.00788191983444597));
#7730=CARTESIAN_POINT('',(0.02304,-0.0164718789251428,-0.00788191983444597));
#7731=CARTESIAN_POINT('',(0.02304,-0.01,1.39076453547332E-17));
#7732=CARTESIAN_POINT('',(0.02304,-0.0163764023062225,0.000770875761821852));
#7733=CARTESIAN_POINT('',(0.02324,-0.0163764023062225,0.000770875761821852));
#7734=CARTESIAN_POINT('',(0.02324,-0.0163764023062225,0.00114134726035466));
#7735=CARTESIAN_POINT('',(0.02324,-0.0163764023062225,0.000400404263289047));
#7736=CARTESIAN_POINT('',(0.02304,-0.0163764023062225,0.00114134726035466));
#7737=CARTESIAN_POINT('',(0.02304,-0.0163764023062225,0.00114134726035466));
#7738=CARTESIAN_POINT('',(0.02304,-0.0163764023062225,0.000770875761821852));
#7739=CARTESIAN_POINT('',(0.02304,-0.0163764023062225,0.000400404263289047));
#7740=CARTESIAN_POINT('',(0.02304,-0.0163764023062225,0.000400404263289047));
#7741=CARTESIAN_POINT('',(0.02304,-0.0158410373116155,0.000954629625094123));
#7742=CARTESIAN_POINT('',(0.02324,-0.0158410373116155,0.000954629625094123));
#7743=CARTESIAN_POINT('',(0.02324,-0.0153056723170085,0.000767911989833589));
#7744=CARTESIAN_POINT('',(0.02304,-0.0153056723170085,0.000767911989833589));
#7745=CARTESIAN_POINT('',(0.02304,-0.0153056723170085,0.000767911989833589));
#7746=CARTESIAN_POINT('',(0.02304,-0.0158410373116155,0.000954629625094123));
#7747=CARTESIAN_POINT('',(0.02304,-0.0159253700963724,0.00140431466585867));
#7748=CARTESIAN_POINT('',(0.02304,-0.0171647656551004,0.00183864197904767));
#7749=CARTESIAN_POINT('',(0.02304,-0.0171647656551004,0.00183864197904767));
#7750=CARTESIAN_POINT('',(0.02304,-0.0159253700963724,0.00140431466585867));
#7751=CARTESIAN_POINT('',(0.02304,-0.0146859745376445,0.000969987352669665));
#7752=CARTESIAN_POINT('',(0.02304,-0.0146859745376445,0.000969987352669665));
#7753=CARTESIAN_POINT('',(0.02304,-0.0171647656551004,0.00162821416788104));
#7754=CARTESIAN_POINT('',(0.02304,-0.0171647656551004,0.00141778635671441));
#7755=CARTESIAN_POINT('',(0.02304,-0.0171647656551004,0.00141778635671441));
#7756=CARTESIAN_POINT('',(0.02304,-0.0171647656551004,0.00162821416788104));
#7757=CARTESIAN_POINT('',(0.02304,-0.0169071869259386,0.00132671772652962));
#7758=CARTESIAN_POINT('',(0.02304,-0.0166496081967769,0.00123564909634482));
#7759=CARTESIAN_POINT('',(0.02304,-0.0166496081967769,0.00123564909634482));
#7760=CARTESIAN_POINT('',(0.02304,-0.0169071869259386,0.00132671772652962));
#7761=CARTESIAN_POINT('',(0.02304,-0.0166496081967769,0.000769259158919163));
#7762=CARTESIAN_POINT('',(0.02304,-0.0166496081967769,0.000302869221493502));
#7763=CARTESIAN_POINT('',(0.02304,-0.0166496081967769,0.000302869221493502));
#7764=CARTESIAN_POINT('',(0.02304,-0.0166496081967769,0.000769259158919163));
#7765=CARTESIAN_POINT('',(0.02304,-0.0169071869259386,0.000213686628028514));
#7766=CARTESIAN_POINT('',(0.02304,-0.0171647656551004,0.000124504034563526));
#7767=CARTESIAN_POINT('',(0.02304,-0.0171647656551004,0.000124504034563526));
#7768=CARTESIAN_POINT('',(0.02304,-0.0169071869259386,0.000213686628028514));
#7769=CARTESIAN_POINT('',(0.02304,-0.0171647656551004,-8.43071737004178E-5));
#7770=CARTESIAN_POINT('',(0.02304,-0.0171647656551004,-0.000293118381964362));
#7771=CARTESIAN_POINT('',(0.02304,-0.0171647656551004,-0.000293118381964362));
#7772=CARTESIAN_POINT('',(0.02304,-0.0171647656551004,-8.43071737004178E-5));
#7773=CARTESIAN_POINT('',(0.02304,-0.0159253700963724,0.000137975725419265));
#7774=CARTESIAN_POINT('',(0.02304,-0.0146859745376445,0.000569069832802892));
#7775=CARTESIAN_POINT('',(0.02304,-0.0146859745376445,0.000569069832802892));
#7776=CARTESIAN_POINT('',(0.02304,-0.0159253700963724,0.000137975725419265));
#7777=CARTESIAN_POINT('',(0.02304,-0.0146859745376445,0.000769528592736278));
#7778=CARTESIAN_POINT('',(0.02304,-0.0146859745376445,0.000769528592736278));
#7779=CARTESIAN_POINT('',(0.02304,-0.0158410373116155,0.000584158126561318));
#7780=CARTESIAN_POINT('',(0.02324,-0.0158410373116155,0.000584158126561318));
#7781=CARTESIAN_POINT('',(0.02304,-0.0158410373116155,0.000584158126561318));
#7782=CARTESIAN_POINT('',(0.02304,-0.01,1.39076453547332E-17));
#7783=CARTESIAN_POINT('',(0.02304,-0.0121107935317108,-0.00153071372270278));
#7784=CARTESIAN_POINT('',(0.0232399999999998,-0.0121110762648599,-0.00153097682554016));
#7785=CARTESIAN_POINT('',(0.02324,-0.0157432328360028,-0.00153251394069229));
#7786=CARTESIAN_POINT('',(0.02324,-0.0157399732392709,-0.00168420422777648));
#7787=CARTESIAN_POINT('',(0.02304,-0.0157432328360028,-0.00153251394069229));
#7788=CARTESIAN_POINT('',(0.02304,-0.0157432328360028,-0.00153251394069229));
#7789=CARTESIAN_POINT('',(0.0230400000000037,-0.0121110762648599,-0.00153097682554016));
#7790=CARTESIAN_POINT('',(0.02304000025,-0.0157399732391183,-0.00168420423202719));
#7791=CARTESIAN_POINT('',(0.02304,-0.0157399996301975,-0.0016842051797279));
#7792=CARTESIAN_POINT('',(0.02304,-0.0157432328360028,-0.00139106118670704));
#7793=CARTESIAN_POINT('',(0.02324,-0.0157432328360028,-0.00139106118670704));
#7794=CARTESIAN_POINT('',(0.02324,-0.0157432328360028,-0.00123290353606067));
#7795=CARTESIAN_POINT('',(0.02304,-0.0157432328360028,-0.00123290353606067));
#7796=CARTESIAN_POINT('',(0.02304,-0.0157432328360028,-0.00123290353606067));
#7797=CARTESIAN_POINT('',(0.02304,-0.0157432328360028,-0.00139106118670704));
#7798=CARTESIAN_POINT('',(0.02304,-0.0153660254920422,-0.00123290353606067));
#7799=CARTESIAN_POINT('',(0.02324,-0.0153660254920422,-0.00123290353606067));
#7800=CARTESIAN_POINT('',(0.02324,-0.0149888181480815,-0.00123290353606067));
#7801=CARTESIAN_POINT('',(0.02304,-0.0149888181480815,-0.00123290353606067));
#7802=CARTESIAN_POINT('',(0.02304,-0.0149888181480815,-0.00123290353606067));
#7803=CARTESIAN_POINT('',(0.02304,-0.0153660254920422,-0.00123290353606067));
#7804=CARTESIAN_POINT('',(0.02304,-0.0149888181480815,-0.00136762044461805));
#7805=CARTESIAN_POINT('',(0.02324,-0.0149888181480815,-0.00136762044461805));
#7806=CARTESIAN_POINT('',(0.02324,-0.0149891765292321,-0.00150234992316693));
#7807=CARTESIAN_POINT('',(0.02304,-0.0149888181480815,-0.00150233735317543));
#7808=CARTESIAN_POINT('',(0.02304,-0.0149891765292321,-0.00150234992316693));
#7809=CARTESIAN_POINT('',(0.02304,-0.0149888181480815,-0.00136762044461805));
#7810=CARTESIAN_POINT('',(0.02304,-0.0157639679608552,-0.00152952524109845));
#7811=CARTESIAN_POINT('',(0.02324,-0.0157639679608552,-0.00152952524109845));
#7812=CARTESIAN_POINT('',(0.02324,-0.0150223506518662,-0.00175187375239206));
#7813=CARTESIAN_POINT('',(0.02304,-0.0150224973752208,-0.00175183306782371));
#7814=CARTESIAN_POINT('',(0.02304,-0.0150223506518662,-0.00175187375239206));
#7815=CARTESIAN_POINT('',(0.02304,-0.0157639679608552,-0.00152952524109845));
#7816=CARTESIAN_POINT('',(0.02304,-0.0153699818281306,-0.00164306564123764));
#7817=CARTESIAN_POINT('',(0.02324,-0.0153699818281306,-0.00164306564123764));
#7818=CARTESIAN_POINT('',(0.02324,-0.0151099164147303,-0.00189665344369984));
#7819=CARTESIAN_POINT('',(0.02304,-0.0151100633657831,-0.00189651902761434));
#7820=CARTESIAN_POINT('',(0.02304,-0.0151099164147303,-0.00189665344369984));
#7821=CARTESIAN_POINT('',(0.02304,-0.0153699818281306,-0.00164306564123764));
#7822=CARTESIAN_POINT('',(0.02304,-0.0153004787769163,-0.00169929831313506));
#7823=CARTESIAN_POINT('',(0.02324,-0.0153004787769163,-0.00169929831313506));
#7824=CARTESIAN_POINT('',(0.02324,-0.0152296878258864,-0.00196389286538377));
#7825=CARTESIAN_POINT('',(0.02304,-0.0152296919805821,-0.00196387748189303));
#7826=CARTESIAN_POINT('',(0.02304,-0.0152296878258864,-0.00196389286538377));
#7827=CARTESIAN_POINT('',(0.02304,-0.0153004787769163,-0.00169929831313506));
#7828=CARTESIAN_POINT('',(0.02304,-0.0153603759357245,-0.00147429273108673));
#7829=CARTESIAN_POINT('',(0.02324,-0.0153603759357245,-0.00147429273108673));
#7830=CARTESIAN_POINT('',(0.02324,-0.015356325874626,-0.00198085181237126));
#7831=CARTESIAN_POINT('',(0.02304,-0.015356325874626,-0.00198085181237126));
#7832=CARTESIAN_POINT('',(0.02304,-0.015356325874626,-0.00198085181237126));
#7833=CARTESIAN_POINT('',(0.02304,-0.0153603759357245,-0.00147429273108673));
#7834=CARTESIAN_POINT('',(0.02304,-0.0155885778249789,-0.00193855070308424));
#7835=CARTESIAN_POINT('',(0.02324,-0.0155885778249789,-0.00193855070308424));
#7836=CARTESIAN_POINT('',(0.02304,-0.015534691061556,-0.00196675144260892));
#7837=CARTESIAN_POINT('',(0.02324,-0.015534691061556,-0.00196675144260892));
#7838=CARTESIAN_POINT('',(0.02304,-0.0154572737447717,-0.00198085181237126));
#7839=CARTESIAN_POINT('',(0.02324,-0.0154572737447717,-0.00198085181237126));
#7840=CARTESIAN_POINT('',(0.02304,-0.015356325874626,-0.00198085181237126));
#7841=CARTESIAN_POINT('',(0.02324,-0.015356325874626,-0.00198085181237126));
#7842=CARTESIAN_POINT('',(0.02324,-0.0155885778249789,-0.00193855070308424));
#7843=CARTESIAN_POINT('',(0.02324,-0.0155077476798445,-0.00198085181237126));
#7844=CARTESIAN_POINT('',(0.02324,-0.015356325874626,-0.00198085181237126));
#7845=CARTESIAN_POINT('',(0.02324,-0.0155885778249789,-0.00193855070308424));
#7846=CARTESIAN_POINT('',(0.02304,-0.0155885778249789,-0.00193855070308424));
#7847=CARTESIAN_POINT('',(0.02304,-0.0155885778249789,-0.00193855070308424));
#7848=CARTESIAN_POINT('',(0.02304,-0.0155885778249789,-0.00193855070308424));
#7849=CARTESIAN_POINT('',(0.02304,-0.0155077476798445,-0.00198085181237126));
#7850=CARTESIAN_POINT('',(0.02304,-0.015356325874626,-0.00198085181237126));
#7851=CARTESIAN_POINT('',(0.02304,-0.0154797442152973,-0.00170823471382498));
#7852=CARTESIAN_POINT('',(0.02324,-0.0154797442152973,-0.00170823471382498));
#7853=CARTESIAN_POINT('',(0.02324,-0.0157032659045321,-0.00182899084272154));
#7854=CARTESIAN_POINT('',(0.02304,-0.0157030871972527,-0.00182889113951853));
#7855=CARTESIAN_POINT('',(0.02304,-0.0157032659045321,-0.00182899084272154));
#7856=CARTESIAN_POINT('',(0.02304,-0.0154797442152973,-0.00170823471382498));
#7857=CARTESIAN_POINT('',(0.02304,-0.0168683884562741,-0.00173836137696797));
#7858=CARTESIAN_POINT('',(0.02324,-0.0168683884562741,-0.00173836137696797));
#7859=CARTESIAN_POINT('',(0.02304,-0.0168683884562741,-0.00185727150158795));
#7860=CARTESIAN_POINT('',(0.02324,-0.0168683884562741,-0.00185727150158795));
#7861=CARTESIAN_POINT('',(0.02304,-0.0168302186655162,-0.00195040579103729));
#7862=CARTESIAN_POINT('',(0.02324,-0.0168302186655162,-0.00195040579103729));
#7863=CARTESIAN_POINT('',(0.02304,-0.0167538790840003,-0.00201776424531598));
#7864=CARTESIAN_POINT('',(0.02324,-0.0167538790840003,-0.00201776424531598));
#7865=CARTESIAN_POINT('',(0.02324,-0.0168683884562741,-0.00173836137696797));
#7866=CARTESIAN_POINT('',(0.02324,-0.0168683884562741,-0.00191672656389794));
#7867=CARTESIAN_POINT('',(0.02324,-0.0167538790840003,-0.00201776424531598));
#7868=CARTESIAN_POINT('',(0.02324,-0.0168683884562741,-0.00173836137696797));
#7869=CARTESIAN_POINT('',(0.02324,-0.0167538790840003,-0.00201776424531598));
#7870=CARTESIAN_POINT('',(0.02304,-0.0168683884562741,-0.00173836137696797));
#7871=CARTESIAN_POINT('',(0.02304,-0.0168683884562741,-0.00173836137696797));
#7872=CARTESIAN_POINT('',(0.02304,-0.0168683884562741,-0.00173836137696797));
#7873=CARTESIAN_POINT('',(0.02304,-0.0168683884562741,-0.00191672656389794));
#7874=CARTESIAN_POINT('',(0.02304,-0.0167538790840003,-0.00201776424531598));
#7875=CARTESIAN_POINT('',(0.02304,-0.0167538790840003,-0.00201776424531598));
#7876=CARTESIAN_POINT('',(0.02304,-0.0167538790840003,-0.00201776424531598));
#7877=CARTESIAN_POINT('',(0.02304,-0.0168683884562741,-0.00148563245651432));
#7878=CARTESIAN_POINT('',(0.02324,-0.0168683884562741,-0.00148563245651432));
#7879=CARTESIAN_POINT('',(0.02324,-0.0168683884562741,-0.00123290353606067));
#7880=CARTESIAN_POINT('',(0.02304,-0.0168683884562741,-0.00123290353606067));
#7881=CARTESIAN_POINT('',(0.02304,-0.0168683884562741,-0.00123290353606067));
#7882=CARTESIAN_POINT('',(0.02304,-0.0168683884562741,-0.00148563245651432));
#7883=CARTESIAN_POINT('',(0.02304,-0.0164424135914156,-0.00123290353606067));
#7884=CARTESIAN_POINT('',(0.02324,-0.0164424135914156,-0.00123290353606067));
#7885=CARTESIAN_POINT('',(0.02324,-0.0160164387265572,-0.00123290353606067));
#7886=CARTESIAN_POINT('',(0.02304,-0.0160164387265572,-0.00123290353606067));
#7887=CARTESIAN_POINT('',(0.02304,-0.0160164387265572,-0.00123290353606067));
#7888=CARTESIAN_POINT('',(0.02304,-0.0164424135914156,-0.00123290353606067));
#7889=CARTESIAN_POINT('',(0.02304,-0.0160164387265572,-0.00147027472893878));
#7890=CARTESIAN_POINT('',(0.02324,-0.0160164387265572,-0.00147027472893878));
#7891=CARTESIAN_POINT('',(0.02324,-0.0160164387265572,-0.00170764592181689));
#7892=CARTESIAN_POINT('',(0.02304,-0.0160164387265572,-0.00170764592181689));
#7893=CARTESIAN_POINT('',(0.02304,-0.0160164387265572,-0.00170764592181689));
#7894=CARTESIAN_POINT('',(0.02304,-0.0160164387265572,-0.00147027472893878));
#7895=CARTESIAN_POINT('',(0.02304,-0.0161409171500642,-0.00201426160569349));
#7896=CARTESIAN_POINT('',(0.02324,-0.0161409171500642,-0.00201426160569349));
#7897=CARTESIAN_POINT('',(0.02304,-0.0160579315343929,-0.00194456805833314));
#7898=CARTESIAN_POINT('',(0.02324,-0.0160579315343929,-0.00194456805833314));
#7899=CARTESIAN_POINT('',(0.02304,-0.0160164387265572,-0.00184236283037427));
#7900=CARTESIAN_POINT('',(0.02324,-0.0160164387265572,-0.00184236283037427));
#7901=CARTESIAN_POINT('',(0.02304,-0.0160164387265572,-0.00170764592181689));
#7902=CARTESIAN_POINT('',(0.02324,-0.0160164387265572,-0.00170764592181689));
#7903=CARTESIAN_POINT('',(0.02324,-0.0161409171500642,-0.00201426160569349));
#7904=CARTESIAN_POINT('',(0.02324,-0.0160164387265572,-0.00190972128465296));
#7905=CARTESIAN_POINT('',(0.02324,-0.0160164387265572,-0.00170764592181689));
#7906=CARTESIAN_POINT('',(0.02324,-0.0161409171500642,-0.00201426160569349));
#7907=CARTESIAN_POINT('',(0.02304,-0.0161409171500642,-0.00201426160569349));
#7908=CARTESIAN_POINT('',(0.02304,-0.0161409171500642,-0.00201426160569349));
#7909=CARTESIAN_POINT('',(0.02304,-0.0161409171500642,-0.00201426160569349));
#7910=CARTESIAN_POINT('',(0.02304,-0.0160164387265572,-0.00190972128465296));
#7911=CARTESIAN_POINT('',(0.02304,-0.0160164387265572,-0.00170764592181689));
#7912=CARTESIAN_POINT('',(0.02304,-0.0164316742766351,-0.00165791630515195));
#7913=CARTESIAN_POINT('',(0.02324,-0.0164316742766351,-0.00165791630515195));
#7914=CARTESIAN_POINT('',(0.02324,-0.0164475328339408,-0.00211880192673402));
#7915=CARTESIAN_POINT('',(0.02304,-0.0164475328339408,-0.00211880192673402));
#7916=CARTESIAN_POINT('',(0.02304,-0.0164475328339408,-0.00211880192673402));
#7917=CARTESIAN_POINT('',(0.02304,-0.0164316742766351,-0.00165791630515195));
#7918=CARTESIAN_POINT('',(0.02304,-0.0164309670160631,-0.00191378834781824));
#7919=CARTESIAN_POINT('',(0.02314,-0.0158579559948977,-0.00200198922641836));
#7920=CARTESIAN_POINT('',(0.02304,-0.0158579559948977,-0.00200198922641836));
#7921=CARTESIAN_POINT('',(0.02304,-0.0164309670160631,-0.00191378834781824));
#7922=CARTESIAN_POINT('',(0.023040000000001,-0.0159087083960505,-0.0021659313464771));
#7923=CARTESIAN_POINT('',(0.02304,-0.0159086651997113,-0.00216595284472911));
#7924=CARTESIAN_POINT('',(0.02304,-0.0154741586618776,-0.00190610712404725));
#7925=CARTESIAN_POINT('',(0.02304,-0.0158025082757681,-0.00212715437506458));
#7926=CARTESIAN_POINT('',(0.02304,-0.015802434244046,-0.00212710275060433));
#7927=CARTESIAN_POINT('',(0.02304,-0.0154741586618776,-0.00190610712404725));
#7928=CARTESIAN_POINT('',(0.02304,-0.0154049067944526,-0.00186981465451897));
#7929=CARTESIAN_POINT('',(0.02304,-0.0156963513518248,-0.00224328035024105));
#7930=CARTESIAN_POINT('',(0.02304,-0.0156963721534298,-0.00224330759989703));
#7931=CARTESIAN_POINT('',(0.02304,-0.0154049067944526,-0.00186981465451897));
#7932=CARTESIAN_POINT('',(0.02304,-0.0153387849100296,-0.00178081721282893));
#7933=CARTESIAN_POINT('',(0.02304,-0.0155462767156919,-0.00232761313499797));
#7934=CARTESIAN_POINT('',(0.02304,-0.0155462842939551,-0.00232763361605759));
#7935=CARTESIAN_POINT('',(0.02304,-0.0153387849100296,-0.00178081721282893));
#7936=CARTESIAN_POINT('',(0.02304,-0.0153636145693414,-0.00184412151132453));
#7937=CARTESIAN_POINT('',(0.02304,-0.015356325874626,-0.00236129236213731));
#7938=CARTESIAN_POINT('',(0.02304,-0.0153563205749534,-0.00236094278138046));
#7939=CARTESIAN_POINT('',(0.02304,-0.0153636145693414,-0.00184412151132453));
#7940=CARTESIAN_POINT('',(0.02304,-0.0153367304855192,-0.00169744040378564));
#7941=CARTESIAN_POINT('',(0.02304,-0.0150478241540296,-0.00229393390785862));
#7942=CARTESIAN_POINT('',(0.02304,-0.0150477155874233,-0.00229416157442838));
#7943=CARTESIAN_POINT('',(0.02304,-0.0153367304855192,-0.00169744040378564));
#7944=CARTESIAN_POINT('',(0.02304,-0.0153107415170354,-0.00177627218695355));
#7945=CARTESIAN_POINT('',(0.02304,-0.014837396342863,-0.00211206608130615));
#7946=CARTESIAN_POINT('',(0.02304,-0.0148373204721722,-0.00211211927280754));
#7947=CARTESIAN_POINT('',(0.02304,-0.0153107415170354,-0.00177627218695355));
#7948=CARTESIAN_POINT('',(0.02304,-0.0154748677631085,-0.001669799315977));
#7949=CARTESIAN_POINT('',(0.02304,-0.0147196537647838,-0.00184936810961926));
#7950=CARTESIAN_POINT('',(0.02304,-0.0147197327802404,-0.00184935003037159));
#7951=CARTESIAN_POINT('',(0.02304,-0.0154748677631085,-0.001669799315977));
#7952=CARTESIAN_POINT('',(0.02304,-0.015946523773401,-0.00154663083370453));
#7953=CARTESIAN_POINT('',(0.02304,-0.0146827413318391,-0.00154275242574265));
#7954=CARTESIAN_POINT('',(0.02304000025,-0.0146827737977005,-0.00154275252537677));
#7955=CARTESIAN_POINT('',(0.02304,-0.015946523773401,-0.00154663083370453));
#7956=CARTESIAN_POINT('',(0.02304,-0.0146827413318391,-0.00118575261806558));
#7957=CARTESIAN_POINT('',(0.02304,-0.0146827413318391,-0.000828752810388518));
#7958=CARTESIAN_POINT('',(0.02304,-0.0146827413318391,-0.000828752810388518));
#7959=CARTESIAN_POINT('',(0.02304,-0.0146827413318391,-0.00118575261806558));
#7960=CARTESIAN_POINT('',(0.02304,-0.0159237534934697,-0.000828752810388518));
#7961=CARTESIAN_POINT('',(0.02304,-0.0171647656551004,-0.000828752810388518));
#7962=CARTESIAN_POINT('',(0.02304,-0.0171647656551004,-0.000828752810388518));
#7963=CARTESIAN_POINT('',(0.02304,-0.0159237534934697,-0.000828752810388518));
#7964=CARTESIAN_POINT('',(0.02304,-0.0171647656551004,-0.00129514274781418));
#7965=CARTESIAN_POINT('',(0.02304,-0.0171647656551004,-0.00176153268523984));
#7966=CARTESIAN_POINT('',(0.02304,-0.0171649803761746,-0.00176154595381642));
#7967=CARTESIAN_POINT('',(0.02304,-0.0171647656551004,-0.00129514274781418));
#7968=CARTESIAN_POINT('',(0.0230400000003192,-0.0171630143352891,-0.0017968497863727));
#7969=CARTESIAN_POINT('',(0.02304,-0.0171596464125751,-0.00184586546999676));
#7970=CARTESIAN_POINT('',(0.02304,-0.0171598155294656,-0.0018458761501769));
#7971=CARTESIAN_POINT('',(0.02304,-0.0171630143352891,-0.0017968497863727));
#7972=CARTESIAN_POINT('',(0.02304,-0.0163833310428637,-0.00176876040543629));
#7973=CARTESIAN_POINT('',(0.02304,-0.017131086427961,-0.00199243746650719));
#7974=CARTESIAN_POINT('',(0.02304,-0.0171310623689049,-0.00199242969983812));
#7975=CARTESIAN_POINT('',(0.02304,-0.0163833310428637,-0.00176876040543629));
#7976=CARTESIAN_POINT('',(0.02304,-0.0162186206494399,-0.00172479415472389));
#7977=CARTESIAN_POINT('',(0.02304,-0.0170621113707796,-0.00216433624182642));
#7978=CARTESIAN_POINT('',(0.02304,-0.0170621171761979,-0.0021643392430809));
#7979=CARTESIAN_POINT('',(0.02304,-0.0162186206494399,-0.00172479415472389));
#7980=CARTESIAN_POINT('',(0.02304,-0.016516492365603,-0.00188017260212568));
#7981=CARTESIAN_POINT('',(0.02304,-0.0169373635134555,-0.00232922973790066));
#7982=CARTESIAN_POINT('',(0.02304,-0.016937429339841,-0.00232930301439736));
#7983=CARTESIAN_POINT('',(0.02304,-0.016516492365603,-0.00188017260212568));
#7984=CARTESIAN_POINT('',(0.02304,-0.0164979677349819,-0.00185084244999586));
#7985=CARTESIAN_POINT('',(0.02304,-0.0167369047535221,-0.00245559419812748));
#7986=CARTESIAN_POINT('',(0.02304,-0.0167369535232996,-0.00245572691411354));
#7987=CARTESIAN_POINT('',(0.02304,-0.0164979677349819,-0.00185084244999586));
#7988=CARTESIAN_POINT('',(0.02304,-0.0164679754964431,-0.00175270470375334));
#7989=CARTESIAN_POINT('',(0.02304,-0.0164475328339408,-0.00250624775574506));
#7990=CARTESIAN_POINT('',(0.02304,-0.0164475423563458,-0.00250594181838151));
#7991=CARTESIAN_POINT('',(0.02304,-0.0164679754964431,-0.00175270470375334));
#7992=CARTESIAN_POINT('',(0.02304,-0.0164346221824553,-0.0019446679016079));
#7993=CARTESIAN_POINT('',(0.02304,-0.0162031563618177,-0.00245559419812748));
#7994=CARTESIAN_POINT('',(0.02304,-0.0162031141569066,-0.0024556916355177));
#7995=CARTESIAN_POINT('',(0.02304,-0.0164346221824553,-0.0019446679016079));
#7996=CARTESIAN_POINT('',(0.02304,-0.0164679108831261,-0.00188543053673358));
#7997=CARTESIAN_POINT('',(0.02304,-0.0160231745719851,-0.00232922973790066));
#7998=CARTESIAN_POINT('',(0.02304,-0.0160231687214888,-0.00232923547466227));
#7999=CARTESIAN_POINT('',(0.02304,-0.0164679108831261,-0.00188543053673358));
#8000=CARTESIAN_POINT('',(0.02304,-0.0167538790840003,-0.00201776424531598));
#8001=CARTESIAN_POINT('',(0.02324,-0.0167538790840003,-0.00201776424531598));
#8002=CARTESIAN_POINT('',(0.02304,-0.0166775395024845,-0.00208512269959468));
#8003=CARTESIAN_POINT('',(0.02324,-0.0166775395024845,-0.00208512269959468));
#8004=CARTESIAN_POINT('',(0.02304,-0.016575424085798,-0.00211880192673402));
#8005=CARTESIAN_POINT('',(0.02324,-0.016575424085798,-0.00211880192673402));
#8006=CARTESIAN_POINT('',(0.02304,-0.0164475328339408,-0.00211880192673402));
#8007=CARTESIAN_POINT('',(0.02324,-0.0164475328339408,-0.00211880192673402));
#8008=CARTESIAN_POINT('',(0.02324,-0.0167538790840003,-0.00201776424531598));
#8009=CARTESIAN_POINT('',(0.02324,-0.0166393697117266,-0.00211880192673402));
#8010=CARTESIAN_POINT('',(0.02324,-0.0164475328339408,-0.00211880192673402));
#8011=CARTESIAN_POINT('',(0.02304,-0.0167538790840003,-0.00201776424531598));
#8012=CARTESIAN_POINT('',(0.02304,-0.0166393697117266,-0.00211880192673402));
#8013=CARTESIAN_POINT('',(0.02304,-0.0164475328339408,-0.00211880192673402));
#8014=CARTESIAN_POINT('',(0.02304,-0.0164354658291727,-0.00191729173481102));
#8015=CARTESIAN_POINT('',(0.02304,-0.0164354658291727,-0.00191729173481102));
#8016=CARTESIAN_POINT('',(0.02304,-0.0153876535827922,-0.00167155247239308));
#8017=CARTESIAN_POINT('',(0.02324,-0.0153876535827922,-0.00167155247239308));
#8018=CARTESIAN_POINT('',(0.02304,-0.0153876535827922,-0.00167155247239308));
#8019=CARTESIAN_POINT('',(0.02304,-0.01,1.39076453547332E-17));
#8020=CARTESIAN_POINT('',(0.02324,-0.022,6.93889390390723E-18));
#8021=CARTESIAN_POINT('',(0.02324,-0.022,6.93889390390723E-18));
#8022=CARTESIAN_POINT('',(0.02324,-0.022,6.93889390390723E-18));
#8023=CARTESIAN_POINT('',(0.02224,-0.016,-0.01324));
#8024=MECHANICAL_DESIGN_GEOMETRIC_PRESENTATION_REPRESENTATION('',(#4650),
#8025);
#8025=(
GEOMETRIC_REPRESENTATION_CONTEXT(3)
GLOBAL_UNCERTAINTY_ASSIGNED_CONTEXT((#8026))
GLOBAL_UNIT_ASSIGNED_CONTEXT((#8029,#8028,#8027))
REPRESENTATION_CONTEXT('Part 1','TOP_LEVEL_ASSEMBLY_PART')
);
#8026=UNCERTAINTY_MEASURE_WITH_UNIT(LENGTH_MEASURE(2.E-5),#8029,
'DISTANCE_ACCURACY_VALUE','Maximum Tolerance applied to model');
#8027=(
NAMED_UNIT(*)
SI_UNIT($,.STERADIAN.)
SOLID_ANGLE_UNIT()
);
#8028=(
NAMED_UNIT(*)
PLANE_ANGLE_UNIT()
SI_UNIT($,.RADIAN.)
);
#8029=(
LENGTH_UNIT()
NAMED_UNIT(*)
SI_UNIT($,.METRE.)
);
#8030=PRODUCT_DEFINITION_SHAPE('','',#8031);
#8031=PRODUCT_DEFINITION('','',#8033,#8032);
#8032=PRODUCT_DEFINITION_CONTEXT('',#8039,'design');
#8033=PRODUCT_DEFINITION_FORMATION_WITH_SPECIFIED_SOURCE('','',#8035,
 .NOT_KNOWN.);
#8034=PRODUCT_RELATED_PRODUCT_CATEGORY('','',(#8035));
#8035=PRODUCT('Part 1','Part 1','Part 1',(#8037));
#8036=PRODUCT_CATEGORY('','');
#8037=PRODUCT_CONTEXT('',#8039,'mechanical');
#8038=APPLICATION_PROTOCOL_DEFINITION('international standard',
'ap242_managed_model_based_3d_engineering',2020,#8039);
#8039=APPLICATION_CONTEXT('managed model based 3d engineering');
ENDSEC;
END-ISO-10303-21;
