ISO-10303-21;
HEADER;
/* Generated by software containing ST-Developer
 * from STEP Tools, Inc. (www.steptools.com) 
 */
/* OPTION: using custom renumber hook */

FILE_DESCRIPTION(
/* description */ ('STEP AP242 Edition 2',
'CAx-IF Rec.Pracs.---Representation and Presentation of Product Manufa
cturing Information (PMI)---4.0---2014-10-13',
'CAx-IF Rec.Pracs.---3D Tessellated Geometry---0.4---2014-09-14','2;1',
'CAx-IF Rec.Pracs.---User Defined Attributes---1.5---2016-08-15'),
/* implementation_level */ '2;1');

FILE_NAME(
/* name */ 'Gimble Main - Part 2',
/* time_stamp */ '2026-06-08T01:07:35Z',
/* author */ (''),
/* organization */ (''),
/* preprocessor_version */ 'ST-DEVELOPER v20',
/* originating_system */ 'ONSHAPE BY PTC INC, 1.216',
/* authorisation */ '  ');

FILE_SCHEMA (('AP242_MANAGED_MODEL_BASED_3D_ENGINEERING_MIM_LF { 1 0 10303 442 3 1 4 }'));
ENDSEC;

DATA;
#10=SHAPE_REPRESENTATION_RELATIONSHIP('','',#2834,#11);
#11=ADVANCED_BREP_SHAPE_REPRESENTATION('',(#2832),#4871);
#12=SPHERICAL_SURFACE('',#3072,0.0025);
#13=SPHERICAL_SURFACE('',#3080,0.0025);
#14=SPHERICAL_SURFACE('',#3117,0.0025);
#15=SPHERICAL_SURFACE('',#3125,0.0025);
#16=TOROIDAL_SURFACE('',#3055,0.019,0.0025);
#17=TOROIDAL_SURFACE('',#3062,0.0075,0.0025);
#18=TOROIDAL_SURFACE('',#3064,0.019,0.0025);
#19=TOROIDAL_SURFACE('',#3066,0.0025,0.0025);
#20=TOROIDAL_SURFACE('',#3074,0.0025,0.0025);
#21=TOROIDAL_SURFACE('',#3082,0.0025,0.0025);
#22=TOROIDAL_SURFACE('',#3088,0.021,0.0025);
#23=TOROIDAL_SURFACE('',#3090,0.0025,0.0025);
#24=TOROIDAL_SURFACE('',#3093,0.0075,0.0025);
#25=TOROIDAL_SURFACE('',#3099,0.021,0.0025);
#26=TOROIDAL_SURFACE('',#3101,0.019,0.0025);
#27=TOROIDAL_SURFACE('',#3107,0.0075,0.0025);
#28=TOROIDAL_SURFACE('',#3109,0.019,0.0025);
#29=TOROIDAL_SURFACE('',#3111,0.0025,0.0025);
#30=TOROIDAL_SURFACE('',#3119,0.0025,0.0025);
#31=TOROIDAL_SURFACE('',#3127,0.0025,0.0025);
#32=TOROIDAL_SURFACE('',#3133,0.021,0.0025);
#33=TOROIDAL_SURFACE('',#3135,0.0025,0.0025);
#34=TOROIDAL_SURFACE('',#3138,0.0075,0.0025);
#35=TOROIDAL_SURFACE('',#3144,0.021,0.0025);
#36=B_SPLINE_CURVE_WITH_KNOTS('',3,(#4449,#4450,#4451,#4452,#4453,#4454),
 .UNSPECIFIED.,.F.,.F.,(4,1,1,4),(0.,0.00192395114464332,0.00384790228928663,
0.00769580457857327),.UNSPECIFIED.);
#37=B_SPLINE_CURVE_WITH_KNOTS('',3,(#4457,#4458,#4459,#4460,#4461,#4462),
 .UNSPECIFIED.,.F.,.F.,(4,1,1,4),(0.,0.00192395114464332,0.00384790228928664,
0.00769580457857327),.UNSPECIFIED.);
#38=B_SPLINE_CURVE_WITH_KNOTS('',3,(#4466,#4467,#4468,#4469,#4470,#4471),
 .UNSPECIFIED.,.F.,.F.,(4,1,1,4),(0.,0.00192395114464332,0.00384790228928664,
0.00769580457857328),.UNSPECIFIED.);
#39=B_SPLINE_CURVE_WITH_KNOTS('',3,(#4473,#4474,#4475,#4476,#4477,#4478),
 .UNSPECIFIED.,.F.,.F.,(4,1,1,4),(0.,0.00192395114464332,0.00384790228928664,
0.00769580457857328),.UNSPECIFIED.);
#40=B_SPLINE_CURVE_WITH_KNOTS('',3,(#4683,#4684,#4685,#4686),
 .UNSPECIFIED.,.F.,.F.,(4,4),(0.,0.00143690093783785),.UNSPECIFIED.);
#41=B_SPLINE_CURVE_WITH_KNOTS('',3,(#4687,#4688,#4689,#4690),
 .UNSPECIFIED.,.F.,.F.,(4,4),(0.,0.00143690093783785),.UNSPECIFIED.);
#42=B_SPLINE_CURVE_WITH_KNOTS('',3,(#4704,#4705,#4706,#4707),
 .UNSPECIFIED.,.F.,.F.,(4,4),(0.,0.00143690093783786),.UNSPECIFIED.);
#43=B_SPLINE_CURVE_WITH_KNOTS('',3,(#4708,#4709,#4710,#4711),
 .UNSPECIFIED.,.F.,.F.,(4,4),(0.,0.00143690093783786),.UNSPECIFIED.);
#44=PLANE('',#2842);
#45=PLANE('',#2843);
#46=PLANE('',#2844);
#47=PLANE('',#2848);
#48=PLANE('',#2849);
#49=PLANE('',#2853);
#50=PLANE('',#2854);
#51=PLANE('',#2858);
#52=PLANE('',#2859);
#53=PLANE('',#2863);
#54=PLANE('',#2864);
#55=PLANE('',#2868);
#56=PLANE('',#2869);
#57=PLANE('',#2873);
#58=PLANE('',#2874);
#59=PLANE('',#2878);
#60=PLANE('',#2879);
#61=PLANE('',#2883);
#62=PLANE('',#2884);
#63=PLANE('',#2888);
#64=PLANE('',#2889);
#65=PLANE('',#2893);
#66=PLANE('',#2894);
#67=PLANE('',#2895);
#68=PLANE('',#2899);
#69=PLANE('',#2900);
#70=PLANE('',#2901);
#71=PLANE('',#2905);
#72=PLANE('',#2906);
#73=PLANE('',#2910);
#74=PLANE('',#2911);
#75=PLANE('',#2915);
#76=PLANE('',#2916);
#77=PLANE('',#2920);
#78=PLANE('',#2921);
#79=PLANE('',#2925);
#80=PLANE('',#2926);
#81=PLANE('',#2930);
#82=PLANE('',#2931);
#83=PLANE('',#2935);
#84=PLANE('',#2936);
#85=PLANE('',#2940);
#86=PLANE('',#2941);
#87=PLANE('',#2945);
#88=PLANE('',#2946);
#89=PLANE('',#2950);
#90=PLANE('',#2951);
#91=PLANE('',#2955);
#92=PLANE('',#2956);
#93=PLANE('',#2957);
#94=PLANE('',#2962);
#95=PLANE('',#2966);
#96=PLANE('',#2967);
#97=PLANE('',#2968);
#98=PLANE('',#2969);
#99=PLANE('',#2974);
#100=PLANE('',#2979);
#101=PLANE('',#2980);
#102=PLANE('',#2991);
#103=PLANE('',#3008);
#104=PLANE('',#3009);
#105=PLANE('',#3010);
#106=PLANE('',#3011);
#107=PLANE('',#3012);
#108=PLANE('',#3016);
#109=PLANE('',#3017);
#110=PLANE('',#3037);
#111=PLANE('',#3039);
#112=PLANE('',#3047);
#113=LINE('',#4023,#361);
#114=LINE('',#4027,#362);
#115=LINE('',#4029,#363);
#116=LINE('',#4031,#364);
#117=LINE('',#4033,#365);
#118=LINE('',#4035,#366);
#119=LINE('',#4037,#367);
#120=LINE('',#4039,#368);
#121=LINE('',#4041,#369);
#122=LINE('',#4043,#370);
#123=LINE('',#4045,#371);
#124=LINE('',#4049,#372);
#125=LINE('',#4053,#373);
#126=LINE('',#4055,#374);
#127=LINE('',#4057,#375);
#128=LINE('',#4059,#376);
#129=LINE('',#4061,#377);
#130=LINE('',#4063,#378);
#131=LINE('',#4067,#379);
#132=LINE('',#4071,#380);
#133=LINE('',#4073,#381);
#134=LINE('',#4075,#382);
#135=LINE('',#4077,#383);
#136=LINE('',#4079,#384);
#137=LINE('',#4081,#385);
#138=LINE('',#4085,#386);
#139=LINE('',#4089,#387);
#140=LINE('',#4091,#388);
#141=LINE('',#4093,#389);
#142=LINE('',#4095,#390);
#143=LINE('',#4097,#391);
#144=LINE('',#4099,#392);
#145=LINE('',#4103,#393);
#146=LINE('',#4107,#394);
#147=LINE('',#4109,#395);
#148=LINE('',#4111,#396);
#149=LINE('',#4113,#397);
#150=LINE('',#4115,#398);
#151=LINE('',#4117,#399);
#152=LINE('',#4121,#400);
#153=LINE('',#4125,#401);
#154=LINE('',#4127,#402);
#155=LINE('',#4129,#403);
#156=LINE('',#4131,#404);
#157=LINE('',#4133,#405);
#158=LINE('',#4135,#406);
#159=LINE('',#4139,#407);
#160=LINE('',#4143,#408);
#161=LINE('',#4145,#409);
#162=LINE('',#4147,#410);
#163=LINE('',#4149,#411);
#164=LINE('',#4151,#412);
#165=LINE('',#4153,#413);
#166=LINE('',#4157,#414);
#167=LINE('',#4161,#415);
#168=LINE('',#4163,#416);
#169=LINE('',#4165,#417);
#170=LINE('',#4167,#418);
#171=LINE('',#4169,#419);
#172=LINE('',#4171,#420);
#173=LINE('',#4175,#421);
#174=LINE('',#4179,#422);
#175=LINE('',#4181,#423);
#176=LINE('',#4183,#424);
#177=LINE('',#4185,#425);
#178=LINE('',#4187,#426);
#179=LINE('',#4189,#427);
#180=LINE('',#4193,#428);
#181=LINE('',#4197,#429);
#182=LINE('',#4199,#430);
#183=LINE('',#4201,#431);
#184=LINE('',#4203,#432);
#185=LINE('',#4205,#433);
#186=LINE('',#4207,#434);
#187=LINE('',#4211,#435);
#188=LINE('',#4215,#436);
#189=LINE('',#4217,#437);
#190=LINE('',#4219,#438);
#191=LINE('',#4221,#439);
#192=LINE('',#4223,#440);
#193=LINE('',#4225,#441);
#194=LINE('',#4227,#442);
#195=LINE('',#4229,#443);
#196=LINE('',#4231,#444);
#197=LINE('',#4235,#445);
#198=LINE('',#4239,#446);
#199=LINE('',#4241,#447);
#200=LINE('',#4243,#448);
#201=LINE('',#4245,#449);
#202=LINE('',#4247,#450);
#203=LINE('',#4249,#451);
#204=LINE('',#4251,#452);
#205=LINE('',#4253,#453);
#206=LINE('',#4255,#454);
#207=LINE('',#4259,#455);
#208=LINE('',#4263,#456);
#209=LINE('',#4265,#457);
#210=LINE('',#4267,#458);
#211=LINE('',#4269,#459);
#212=LINE('',#4271,#460);
#213=LINE('',#4273,#461);
#214=LINE('',#4277,#462);
#215=LINE('',#4281,#463);
#216=LINE('',#4283,#464);
#217=LINE('',#4285,#465);
#218=LINE('',#4287,#466);
#219=LINE('',#4289,#467);
#220=LINE('',#4291,#468);
#221=LINE('',#4295,#469);
#222=LINE('',#4299,#470);
#223=LINE('',#4301,#471);
#224=LINE('',#4303,#472);
#225=LINE('',#4305,#473);
#226=LINE('',#4307,#474);
#227=LINE('',#4309,#475);
#228=LINE('',#4313,#476);
#229=LINE('',#4317,#477);
#230=LINE('',#4319,#478);
#231=LINE('',#4321,#479);
#232=LINE('',#4323,#480);
#233=LINE('',#4325,#481);
#234=LINE('',#4327,#482);
#235=LINE('',#4331,#483);
#236=LINE('',#4335,#484);
#237=LINE('',#4337,#485);
#238=LINE('',#4339,#486);
#239=LINE('',#4341,#487);
#240=LINE('',#4343,#488);
#241=LINE('',#4345,#489);
#242=LINE('',#4349,#490);
#243=LINE('',#4353,#491);
#244=LINE('',#4355,#492);
#245=LINE('',#4357,#493);
#246=LINE('',#4359,#494);
#247=LINE('',#4361,#495);
#248=LINE('',#4363,#496);
#249=LINE('',#4367,#497);
#250=LINE('',#4371,#498);
#251=LINE('',#4373,#499);
#252=LINE('',#4375,#500);
#253=LINE('',#4377,#501);
#254=LINE('',#4379,#502);
#255=LINE('',#4381,#503);
#256=LINE('',#4385,#504);
#257=LINE('',#4389,#505);
#258=LINE('',#4391,#506);
#259=LINE('',#4393,#507);
#260=LINE('',#4395,#508);
#261=LINE('',#4397,#509);
#262=LINE('',#4399,#510);
#263=LINE('',#4403,#511);
#264=LINE('',#4407,#512);
#265=LINE('',#4409,#513);
#266=LINE('',#4411,#514);
#267=LINE('',#4413,#515);
#268=LINE('',#4415,#516);
#269=LINE('',#4417,#517);
#270=LINE('',#4421,#518);
#271=LINE('',#4425,#519);
#272=LINE('',#4427,#520);
#273=LINE('',#4429,#521);
#274=LINE('',#4431,#522);
#275=LINE('',#4433,#523);
#276=LINE('',#4435,#524);
#277=LINE('',#4442,#525);
#278=LINE('',#4443,#526);
#279=LINE('',#4489,#527);
#280=LINE('',#4491,#528);
#281=LINE('',#4493,#529);
#282=LINE('',#4495,#530);
#283=LINE('',#4498,#531);
#284=LINE('',#4499,#532);
#285=LINE('',#4501,#533);
#286=LINE('',#4504,#534);
#287=LINE('',#4508,#535);
#288=LINE('',#4512,#536);
#289=LINE('',#4514,#537);
#290=LINE('',#4516,#538);
#291=LINE('',#4520,#539);
#292=LINE('',#4521,#540);
#293=LINE('',#4525,#541);
#294=LINE('',#4530,#542);
#295=LINE('',#4532,#543);
#296=LINE('',#4534,#544);
#297=LINE('',#4538,#545);
#298=LINE('',#4539,#546);
#299=LINE('',#4543,#547);
#300=LINE('',#4545,#548);
#301=LINE('',#4547,#549);
#302=LINE('',#4551,#550);
#303=LINE('',#4553,#551);
#304=LINE('',#4556,#552);
#305=LINE('',#4558,#553);
#306=LINE('',#4560,#554);
#307=LINE('',#4562,#555);
#308=LINE('',#4565,#556);
#309=LINE('',#4567,#557);
#310=LINE('',#4569,#558);
#311=LINE('',#4574,#559);
#312=LINE('',#4577,#560);
#313=LINE('',#4583,#561);
#314=LINE('',#4587,#562);
#315=LINE('',#4591,#563);
#316=LINE('',#4595,#564);
#317=LINE('',#4599,#565);
#318=LINE('',#4605,#566);
#319=LINE('',#4607,#567);
#320=LINE('',#4610,#568);
#321=LINE('',#4612,#569);
#322=LINE('',#4614,#570);
#323=LINE('',#4619,#571);
#324=LINE('',#4622,#572);
#325=LINE('',#4628,#573);
#326=LINE('',#4632,#574);
#327=LINE('',#4636,#575);
#328=LINE('',#4640,#576);
#329=LINE('',#4644,#577);
#330=LINE('',#4650,#578);
#331=LINE('',#4658,#579);
#332=LINE('',#4659,#580);
#333=LINE('',#4661,#581);
#334=LINE('',#4663,#582);
#335=LINE('',#4665,#583);
#336=LINE('',#4668,#584);
#337=LINE('',#4670,#585);
#338=LINE('',#4672,#586);
#339=LINE('',#4674,#587);
#340=LINE('',#4677,#588);
#341=LINE('',#4679,#589);
#342=LINE('',#4681,#590);
#343=LINE('',#4695,#591);
#344=LINE('',#4698,#592);
#345=LINE('',#4700,#593);
#346=LINE('',#4702,#594);
#347=LINE('',#4715,#595);
#348=LINE('',#4722,#596);
#349=LINE('',#4739,#597);
#350=LINE('',#4742,#598);
#351=LINE('',#4744,#599);
#352=LINE('',#4746,#600);
#353=LINE('',#4750,#601);
#354=LINE('',#4753,#602);
#355=LINE('',#4755,#603);
#356=LINE('',#4757,#604);
#357=LINE('',#4765,#605);
#358=LINE('',#4768,#606);
#359=LINE('',#4770,#607);
#360=LINE('',#4772,#608);
#361=VECTOR('',#3157,1.);
#362=VECTOR('',#3160,1.);
#363=VECTOR('',#3163,1.);
#364=VECTOR('',#3164,1.);
#365=VECTOR('',#3165,1.);
#366=VECTOR('',#3168,1.);
#367=VECTOR('',#3169,1.);
#368=VECTOR('',#3170,1.);
#369=VECTOR('',#3173,1.);
#370=VECTOR('',#3174,1.);
#371=VECTOR('',#3175,1.);
#372=VECTOR('',#3180,1.);
#373=VECTOR('',#3185,1.);
#374=VECTOR('',#3186,1.);
#375=VECTOR('',#3187,1.);
#376=VECTOR('',#3190,1.);
#377=VECTOR('',#3191,1.);
#378=VECTOR('',#3192,1.);
#379=VECTOR('',#3197,1.);
#380=VECTOR('',#3202,1.);
#381=VECTOR('',#3203,1.);
#382=VECTOR('',#3204,1.);
#383=VECTOR('',#3207,1.);
#384=VECTOR('',#3208,1.);
#385=VECTOR('',#3209,1.);
#386=VECTOR('',#3214,1.);
#387=VECTOR('',#3219,1.);
#388=VECTOR('',#3220,1.);
#389=VECTOR('',#3221,1.);
#390=VECTOR('',#3224,1.);
#391=VECTOR('',#3225,1.);
#392=VECTOR('',#3226,1.);
#393=VECTOR('',#3231,1.);
#394=VECTOR('',#3236,1.);
#395=VECTOR('',#3237,1.);
#396=VECTOR('',#3238,1.);
#397=VECTOR('',#3241,1.);
#398=VECTOR('',#3242,1.);
#399=VECTOR('',#3243,1.);
#400=VECTOR('',#3248,1.);
#401=VECTOR('',#3253,1.);
#402=VECTOR('',#3254,1.);
#403=VECTOR('',#3255,1.);
#404=VECTOR('',#3258,1.);
#405=VECTOR('',#3259,1.);
#406=VECTOR('',#3260,1.);
#407=VECTOR('',#3265,1.);
#408=VECTOR('',#3270,1.);
#409=VECTOR('',#3271,1.);
#410=VECTOR('',#3272,1.);
#411=VECTOR('',#3275,1.);
#412=VECTOR('',#3276,1.);
#413=VECTOR('',#3277,1.);
#414=VECTOR('',#3282,1.);
#415=VECTOR('',#3287,1.);
#416=VECTOR('',#3288,1.);
#417=VECTOR('',#3289,1.);
#418=VECTOR('',#3292,1.);
#419=VECTOR('',#3293,1.);
#420=VECTOR('',#3294,1.);
#421=VECTOR('',#3299,1.);
#422=VECTOR('',#3304,1.);
#423=VECTOR('',#3305,1.);
#424=VECTOR('',#3306,1.);
#425=VECTOR('',#3309,1.);
#426=VECTOR('',#3310,1.);
#427=VECTOR('',#3311,1.);
#428=VECTOR('',#3316,1.);
#429=VECTOR('',#3321,1.);
#430=VECTOR('',#3322,1.);
#431=VECTOR('',#3323,1.);
#432=VECTOR('',#3326,1.);
#433=VECTOR('',#3327,1.);
#434=VECTOR('',#3328,1.);
#435=VECTOR('',#3333,1.);
#436=VECTOR('',#3338,1.);
#437=VECTOR('',#3339,1.);
#438=VECTOR('',#3340,1.);
#439=VECTOR('',#3343,1.);
#440=VECTOR('',#3344,1.);
#441=VECTOR('',#3345,1.);
#442=VECTOR('',#3348,1.);
#443=VECTOR('',#3349,1.);
#444=VECTOR('',#3350,1.);
#445=VECTOR('',#3355,1.);
#446=VECTOR('',#3360,1.);
#447=VECTOR('',#3361,1.);
#448=VECTOR('',#3362,1.);
#449=VECTOR('',#3365,1.);
#450=VECTOR('',#3366,1.);
#451=VECTOR('',#3367,1.);
#452=VECTOR('',#3370,1.);
#453=VECTOR('',#3371,1.);
#454=VECTOR('',#3372,1.);
#455=VECTOR('',#3377,1.);
#456=VECTOR('',#3382,1.);
#457=VECTOR('',#3383,1.);
#458=VECTOR('',#3384,1.);
#459=VECTOR('',#3387,1.);
#460=VECTOR('',#3388,1.);
#461=VECTOR('',#3389,1.);
#462=VECTOR('',#3394,1.);
#463=VECTOR('',#3399,1.);
#464=VECTOR('',#3400,1.);
#465=VECTOR('',#3401,1.);
#466=VECTOR('',#3404,1.);
#467=VECTOR('',#3405,1.);
#468=VECTOR('',#3406,1.);
#469=VECTOR('',#3411,1.);
#470=VECTOR('',#3416,1.);
#471=VECTOR('',#3417,1.);
#472=VECTOR('',#3418,1.);
#473=VECTOR('',#3421,1.);
#474=VECTOR('',#3422,1.);
#475=VECTOR('',#3423,1.);
#476=VECTOR('',#3428,1.);
#477=VECTOR('',#3433,1.);
#478=VECTOR('',#3434,1.);
#479=VECTOR('',#3435,1.);
#480=VECTOR('',#3438,1.);
#481=VECTOR('',#3439,1.);
#482=VECTOR('',#3440,1.);
#483=VECTOR('',#3445,1.);
#484=VECTOR('',#3450,1.);
#485=VECTOR('',#3451,1.);
#486=VECTOR('',#3452,1.);
#487=VECTOR('',#3455,1.);
#488=VECTOR('',#3456,1.);
#489=VECTOR('',#3457,1.);
#490=VECTOR('',#3462,1.);
#491=VECTOR('',#3467,1.);
#492=VECTOR('',#3468,1.);
#493=VECTOR('',#3469,1.);
#494=VECTOR('',#3472,1.);
#495=VECTOR('',#3473,1.);
#496=VECTOR('',#3474,1.);
#497=VECTOR('',#3479,1.);
#498=VECTOR('',#3484,1.);
#499=VECTOR('',#3485,1.);
#500=VECTOR('',#3486,1.);
#501=VECTOR('',#3489,1.);
#502=VECTOR('',#3490,1.);
#503=VECTOR('',#3491,1.);
#504=VECTOR('',#3496,1.);
#505=VECTOR('',#3501,1.);
#506=VECTOR('',#3502,1.);
#507=VECTOR('',#3503,1.);
#508=VECTOR('',#3506,1.);
#509=VECTOR('',#3507,1.);
#510=VECTOR('',#3508,1.);
#511=VECTOR('',#3513,1.);
#512=VECTOR('',#3518,1.);
#513=VECTOR('',#3519,1.);
#514=VECTOR('',#3520,1.);
#515=VECTOR('',#3523,1.);
#516=VECTOR('',#3524,1.);
#517=VECTOR('',#3525,1.);
#518=VECTOR('',#3530,1.);
#519=VECTOR('',#3535,1.);
#520=VECTOR('',#3536,1.);
#521=VECTOR('',#3537,1.);
#522=VECTOR('',#3540,1.);
#523=VECTOR('',#3541,1.);
#524=VECTOR('',#3542,1.);
#525=VECTOR('',#3551,1.);
#526=VECTOR('',#3552,1.);
#527=VECTOR('',#3577,1.);
#528=VECTOR('',#3578,1.);
#529=VECTOR('',#3579,1.);
#530=VECTOR('',#3582,1.);
#531=VECTOR('',#3583,1.);
#532=VECTOR('',#3584,1.);
#533=VECTOR('',#3587,1.);
#534=VECTOR('',#3588,1.);
#535=VECTOR('',#3591,1.);
#536=VECTOR('',#3594,1.);
#537=VECTOR('',#3595,1.);
#538=VECTOR('',#3596,1.);
#539=VECTOR('',#3599,1.);
#540=VECTOR('',#3600,1.);
#541=VECTOR('',#3603,1.);
#542=VECTOR('',#3608,1.);
#543=VECTOR('',#3609,1.);
#544=VECTOR('',#3610,1.);
#545=VECTOR('',#3613,1.);
#546=VECTOR('',#3614,1.);
#547=VECTOR('',#3617,1.);
#548=VECTOR('',#3618,1.);
#549=VECTOR('',#3619,1.);
#550=VECTOR('',#3622,1.);
#551=VECTOR('',#3625,1.);
#552=VECTOR('',#3626,1.);
#553=VECTOR('',#3627,1.);
#554=VECTOR('',#3628,1.);
#555=VECTOR('',#3631,1.);
#556=VECTOR('',#3632,1.);
#557=VECTOR('',#3633,1.);
#558=VECTOR('',#3634,1.);
#559=VECTOR('',#3639,1.);
#560=VECTOR('',#3640,1.);
#561=VECTOR('',#3645,1.);
#562=VECTOR('',#3648,1.);
#563=VECTOR('',#3651,1.);
#564=VECTOR('',#3654,1.);
#565=VECTOR('',#3657,1.);
#566=VECTOR('',#3662,1.);
#567=VECTOR('',#3665,1.);
#568=VECTOR('',#3666,1.);
#569=VECTOR('',#3667,1.);
#570=VECTOR('',#3668,1.);
#571=VECTOR('',#3673,1.);
#572=VECTOR('',#3674,1.);
#573=VECTOR('',#3679,1.);
#574=VECTOR('',#3682,1.);
#575=VECTOR('',#3685,1.);
#576=VECTOR('',#3688,1.);
#577=VECTOR('',#3691,1.);
#578=VECTOR('',#3696,1.);
#579=VECTOR('',#3711,1.);
#580=VECTOR('',#3712,1.);
#581=VECTOR('',#3715,1.);
#582=VECTOR('',#3718,1.);
#583=VECTOR('',#3721,1.);
#584=VECTOR('',#3722,1.);
#585=VECTOR('',#3723,1.);
#586=VECTOR('',#3724,1.);
#587=VECTOR('',#3727,1.);
#588=VECTOR('',#3728,1.);
#589=VECTOR('',#3729,1.);
#590=VECTOR('',#3730,1.);
#591=VECTOR('',#3741,1.);
#592=VECTOR('',#3742,1.);
#593=VECTOR('',#3743,1.);
#594=VECTOR('',#3744,1.);
#595=VECTOR('',#3751,1.);
#596=VECTOR('',#3762,1.);
#597=VECTOR('',#3789,1.);
#598=VECTOR('',#3790,1.);
#599=VECTOR('',#3791,1.);
#600=VECTOR('',#3792,1.);
#601=VECTOR('',#3797,1.);
#602=VECTOR('',#3798,1.);
#603=VECTOR('',#3799,1.);
#604=VECTOR('',#3800,1.);
#605=VECTOR('',#3815,1.);
#606=VECTOR('',#3816,1.);
#607=VECTOR('',#3817,1.);
#608=VECTOR('',#3818,1.);
#609=ORIENTED_EDGE('',*,*,#1423,.F.);
#610=ORIENTED_EDGE('',*,*,#1424,.T.);
#611=ORIENTED_EDGE('',*,*,#1425,.F.);
#612=ORIENTED_EDGE('',*,*,#1426,.F.);
#613=ORIENTED_EDGE('',*,*,#1427,.T.);
#614=ORIENTED_EDGE('',*,*,#1428,.T.);
#615=ORIENTED_EDGE('',*,*,#1429,.F.);
#616=ORIENTED_EDGE('',*,*,#1430,.F.);
#617=ORIENTED_EDGE('',*,*,#1431,.T.);
#618=ORIENTED_EDGE('',*,*,#1426,.T.);
#619=ORIENTED_EDGE('',*,*,#1432,.T.);
#620=ORIENTED_EDGE('',*,*,#1433,.F.);
#621=ORIENTED_EDGE('',*,*,#1434,.F.);
#622=ORIENTED_EDGE('',*,*,#1430,.T.);
#623=ORIENTED_EDGE('',*,*,#1435,.T.);
#624=ORIENTED_EDGE('',*,*,#1436,.F.);
#625=ORIENTED_EDGE('',*,*,#1437,.F.);
#626=ORIENTED_EDGE('',*,*,#1433,.T.);
#627=ORIENTED_EDGE('',*,*,#1438,.F.);
#628=ORIENTED_EDGE('',*,*,#1439,.F.);
#629=ORIENTED_EDGE('',*,*,#1440,.T.);
#630=ORIENTED_EDGE('',*,*,#1436,.T.);
#631=ORIENTED_EDGE('',*,*,#1441,.T.);
#632=ORIENTED_EDGE('',*,*,#1442,.F.);
#633=ORIENTED_EDGE('',*,*,#1443,.F.);
#634=ORIENTED_EDGE('',*,*,#1439,.T.);
#635=ORIENTED_EDGE('',*,*,#1444,.T.);
#636=ORIENTED_EDGE('',*,*,#1445,.F.);
#637=ORIENTED_EDGE('',*,*,#1446,.F.);
#638=ORIENTED_EDGE('',*,*,#1442,.T.);
#639=ORIENTED_EDGE('',*,*,#1447,.F.);
#640=ORIENTED_EDGE('',*,*,#1448,.F.);
#641=ORIENTED_EDGE('',*,*,#1449,.T.);
#642=ORIENTED_EDGE('',*,*,#1445,.T.);
#643=ORIENTED_EDGE('',*,*,#1450,.T.);
#644=ORIENTED_EDGE('',*,*,#1451,.F.);
#645=ORIENTED_EDGE('',*,*,#1452,.F.);
#646=ORIENTED_EDGE('',*,*,#1448,.T.);
#647=ORIENTED_EDGE('',*,*,#1453,.T.);
#648=ORIENTED_EDGE('',*,*,#1454,.F.);
#649=ORIENTED_EDGE('',*,*,#1455,.F.);
#650=ORIENTED_EDGE('',*,*,#1451,.T.);
#651=ORIENTED_EDGE('',*,*,#1456,.F.);
#652=ORIENTED_EDGE('',*,*,#1457,.F.);
#653=ORIENTED_EDGE('',*,*,#1458,.T.);
#654=ORIENTED_EDGE('',*,*,#1454,.T.);
#655=ORIENTED_EDGE('',*,*,#1459,.T.);
#656=ORIENTED_EDGE('',*,*,#1460,.F.);
#657=ORIENTED_EDGE('',*,*,#1461,.F.);
#658=ORIENTED_EDGE('',*,*,#1457,.T.);
#659=ORIENTED_EDGE('',*,*,#1462,.T.);
#660=ORIENTED_EDGE('',*,*,#1463,.F.);
#661=ORIENTED_EDGE('',*,*,#1464,.F.);
#662=ORIENTED_EDGE('',*,*,#1460,.T.);
#663=ORIENTED_EDGE('',*,*,#1465,.F.);
#664=ORIENTED_EDGE('',*,*,#1466,.F.);
#665=ORIENTED_EDGE('',*,*,#1467,.T.);
#666=ORIENTED_EDGE('',*,*,#1463,.T.);
#667=ORIENTED_EDGE('',*,*,#1468,.T.);
#668=ORIENTED_EDGE('',*,*,#1469,.F.);
#669=ORIENTED_EDGE('',*,*,#1470,.F.);
#670=ORIENTED_EDGE('',*,*,#1466,.T.);
#671=ORIENTED_EDGE('',*,*,#1471,.T.);
#672=ORIENTED_EDGE('',*,*,#1472,.F.);
#673=ORIENTED_EDGE('',*,*,#1473,.F.);
#674=ORIENTED_EDGE('',*,*,#1469,.T.);
#675=ORIENTED_EDGE('',*,*,#1474,.F.);
#676=ORIENTED_EDGE('',*,*,#1475,.F.);
#677=ORIENTED_EDGE('',*,*,#1476,.T.);
#678=ORIENTED_EDGE('',*,*,#1472,.T.);
#679=ORIENTED_EDGE('',*,*,#1477,.T.);
#680=ORIENTED_EDGE('',*,*,#1478,.F.);
#681=ORIENTED_EDGE('',*,*,#1479,.F.);
#682=ORIENTED_EDGE('',*,*,#1475,.T.);
#683=ORIENTED_EDGE('',*,*,#1480,.T.);
#684=ORIENTED_EDGE('',*,*,#1481,.F.);
#685=ORIENTED_EDGE('',*,*,#1482,.F.);
#686=ORIENTED_EDGE('',*,*,#1478,.T.);
#687=ORIENTED_EDGE('',*,*,#1483,.F.);
#688=ORIENTED_EDGE('',*,*,#1484,.F.);
#689=ORIENTED_EDGE('',*,*,#1485,.T.);
#690=ORIENTED_EDGE('',*,*,#1481,.T.);
#691=ORIENTED_EDGE('',*,*,#1486,.T.);
#692=ORIENTED_EDGE('',*,*,#1487,.F.);
#693=ORIENTED_EDGE('',*,*,#1488,.F.);
#694=ORIENTED_EDGE('',*,*,#1484,.T.);
#695=ORIENTED_EDGE('',*,*,#1489,.T.);
#696=ORIENTED_EDGE('',*,*,#1490,.F.);
#697=ORIENTED_EDGE('',*,*,#1491,.F.);
#698=ORIENTED_EDGE('',*,*,#1487,.T.);
#699=ORIENTED_EDGE('',*,*,#1492,.F.);
#700=ORIENTED_EDGE('',*,*,#1493,.F.);
#701=ORIENTED_EDGE('',*,*,#1494,.T.);
#702=ORIENTED_EDGE('',*,*,#1490,.T.);
#703=ORIENTED_EDGE('',*,*,#1495,.T.);
#704=ORIENTED_EDGE('',*,*,#1496,.F.);
#705=ORIENTED_EDGE('',*,*,#1497,.F.);
#706=ORIENTED_EDGE('',*,*,#1493,.T.);
#707=ORIENTED_EDGE('',*,*,#1498,.T.);
#708=ORIENTED_EDGE('',*,*,#1499,.F.);
#709=ORIENTED_EDGE('',*,*,#1500,.F.);
#710=ORIENTED_EDGE('',*,*,#1496,.T.);
#711=ORIENTED_EDGE('',*,*,#1501,.F.);
#712=ORIENTED_EDGE('',*,*,#1502,.F.);
#713=ORIENTED_EDGE('',*,*,#1503,.T.);
#714=ORIENTED_EDGE('',*,*,#1499,.T.);
#715=ORIENTED_EDGE('',*,*,#1504,.T.);
#716=ORIENTED_EDGE('',*,*,#1505,.F.);
#717=ORIENTED_EDGE('',*,*,#1506,.F.);
#718=ORIENTED_EDGE('',*,*,#1502,.T.);
#719=ORIENTED_EDGE('',*,*,#1507,.T.);
#720=ORIENTED_EDGE('',*,*,#1508,.F.);
#721=ORIENTED_EDGE('',*,*,#1509,.F.);
#722=ORIENTED_EDGE('',*,*,#1505,.T.);
#723=ORIENTED_EDGE('',*,*,#1510,.F.);
#724=ORIENTED_EDGE('',*,*,#1511,.F.);
#725=ORIENTED_EDGE('',*,*,#1512,.T.);
#726=ORIENTED_EDGE('',*,*,#1508,.T.);
#727=ORIENTED_EDGE('',*,*,#1513,.T.);
#728=ORIENTED_EDGE('',*,*,#1514,.F.);
#729=ORIENTED_EDGE('',*,*,#1515,.F.);
#730=ORIENTED_EDGE('',*,*,#1511,.T.);
#731=ORIENTED_EDGE('',*,*,#1516,.T.);
#732=ORIENTED_EDGE('',*,*,#1517,.F.);
#733=ORIENTED_EDGE('',*,*,#1518,.F.);
#734=ORIENTED_EDGE('',*,*,#1514,.T.);
#735=ORIENTED_EDGE('',*,*,#1519,.F.);
#736=ORIENTED_EDGE('',*,*,#1520,.F.);
#737=ORIENTED_EDGE('',*,*,#1521,.T.);
#738=ORIENTED_EDGE('',*,*,#1517,.T.);
#739=ORIENTED_EDGE('',*,*,#1522,.T.);
#740=ORIENTED_EDGE('',*,*,#1523,.F.);
#741=ORIENTED_EDGE('',*,*,#1524,.F.);
#742=ORIENTED_EDGE('',*,*,#1520,.T.);
#743=ORIENTED_EDGE('',*,*,#1525,.T.);
#744=ORIENTED_EDGE('',*,*,#1526,.F.);
#745=ORIENTED_EDGE('',*,*,#1527,.F.);
#746=ORIENTED_EDGE('',*,*,#1523,.T.);
#747=ORIENTED_EDGE('',*,*,#1528,.T.);
#748=ORIENTED_EDGE('',*,*,#1529,.F.);
#749=ORIENTED_EDGE('',*,*,#1530,.F.);
#750=ORIENTED_EDGE('',*,*,#1526,.T.);
#751=ORIENTED_EDGE('',*,*,#1531,.F.);
#752=ORIENTED_EDGE('',*,*,#1532,.F.);
#753=ORIENTED_EDGE('',*,*,#1533,.T.);
#754=ORIENTED_EDGE('',*,*,#1529,.T.);
#755=ORIENTED_EDGE('',*,*,#1534,.F.);
#756=ORIENTED_EDGE('',*,*,#1535,.F.);
#757=ORIENTED_EDGE('',*,*,#1536,.T.);
#758=ORIENTED_EDGE('',*,*,#1532,.T.);
#759=ORIENTED_EDGE('',*,*,#1537,.F.);
#760=ORIENTED_EDGE('',*,*,#1538,.F.);
#761=ORIENTED_EDGE('',*,*,#1539,.T.);
#762=ORIENTED_EDGE('',*,*,#1535,.T.);
#763=ORIENTED_EDGE('',*,*,#1540,.F.);
#764=ORIENTED_EDGE('',*,*,#1541,.F.);
#765=ORIENTED_EDGE('',*,*,#1542,.T.);
#766=ORIENTED_EDGE('',*,*,#1538,.T.);
#767=ORIENTED_EDGE('',*,*,#1543,.F.);
#768=ORIENTED_EDGE('',*,*,#1544,.F.);
#769=ORIENTED_EDGE('',*,*,#1545,.T.);
#770=ORIENTED_EDGE('',*,*,#1541,.T.);
#771=ORIENTED_EDGE('',*,*,#1546,.F.);
#772=ORIENTED_EDGE('',*,*,#1547,.F.);
#773=ORIENTED_EDGE('',*,*,#1548,.T.);
#774=ORIENTED_EDGE('',*,*,#1544,.T.);
#775=ORIENTED_EDGE('',*,*,#1549,.F.);
#776=ORIENTED_EDGE('',*,*,#1550,.F.);
#777=ORIENTED_EDGE('',*,*,#1551,.T.);
#778=ORIENTED_EDGE('',*,*,#1547,.T.);
#779=ORIENTED_EDGE('',*,*,#1552,.F.);
#780=ORIENTED_EDGE('',*,*,#1553,.F.);
#781=ORIENTED_EDGE('',*,*,#1554,.T.);
#782=ORIENTED_EDGE('',*,*,#1550,.T.);
#783=ORIENTED_EDGE('',*,*,#1555,.F.);
#784=ORIENTED_EDGE('',*,*,#1556,.F.);
#785=ORIENTED_EDGE('',*,*,#1557,.T.);
#786=ORIENTED_EDGE('',*,*,#1553,.T.);
#787=ORIENTED_EDGE('',*,*,#1558,.F.);
#788=ORIENTED_EDGE('',*,*,#1559,.F.);
#789=ORIENTED_EDGE('',*,*,#1560,.T.);
#790=ORIENTED_EDGE('',*,*,#1556,.T.);
#791=ORIENTED_EDGE('',*,*,#1561,.F.);
#792=ORIENTED_EDGE('',*,*,#1562,.F.);
#793=ORIENTED_EDGE('',*,*,#1563,.T.);
#794=ORIENTED_EDGE('',*,*,#1559,.T.);
#795=ORIENTED_EDGE('',*,*,#1564,.F.);
#796=ORIENTED_EDGE('',*,*,#1565,.F.);
#797=ORIENTED_EDGE('',*,*,#1566,.T.);
#798=ORIENTED_EDGE('',*,*,#1562,.T.);
#799=ORIENTED_EDGE('',*,*,#1567,.F.);
#800=ORIENTED_EDGE('',*,*,#1568,.F.);
#801=ORIENTED_EDGE('',*,*,#1569,.T.);
#802=ORIENTED_EDGE('',*,*,#1565,.T.);
#803=ORIENTED_EDGE('',*,*,#1570,.F.);
#804=ORIENTED_EDGE('',*,*,#1571,.F.);
#805=ORIENTED_EDGE('',*,*,#1572,.T.);
#806=ORIENTED_EDGE('',*,*,#1568,.T.);
#807=ORIENTED_EDGE('',*,*,#1573,.F.);
#808=ORIENTED_EDGE('',*,*,#1574,.F.);
#809=ORIENTED_EDGE('',*,*,#1575,.T.);
#810=ORIENTED_EDGE('',*,*,#1571,.T.);
#811=ORIENTED_EDGE('',*,*,#1576,.F.);
#812=ORIENTED_EDGE('',*,*,#1577,.F.);
#813=ORIENTED_EDGE('',*,*,#1578,.T.);
#814=ORIENTED_EDGE('',*,*,#1574,.T.);
#815=ORIENTED_EDGE('',*,*,#1579,.F.);
#816=ORIENTED_EDGE('',*,*,#1580,.F.);
#817=ORIENTED_EDGE('',*,*,#1581,.T.);
#818=ORIENTED_EDGE('',*,*,#1577,.T.);
#819=ORIENTED_EDGE('',*,*,#1582,.F.);
#820=ORIENTED_EDGE('',*,*,#1583,.F.);
#821=ORIENTED_EDGE('',*,*,#1584,.T.);
#822=ORIENTED_EDGE('',*,*,#1580,.T.);
#823=ORIENTED_EDGE('',*,*,#1585,.F.);
#824=ORIENTED_EDGE('',*,*,#1586,.F.);
#825=ORIENTED_EDGE('',*,*,#1587,.T.);
#826=ORIENTED_EDGE('',*,*,#1583,.T.);
#827=ORIENTED_EDGE('',*,*,#1588,.F.);
#828=ORIENTED_EDGE('',*,*,#1589,.F.);
#829=ORIENTED_EDGE('',*,*,#1590,.T.);
#830=ORIENTED_EDGE('',*,*,#1586,.T.);
#831=ORIENTED_EDGE('',*,*,#1591,.F.);
#832=ORIENTED_EDGE('',*,*,#1592,.F.);
#833=ORIENTED_EDGE('',*,*,#1593,.T.);
#834=ORIENTED_EDGE('',*,*,#1589,.T.);
#835=ORIENTED_EDGE('',*,*,#1594,.F.);
#836=ORIENTED_EDGE('',*,*,#1595,.F.);
#837=ORIENTED_EDGE('',*,*,#1596,.T.);
#838=ORIENTED_EDGE('',*,*,#1592,.T.);
#839=ORIENTED_EDGE('',*,*,#1597,.F.);
#840=ORIENTED_EDGE('',*,*,#1598,.F.);
#841=ORIENTED_EDGE('',*,*,#1599,.T.);
#842=ORIENTED_EDGE('',*,*,#1595,.T.);
#843=ORIENTED_EDGE('',*,*,#1600,.F.);
#844=ORIENTED_EDGE('',*,*,#1601,.F.);
#845=ORIENTED_EDGE('',*,*,#1602,.T.);
#846=ORIENTED_EDGE('',*,*,#1598,.T.);
#847=ORIENTED_EDGE('',*,*,#1603,.F.);
#848=ORIENTED_EDGE('',*,*,#1604,.F.);
#849=ORIENTED_EDGE('',*,*,#1605,.T.);
#850=ORIENTED_EDGE('',*,*,#1601,.T.);
#851=ORIENTED_EDGE('',*,*,#1606,.F.);
#852=ORIENTED_EDGE('',*,*,#1607,.F.);
#853=ORIENTED_EDGE('',*,*,#1608,.T.);
#854=ORIENTED_EDGE('',*,*,#1604,.T.);
#855=ORIENTED_EDGE('',*,*,#1609,.F.);
#856=ORIENTED_EDGE('',*,*,#1610,.F.);
#857=ORIENTED_EDGE('',*,*,#1611,.T.);
#858=ORIENTED_EDGE('',*,*,#1607,.T.);
#859=ORIENTED_EDGE('',*,*,#1612,.F.);
#860=ORIENTED_EDGE('',*,*,#1613,.F.);
#861=ORIENTED_EDGE('',*,*,#1614,.T.);
#862=ORIENTED_EDGE('',*,*,#1610,.T.);
#863=ORIENTED_EDGE('',*,*,#1615,.F.);
#864=ORIENTED_EDGE('',*,*,#1616,.F.);
#865=ORIENTED_EDGE('',*,*,#1617,.T.);
#866=ORIENTED_EDGE('',*,*,#1613,.T.);
#867=ORIENTED_EDGE('',*,*,#1618,.F.);
#868=ORIENTED_EDGE('',*,*,#1619,.F.);
#869=ORIENTED_EDGE('',*,*,#1620,.T.);
#870=ORIENTED_EDGE('',*,*,#1616,.T.);
#871=ORIENTED_EDGE('',*,*,#1621,.F.);
#872=ORIENTED_EDGE('',*,*,#1622,.F.);
#873=ORIENTED_EDGE('',*,*,#1623,.T.);
#874=ORIENTED_EDGE('',*,*,#1619,.T.);
#875=ORIENTED_EDGE('',*,*,#1624,.F.);
#876=ORIENTED_EDGE('',*,*,#1625,.F.);
#877=ORIENTED_EDGE('',*,*,#1626,.T.);
#878=ORIENTED_EDGE('',*,*,#1622,.T.);
#879=ORIENTED_EDGE('',*,*,#1627,.F.);
#880=ORIENTED_EDGE('',*,*,#1628,.F.);
#881=ORIENTED_EDGE('',*,*,#1629,.T.);
#882=ORIENTED_EDGE('',*,*,#1625,.T.);
#883=ORIENTED_EDGE('',*,*,#1630,.F.);
#884=ORIENTED_EDGE('',*,*,#1631,.F.);
#885=ORIENTED_EDGE('',*,*,#1632,.T.);
#886=ORIENTED_EDGE('',*,*,#1628,.T.);
#887=ORIENTED_EDGE('',*,*,#1633,.F.);
#888=ORIENTED_EDGE('',*,*,#1634,.T.);
#889=ORIENTED_EDGE('',*,*,#1635,.T.);
#890=ORIENTED_EDGE('',*,*,#1428,.F.);
#891=ORIENTED_EDGE('',*,*,#1636,.F.);
#892=ORIENTED_EDGE('',*,*,#1631,.T.);
#893=ORIENTED_EDGE('',*,*,#1634,.F.);
#894=ORIENTED_EDGE('',*,*,#1425,.T.);
#895=ORIENTED_EDGE('',*,*,#1635,.F.);
#896=ORIENTED_EDGE('',*,*,#1630,.T.);
#897=ORIENTED_EDGE('',*,*,#1627,.T.);
#898=ORIENTED_EDGE('',*,*,#1624,.T.);
#899=ORIENTED_EDGE('',*,*,#1621,.T.);
#900=ORIENTED_EDGE('',*,*,#1618,.T.);
#901=ORIENTED_EDGE('',*,*,#1615,.T.);
#902=ORIENTED_EDGE('',*,*,#1612,.T.);
#903=ORIENTED_EDGE('',*,*,#1609,.T.);
#904=ORIENTED_EDGE('',*,*,#1606,.T.);
#905=ORIENTED_EDGE('',*,*,#1603,.T.);
#906=ORIENTED_EDGE('',*,*,#1600,.T.);
#907=ORIENTED_EDGE('',*,*,#1597,.T.);
#908=ORIENTED_EDGE('',*,*,#1594,.T.);
#909=ORIENTED_EDGE('',*,*,#1591,.T.);
#910=ORIENTED_EDGE('',*,*,#1588,.T.);
#911=ORIENTED_EDGE('',*,*,#1585,.T.);
#912=ORIENTED_EDGE('',*,*,#1582,.T.);
#913=ORIENTED_EDGE('',*,*,#1579,.T.);
#914=ORIENTED_EDGE('',*,*,#1576,.T.);
#915=ORIENTED_EDGE('',*,*,#1573,.T.);
#916=ORIENTED_EDGE('',*,*,#1570,.T.);
#917=ORIENTED_EDGE('',*,*,#1567,.T.);
#918=ORIENTED_EDGE('',*,*,#1564,.T.);
#919=ORIENTED_EDGE('',*,*,#1561,.T.);
#920=ORIENTED_EDGE('',*,*,#1558,.T.);
#921=ORIENTED_EDGE('',*,*,#1555,.T.);
#922=ORIENTED_EDGE('',*,*,#1552,.T.);
#923=ORIENTED_EDGE('',*,*,#1549,.T.);
#924=ORIENTED_EDGE('',*,*,#1546,.T.);
#925=ORIENTED_EDGE('',*,*,#1543,.T.);
#926=ORIENTED_EDGE('',*,*,#1540,.T.);
#927=ORIENTED_EDGE('',*,*,#1537,.T.);
#928=ORIENTED_EDGE('',*,*,#1534,.T.);
#929=ORIENTED_EDGE('',*,*,#1531,.T.);
#930=ORIENTED_EDGE('',*,*,#1528,.F.);
#931=ORIENTED_EDGE('',*,*,#1525,.F.);
#932=ORIENTED_EDGE('',*,*,#1522,.F.);
#933=ORIENTED_EDGE('',*,*,#1519,.T.);
#934=ORIENTED_EDGE('',*,*,#1516,.F.);
#935=ORIENTED_EDGE('',*,*,#1513,.F.);
#936=ORIENTED_EDGE('',*,*,#1510,.T.);
#937=ORIENTED_EDGE('',*,*,#1507,.F.);
#938=ORIENTED_EDGE('',*,*,#1504,.F.);
#939=ORIENTED_EDGE('',*,*,#1501,.T.);
#940=ORIENTED_EDGE('',*,*,#1498,.F.);
#941=ORIENTED_EDGE('',*,*,#1495,.F.);
#942=ORIENTED_EDGE('',*,*,#1492,.T.);
#943=ORIENTED_EDGE('',*,*,#1489,.F.);
#944=ORIENTED_EDGE('',*,*,#1486,.F.);
#945=ORIENTED_EDGE('',*,*,#1483,.T.);
#946=ORIENTED_EDGE('',*,*,#1480,.F.);
#947=ORIENTED_EDGE('',*,*,#1477,.F.);
#948=ORIENTED_EDGE('',*,*,#1474,.T.);
#949=ORIENTED_EDGE('',*,*,#1471,.F.);
#950=ORIENTED_EDGE('',*,*,#1468,.F.);
#951=ORIENTED_EDGE('',*,*,#1465,.T.);
#952=ORIENTED_EDGE('',*,*,#1462,.F.);
#953=ORIENTED_EDGE('',*,*,#1459,.F.);
#954=ORIENTED_EDGE('',*,*,#1456,.T.);
#955=ORIENTED_EDGE('',*,*,#1453,.F.);
#956=ORIENTED_EDGE('',*,*,#1450,.F.);
#957=ORIENTED_EDGE('',*,*,#1447,.T.);
#958=ORIENTED_EDGE('',*,*,#1444,.F.);
#959=ORIENTED_EDGE('',*,*,#1441,.F.);
#960=ORIENTED_EDGE('',*,*,#1438,.T.);
#961=ORIENTED_EDGE('',*,*,#1435,.F.);
#962=ORIENTED_EDGE('',*,*,#1432,.F.);
#963=ORIENTED_EDGE('',*,*,#1429,.T.);
#964=ORIENTED_EDGE('',*,*,#1637,.F.);
#965=ORIENTED_EDGE('',*,*,#1633,.T.);
#966=ORIENTED_EDGE('',*,*,#1638,.T.);
#967=ORIENTED_EDGE('',*,*,#1639,.T.);
#968=ORIENTED_EDGE('',*,*,#1640,.F.);
#969=ORIENTED_EDGE('',*,*,#1641,.T.);
#970=ORIENTED_EDGE('',*,*,#1642,.T.);
#971=ORIENTED_EDGE('',*,*,#1643,.F.);
#972=ORIENTED_EDGE('',*,*,#1637,.T.);
#973=ORIENTED_EDGE('',*,*,#1427,.F.);
#974=ORIENTED_EDGE('',*,*,#1431,.F.);
#975=ORIENTED_EDGE('',*,*,#1434,.T.);
#976=ORIENTED_EDGE('',*,*,#1437,.T.);
#977=ORIENTED_EDGE('',*,*,#1440,.F.);
#978=ORIENTED_EDGE('',*,*,#1443,.T.);
#979=ORIENTED_EDGE('',*,*,#1446,.T.);
#980=ORIENTED_EDGE('',*,*,#1449,.F.);
#981=ORIENTED_EDGE('',*,*,#1452,.T.);
#982=ORIENTED_EDGE('',*,*,#1455,.T.);
#983=ORIENTED_EDGE('',*,*,#1458,.F.);
#984=ORIENTED_EDGE('',*,*,#1461,.T.);
#985=ORIENTED_EDGE('',*,*,#1464,.T.);
#986=ORIENTED_EDGE('',*,*,#1467,.F.);
#987=ORIENTED_EDGE('',*,*,#1470,.T.);
#988=ORIENTED_EDGE('',*,*,#1473,.T.);
#989=ORIENTED_EDGE('',*,*,#1476,.F.);
#990=ORIENTED_EDGE('',*,*,#1479,.T.);
#991=ORIENTED_EDGE('',*,*,#1482,.T.);
#992=ORIENTED_EDGE('',*,*,#1485,.F.);
#993=ORIENTED_EDGE('',*,*,#1488,.T.);
#994=ORIENTED_EDGE('',*,*,#1491,.T.);
#995=ORIENTED_EDGE('',*,*,#1494,.F.);
#996=ORIENTED_EDGE('',*,*,#1497,.T.);
#997=ORIENTED_EDGE('',*,*,#1500,.T.);
#998=ORIENTED_EDGE('',*,*,#1503,.F.);
#999=ORIENTED_EDGE('',*,*,#1506,.T.);
#1000=ORIENTED_EDGE('',*,*,#1509,.T.);
#1001=ORIENTED_EDGE('',*,*,#1512,.F.);
#1002=ORIENTED_EDGE('',*,*,#1515,.T.);
#1003=ORIENTED_EDGE('',*,*,#1518,.T.);
#1004=ORIENTED_EDGE('',*,*,#1521,.F.);
#1005=ORIENTED_EDGE('',*,*,#1524,.T.);
#1006=ORIENTED_EDGE('',*,*,#1527,.T.);
#1007=ORIENTED_EDGE('',*,*,#1530,.T.);
#1008=ORIENTED_EDGE('',*,*,#1533,.F.);
#1009=ORIENTED_EDGE('',*,*,#1536,.F.);
#1010=ORIENTED_EDGE('',*,*,#1539,.F.);
#1011=ORIENTED_EDGE('',*,*,#1542,.F.);
#1012=ORIENTED_EDGE('',*,*,#1545,.F.);
#1013=ORIENTED_EDGE('',*,*,#1548,.F.);
#1014=ORIENTED_EDGE('',*,*,#1551,.F.);
#1015=ORIENTED_EDGE('',*,*,#1554,.F.);
#1016=ORIENTED_EDGE('',*,*,#1557,.F.);
#1017=ORIENTED_EDGE('',*,*,#1560,.F.);
#1018=ORIENTED_EDGE('',*,*,#1563,.F.);
#1019=ORIENTED_EDGE('',*,*,#1566,.F.);
#1020=ORIENTED_EDGE('',*,*,#1569,.F.);
#1021=ORIENTED_EDGE('',*,*,#1572,.F.);
#1022=ORIENTED_EDGE('',*,*,#1575,.F.);
#1023=ORIENTED_EDGE('',*,*,#1578,.F.);
#1024=ORIENTED_EDGE('',*,*,#1581,.F.);
#1025=ORIENTED_EDGE('',*,*,#1584,.F.);
#1026=ORIENTED_EDGE('',*,*,#1587,.F.);
#1027=ORIENTED_EDGE('',*,*,#1590,.F.);
#1028=ORIENTED_EDGE('',*,*,#1593,.F.);
#1029=ORIENTED_EDGE('',*,*,#1596,.F.);
#1030=ORIENTED_EDGE('',*,*,#1599,.F.);
#1031=ORIENTED_EDGE('',*,*,#1602,.F.);
#1032=ORIENTED_EDGE('',*,*,#1605,.F.);
#1033=ORIENTED_EDGE('',*,*,#1608,.F.);
#1034=ORIENTED_EDGE('',*,*,#1611,.F.);
#1035=ORIENTED_EDGE('',*,*,#1614,.F.);
#1036=ORIENTED_EDGE('',*,*,#1617,.F.);
#1037=ORIENTED_EDGE('',*,*,#1620,.F.);
#1038=ORIENTED_EDGE('',*,*,#1623,.F.);
#1039=ORIENTED_EDGE('',*,*,#1626,.F.);
#1040=ORIENTED_EDGE('',*,*,#1629,.F.);
#1041=ORIENTED_EDGE('',*,*,#1632,.F.);
#1042=ORIENTED_EDGE('',*,*,#1636,.T.);
#1043=ORIENTED_EDGE('',*,*,#1423,.T.);
#1044=ORIENTED_EDGE('',*,*,#1644,.F.);
#1045=ORIENTED_EDGE('',*,*,#1645,.T.);
#1046=ORIENTED_EDGE('',*,*,#1424,.F.);
#1047=ORIENTED_EDGE('',*,*,#1644,.T.);
#1048=ORIENTED_EDGE('',*,*,#1643,.T.);
#1049=ORIENTED_EDGE('',*,*,#1646,.T.);
#1050=ORIENTED_EDGE('',*,*,#1647,.F.);
#1051=ORIENTED_EDGE('',*,*,#1648,.T.);
#1052=ORIENTED_EDGE('',*,*,#1649,.T.);
#1053=ORIENTED_EDGE('',*,*,#1650,.T.);
#1054=ORIENTED_EDGE('',*,*,#1640,.T.);
#1055=ORIENTED_EDGE('',*,*,#1651,.T.);
#1056=ORIENTED_EDGE('',*,*,#1652,.T.);
#1057=ORIENTED_EDGE('',*,*,#1653,.T.);
#1058=ORIENTED_EDGE('',*,*,#1654,.T.);
#1059=ORIENTED_EDGE('',*,*,#1655,.T.);
#1060=ORIENTED_EDGE('',*,*,#1656,.T.);
#1061=ORIENTED_EDGE('',*,*,#1657,.T.);
#1062=ORIENTED_EDGE('',*,*,#1658,.T.);
#1063=ORIENTED_EDGE('',*,*,#1659,.T.);
#1064=ORIENTED_EDGE('',*,*,#1660,.T.);
#1065=ORIENTED_EDGE('',*,*,#1661,.T.);
#1066=ORIENTED_EDGE('',*,*,#1662,.T.);
#1067=ORIENTED_EDGE('',*,*,#1663,.T.);
#1068=ORIENTED_EDGE('',*,*,#1664,.T.);
#1069=ORIENTED_EDGE('',*,*,#1665,.T.);
#1070=ORIENTED_EDGE('',*,*,#1666,.T.);
#1071=ORIENTED_EDGE('',*,*,#1667,.T.);
#1072=ORIENTED_EDGE('',*,*,#1668,.T.);
#1073=ORIENTED_EDGE('',*,*,#1669,.T.);
#1074=ORIENTED_EDGE('',*,*,#1670,.T.);
#1075=ORIENTED_EDGE('',*,*,#1671,.T.);
#1076=ORIENTED_EDGE('',*,*,#1672,.T.);
#1077=ORIENTED_EDGE('',*,*,#1673,.T.);
#1078=ORIENTED_EDGE('',*,*,#1674,.T.);
#1079=ORIENTED_EDGE('',*,*,#1675,.T.);
#1080=ORIENTED_EDGE('',*,*,#1676,.T.);
#1081=ORIENTED_EDGE('',*,*,#1677,.T.);
#1082=ORIENTED_EDGE('',*,*,#1678,.F.);
#1083=ORIENTED_EDGE('',*,*,#1679,.T.);
#1084=ORIENTED_EDGE('',*,*,#1680,.F.);
#1085=ORIENTED_EDGE('',*,*,#1681,.T.);
#1086=ORIENTED_EDGE('',*,*,#1645,.F.);
#1087=ORIENTED_EDGE('',*,*,#1682,.F.);
#1088=ORIENTED_EDGE('',*,*,#1683,.T.);
#1089=ORIENTED_EDGE('',*,*,#1684,.T.);
#1090=ORIENTED_EDGE('',*,*,#1685,.F.);
#1091=ORIENTED_EDGE('',*,*,#1686,.F.);
#1092=ORIENTED_EDGE('',*,*,#1687,.F.);
#1093=ORIENTED_EDGE('',*,*,#1688,.T.);
#1094=ORIENTED_EDGE('',*,*,#1689,.T.);
#1095=ORIENTED_EDGE('',*,*,#1690,.T.);
#1096=ORIENTED_EDGE('',*,*,#1691,.T.);
#1097=ORIENTED_EDGE('',*,*,#1692,.T.);
#1098=ORIENTED_EDGE('',*,*,#1693,.T.);
#1099=ORIENTED_EDGE('',*,*,#1694,.T.);
#1100=ORIENTED_EDGE('',*,*,#1695,.F.);
#1101=ORIENTED_EDGE('',*,*,#1696,.T.);
#1102=ORIENTED_EDGE('',*,*,#1697,.F.);
#1103=ORIENTED_EDGE('',*,*,#1698,.T.);
#1104=ORIENTED_EDGE('',*,*,#1699,.T.);
#1105=ORIENTED_EDGE('',*,*,#1700,.T.);
#1106=ORIENTED_EDGE('',*,*,#1701,.T.);
#1107=ORIENTED_EDGE('',*,*,#1702,.T.);
#1108=ORIENTED_EDGE('',*,*,#1703,.T.);
#1109=ORIENTED_EDGE('',*,*,#1704,.T.);
#1110=ORIENTED_EDGE('',*,*,#1705,.T.);
#1111=ORIENTED_EDGE('',*,*,#1706,.F.);
#1112=ORIENTED_EDGE('',*,*,#1707,.F.);
#1113=ORIENTED_EDGE('',*,*,#1708,.T.);
#1114=ORIENTED_EDGE('',*,*,#1709,.T.);
#1115=ORIENTED_EDGE('',*,*,#1710,.T.);
#1116=ORIENTED_EDGE('',*,*,#1711,.T.);
#1117=ORIENTED_EDGE('',*,*,#1712,.T.);
#1118=ORIENTED_EDGE('',*,*,#1713,.T.);
#1119=ORIENTED_EDGE('',*,*,#1714,.T.);
#1120=ORIENTED_EDGE('',*,*,#1715,.T.);
#1121=ORIENTED_EDGE('',*,*,#1716,.T.);
#1122=ORIENTED_EDGE('',*,*,#1717,.T.);
#1123=ORIENTED_EDGE('',*,*,#1718,.T.);
#1124=ORIENTED_EDGE('',*,*,#1719,.T.);
#1125=ORIENTED_EDGE('',*,*,#1720,.T.);
#1126=ORIENTED_EDGE('',*,*,#1721,.T.);
#1127=ORIENTED_EDGE('',*,*,#1722,.T.);
#1128=ORIENTED_EDGE('',*,*,#1723,.T.);
#1129=ORIENTED_EDGE('',*,*,#1724,.T.);
#1130=ORIENTED_EDGE('',*,*,#1725,.T.);
#1131=ORIENTED_EDGE('',*,*,#1680,.T.);
#1132=ORIENTED_EDGE('',*,*,#1726,.T.);
#1133=ORIENTED_EDGE('',*,*,#1688,.F.);
#1134=ORIENTED_EDGE('',*,*,#1727,.T.);
#1135=ORIENTED_EDGE('',*,*,#1710,.F.);
#1136=ORIENTED_EDGE('',*,*,#1728,.T.);
#1137=ORIENTED_EDGE('',*,*,#1649,.F.);
#1138=ORIENTED_EDGE('',*,*,#1729,.T.);
#1139=ORIENTED_EDGE('',*,*,#1682,.T.);
#1140=ORIENTED_EDGE('',*,*,#1730,.F.);
#1141=ORIENTED_EDGE('',*,*,#1704,.F.);
#1142=ORIENTED_EDGE('',*,*,#1731,.T.);
#1143=ORIENTED_EDGE('',*,*,#1683,.F.);
#1144=ORIENTED_EDGE('',*,*,#1731,.F.);
#1145=ORIENTED_EDGE('',*,*,#1707,.T.);
#1146=ORIENTED_EDGE('',*,*,#1732,.T.);
#1147=ORIENTED_EDGE('',*,*,#1684,.F.);
#1148=ORIENTED_EDGE('',*,*,#1732,.F.);
#1149=ORIENTED_EDGE('',*,*,#1706,.T.);
#1150=ORIENTED_EDGE('',*,*,#1733,.T.);
#1151=ORIENTED_EDGE('',*,*,#1734,.T.);
#1152=ORIENTED_EDGE('',*,*,#1735,.T.);
#1153=ORIENTED_EDGE('',*,*,#1736,.T.);
#1154=ORIENTED_EDGE('',*,*,#1737,.T.);
#1155=ORIENTED_EDGE('',*,*,#1738,.T.);
#1156=ORIENTED_EDGE('',*,*,#1739,.T.);
#1157=ORIENTED_EDGE('',*,*,#1740,.T.);
#1158=ORIENTED_EDGE('',*,*,#1741,.T.);
#1159=ORIENTED_EDGE('',*,*,#1719,.F.);
#1160=ORIENTED_EDGE('',*,*,#1742,.T.);
#1161=ORIENTED_EDGE('',*,*,#1695,.T.);
#1162=ORIENTED_EDGE('',*,*,#1743,.T.);
#1163=ORIENTED_EDGE('',*,*,#1709,.F.);
#1164=ORIENTED_EDGE('',*,*,#1687,.T.);
#1165=ORIENTED_EDGE('',*,*,#1708,.F.);
#1166=ORIENTED_EDGE('',*,*,#1686,.T.);
#1167=ORIENTED_EDGE('',*,*,#1685,.T.);
#1168=ORIENTED_EDGE('',*,*,#1733,.F.);
#1169=ORIENTED_EDGE('',*,*,#1705,.F.);
#1170=ORIENTED_EDGE('',*,*,#1730,.T.);
#1171=ORIENTED_EDGE('',*,*,#1744,.T.);
#1172=ORIENTED_EDGE('',*,*,#1745,.T.);
#1173=ORIENTED_EDGE('',*,*,#1746,.T.);
#1174=ORIENTED_EDGE('',*,*,#1747,.T.);
#1175=ORIENTED_EDGE('',*,*,#1717,.F.);
#1176=ORIENTED_EDGE('',*,*,#1748,.T.);
#1177=ORIENTED_EDGE('',*,*,#1697,.T.);
#1178=ORIENTED_EDGE('',*,*,#1749,.T.);
#1179=ORIENTED_EDGE('',*,*,#1736,.F.);
#1180=ORIENTED_EDGE('',*,*,#1750,.T.);
#1181=ORIENTED_EDGE('',*,*,#1751,.F.);
#1182=ORIENTED_EDGE('',*,*,#1752,.T.);
#1183=ORIENTED_EDGE('',*,*,#1751,.T.);
#1184=ORIENTED_EDGE('',*,*,#1753,.T.);
#1185=ORIENTED_EDGE('',*,*,#1652,.F.);
#1186=ORIENTED_EDGE('',*,*,#1754,.T.);
#1187=ORIENTED_EDGE('',*,*,#1755,.F.);
#1188=ORIENTED_EDGE('',*,*,#1756,.T.);
#1189=ORIENTED_EDGE('',*,*,#1744,.F.);
#1190=ORIENTED_EDGE('',*,*,#1757,.T.);
#1191=ORIENTED_EDGE('',*,*,#1667,.F.);
#1192=ORIENTED_EDGE('',*,*,#1758,.T.);
#1193=ORIENTED_EDGE('',*,*,#1755,.T.);
#1194=ORIENTED_EDGE('',*,*,#1759,.T.);
#1195=ORIENTED_EDGE('',*,*,#1740,.F.);
#1196=ORIENTED_EDGE('',*,*,#1760,.T.);
#1197=ORIENTED_EDGE('',*,*,#1734,.F.);
#1198=ORIENTED_EDGE('',*,*,#1761,.T.);
#1199=ORIENTED_EDGE('',*,*,#1746,.F.);
#1200=ORIENTED_EDGE('',*,*,#1762,.T.);
#1201=ORIENTED_EDGE('',*,*,#1738,.F.);
#1202=ORIENTED_EDGE('',*,*,#1763,.T.);
#1203=ORIENTED_EDGE('',*,*,#1764,.F.);
#1204=ORIENTED_EDGE('',*,*,#1765,.T.);
#1205=ORIENTED_EDGE('',*,*,#1766,.T.);
#1206=ORIENTED_EDGE('',*,*,#1767,.T.);
#1207=ORIENTED_EDGE('',*,*,#1768,.T.);
#1208=ORIENTED_EDGE('',*,*,#1769,.F.);
#1209=ORIENTED_EDGE('',*,*,#1770,.T.);
#1210=ORIENTED_EDGE('',*,*,#1771,.T.);
#1211=ORIENTED_EDGE('',*,*,#1772,.T.);
#1212=ORIENTED_EDGE('',*,*,#1773,.T.);
#1213=ORIENTED_EDGE('',*,*,#1767,.F.);
#1214=ORIENTED_EDGE('',*,*,#1774,.T.);
#1215=ORIENTED_EDGE('',*,*,#1678,.T.);
#1216=ORIENTED_EDGE('',*,*,#1775,.T.);
#1217=ORIENTED_EDGE('',*,*,#1647,.T.);
#1218=ORIENTED_EDGE('',*,*,#1776,.T.);
#1219=ORIENTED_EDGE('',*,*,#1770,.F.);
#1220=ORIENTED_EDGE('',*,*,#1777,.T.);
#1221=ORIENTED_EDGE('',*,*,#1778,.T.);
#1222=ORIENTED_EDGE('',*,*,#1779,.T.);
#1223=ORIENTED_EDGE('',*,*,#1780,.T.);
#1224=ORIENTED_EDGE('',*,*,#1781,.T.);
#1225=ORIENTED_EDGE('',*,*,#1780,.F.);
#1226=ORIENTED_EDGE('',*,*,#1782,.T.);
#1227=ORIENTED_EDGE('',*,*,#1765,.F.);
#1228=ORIENTED_EDGE('',*,*,#1783,.T.);
#1229=ORIENTED_EDGE('',*,*,#1772,.F.);
#1230=ORIENTED_EDGE('',*,*,#1784,.T.);
#1231=ORIENTED_EDGE('',*,*,#1778,.F.);
#1232=ORIENTED_EDGE('',*,*,#1785,.T.);
#1233=ORIENTED_EDGE('',*,*,#1769,.T.);
#1234=ORIENTED_EDGE('',*,*,#1764,.T.);
#1235=ORIENTED_EDGE('',*,*,#1786,.F.);
#1236=ORIENTED_EDGE('',*,*,#1727,.F.);
#1237=ORIENTED_EDGE('',*,*,#1787,.F.);
#1238=ORIENTED_EDGE('',*,*,#1665,.F.);
#1239=ORIENTED_EDGE('',*,*,#1787,.T.);
#1240=ORIENTED_EDGE('',*,*,#1703,.F.);
#1241=ORIENTED_EDGE('',*,*,#1788,.F.);
#1242=ORIENTED_EDGE('',*,*,#1666,.F.);
#1243=ORIENTED_EDGE('',*,*,#1786,.T.);
#1244=ORIENTED_EDGE('',*,*,#1677,.F.);
#1245=ORIENTED_EDGE('',*,*,#1789,.F.);
#1246=ORIENTED_EDGE('',*,*,#1681,.F.);
#1247=ORIENTED_EDGE('',*,*,#1788,.T.);
#1248=ORIENTED_EDGE('',*,*,#1702,.F.);
#1249=ORIENTED_EDGE('',*,*,#1790,.F.);
#1250=ORIENTED_EDGE('',*,*,#1758,.F.);
#1251=ORIENTED_EDGE('',*,*,#1789,.T.);
#1252=ORIENTED_EDGE('',*,*,#1676,.F.);
#1253=ORIENTED_EDGE('',*,*,#1791,.F.);
#1254=ORIENTED_EDGE('',*,*,#1775,.F.);
#1255=ORIENTED_EDGE('',*,*,#1790,.T.);
#1256=ORIENTED_EDGE('',*,*,#1701,.F.);
#1257=ORIENTED_EDGE('',*,*,#1792,.F.);
#1258=ORIENTED_EDGE('',*,*,#1756,.F.);
#1259=ORIENTED_EDGE('',*,*,#1791,.T.);
#1260=ORIENTED_EDGE('',*,*,#1675,.F.);
#1261=ORIENTED_EDGE('',*,*,#1793,.F.);
#1262=ORIENTED_EDGE('',*,*,#1768,.F.);
#1263=ORIENTED_EDGE('',*,*,#1792,.T.);
#1264=ORIENTED_EDGE('',*,*,#1700,.F.);
#1265=ORIENTED_EDGE('',*,*,#1794,.F.);
#1266=ORIENTED_EDGE('',*,*,#1745,.F.);
#1267=ORIENTED_EDGE('',*,*,#1783,.F.);
#1268=ORIENTED_EDGE('',*,*,#1793,.T.);
#1269=ORIENTED_EDGE('',*,*,#1795,.F.);
#1270=ORIENTED_EDGE('',*,*,#1794,.T.);
#1271=ORIENTED_EDGE('',*,*,#1699,.F.);
#1272=ORIENTED_EDGE('',*,*,#1796,.F.);
#1273=ORIENTED_EDGE('',*,*,#1762,.F.);
#1274=ORIENTED_EDGE('',*,*,#1795,.T.);
#1275=ORIENTED_EDGE('',*,*,#1674,.F.);
#1276=ORIENTED_EDGE('',*,*,#1797,.F.);
#1277=ORIENTED_EDGE('',*,*,#1781,.F.);
#1278=ORIENTED_EDGE('',*,*,#1743,.F.);
#1279=ORIENTED_EDGE('',*,*,#1694,.F.);
#1280=ORIENTED_EDGE('',*,*,#1798,.F.);
#1281=ORIENTED_EDGE('',*,*,#1739,.F.);
#1282=ORIENTED_EDGE('',*,*,#1796,.T.);
#1283=ORIENTED_EDGE('',*,*,#1698,.F.);
#1284=ORIENTED_EDGE('',*,*,#1749,.F.);
#1285=ORIENTED_EDGE('',*,*,#1696,.F.);
#1286=ORIENTED_EDGE('',*,*,#1785,.F.);
#1287=ORIENTED_EDGE('',*,*,#1797,.T.);
#1288=ORIENTED_EDGE('',*,*,#1799,.F.);
#1289=ORIENTED_EDGE('',*,*,#1798,.T.);
#1290=ORIENTED_EDGE('',*,*,#1693,.F.);
#1291=ORIENTED_EDGE('',*,*,#1800,.F.);
#1292=ORIENTED_EDGE('',*,*,#1760,.F.);
#1293=ORIENTED_EDGE('',*,*,#1799,.T.);
#1294=ORIENTED_EDGE('',*,*,#1673,.F.);
#1295=ORIENTED_EDGE('',*,*,#1801,.F.);
#1296=ORIENTED_EDGE('',*,*,#1773,.F.);
#1297=ORIENTED_EDGE('',*,*,#1800,.T.);
#1298=ORIENTED_EDGE('',*,*,#1692,.F.);
#1299=ORIENTED_EDGE('',*,*,#1802,.F.);
#1300=ORIENTED_EDGE('',*,*,#1735,.F.);
#1301=ORIENTED_EDGE('',*,*,#1801,.T.);
#1302=ORIENTED_EDGE('',*,*,#1672,.F.);
#1303=ORIENTED_EDGE('',*,*,#1803,.F.);
#1304=ORIENTED_EDGE('',*,*,#1777,.F.);
#1305=ORIENTED_EDGE('',*,*,#1802,.T.);
#1306=ORIENTED_EDGE('',*,*,#1691,.F.);
#1307=ORIENTED_EDGE('',*,*,#1804,.F.);
#1308=ORIENTED_EDGE('',*,*,#1750,.F.);
#1309=ORIENTED_EDGE('',*,*,#1803,.T.);
#1310=ORIENTED_EDGE('',*,*,#1671,.F.);
#1311=ORIENTED_EDGE('',*,*,#1638,.F.);
#1312=ORIENTED_EDGE('',*,*,#1648,.F.);
#1313=ORIENTED_EDGE('',*,*,#1804,.T.);
#1314=ORIENTED_EDGE('',*,*,#1690,.F.);
#1315=ORIENTED_EDGE('',*,*,#1805,.F.);
#1316=ORIENTED_EDGE('',*,*,#1753,.F.);
#1317=ORIENTED_EDGE('',*,*,#1639,.F.);
#1318=ORIENTED_EDGE('',*,*,#1670,.F.);
#1319=ORIENTED_EDGE('',*,*,#1806,.F.);
#1320=ORIENTED_EDGE('',*,*,#1651,.F.);
#1321=ORIENTED_EDGE('',*,*,#1805,.T.);
#1322=ORIENTED_EDGE('',*,*,#1689,.F.);
#1323=ORIENTED_EDGE('',*,*,#1807,.F.);
#1324=ORIENTED_EDGE('',*,*,#1653,.F.);
#1325=ORIENTED_EDGE('',*,*,#1806,.T.);
#1326=ORIENTED_EDGE('',*,*,#1669,.F.);
#1327=ORIENTED_EDGE('',*,*,#1808,.F.);
#1328=ORIENTED_EDGE('',*,*,#1729,.F.);
#1329=ORIENTED_EDGE('',*,*,#1807,.T.);
#1330=ORIENTED_EDGE('',*,*,#1726,.F.);
#1331=ORIENTED_EDGE('',*,*,#1809,.F.);
#1332=ORIENTED_EDGE('',*,*,#1654,.F.);
#1333=ORIENTED_EDGE('',*,*,#1808,.T.);
#1334=ORIENTED_EDGE('',*,*,#1668,.F.);
#1335=ORIENTED_EDGE('',*,*,#1810,.F.);
#1336=ORIENTED_EDGE('',*,*,#1711,.F.);
#1337=ORIENTED_EDGE('',*,*,#1809,.T.);
#1338=ORIENTED_EDGE('',*,*,#1679,.F.);
#1339=ORIENTED_EDGE('',*,*,#1811,.F.);
#1340=ORIENTED_EDGE('',*,*,#1655,.F.);
#1341=ORIENTED_EDGE('',*,*,#1810,.T.);
#1342=ORIENTED_EDGE('',*,*,#1759,.F.);
#1343=ORIENTED_EDGE('',*,*,#1812,.F.);
#1344=ORIENTED_EDGE('',*,*,#1712,.F.);
#1345=ORIENTED_EDGE('',*,*,#1811,.T.);
#1346=ORIENTED_EDGE('',*,*,#1774,.F.);
#1347=ORIENTED_EDGE('',*,*,#1813,.F.);
#1348=ORIENTED_EDGE('',*,*,#1656,.F.);
#1349=ORIENTED_EDGE('',*,*,#1812,.T.);
#1350=ORIENTED_EDGE('',*,*,#1757,.F.);
#1351=ORIENTED_EDGE('',*,*,#1814,.F.);
#1352=ORIENTED_EDGE('',*,*,#1713,.F.);
#1353=ORIENTED_EDGE('',*,*,#1813,.T.);
#1354=ORIENTED_EDGE('',*,*,#1766,.F.);
#1355=ORIENTED_EDGE('',*,*,#1815,.F.);
#1356=ORIENTED_EDGE('',*,*,#1657,.F.);
#1357=ORIENTED_EDGE('',*,*,#1814,.T.);
#1358=ORIENTED_EDGE('',*,*,#1747,.F.);
#1359=ORIENTED_EDGE('',*,*,#1816,.F.);
#1360=ORIENTED_EDGE('',*,*,#1714,.F.);
#1361=ORIENTED_EDGE('',*,*,#1815,.T.);
#1362=ORIENTED_EDGE('',*,*,#1782,.F.);
#1363=ORIENTED_EDGE('',*,*,#1817,.F.);
#1364=ORIENTED_EDGE('',*,*,#1816,.T.);
#1365=ORIENTED_EDGE('',*,*,#1763,.F.);
#1366=ORIENTED_EDGE('',*,*,#1818,.F.);
#1367=ORIENTED_EDGE('',*,*,#1715,.F.);
#1368=ORIENTED_EDGE('',*,*,#1817,.T.);
#1369=ORIENTED_EDGE('',*,*,#1779,.F.);
#1370=ORIENTED_EDGE('',*,*,#1819,.F.);
#1371=ORIENTED_EDGE('',*,*,#1658,.F.);
#1372=ORIENTED_EDGE('',*,*,#1818,.T.);
#1373=ORIENTED_EDGE('',*,*,#1741,.F.);
#1374=ORIENTED_EDGE('',*,*,#1820,.F.);
#1375=ORIENTED_EDGE('',*,*,#1720,.F.);
#1376=ORIENTED_EDGE('',*,*,#1742,.F.);
#1377=ORIENTED_EDGE('',*,*,#1718,.F.);
#1378=ORIENTED_EDGE('',*,*,#1748,.F.);
#1379=ORIENTED_EDGE('',*,*,#1716,.F.);
#1380=ORIENTED_EDGE('',*,*,#1819,.T.);
#1381=ORIENTED_EDGE('',*,*,#1784,.F.);
#1382=ORIENTED_EDGE('',*,*,#1821,.F.);
#1383=ORIENTED_EDGE('',*,*,#1820,.T.);
#1384=ORIENTED_EDGE('',*,*,#1761,.F.);
#1385=ORIENTED_EDGE('',*,*,#1822,.F.);
#1386=ORIENTED_EDGE('',*,*,#1721,.F.);
#1387=ORIENTED_EDGE('',*,*,#1821,.T.);
#1388=ORIENTED_EDGE('',*,*,#1771,.F.);
#1389=ORIENTED_EDGE('',*,*,#1823,.F.);
#1390=ORIENTED_EDGE('',*,*,#1659,.F.);
#1391=ORIENTED_EDGE('',*,*,#1822,.T.);
#1392=ORIENTED_EDGE('',*,*,#1737,.F.);
#1393=ORIENTED_EDGE('',*,*,#1824,.F.);
#1394=ORIENTED_EDGE('',*,*,#1722,.F.);
#1395=ORIENTED_EDGE('',*,*,#1823,.T.);
#1396=ORIENTED_EDGE('',*,*,#1776,.F.);
#1397=ORIENTED_EDGE('',*,*,#1825,.F.);
#1398=ORIENTED_EDGE('',*,*,#1660,.F.);
#1399=ORIENTED_EDGE('',*,*,#1824,.T.);
#1400=ORIENTED_EDGE('',*,*,#1752,.F.);
#1401=ORIENTED_EDGE('',*,*,#1826,.F.);
#1402=ORIENTED_EDGE('',*,*,#1723,.F.);
#1403=ORIENTED_EDGE('',*,*,#1646,.F.);
#1404=ORIENTED_EDGE('',*,*,#1642,.F.);
#1405=ORIENTED_EDGE('',*,*,#1661,.F.);
#1406=ORIENTED_EDGE('',*,*,#1825,.T.);
#1407=ORIENTED_EDGE('',*,*,#1826,.T.);
#1408=ORIENTED_EDGE('',*,*,#1754,.F.);
#1409=ORIENTED_EDGE('',*,*,#1827,.F.);
#1410=ORIENTED_EDGE('',*,*,#1724,.F.);
#1411=ORIENTED_EDGE('',*,*,#1641,.F.);
#1412=ORIENTED_EDGE('',*,*,#1650,.F.);
#1413=ORIENTED_EDGE('',*,*,#1828,.F.);
#1414=ORIENTED_EDGE('',*,*,#1662,.F.);
#1415=ORIENTED_EDGE('',*,*,#1827,.T.);
#1416=ORIENTED_EDGE('',*,*,#1664,.F.);
#1417=ORIENTED_EDGE('',*,*,#1829,.F.);
#1418=ORIENTED_EDGE('',*,*,#1725,.F.);
#1419=ORIENTED_EDGE('',*,*,#1828,.T.);
#1420=ORIENTED_EDGE('',*,*,#1728,.F.);
#1421=ORIENTED_EDGE('',*,*,#1829,.T.);
#1422=ORIENTED_EDGE('',*,*,#1663,.F.);
#1423=EDGE_CURVE('',#1830,#1830,#2089,.T.);
#1424=EDGE_CURVE('',#1831,#1831,#2090,.T.);
#1425=EDGE_CURVE('',#1832,#1833,#2091,.T.);
#1426=EDGE_CURVE('',#1834,#1832,#113,.T.);
#1427=EDGE_CURVE('',#1834,#1835,#2092,.T.);
#1428=EDGE_CURVE('',#1835,#1833,#114,.T.);
#1429=EDGE_CURVE('',#1836,#1832,#115,.T.);
#1430=EDGE_CURVE('',#1837,#1836,#116,.T.);
#1431=EDGE_CURVE('',#1837,#1834,#117,.T.);
#1432=EDGE_CURVE('',#1836,#1838,#118,.T.);
#1433=EDGE_CURVE('',#1839,#1838,#119,.T.);
#1434=EDGE_CURVE('',#1837,#1839,#120,.T.);
#1435=EDGE_CURVE('',#1838,#1840,#121,.T.);
#1436=EDGE_CURVE('',#1841,#1840,#122,.T.);
#1437=EDGE_CURVE('',#1839,#1841,#123,.T.);
#1438=EDGE_CURVE('',#1842,#1840,#2093,.T.);
#1439=EDGE_CURVE('',#1843,#1842,#124,.T.);
#1440=EDGE_CURVE('',#1843,#1841,#2094,.T.);
#1441=EDGE_CURVE('',#1842,#1844,#125,.T.);
#1442=EDGE_CURVE('',#1845,#1844,#126,.T.);
#1443=EDGE_CURVE('',#1843,#1845,#127,.T.);
#1444=EDGE_CURVE('',#1844,#1846,#128,.T.);
#1445=EDGE_CURVE('',#1847,#1846,#129,.T.);
#1446=EDGE_CURVE('',#1845,#1847,#130,.T.);
#1447=EDGE_CURVE('',#1848,#1846,#2095,.T.);
#1448=EDGE_CURVE('',#1849,#1848,#131,.T.);
#1449=EDGE_CURVE('',#1849,#1847,#2096,.T.);
#1450=EDGE_CURVE('',#1848,#1850,#132,.T.);
#1451=EDGE_CURVE('',#1851,#1850,#133,.T.);
#1452=EDGE_CURVE('',#1849,#1851,#134,.T.);
#1453=EDGE_CURVE('',#1850,#1852,#135,.T.);
#1454=EDGE_CURVE('',#1853,#1852,#136,.T.);
#1455=EDGE_CURVE('',#1851,#1853,#137,.T.);
#1456=EDGE_CURVE('',#1854,#1852,#2097,.T.);
#1457=EDGE_CURVE('',#1855,#1854,#138,.T.);
#1458=EDGE_CURVE('',#1855,#1853,#2098,.T.);
#1459=EDGE_CURVE('',#1854,#1856,#139,.T.);
#1460=EDGE_CURVE('',#1857,#1856,#140,.T.);
#1461=EDGE_CURVE('',#1855,#1857,#141,.T.);
#1462=EDGE_CURVE('',#1856,#1858,#142,.T.);
#1463=EDGE_CURVE('',#1859,#1858,#143,.T.);
#1464=EDGE_CURVE('',#1857,#1859,#144,.T.);
#1465=EDGE_CURVE('',#1860,#1858,#2099,.T.);
#1466=EDGE_CURVE('',#1861,#1860,#145,.T.);
#1467=EDGE_CURVE('',#1861,#1859,#2100,.T.);
#1468=EDGE_CURVE('',#1860,#1862,#146,.T.);
#1469=EDGE_CURVE('',#1863,#1862,#147,.T.);
#1470=EDGE_CURVE('',#1861,#1863,#148,.T.);
#1471=EDGE_CURVE('',#1862,#1864,#149,.T.);
#1472=EDGE_CURVE('',#1865,#1864,#150,.T.);
#1473=EDGE_CURVE('',#1863,#1865,#151,.T.);
#1474=EDGE_CURVE('',#1866,#1864,#2101,.T.);
#1475=EDGE_CURVE('',#1867,#1866,#152,.T.);
#1476=EDGE_CURVE('',#1867,#1865,#2102,.T.);
#1477=EDGE_CURVE('',#1866,#1868,#153,.T.);
#1478=EDGE_CURVE('',#1869,#1868,#154,.T.);
#1479=EDGE_CURVE('',#1867,#1869,#155,.T.);
#1480=EDGE_CURVE('',#1868,#1870,#156,.T.);
#1481=EDGE_CURVE('',#1871,#1870,#157,.T.);
#1482=EDGE_CURVE('',#1869,#1871,#158,.T.);
#1483=EDGE_CURVE('',#1872,#1870,#2103,.T.);
#1484=EDGE_CURVE('',#1873,#1872,#159,.T.);
#1485=EDGE_CURVE('',#1873,#1871,#2104,.T.);
#1486=EDGE_CURVE('',#1872,#1874,#160,.T.);
#1487=EDGE_CURVE('',#1875,#1874,#161,.T.);
#1488=EDGE_CURVE('',#1873,#1875,#162,.T.);
#1489=EDGE_CURVE('',#1874,#1876,#163,.T.);
#1490=EDGE_CURVE('',#1877,#1876,#164,.T.);
#1491=EDGE_CURVE('',#1875,#1877,#165,.T.);
#1492=EDGE_CURVE('',#1878,#1876,#2105,.T.);
#1493=EDGE_CURVE('',#1879,#1878,#166,.T.);
#1494=EDGE_CURVE('',#1879,#1877,#2106,.T.);
#1495=EDGE_CURVE('',#1878,#1880,#167,.T.);
#1496=EDGE_CURVE('',#1881,#1880,#168,.T.);
#1497=EDGE_CURVE('',#1879,#1881,#169,.T.);
#1498=EDGE_CURVE('',#1880,#1882,#170,.T.);
#1499=EDGE_CURVE('',#1883,#1882,#171,.T.);
#1500=EDGE_CURVE('',#1881,#1883,#172,.T.);
#1501=EDGE_CURVE('',#1884,#1882,#2107,.T.);
#1502=EDGE_CURVE('',#1885,#1884,#173,.T.);
#1503=EDGE_CURVE('',#1885,#1883,#2108,.T.);
#1504=EDGE_CURVE('',#1884,#1886,#174,.T.);
#1505=EDGE_CURVE('',#1887,#1886,#175,.T.);
#1506=EDGE_CURVE('',#1885,#1887,#176,.T.);
#1507=EDGE_CURVE('',#1886,#1888,#177,.T.);
#1508=EDGE_CURVE('',#1889,#1888,#178,.T.);
#1509=EDGE_CURVE('',#1887,#1889,#179,.T.);
#1510=EDGE_CURVE('',#1890,#1888,#2109,.T.);
#1511=EDGE_CURVE('',#1891,#1890,#180,.T.);
#1512=EDGE_CURVE('',#1891,#1889,#2110,.T.);
#1513=EDGE_CURVE('',#1890,#1892,#181,.T.);
#1514=EDGE_CURVE('',#1893,#1892,#182,.T.);
#1515=EDGE_CURVE('',#1891,#1893,#183,.T.);
#1516=EDGE_CURVE('',#1892,#1894,#184,.T.);
#1517=EDGE_CURVE('',#1895,#1894,#185,.T.);
#1518=EDGE_CURVE('',#1893,#1895,#186,.T.);
#1519=EDGE_CURVE('',#1896,#1894,#2111,.T.);
#1520=EDGE_CURVE('',#1897,#1896,#187,.T.);
#1521=EDGE_CURVE('',#1897,#1895,#2112,.T.);
#1522=EDGE_CURVE('',#1896,#1898,#188,.T.);
#1523=EDGE_CURVE('',#1899,#1898,#189,.T.);
#1524=EDGE_CURVE('',#1897,#1899,#190,.T.);
#1525=EDGE_CURVE('',#1898,#1900,#191,.T.);
#1526=EDGE_CURVE('',#1901,#1900,#192,.T.);
#1527=EDGE_CURVE('',#1899,#1901,#193,.T.);
#1528=EDGE_CURVE('',#1900,#1902,#194,.T.);
#1529=EDGE_CURVE('',#1903,#1902,#195,.T.);
#1530=EDGE_CURVE('',#1901,#1903,#196,.T.);
#1531=EDGE_CURVE('',#1904,#1902,#2113,.T.);
#1532=EDGE_CURVE('',#1905,#1904,#197,.T.);
#1533=EDGE_CURVE('',#1905,#1903,#2114,.T.);
#1534=EDGE_CURVE('',#1906,#1904,#198,.T.);
#1535=EDGE_CURVE('',#1907,#1906,#199,.T.);
#1536=EDGE_CURVE('',#1907,#1905,#200,.T.);
#1537=EDGE_CURVE('',#1908,#1906,#201,.T.);
#1538=EDGE_CURVE('',#1909,#1908,#202,.T.);
#1539=EDGE_CURVE('',#1909,#1907,#203,.T.);
#1540=EDGE_CURVE('',#1910,#1908,#204,.T.);
#1541=EDGE_CURVE('',#1911,#1910,#205,.T.);
#1542=EDGE_CURVE('',#1911,#1909,#206,.T.);
#1543=EDGE_CURVE('',#1912,#1910,#2115,.T.);
#1544=EDGE_CURVE('',#1913,#1912,#207,.T.);
#1545=EDGE_CURVE('',#1913,#1911,#2116,.T.);
#1546=EDGE_CURVE('',#1914,#1912,#208,.T.);
#1547=EDGE_CURVE('',#1915,#1914,#209,.T.);
#1548=EDGE_CURVE('',#1915,#1913,#210,.T.);
#1549=EDGE_CURVE('',#1916,#1914,#211,.T.);
#1550=EDGE_CURVE('',#1917,#1916,#212,.T.);
#1551=EDGE_CURVE('',#1917,#1915,#213,.T.);
#1552=EDGE_CURVE('',#1918,#1916,#2117,.T.);
#1553=EDGE_CURVE('',#1919,#1918,#214,.T.);
#1554=EDGE_CURVE('',#1919,#1917,#2118,.T.);
#1555=EDGE_CURVE('',#1920,#1918,#215,.T.);
#1556=EDGE_CURVE('',#1921,#1920,#216,.T.);
#1557=EDGE_CURVE('',#1921,#1919,#217,.T.);
#1558=EDGE_CURVE('',#1922,#1920,#218,.T.);
#1559=EDGE_CURVE('',#1923,#1922,#219,.T.);
#1560=EDGE_CURVE('',#1923,#1921,#220,.T.);
#1561=EDGE_CURVE('',#1924,#1922,#2119,.T.);
#1562=EDGE_CURVE('',#1925,#1924,#221,.T.);
#1563=EDGE_CURVE('',#1925,#1923,#2120,.T.);
#1564=EDGE_CURVE('',#1926,#1924,#222,.T.);
#1565=EDGE_CURVE('',#1927,#1926,#223,.T.);
#1566=EDGE_CURVE('',#1927,#1925,#224,.T.);
#1567=EDGE_CURVE('',#1928,#1926,#225,.T.);
#1568=EDGE_CURVE('',#1929,#1928,#226,.T.);
#1569=EDGE_CURVE('',#1929,#1927,#227,.T.);
#1570=EDGE_CURVE('',#1930,#1928,#2121,.T.);
#1571=EDGE_CURVE('',#1931,#1930,#228,.T.);
#1572=EDGE_CURVE('',#1931,#1929,#2122,.T.);
#1573=EDGE_CURVE('',#1932,#1930,#229,.T.);
#1574=EDGE_CURVE('',#1933,#1932,#230,.T.);
#1575=EDGE_CURVE('',#1933,#1931,#231,.T.);
#1576=EDGE_CURVE('',#1934,#1932,#232,.T.);
#1577=EDGE_CURVE('',#1935,#1934,#233,.T.);
#1578=EDGE_CURVE('',#1935,#1933,#234,.T.);
#1579=EDGE_CURVE('',#1936,#1934,#2123,.T.);
#1580=EDGE_CURVE('',#1937,#1936,#235,.T.);
#1581=EDGE_CURVE('',#1937,#1935,#2124,.T.);
#1582=EDGE_CURVE('',#1938,#1936,#236,.T.);
#1583=EDGE_CURVE('',#1939,#1938,#237,.T.);
#1584=EDGE_CURVE('',#1939,#1937,#238,.T.);
#1585=EDGE_CURVE('',#1940,#1938,#239,.T.);
#1586=EDGE_CURVE('',#1941,#1940,#240,.T.);
#1587=EDGE_CURVE('',#1941,#1939,#241,.T.);
#1588=EDGE_CURVE('',#1942,#1940,#2125,.T.);
#1589=EDGE_CURVE('',#1943,#1942,#242,.T.);
#1590=EDGE_CURVE('',#1943,#1941,#2126,.T.);
#1591=EDGE_CURVE('',#1944,#1942,#243,.T.);
#1592=EDGE_CURVE('',#1945,#1944,#244,.T.);
#1593=EDGE_CURVE('',#1945,#1943,#245,.T.);
#1594=EDGE_CURVE('',#1946,#1944,#246,.T.);
#1595=EDGE_CURVE('',#1947,#1946,#247,.T.);
#1596=EDGE_CURVE('',#1947,#1945,#248,.T.);
#1597=EDGE_CURVE('',#1948,#1946,#2127,.T.);
#1598=EDGE_CURVE('',#1949,#1948,#249,.T.);
#1599=EDGE_CURVE('',#1949,#1947,#2128,.T.);
#1600=EDGE_CURVE('',#1950,#1948,#250,.T.);
#1601=EDGE_CURVE('',#1951,#1950,#251,.T.);
#1602=EDGE_CURVE('',#1951,#1949,#252,.T.);
#1603=EDGE_CURVE('',#1952,#1950,#253,.T.);
#1604=EDGE_CURVE('',#1953,#1952,#254,.T.);
#1605=EDGE_CURVE('',#1953,#1951,#255,.T.);
#1606=EDGE_CURVE('',#1954,#1952,#2129,.T.);
#1607=EDGE_CURVE('',#1955,#1954,#256,.T.);
#1608=EDGE_CURVE('',#1955,#1953,#2130,.T.);
#1609=EDGE_CURVE('',#1956,#1954,#257,.T.);
#1610=EDGE_CURVE('',#1957,#1956,#258,.T.);
#1611=EDGE_CURVE('',#1957,#1955,#259,.T.);
#1612=EDGE_CURVE('',#1958,#1956,#260,.T.);
#1613=EDGE_CURVE('',#1959,#1958,#261,.T.);
#1614=EDGE_CURVE('',#1959,#1957,#262,.T.);
#1615=EDGE_CURVE('',#1960,#1958,#2131,.T.);
#1616=EDGE_CURVE('',#1961,#1960,#263,.T.);
#1617=EDGE_CURVE('',#1961,#1959,#2132,.T.);
#1618=EDGE_CURVE('',#1962,#1960,#264,.T.);
#1619=EDGE_CURVE('',#1963,#1962,#265,.T.);
#1620=EDGE_CURVE('',#1963,#1961,#266,.T.);
#1621=EDGE_CURVE('',#1964,#1962,#267,.T.);
#1622=EDGE_CURVE('',#1965,#1964,#268,.T.);
#1623=EDGE_CURVE('',#1965,#1963,#269,.T.);
#1624=EDGE_CURVE('',#1966,#1964,#2133,.T.);
#1625=EDGE_CURVE('',#1967,#1966,#270,.T.);
#1626=EDGE_CURVE('',#1967,#1965,#2134,.T.);
#1627=EDGE_CURVE('',#1968,#1966,#271,.T.);
#1628=EDGE_CURVE('',#1969,#1968,#272,.T.);
#1629=EDGE_CURVE('',#1969,#1967,#273,.T.);
#1630=EDGE_CURVE('',#1970,#1968,#274,.T.);
#1631=EDGE_CURVE('',#1971,#1970,#275,.T.);
#1632=EDGE_CURVE('',#1971,#1969,#276,.T.);
#1633=EDGE_CURVE('',#1972,#1972,#2135,.T.);
#1634=EDGE_CURVE('',#1973,#1973,#2136,.T.);
#1635=EDGE_CURVE('',#1970,#1833,#277,.T.);
#1636=EDGE_CURVE('',#1971,#1835,#278,.T.);
#1637=EDGE_CURVE('',#1974,#1974,#2137,.T.);
#1638=EDGE_CURVE('',#1975,#1976,#36,.T.);
#1639=EDGE_CURVE('',#1976,#1977,#37,.F.);
#1640=EDGE_CURVE('',#1978,#1977,#2138,.T.);
#1641=EDGE_CURVE('',#1978,#1979,#38,.T.);
#1642=EDGE_CURVE('',#1979,#1980,#39,.F.);
#1643=EDGE_CURVE('',#1975,#1980,#2139,.T.);
#1644=EDGE_CURVE('',#1981,#1981,#2140,.T.);
#1645=EDGE_CURVE('',#1982,#1982,#2141,.T.);
#1646=EDGE_CURVE('',#1980,#1983,#279,.T.);
#1647=EDGE_CURVE('',#1984,#1983,#280,.T.);
#1648=EDGE_CURVE('',#1984,#1975,#281,.F.);
#1649=EDGE_CURVE('',#1985,#1986,#282,.T.);
#1650=EDGE_CURVE('',#1986,#1978,#283,.T.);
#1651=EDGE_CURVE('',#1977,#1985,#284,.F.);
#1652=EDGE_CURVE('',#1987,#1988,#285,.F.);
#1653=EDGE_CURVE('',#1988,#1989,#286,.F.);
#1654=EDGE_CURVE('',#1989,#1990,#2142,.F.);
#1655=EDGE_CURVE('',#1990,#1991,#287,.T.);
#1656=EDGE_CURVE('',#1991,#1992,#2143,.F.);
#1657=EDGE_CURVE('',#1992,#1993,#288,.T.);
#1658=EDGE_CURVE('',#1993,#1994,#289,.F.);
#1659=EDGE_CURVE('',#1994,#1995,#290,.F.);
#1660=EDGE_CURVE('',#1995,#1996,#2144,.T.);
#1661=EDGE_CURVE('',#1996,#1979,#291,.F.);
#1662=EDGE_CURVE('',#1979,#1997,#292,.F.);
#1663=EDGE_CURVE('',#1997,#1998,#2145,.T.);
#1664=EDGE_CURVE('',#1998,#1987,#293,.T.);
#1665=EDGE_CURVE('',#1999,#2000,#2146,.T.);
#1666=EDGE_CURVE('',#2000,#2001,#294,.T.);
#1667=EDGE_CURVE('',#2001,#2002,#295,.F.);
#1668=EDGE_CURVE('',#2002,#2003,#296,.F.);
#1669=EDGE_CURVE('',#2003,#2004,#2147,.F.);
#1670=EDGE_CURVE('',#2004,#1976,#297,.T.);
#1671=EDGE_CURVE('',#1976,#2005,#298,.T.);
#1672=EDGE_CURVE('',#2005,#2006,#2148,.F.);
#1673=EDGE_CURVE('',#2006,#2007,#299,.T.);
#1674=EDGE_CURVE('',#2007,#2008,#300,.F.);
#1675=EDGE_CURVE('',#2008,#2009,#301,.F.);
#1676=EDGE_CURVE('',#2009,#2010,#2149,.T.);
#1677=EDGE_CURVE('',#2010,#1999,#302,.F.);
#1678=EDGE_CURVE('',#2011,#2012,#303,.F.);
#1679=EDGE_CURVE('',#2011,#2013,#304,.F.);
#1680=EDGE_CURVE('',#2014,#2013,#305,.T.);
#1681=EDGE_CURVE('',#2014,#2012,#306,.T.);
#1682=EDGE_CURVE('',#2015,#2016,#307,.T.);
#1683=EDGE_CURVE('',#2015,#2017,#308,.T.);
#1684=EDGE_CURVE('',#2017,#2018,#309,.T.);
#1685=EDGE_CURVE('',#2016,#2018,#310,.T.);
#1686=EDGE_CURVE('',#2019,#2019,#2150,.T.);
#1687=EDGE_CURVE('',#2020,#2020,#2151,.T.);
#1688=EDGE_CURVE('',#2021,#2022,#311,.T.);
#1689=EDGE_CURVE('',#2022,#2023,#312,.T.);
#1690=EDGE_CURVE('',#2023,#2024,#2152,.F.);
#1691=EDGE_CURVE('',#2024,#2025,#2153,.T.);
#1692=EDGE_CURVE('',#2025,#2026,#313,.T.);
#1693=EDGE_CURVE('',#2026,#2027,#2154,.T.);
#1694=EDGE_CURVE('',#2027,#2028,#314,.T.);
#1695=EDGE_CURVE('',#2029,#2028,#2155,.T.);
#1696=EDGE_CURVE('',#2029,#2030,#315,.T.);
#1697=EDGE_CURVE('',#2031,#2030,#2156,.T.);
#1698=EDGE_CURVE('',#2031,#2032,#316,.T.);
#1699=EDGE_CURVE('',#2032,#2033,#2157,.T.);
#1700=EDGE_CURVE('',#2033,#2034,#317,.F.);
#1701=EDGE_CURVE('',#2034,#2035,#2158,.T.);
#1702=EDGE_CURVE('',#2035,#2036,#2159,.F.);
#1703=EDGE_CURVE('',#2036,#2021,#318,.F.);
#1704=EDGE_CURVE('',#2037,#2038,#319,.T.);
#1705=EDGE_CURVE('',#2038,#2039,#320,.T.);
#1706=EDGE_CURVE('',#2040,#2039,#321,.T.);
#1707=EDGE_CURVE('',#2037,#2040,#322,.T.);
#1708=EDGE_CURVE('',#2041,#2041,#2160,.T.);
#1709=EDGE_CURVE('',#2042,#2042,#2161,.T.);
#1710=EDGE_CURVE('',#2043,#2044,#323,.F.);
#1711=EDGE_CURVE('',#2044,#2045,#324,.T.);
#1712=EDGE_CURVE('',#2045,#2046,#2162,.F.);
#1713=EDGE_CURVE('',#2046,#2047,#2163,.T.);
#1714=EDGE_CURVE('',#2047,#2048,#325,.T.);
#1715=EDGE_CURVE('',#2048,#2049,#2164,.T.);
#1716=EDGE_CURVE('',#2049,#2050,#326,.F.);
#1717=EDGE_CURVE('',#2050,#2051,#2165,.T.);
#1718=EDGE_CURVE('',#2051,#2052,#327,.F.);
#1719=EDGE_CURVE('',#2052,#2053,#2166,.T.);
#1720=EDGE_CURVE('',#2053,#2054,#328,.F.);
#1721=EDGE_CURVE('',#2054,#2055,#2167,.T.);
#1722=EDGE_CURVE('',#2055,#2056,#329,.F.);
#1723=EDGE_CURVE('',#2056,#2057,#2168,.T.);
#1724=EDGE_CURVE('',#2057,#2058,#2169,.F.);
#1725=EDGE_CURVE('',#2058,#2043,#330,.F.);
#1726=EDGE_CURVE('',#2013,#2022,#2170,.T.);
#1727=EDGE_CURVE('',#2021,#2014,#2171,.F.);
#1728=EDGE_CURVE('',#2043,#1986,#2172,.F.);
#1729=EDGE_CURVE('',#1985,#2044,#2173,.T.);
#1730=EDGE_CURVE('',#2038,#2016,#331,.T.);
#1731=EDGE_CURVE('',#2037,#2015,#332,.T.);
#1732=EDGE_CURVE('',#2040,#2017,#333,.T.);
#1733=EDGE_CURVE('',#2039,#2018,#334,.T.);
#1734=EDGE_CURVE('',#2059,#2060,#335,.T.);
#1735=EDGE_CURVE('',#2060,#2061,#336,.F.);
#1736=EDGE_CURVE('',#2061,#2062,#337,.F.);
#1737=EDGE_CURVE('',#2062,#2059,#338,.T.);
#1738=EDGE_CURVE('',#2063,#2064,#339,.T.);
#1739=EDGE_CURVE('',#2064,#2065,#340,.F.);
#1740=EDGE_CURVE('',#2065,#2066,#341,.F.);
#1741=EDGE_CURVE('',#2066,#2063,#342,.T.);
#1742=EDGE_CURVE('',#2052,#2053,#40,.T.);
#1743=EDGE_CURVE('',#2028,#2029,#41,.T.);
#1744=EDGE_CURVE('',#2067,#2068,#343,.T.);
#1745=EDGE_CURVE('',#2068,#2069,#344,.T.);
#1746=EDGE_CURVE('',#2069,#2070,#345,.F.);
#1747=EDGE_CURVE('',#2070,#2067,#346,.F.);
#1748=EDGE_CURVE('',#2050,#2051,#42,.T.);
#1749=EDGE_CURVE('',#2030,#2031,#43,.T.);
#1750=EDGE_CURVE('',#2061,#2071,#2174,.F.);
#1751=EDGE_CURVE('',#2072,#2071,#347,.T.);
#1752=EDGE_CURVE('',#2072,#2062,#2175,.F.);
#1753=EDGE_CURVE('',#2071,#1988,#2176,.T.);
#1754=EDGE_CURVE('',#1987,#2072,#2177,.T.);
#1755=EDGE_CURVE('',#2073,#2074,#348,.F.);
#1756=EDGE_CURVE('',#2073,#2068,#2178,.F.);
#1757=EDGE_CURVE('',#2067,#2074,#2179,.F.);
#1758=EDGE_CURVE('',#2001,#2073,#2180,.T.);
#1759=EDGE_CURVE('',#2074,#2002,#2181,.T.);
#1760=EDGE_CURVE('',#2065,#2060,#2182,.F.);
#1761=EDGE_CURVE('',#2059,#2066,#2183,.F.);
#1762=EDGE_CURVE('',#2069,#2064,#2184,.F.);
#1763=EDGE_CURVE('',#2063,#2070,#2185,.F.);
#1764=EDGE_CURVE('',#2075,#2075,#2186,.T.);
#1765=EDGE_CURVE('',#2076,#2077,#349,.F.);
#1766=EDGE_CURVE('',#2077,#2078,#350,.F.);
#1767=EDGE_CURVE('',#2078,#2079,#351,.F.);
#1768=EDGE_CURVE('',#2079,#2076,#352,.T.);
#1769=EDGE_CURVE('',#2080,#2080,#2187,.T.);
#1770=EDGE_CURVE('',#2081,#2082,#353,.T.);
#1771=EDGE_CURVE('',#2082,#2083,#354,.T.);
#1772=EDGE_CURVE('',#2083,#2084,#355,.F.);
#1773=EDGE_CURVE('',#2084,#2081,#356,.F.);
#1774=EDGE_CURVE('',#2078,#2011,#2188,.T.);
#1775=EDGE_CURVE('',#2012,#2079,#2189,.F.);
#1776=EDGE_CURVE('',#1983,#2082,#2190,.F.);
#1777=EDGE_CURVE('',#2081,#1984,#2191,.T.);
#1778=EDGE_CURVE('',#2085,#2086,#357,.T.);
#1779=EDGE_CURVE('',#2086,#2087,#358,.T.);
#1780=EDGE_CURVE('',#2087,#2088,#359,.T.);
#1781=EDGE_CURVE('',#2088,#2085,#360,.T.);
#1782=EDGE_CURVE('',#2087,#2077,#2192,.F.);
#1783=EDGE_CURVE('',#2076,#2088,#2193,.T.);
#1784=EDGE_CURVE('',#2083,#2086,#2194,.T.);
#1785=EDGE_CURVE('',#2085,#2084,#2195,.F.);
#1786=EDGE_CURVE('',#2014,#1999,#2196,.T.);
#1787=EDGE_CURVE('',#2000,#2021,#2197,.T.);
#1788=EDGE_CURVE('',#2001,#2036,#2198,.T.);
#1789=EDGE_CURVE('',#2012,#2010,#2199,.T.);
#1790=EDGE_CURVE('',#2073,#2035,#2200,.T.);
#1791=EDGE_CURVE('',#2079,#2009,#2201,.T.);
#1792=EDGE_CURVE('',#2068,#2034,#2202,.T.);
#1793=EDGE_CURVE('',#2076,#2008,#2203,.T.);
#1794=EDGE_CURVE('',#2069,#2033,#2204,.T.);
#1795=EDGE_CURVE('',#2088,#2008,#2205,.T.);
#1796=EDGE_CURVE('',#2064,#2032,#2206,.T.);
#1797=EDGE_CURVE('',#2085,#2007,#2207,.T.);
#1798=EDGE_CURVE('',#2065,#2027,#2208,.T.);
#1799=EDGE_CURVE('',#2084,#2007,#2209,.T.);
#1800=EDGE_CURVE('',#2060,#2026,#2210,.T.);
#1801=EDGE_CURVE('',#2081,#2006,#2211,.T.);
#1802=EDGE_CURVE('',#2061,#2025,#2212,.T.);
#1803=EDGE_CURVE('',#1984,#2005,#2213,.T.);
#1804=EDGE_CURVE('',#2071,#2024,#2214,.T.);
#1805=EDGE_CURVE('',#1988,#2023,#2215,.T.);
#1806=EDGE_CURVE('',#1985,#2004,#2216,.T.);
#1807=EDGE_CURVE('',#1989,#2022,#2217,.T.);
#1808=EDGE_CURVE('',#2044,#2003,#2218,.T.);
#1809=EDGE_CURVE('',#1990,#2013,#2219,.T.);
#1810=EDGE_CURVE('',#2045,#2002,#2220,.T.);
#1811=EDGE_CURVE('',#1991,#2011,#2221,.T.);
#1812=EDGE_CURVE('',#2046,#2074,#2222,.T.);
#1813=EDGE_CURVE('',#1992,#2078,#2223,.T.);
#1814=EDGE_CURVE('',#2047,#2067,#2224,.T.);
#1815=EDGE_CURVE('',#1993,#2077,#2225,.T.);
#1816=EDGE_CURVE('',#2048,#2070,#2226,.T.);
#1817=EDGE_CURVE('',#1993,#2087,#2227,.T.);
#1818=EDGE_CURVE('',#2049,#2063,#2228,.T.);
#1819=EDGE_CURVE('',#1994,#2086,#2229,.T.);
#1820=EDGE_CURVE('',#2054,#2066,#2230,.T.);
#1821=EDGE_CURVE('',#1994,#2083,#2231,.T.);
#1822=EDGE_CURVE('',#2055,#2059,#2232,.T.);
#1823=EDGE_CURVE('',#1995,#2082,#2233,.T.);
#1824=EDGE_CURVE('',#2056,#2062,#2234,.T.);
#1825=EDGE_CURVE('',#1996,#1983,#2235,.T.);
#1826=EDGE_CURVE('',#2057,#2072,#2236,.T.);
#1827=EDGE_CURVE('',#2058,#1987,#2237,.T.);
#1828=EDGE_CURVE('',#1997,#1986,#2238,.T.);
#1829=EDGE_CURVE('',#2043,#1998,#2239,.T.);
#1830=VERTEX_POINT('',#4016);
#1831=VERTEX_POINT('',#4018);
#1832=VERTEX_POINT('',#4021);
#1833=VERTEX_POINT('',#4022);
#1834=VERTEX_POINT('',#4024);
#1835=VERTEX_POINT('',#4026);
#1836=VERTEX_POINT('',#4030);
#1837=VERTEX_POINT('',#4032);
#1838=VERTEX_POINT('',#4036);
#1839=VERTEX_POINT('',#4038);
#1840=VERTEX_POINT('',#4042);
#1841=VERTEX_POINT('',#4044);
#1842=VERTEX_POINT('',#4048);
#1843=VERTEX_POINT('',#4050);
#1844=VERTEX_POINT('',#4054);
#1845=VERTEX_POINT('',#4056);
#1846=VERTEX_POINT('',#4060);
#1847=VERTEX_POINT('',#4062);
#1848=VERTEX_POINT('',#4066);
#1849=VERTEX_POINT('',#4068);
#1850=VERTEX_POINT('',#4072);
#1851=VERTEX_POINT('',#4074);
#1852=VERTEX_POINT('',#4078);
#1853=VERTEX_POINT('',#4080);
#1854=VERTEX_POINT('',#4084);
#1855=VERTEX_POINT('',#4086);
#1856=VERTEX_POINT('',#4090);
#1857=VERTEX_POINT('',#4092);
#1858=VERTEX_POINT('',#4096);
#1859=VERTEX_POINT('',#4098);
#1860=VERTEX_POINT('',#4102);
#1861=VERTEX_POINT('',#4104);
#1862=VERTEX_POINT('',#4108);
#1863=VERTEX_POINT('',#4110);
#1864=VERTEX_POINT('',#4114);
#1865=VERTEX_POINT('',#4116);
#1866=VERTEX_POINT('',#4120);
#1867=VERTEX_POINT('',#4122);
#1868=VERTEX_POINT('',#4126);
#1869=VERTEX_POINT('',#4128);
#1870=VERTEX_POINT('',#4132);
#1871=VERTEX_POINT('',#4134);
#1872=VERTEX_POINT('',#4138);
#1873=VERTEX_POINT('',#4140);
#1874=VERTEX_POINT('',#4144);
#1875=VERTEX_POINT('',#4146);
#1876=VERTEX_POINT('',#4150);
#1877=VERTEX_POINT('',#4152);
#1878=VERTEX_POINT('',#4156);
#1879=VERTEX_POINT('',#4158);
#1880=VERTEX_POINT('',#4162);
#1881=VERTEX_POINT('',#4164);
#1882=VERTEX_POINT('',#4168);
#1883=VERTEX_POINT('',#4170);
#1884=VERTEX_POINT('',#4174);
#1885=VERTEX_POINT('',#4176);
#1886=VERTEX_POINT('',#4180);
#1887=VERTEX_POINT('',#4182);
#1888=VERTEX_POINT('',#4186);
#1889=VERTEX_POINT('',#4188);
#1890=VERTEX_POINT('',#4192);
#1891=VERTEX_POINT('',#4194);
#1892=VERTEX_POINT('',#4198);
#1893=VERTEX_POINT('',#4200);
#1894=VERTEX_POINT('',#4204);
#1895=VERTEX_POINT('',#4206);
#1896=VERTEX_POINT('',#4210);
#1897=VERTEX_POINT('',#4212);
#1898=VERTEX_POINT('',#4216);
#1899=VERTEX_POINT('',#4218);
#1900=VERTEX_POINT('',#4222);
#1901=VERTEX_POINT('',#4224);
#1902=VERTEX_POINT('',#4228);
#1903=VERTEX_POINT('',#4230);
#1904=VERTEX_POINT('',#4234);
#1905=VERTEX_POINT('',#4236);
#1906=VERTEX_POINT('',#4240);
#1907=VERTEX_POINT('',#4242);
#1908=VERTEX_POINT('',#4246);
#1909=VERTEX_POINT('',#4248);
#1910=VERTEX_POINT('',#4252);
#1911=VERTEX_POINT('',#4254);
#1912=VERTEX_POINT('',#4258);
#1913=VERTEX_POINT('',#4260);
#1914=VERTEX_POINT('',#4264);
#1915=VERTEX_POINT('',#4266);
#1916=VERTEX_POINT('',#4270);
#1917=VERTEX_POINT('',#4272);
#1918=VERTEX_POINT('',#4276);
#1919=VERTEX_POINT('',#4278);
#1920=VERTEX_POINT('',#4282);
#1921=VERTEX_POINT('',#4284);
#1922=VERTEX_POINT('',#4288);
#1923=VERTEX_POINT('',#4290);
#1924=VERTEX_POINT('',#4294);
#1925=VERTEX_POINT('',#4296);
#1926=VERTEX_POINT('',#4300);
#1927=VERTEX_POINT('',#4302);
#1928=VERTEX_POINT('',#4306);
#1929=VERTEX_POINT('',#4308);
#1930=VERTEX_POINT('',#4312);
#1931=VERTEX_POINT('',#4314);
#1932=VERTEX_POINT('',#4318);
#1933=VERTEX_POINT('',#4320);
#1934=VERTEX_POINT('',#4324);
#1935=VERTEX_POINT('',#4326);
#1936=VERTEX_POINT('',#4330);
#1937=VERTEX_POINT('',#4332);
#1938=VERTEX_POINT('',#4336);
#1939=VERTEX_POINT('',#4338);
#1940=VERTEX_POINT('',#4342);
#1941=VERTEX_POINT('',#4344);
#1942=VERTEX_POINT('',#4348);
#1943=VERTEX_POINT('',#4350);
#1944=VERTEX_POINT('',#4354);
#1945=VERTEX_POINT('',#4356);
#1946=VERTEX_POINT('',#4360);
#1947=VERTEX_POINT('',#4362);
#1948=VERTEX_POINT('',#4366);
#1949=VERTEX_POINT('',#4368);
#1950=VERTEX_POINT('',#4372);
#1951=VERTEX_POINT('',#4374);
#1952=VERTEX_POINT('',#4378);
#1953=VERTEX_POINT('',#4380);
#1954=VERTEX_POINT('',#4384);
#1955=VERTEX_POINT('',#4386);
#1956=VERTEX_POINT('',#4390);
#1957=VERTEX_POINT('',#4392);
#1958=VERTEX_POINT('',#4396);
#1959=VERTEX_POINT('',#4398);
#1960=VERTEX_POINT('',#4402);
#1961=VERTEX_POINT('',#4404);
#1962=VERTEX_POINT('',#4408);
#1963=VERTEX_POINT('',#4410);
#1964=VERTEX_POINT('',#4414);
#1965=VERTEX_POINT('',#4416);
#1966=VERTEX_POINT('',#4420);
#1967=VERTEX_POINT('',#4422);
#1968=VERTEX_POINT('',#4426);
#1969=VERTEX_POINT('',#4428);
#1970=VERTEX_POINT('',#4432);
#1971=VERTEX_POINT('',#4434);
#1972=VERTEX_POINT('',#4438);
#1973=VERTEX_POINT('',#4440);
#1974=VERTEX_POINT('',#4447);
#1975=VERTEX_POINT('',#4455);
#1976=VERTEX_POINT('',#4456);
#1977=VERTEX_POINT('',#4463);
#1978=VERTEX_POINT('',#4465);
#1979=VERTEX_POINT('',#4472);
#1980=VERTEX_POINT('',#4479);
#1981=VERTEX_POINT('',#4484);
#1982=VERTEX_POINT('',#4486);
#1983=VERTEX_POINT('',#4490);
#1984=VERTEX_POINT('',#4492);
#1985=VERTEX_POINT('',#4496);
#1986=VERTEX_POINT('',#4497);
#1987=VERTEX_POINT('',#4502);
#1988=VERTEX_POINT('',#4503);
#1989=VERTEX_POINT('',#4505);
#1990=VERTEX_POINT('',#4507);
#1991=VERTEX_POINT('',#4509);
#1992=VERTEX_POINT('',#4511);
#1993=VERTEX_POINT('',#4513);
#1994=VERTEX_POINT('',#4515);
#1995=VERTEX_POINT('',#4517);
#1996=VERTEX_POINT('',#4519);
#1997=VERTEX_POINT('',#4522);
#1998=VERTEX_POINT('',#4524);
#1999=VERTEX_POINT('',#4528);
#2000=VERTEX_POINT('',#4529);
#2001=VERTEX_POINT('',#4531);
#2002=VERTEX_POINT('',#4533);
#2003=VERTEX_POINT('',#4535);
#2004=VERTEX_POINT('',#4537);
#2005=VERTEX_POINT('',#4540);
#2006=VERTEX_POINT('',#4542);
#2007=VERTEX_POINT('',#4544);
#2008=VERTEX_POINT('',#4546);
#2009=VERTEX_POINT('',#4548);
#2010=VERTEX_POINT('',#4550);
#2011=VERTEX_POINT('',#4554);
#2012=VERTEX_POINT('',#4555);
#2013=VERTEX_POINT('',#4557);
#2014=VERTEX_POINT('',#4559);
#2015=VERTEX_POINT('',#4563);
#2016=VERTEX_POINT('',#4564);
#2017=VERTEX_POINT('',#4566);
#2018=VERTEX_POINT('',#4568);
#2019=VERTEX_POINT('',#4571);
#2020=VERTEX_POINT('',#4573);
#2021=VERTEX_POINT('',#4575);
#2022=VERTEX_POINT('',#4576);
#2023=VERTEX_POINT('',#4578);
#2024=VERTEX_POINT('',#4580);
#2025=VERTEX_POINT('',#4582);
#2026=VERTEX_POINT('',#4584);
#2027=VERTEX_POINT('',#4586);
#2028=VERTEX_POINT('',#4588);
#2029=VERTEX_POINT('',#4590);
#2030=VERTEX_POINT('',#4592);
#2031=VERTEX_POINT('',#4594);
#2032=VERTEX_POINT('',#4596);
#2033=VERTEX_POINT('',#4598);
#2034=VERTEX_POINT('',#4600);
#2035=VERTEX_POINT('',#4602);
#2036=VERTEX_POINT('',#4604);
#2037=VERTEX_POINT('',#4608);
#2038=VERTEX_POINT('',#4609);
#2039=VERTEX_POINT('',#4611);
#2040=VERTEX_POINT('',#4613);
#2041=VERTEX_POINT('',#4616);
#2042=VERTEX_POINT('',#4618);
#2043=VERTEX_POINT('',#4620);
#2044=VERTEX_POINT('',#4621);
#2045=VERTEX_POINT('',#4623);
#2046=VERTEX_POINT('',#4625);
#2047=VERTEX_POINT('',#4627);
#2048=VERTEX_POINT('',#4629);
#2049=VERTEX_POINT('',#4631);
#2050=VERTEX_POINT('',#4633);
#2051=VERTEX_POINT('',#4635);
#2052=VERTEX_POINT('',#4637);
#2053=VERTEX_POINT('',#4639);
#2054=VERTEX_POINT('',#4641);
#2055=VERTEX_POINT('',#4643);
#2056=VERTEX_POINT('',#4645);
#2057=VERTEX_POINT('',#4647);
#2058=VERTEX_POINT('',#4649);
#2059=VERTEX_POINT('',#4666);
#2060=VERTEX_POINT('',#4667);
#2061=VERTEX_POINT('',#4669);
#2062=VERTEX_POINT('',#4671);
#2063=VERTEX_POINT('',#4675);
#2064=VERTEX_POINT('',#4676);
#2065=VERTEX_POINT('',#4678);
#2066=VERTEX_POINT('',#4680);
#2067=VERTEX_POINT('',#4696);
#2068=VERTEX_POINT('',#4697);
#2069=VERTEX_POINT('',#4699);
#2070=VERTEX_POINT('',#4701);
#2071=VERTEX_POINT('',#4714);
#2072=VERTEX_POINT('',#4716);
#2073=VERTEX_POINT('',#4723);
#2074=VERTEX_POINT('',#4724);
#2075=VERTEX_POINT('',#4738);
#2076=VERTEX_POINT('',#4740);
#2077=VERTEX_POINT('',#4741);
#2078=VERTEX_POINT('',#4743);
#2079=VERTEX_POINT('',#4745);
#2080=VERTEX_POINT('',#4749);
#2081=VERTEX_POINT('',#4751);
#2082=VERTEX_POINT('',#4752);
#2083=VERTEX_POINT('',#4754);
#2084=VERTEX_POINT('',#4756);
#2085=VERTEX_POINT('',#4766);
#2086=VERTEX_POINT('',#4767);
#2087=VERTEX_POINT('',#4769);
#2088=VERTEX_POINT('',#4771);
#2089=CIRCLE('',#2837,0.0015);
#2090=CIRCLE('',#2838,0.0015);
#2091=CIRCLE('',#2840,0.0035);
#2092=CIRCLE('',#2841,0.0035);
#2093=CIRCLE('',#2846,0.00295);
#2094=CIRCLE('',#2847,0.00295);
#2095=CIRCLE('',#2851,0.00294999999999995);
#2096=CIRCLE('',#2852,0.00294999999999995);
#2097=CIRCLE('',#2856,0.00295);
#2098=CIRCLE('',#2857,0.00295);
#2099=CIRCLE('',#2861,0.00294999999999993);
#2100=CIRCLE('',#2862,0.00294999999999993);
#2101=CIRCLE('',#2866,0.00294999999999994);
#2102=CIRCLE('',#2867,0.00294999999999994);
#2103=CIRCLE('',#2871,0.00294999999999995);
#2104=CIRCLE('',#2872,0.00294999999999995);
#2105=CIRCLE('',#2876,0.00295);
#2106=CIRCLE('',#2877,0.00295);
#2107=CIRCLE('',#2881,0.00294999999999989);
#2108=CIRCLE('',#2882,0.00294999999999989);
#2109=CIRCLE('',#2886,0.00295);
#2110=CIRCLE('',#2887,0.00295);
#2111=CIRCLE('',#2891,0.00295);
#2112=CIRCLE('',#2892,0.00295);
#2113=CIRCLE('',#2897,0.0035);
#2114=CIRCLE('',#2898,0.0035);
#2115=CIRCLE('',#2903,0.00295);
#2116=CIRCLE('',#2904,0.00295);
#2117=CIRCLE('',#2908,0.00295);
#2118=CIRCLE('',#2909,0.00295);
#2119=CIRCLE('',#2913,0.00295);
#2120=CIRCLE('',#2914,0.00295);
#2121=CIRCLE('',#2918,0.00295);
#2122=CIRCLE('',#2919,0.00295);
#2123=CIRCLE('',#2923,0.00295);
#2124=CIRCLE('',#2924,0.00295);
#2125=CIRCLE('',#2928,0.00295);
#2126=CIRCLE('',#2929,0.00295);
#2127=CIRCLE('',#2933,0.00295);
#2128=CIRCLE('',#2934,0.00295);
#2129=CIRCLE('',#2938,0.00295);
#2130=CIRCLE('',#2939,0.00295);
#2131=CIRCLE('',#2943,0.00295);
#2132=CIRCLE('',#2944,0.00295);
#2133=CIRCLE('',#2948,0.00295);
#2134=CIRCLE('',#2949,0.00295);
#2135=CIRCLE('',#2953,0.0057);
#2136=CIRCLE('',#2954,0.0057);
#2137=CIRCLE('',#2958,0.01);
#2138=CIRCLE('',#2960,0.01);
#2139=CIRCLE('',#2961,0.01);
#2140=CIRCLE('',#2964,0.00475);
#2141=CIRCLE('',#2965,0.00475);
#2142=CIRCLE('',#2970,0.019);
#2143=CIRCLE('',#2971,0.019);
#2144=CIRCLE('',#2972,0.021);
#2145=CIRCLE('',#2973,0.021);
#2146=CIRCLE('',#2975,0.019);
#2147=CIRCLE('',#2976,0.021);
#2148=CIRCLE('',#2977,0.021);
#2149=CIRCLE('',#2978,0.019);
#2150=CIRCLE('',#2981,0.0026);
#2151=CIRCLE('',#2982,0.0026);
#2152=CIRCLE('',#2983,0.0075);
#2153=CIRCLE('',#2984,0.0025);
#2154=CIRCLE('',#2985,0.0025);
#2155=CIRCLE('',#2986,0.0026);
#2156=CIRCLE('',#2987,0.0026);
#2157=CIRCLE('',#2988,0.0025);
#2158=CIRCLE('',#2989,0.0025);
#2159=CIRCLE('',#2990,0.0075);
#2160=CIRCLE('',#2992,0.0026);
#2161=CIRCLE('',#2993,0.0026);
#2162=CIRCLE('',#2994,0.0075);
#2163=CIRCLE('',#2995,0.0025);
#2164=CIRCLE('',#2996,0.0025);
#2165=CIRCLE('',#2997,0.0026);
#2166=CIRCLE('',#2998,0.0026);
#2167=CIRCLE('',#2999,0.0025);
#2168=CIRCLE('',#3000,0.0025);
#2169=CIRCLE('',#3001,0.0075);
#2170=CIRCLE('',#3003,0.0165);
#2171=CIRCLE('',#3004,0.0165);
#2172=CIRCLE('',#3006,0.0235);
#2173=CIRCLE('',#3007,0.0235);
#2174=CIRCLE('',#3020,0.005);
#2175=CIRCLE('',#3021,0.005);
#2176=CIRCLE('',#3023,0.005);
#2177=CIRCLE('',#3024,0.005);
#2178=CIRCLE('',#3026,0.005);
#2179=CIRCLE('',#3027,0.005);
#2180=CIRCLE('',#3029,0.005);
#2181=CIRCLE('',#3030,0.005);
#2182=CIRCLE('',#3032,0.005);
#2183=CIRCLE('',#3033,0.005);
#2184=CIRCLE('',#3035,0.005);
#2185=CIRCLE('',#3036,0.005);
#2186=CIRCLE('',#3038,0.00405);
#2187=CIRCLE('',#3040,0.00405);
#2188=CIRCLE('',#3042,0.0165);
#2189=CIRCLE('',#3043,0.0165);
#2190=CIRCLE('',#3045,0.0235);
#2191=CIRCLE('',#3046,0.0235);
#2192=CIRCLE('',#3049,0.0025);
#2193=CIRCLE('',#3050,0.0025);
#2194=CIRCLE('',#3052,0.0025);
#2195=CIRCLE('',#3053,0.0025);
#2196=CIRCLE('',#3056,0.0025);
#2197=CIRCLE('',#3057,0.0025);
#2198=CIRCLE('',#3059,0.0025);
#2199=CIRCLE('',#3061,0.0025);
#2200=CIRCLE('',#3063,0.0025);
#2201=CIRCLE('',#3065,0.0025);
#2202=CIRCLE('',#3067,0.0025);
#2203=CIRCLE('',#3069,0.0025);
#2204=CIRCLE('',#3071,0.0025);
#2205=CIRCLE('',#3073,0.0025);
#2206=CIRCLE('',#3075,0.0025);
#2207=CIRCLE('',#3077,0.0025);
#2208=CIRCLE('',#3079,0.0025);
#2209=CIRCLE('',#3081,0.0025);
#2210=CIRCLE('',#3083,0.0025);
#2211=CIRCLE('',#3085,0.0025);
#2212=CIRCLE('',#3087,0.0025);
#2213=CIRCLE('',#3089,0.0025);
#2214=CIRCLE('',#3091,0.0025);
#2215=CIRCLE('',#3094,0.0025);
#2216=CIRCLE('',#3096,0.0025);
#2217=CIRCLE('',#3098,0.0025);
#2218=CIRCLE('',#3100,0.0025);
#2219=CIRCLE('',#3102,0.0025);
#2220=CIRCLE('',#3104,0.0025);
#2221=CIRCLE('',#3106,0.0025);
#2222=CIRCLE('',#3108,0.0025);
#2223=CIRCLE('',#3110,0.0025);
#2224=CIRCLE('',#3112,0.0025);
#2225=CIRCLE('',#3114,0.0025);
#2226=CIRCLE('',#3116,0.0025);
#2227=CIRCLE('',#3118,0.0025);
#2228=CIRCLE('',#3120,0.0025);
#2229=CIRCLE('',#3122,0.0025);
#2230=CIRCLE('',#3124,0.0025);
#2231=CIRCLE('',#3126,0.0025);
#2232=CIRCLE('',#3128,0.0025);
#2233=CIRCLE('',#3130,0.0025);
#2234=CIRCLE('',#3132,0.0025);
#2235=CIRCLE('',#3134,0.0025);
#2236=CIRCLE('',#3136,0.0025);
#2237=CIRCLE('',#3139,0.0025);
#2238=CIRCLE('',#3141,0.0025);
#2239=CIRCLE('',#3143,0.0025);
#2240=EDGE_LOOP('',(#609));
#2241=EDGE_LOOP('',(#610));
#2242=EDGE_LOOP('',(#611,#612,#613,#614));
#2243=EDGE_LOOP('',(#615,#616,#617,#618));
#2244=EDGE_LOOP('',(#619,#620,#621,#622));
#2245=EDGE_LOOP('',(#623,#624,#625,#626));
#2246=EDGE_LOOP('',(#627,#628,#629,#630));
#2247=EDGE_LOOP('',(#631,#632,#633,#634));
#2248=EDGE_LOOP('',(#635,#636,#637,#638));
#2249=EDGE_LOOP('',(#639,#640,#641,#642));
#2250=EDGE_LOOP('',(#643,#644,#645,#646));
#2251=EDGE_LOOP('',(#647,#648,#649,#650));
#2252=EDGE_LOOP('',(#651,#652,#653,#654));
#2253=EDGE_LOOP('',(#655,#656,#657,#658));
#2254=EDGE_LOOP('',(#659,#660,#661,#662));
#2255=EDGE_LOOP('',(#663,#664,#665,#666));
#2256=EDGE_LOOP('',(#667,#668,#669,#670));
#2257=EDGE_LOOP('',(#671,#672,#673,#674));
#2258=EDGE_LOOP('',(#675,#676,#677,#678));
#2259=EDGE_LOOP('',(#679,#680,#681,#682));
#2260=EDGE_LOOP('',(#683,#684,#685,#686));
#2261=EDGE_LOOP('',(#687,#688,#689,#690));
#2262=EDGE_LOOP('',(#691,#692,#693,#694));
#2263=EDGE_LOOP('',(#695,#696,#697,#698));
#2264=EDGE_LOOP('',(#699,#700,#701,#702));
#2265=EDGE_LOOP('',(#703,#704,#705,#706));
#2266=EDGE_LOOP('',(#707,#708,#709,#710));
#2267=EDGE_LOOP('',(#711,#712,#713,#714));
#2268=EDGE_LOOP('',(#715,#716,#717,#718));
#2269=EDGE_LOOP('',(#719,#720,#721,#722));
#2270=EDGE_LOOP('',(#723,#724,#725,#726));
#2271=EDGE_LOOP('',(#727,#728,#729,#730));
#2272=EDGE_LOOP('',(#731,#732,#733,#734));
#2273=EDGE_LOOP('',(#735,#736,#737,#738));
#2274=EDGE_LOOP('',(#739,#740,#741,#742));
#2275=EDGE_LOOP('',(#743,#744,#745,#746));
#2276=EDGE_LOOP('',(#747,#748,#749,#750));
#2277=EDGE_LOOP('',(#751,#752,#753,#754));
#2278=EDGE_LOOP('',(#755,#756,#757,#758));
#2279=EDGE_LOOP('',(#759,#760,#761,#762));
#2280=EDGE_LOOP('',(#763,#764,#765,#766));
#2281=EDGE_LOOP('',(#767,#768,#769,#770));
#2282=EDGE_LOOP('',(#771,#772,#773,#774));
#2283=EDGE_LOOP('',(#775,#776,#777,#778));
#2284=EDGE_LOOP('',(#779,#780,#781,#782));
#2285=EDGE_LOOP('',(#783,#784,#785,#786));
#2286=EDGE_LOOP('',(#787,#788,#789,#790));
#2287=EDGE_LOOP('',(#791,#792,#793,#794));
#2288=EDGE_LOOP('',(#795,#796,#797,#798));
#2289=EDGE_LOOP('',(#799,#800,#801,#802));
#2290=EDGE_LOOP('',(#803,#804,#805,#806));
#2291=EDGE_LOOP('',(#807,#808,#809,#810));
#2292=EDGE_LOOP('',(#811,#812,#813,#814));
#2293=EDGE_LOOP('',(#815,#816,#817,#818));
#2294=EDGE_LOOP('',(#819,#820,#821,#822));
#2295=EDGE_LOOP('',(#823,#824,#825,#826));
#2296=EDGE_LOOP('',(#827,#828,#829,#830));
#2297=EDGE_LOOP('',(#831,#832,#833,#834));
#2298=EDGE_LOOP('',(#835,#836,#837,#838));
#2299=EDGE_LOOP('',(#839,#840,#841,#842));
#2300=EDGE_LOOP('',(#843,#844,#845,#846));
#2301=EDGE_LOOP('',(#847,#848,#849,#850));
#2302=EDGE_LOOP('',(#851,#852,#853,#854));
#2303=EDGE_LOOP('',(#855,#856,#857,#858));
#2304=EDGE_LOOP('',(#859,#860,#861,#862));
#2305=EDGE_LOOP('',(#863,#864,#865,#866));
#2306=EDGE_LOOP('',(#867,#868,#869,#870));
#2307=EDGE_LOOP('',(#871,#872,#873,#874));
#2308=EDGE_LOOP('',(#875,#876,#877,#878));
#2309=EDGE_LOOP('',(#879,#880,#881,#882));
#2310=EDGE_LOOP('',(#883,#884,#885,#886));
#2311=EDGE_LOOP('',(#887));
#2312=EDGE_LOOP('',(#888));
#2313=EDGE_LOOP('',(#889,#890,#891,#892));
#2314=EDGE_LOOP('',(#893));
#2315=EDGE_LOOP('',(#894,#895,#896,#897,#898,#899,#900,#901,#902,#903,#904,
#905,#906,#907,#908,#909,#910,#911,#912,#913,#914,#915,#916,#917,#918,#919,
#920,#921,#922,#923,#924,#925,#926,#927,#928,#929,#930,#931,#932,#933,#934,
#935,#936,#937,#938,#939,#940,#941,#942,#943,#944,#945,#946,#947,#948,#949,
#950,#951,#952,#953,#954,#955,#956,#957,#958,#959,#960,#961,#962,#963));
#2316=EDGE_LOOP('',(#964));
#2317=EDGE_LOOP('',(#965));
#2318=EDGE_LOOP('',(#966,#967,#968,#969,#970,#971));
#2319=EDGE_LOOP('',(#972));
#2320=EDGE_LOOP('',(#973,#974,#975,#976,#977,#978,#979,#980,#981,#982,#983,
#984,#985,#986,#987,#988,#989,#990,#991,#992,#993,#994,#995,#996,#997,#998,
#999,#1000,#1001,#1002,#1003,#1004,#1005,#1006,#1007,#1008,#1009,#1010,
#1011,#1012,#1013,#1014,#1015,#1016,#1017,#1018,#1019,#1020,#1021,#1022,
#1023,#1024,#1025,#1026,#1027,#1028,#1029,#1030,#1031,#1032,#1033,#1034,
#1035,#1036,#1037,#1038,#1039,#1040,#1041,#1042));
#2321=EDGE_LOOP('',(#1043));
#2322=EDGE_LOOP('',(#1044));
#2323=EDGE_LOOP('',(#1045));
#2324=EDGE_LOOP('',(#1046));
#2325=EDGE_LOOP('',(#1047));
#2326=EDGE_LOOP('',(#1048,#1049,#1050,#1051));
#2327=EDGE_LOOP('',(#1052,#1053,#1054,#1055));
#2328=EDGE_LOOP('',(#1056,#1057,#1058,#1059,#1060,#1061,#1062,#1063,#1064,
#1065,#1066,#1067,#1068));
#2329=EDGE_LOOP('',(#1069,#1070,#1071,#1072,#1073,#1074,#1075,#1076,#1077,
#1078,#1079,#1080,#1081));
#2330=EDGE_LOOP('',(#1082,#1083,#1084,#1085));
#2331=EDGE_LOOP('',(#1086));
#2332=EDGE_LOOP('',(#1087,#1088,#1089,#1090));
#2333=EDGE_LOOP('',(#1091));
#2334=EDGE_LOOP('',(#1092));
#2335=EDGE_LOOP('',(#1093,#1094,#1095,#1096,#1097,#1098,#1099,#1100,#1101,
#1102,#1103,#1104,#1105,#1106,#1107,#1108));
#2336=EDGE_LOOP('',(#1109,#1110,#1111,#1112));
#2337=EDGE_LOOP('',(#1113));
#2338=EDGE_LOOP('',(#1114));
#2339=EDGE_LOOP('',(#1115,#1116,#1117,#1118,#1119,#1120,#1121,#1122,#1123,
#1124,#1125,#1126,#1127,#1128,#1129,#1130));
#2340=EDGE_LOOP('',(#1131,#1132,#1133,#1134));
#2341=EDGE_LOOP('',(#1135,#1136,#1137,#1138));
#2342=EDGE_LOOP('',(#1139,#1140,#1141,#1142));
#2343=EDGE_LOOP('',(#1143,#1144,#1145,#1146));
#2344=EDGE_LOOP('',(#1147,#1148,#1149,#1150));
#2345=EDGE_LOOP('',(#1151,#1152,#1153,#1154));
#2346=EDGE_LOOP('',(#1155,#1156,#1157,#1158));
#2347=EDGE_LOOP('',(#1159,#1160));
#2348=EDGE_LOOP('',(#1161,#1162));
#2349=EDGE_LOOP('',(#1163));
#2350=EDGE_LOOP('',(#1164));
#2351=EDGE_LOOP('',(#1165));
#2352=EDGE_LOOP('',(#1166));
#2353=EDGE_LOOP('',(#1167,#1168,#1169,#1170));
#2354=EDGE_LOOP('',(#1171,#1172,#1173,#1174));
#2355=EDGE_LOOP('',(#1175,#1176));
#2356=EDGE_LOOP('',(#1177,#1178));
#2357=EDGE_LOOP('',(#1179,#1180,#1181,#1182));
#2358=EDGE_LOOP('',(#1183,#1184,#1185,#1186));
#2359=EDGE_LOOP('',(#1187,#1188,#1189,#1190));
#2360=EDGE_LOOP('',(#1191,#1192,#1193,#1194));
#2361=EDGE_LOOP('',(#1195,#1196,#1197,#1198));
#2362=EDGE_LOOP('',(#1199,#1200,#1201,#1202));
#2363=EDGE_LOOP('',(#1203));
#2364=EDGE_LOOP('',(#1204,#1205,#1206,#1207));
#2365=EDGE_LOOP('',(#1208));
#2366=EDGE_LOOP('',(#1209,#1210,#1211,#1212));
#2367=EDGE_LOOP('',(#1213,#1214,#1215,#1216));
#2368=EDGE_LOOP('',(#1217,#1218,#1219,#1220));
#2369=EDGE_LOOP('',(#1221,#1222,#1223,#1224));
#2370=EDGE_LOOP('',(#1225,#1226,#1227,#1228));
#2371=EDGE_LOOP('',(#1229,#1230,#1231,#1232));
#2372=EDGE_LOOP('',(#1233));
#2373=EDGE_LOOP('',(#1234));
#2374=EDGE_LOOP('',(#1235,#1236,#1237,#1238));
#2375=EDGE_LOOP('',(#1239,#1240,#1241,#1242));
#2376=EDGE_LOOP('',(#1243,#1244,#1245,#1246));
#2377=EDGE_LOOP('',(#1247,#1248,#1249,#1250));
#2378=EDGE_LOOP('',(#1251,#1252,#1253,#1254));
#2379=EDGE_LOOP('',(#1255,#1256,#1257,#1258));
#2380=EDGE_LOOP('',(#1259,#1260,#1261,#1262));
#2381=EDGE_LOOP('',(#1263,#1264,#1265,#1266));
#2382=EDGE_LOOP('',(#1267,#1268,#1269));
#2383=EDGE_LOOP('',(#1270,#1271,#1272,#1273));
#2384=EDGE_LOOP('',(#1274,#1275,#1276,#1277));
#2385=EDGE_LOOP('',(#1278,#1279,#1280,#1281,#1282,#1283,#1284,#1285));
#2386=EDGE_LOOP('',(#1286,#1287,#1288));
#2387=EDGE_LOOP('',(#1289,#1290,#1291,#1292));
#2388=EDGE_LOOP('',(#1293,#1294,#1295,#1296));
#2389=EDGE_LOOP('',(#1297,#1298,#1299,#1300));
#2390=EDGE_LOOP('',(#1301,#1302,#1303,#1304));
#2391=EDGE_LOOP('',(#1305,#1306,#1307,#1308));
#2392=EDGE_LOOP('',(#1309,#1310,#1311,#1312));
#2393=EDGE_LOOP('',(#1313,#1314,#1315,#1316));
#2394=EDGE_LOOP('',(#1317,#1318,#1319,#1320));
#2395=EDGE_LOOP('',(#1321,#1322,#1323,#1324));
#2396=EDGE_LOOP('',(#1325,#1326,#1327,#1328));
#2397=EDGE_LOOP('',(#1329,#1330,#1331,#1332));
#2398=EDGE_LOOP('',(#1333,#1334,#1335,#1336));
#2399=EDGE_LOOP('',(#1337,#1338,#1339,#1340));
#2400=EDGE_LOOP('',(#1341,#1342,#1343,#1344));
#2401=EDGE_LOOP('',(#1345,#1346,#1347,#1348));
#2402=EDGE_LOOP('',(#1349,#1350,#1351,#1352));
#2403=EDGE_LOOP('',(#1353,#1354,#1355,#1356));
#2404=EDGE_LOOP('',(#1357,#1358,#1359,#1360));
#2405=EDGE_LOOP('',(#1361,#1362,#1363));
#2406=EDGE_LOOP('',(#1364,#1365,#1366,#1367));
#2407=EDGE_LOOP('',(#1368,#1369,#1370,#1371));
#2408=EDGE_LOOP('',(#1372,#1373,#1374,#1375,#1376,#1377,#1378,#1379));
#2409=EDGE_LOOP('',(#1380,#1381,#1382));
#2410=EDGE_LOOP('',(#1383,#1384,#1385,#1386));
#2411=EDGE_LOOP('',(#1387,#1388,#1389,#1390));
#2412=EDGE_LOOP('',(#1391,#1392,#1393,#1394));
#2413=EDGE_LOOP('',(#1395,#1396,#1397,#1398));
#2414=EDGE_LOOP('',(#1399,#1400,#1401,#1402));
#2415=EDGE_LOOP('',(#1403,#1404,#1405,#1406));
#2416=EDGE_LOOP('',(#1407,#1408,#1409,#1410));
#2417=EDGE_LOOP('',(#1411,#1412,#1413,#1414));
#2418=EDGE_LOOP('',(#1415,#1416,#1417,#1418));
#2419=EDGE_LOOP('',(#1419,#1420,#1421,#1422));
#2420=FACE_BOUND('',#2240,.T.);
#2421=FACE_BOUND('',#2241,.T.);
#2422=FACE_BOUND('',#2242,.T.);
#2423=FACE_BOUND('',#2243,.T.);
#2424=FACE_BOUND('',#2244,.T.);
#2425=FACE_BOUND('',#2245,.T.);
#2426=FACE_BOUND('',#2246,.T.);
#2427=FACE_BOUND('',#2247,.T.);
#2428=FACE_BOUND('',#2248,.T.);
#2429=FACE_BOUND('',#2249,.T.);
#2430=FACE_BOUND('',#2250,.T.);
#2431=FACE_BOUND('',#2251,.T.);
#2432=FACE_BOUND('',#2252,.T.);
#2433=FACE_BOUND('',#2253,.T.);
#2434=FACE_BOUND('',#2254,.T.);
#2435=FACE_BOUND('',#2255,.T.);
#2436=FACE_BOUND('',#2256,.T.);
#2437=FACE_BOUND('',#2257,.T.);
#2438=FACE_BOUND('',#2258,.T.);
#2439=FACE_BOUND('',#2259,.T.);
#2440=FACE_BOUND('',#2260,.T.);
#2441=FACE_BOUND('',#2261,.T.);
#2442=FACE_BOUND('',#2262,.T.);
#2443=FACE_BOUND('',#2263,.T.);
#2444=FACE_BOUND('',#2264,.T.);
#2445=FACE_BOUND('',#2265,.T.);
#2446=FACE_BOUND('',#2266,.T.);
#2447=FACE_BOUND('',#2267,.T.);
#2448=FACE_BOUND('',#2268,.T.);
#2449=FACE_BOUND('',#2269,.T.);
#2450=FACE_BOUND('',#2270,.T.);
#2451=FACE_BOUND('',#2271,.T.);
#2452=FACE_BOUND('',#2272,.T.);
#2453=FACE_BOUND('',#2273,.T.);
#2454=FACE_BOUND('',#2274,.T.);
#2455=FACE_BOUND('',#2275,.T.);
#2456=FACE_BOUND('',#2276,.T.);
#2457=FACE_BOUND('',#2277,.T.);
#2458=FACE_BOUND('',#2278,.T.);
#2459=FACE_BOUND('',#2279,.T.);
#2460=FACE_BOUND('',#2280,.T.);
#2461=FACE_BOUND('',#2281,.T.);
#2462=FACE_BOUND('',#2282,.T.);
#2463=FACE_BOUND('',#2283,.T.);
#2464=FACE_BOUND('',#2284,.T.);
#2465=FACE_BOUND('',#2285,.T.);
#2466=FACE_BOUND('',#2286,.T.);
#2467=FACE_BOUND('',#2287,.T.);
#2468=FACE_BOUND('',#2288,.T.);
#2469=FACE_BOUND('',#2289,.T.);
#2470=FACE_BOUND('',#2290,.T.);
#2471=FACE_BOUND('',#2291,.T.);
#2472=FACE_BOUND('',#2292,.T.);
#2473=FACE_BOUND('',#2293,.T.);
#2474=FACE_BOUND('',#2294,.T.);
#2475=FACE_BOUND('',#2295,.T.);
#2476=FACE_BOUND('',#2296,.T.);
#2477=FACE_BOUND('',#2297,.T.);
#2478=FACE_BOUND('',#2298,.T.);
#2479=FACE_BOUND('',#2299,.T.);
#2480=FACE_BOUND('',#2300,.T.);
#2481=FACE_BOUND('',#2301,.T.);
#2482=FACE_BOUND('',#2302,.T.);
#2483=FACE_BOUND('',#2303,.T.);
#2484=FACE_BOUND('',#2304,.T.);
#2485=FACE_BOUND('',#2305,.T.);
#2486=FACE_BOUND('',#2306,.T.);
#2487=FACE_BOUND('',#2307,.T.);
#2488=FACE_BOUND('',#2308,.T.);
#2489=FACE_BOUND('',#2309,.T.);
#2490=FACE_BOUND('',#2310,.T.);
#2491=FACE_BOUND('',#2311,.T.);
#2492=FACE_BOUND('',#2312,.T.);
#2493=FACE_BOUND('',#2313,.T.);
#2494=FACE_BOUND('',#2314,.T.);
#2495=FACE_BOUND('',#2315,.T.);
#2496=FACE_BOUND('',#2316,.T.);
#2497=FACE_BOUND('',#2317,.T.);
#2498=FACE_BOUND('',#2318,.T.);
#2499=FACE_BOUND('',#2319,.T.);
#2500=FACE_BOUND('',#2320,.T.);
#2501=FACE_BOUND('',#2321,.T.);
#2502=FACE_BOUND('',#2322,.T.);
#2503=FACE_BOUND('',#2323,.T.);
#2504=FACE_BOUND('',#2324,.T.);
#2505=FACE_BOUND('',#2325,.T.);
#2506=FACE_BOUND('',#2326,.T.);
#2507=FACE_BOUND('',#2327,.T.);
#2508=FACE_BOUND('',#2328,.T.);
#2509=FACE_BOUND('',#2329,.T.);
#2510=FACE_BOUND('',#2330,.T.);
#2511=FACE_BOUND('',#2331,.T.);
#2512=FACE_BOUND('',#2332,.T.);
#2513=FACE_BOUND('',#2333,.T.);
#2514=FACE_BOUND('',#2334,.T.);
#2515=FACE_BOUND('',#2335,.T.);
#2516=FACE_BOUND('',#2336,.T.);
#2517=FACE_BOUND('',#2337,.T.);
#2518=FACE_BOUND('',#2338,.T.);
#2519=FACE_BOUND('',#2339,.T.);
#2520=FACE_BOUND('',#2340,.T.);
#2521=FACE_BOUND('',#2341,.T.);
#2522=FACE_BOUND('',#2342,.T.);
#2523=FACE_BOUND('',#2343,.T.);
#2524=FACE_BOUND('',#2344,.T.);
#2525=FACE_BOUND('',#2345,.T.);
#2526=FACE_BOUND('',#2346,.T.);
#2527=FACE_BOUND('',#2347,.T.);
#2528=FACE_BOUND('',#2348,.T.);
#2529=FACE_BOUND('',#2349,.T.);
#2530=FACE_BOUND('',#2350,.T.);
#2531=FACE_BOUND('',#2351,.T.);
#2532=FACE_BOUND('',#2352,.T.);
#2533=FACE_BOUND('',#2353,.T.);
#2534=FACE_BOUND('',#2354,.T.);
#2535=FACE_BOUND('',#2355,.T.);
#2536=FACE_BOUND('',#2356,.T.);
#2537=FACE_BOUND('',#2357,.T.);
#2538=FACE_BOUND('',#2358,.T.);
#2539=FACE_BOUND('',#2359,.T.);
#2540=FACE_BOUND('',#2360,.T.);
#2541=FACE_BOUND('',#2361,.T.);
#2542=FACE_BOUND('',#2362,.T.);
#2543=FACE_BOUND('',#2363,.T.);
#2544=FACE_BOUND('',#2364,.T.);
#2545=FACE_BOUND('',#2365,.T.);
#2546=FACE_BOUND('',#2366,.T.);
#2547=FACE_BOUND('',#2367,.T.);
#2548=FACE_BOUND('',#2368,.T.);
#2549=FACE_BOUND('',#2369,.T.);
#2550=FACE_BOUND('',#2370,.T.);
#2551=FACE_BOUND('',#2371,.T.);
#2552=FACE_BOUND('',#2372,.T.);
#2553=FACE_BOUND('',#2373,.T.);
#2554=FACE_BOUND('',#2374,.T.);
#2555=FACE_BOUND('',#2375,.T.);
#2556=FACE_BOUND('',#2376,.T.);
#2557=FACE_BOUND('',#2377,.T.);
#2558=FACE_BOUND('',#2378,.T.);
#2559=FACE_BOUND('',#2379,.T.);
#2560=FACE_BOUND('',#2380,.T.);
#2561=FACE_BOUND('',#2381,.T.);
#2562=FACE_BOUND('',#2382,.T.);
#2563=FACE_BOUND('',#2383,.T.);
#2564=FACE_BOUND('',#2384,.T.);
#2565=FACE_BOUND('',#2385,.T.);
#2566=FACE_BOUND('',#2386,.T.);
#2567=FACE_BOUND('',#2387,.T.);
#2568=FACE_BOUND('',#2388,.T.);
#2569=FACE_BOUND('',#2389,.T.);
#2570=FACE_BOUND('',#2390,.T.);
#2571=FACE_BOUND('',#2391,.T.);
#2572=FACE_BOUND('',#2392,.T.);
#2573=FACE_BOUND('',#2393,.T.);
#2574=FACE_BOUND('',#2394,.T.);
#2575=FACE_BOUND('',#2395,.T.);
#2576=FACE_BOUND('',#2396,.T.);
#2577=FACE_BOUND('',#2397,.T.);
#2578=FACE_BOUND('',#2398,.T.);
#2579=FACE_BOUND('',#2399,.T.);
#2580=FACE_BOUND('',#2400,.T.);
#2581=FACE_BOUND('',#2401,.T.);
#2582=FACE_BOUND('',#2402,.T.);
#2583=FACE_BOUND('',#2403,.T.);
#2584=FACE_BOUND('',#2404,.T.);
#2585=FACE_BOUND('',#2405,.T.);
#2586=FACE_BOUND('',#2406,.T.);
#2587=FACE_BOUND('',#2407,.T.);
#2588=FACE_BOUND('',#2408,.T.);
#2589=FACE_BOUND('',#2409,.T.);
#2590=FACE_BOUND('',#2410,.T.);
#2591=FACE_BOUND('',#2411,.T.);
#2592=FACE_BOUND('',#2412,.T.);
#2593=FACE_BOUND('',#2413,.T.);
#2594=FACE_BOUND('',#2414,.T.);
#2595=FACE_BOUND('',#2415,.T.);
#2596=FACE_BOUND('',#2416,.T.);
#2597=FACE_BOUND('',#2417,.T.);
#2598=FACE_BOUND('',#2418,.T.);
#2599=FACE_BOUND('',#2419,.T.);
#2600=CYLINDRICAL_SURFACE('',#2836,0.0015);
#2601=CYLINDRICAL_SURFACE('',#2839,0.0035);
#2602=CYLINDRICAL_SURFACE('',#2845,0.00295);
#2603=CYLINDRICAL_SURFACE('',#2850,0.00294999999999995);
#2604=CYLINDRICAL_SURFACE('',#2855,0.00295);
#2605=CYLINDRICAL_SURFACE('',#2860,0.00294999999999993);
#2606=CYLINDRICAL_SURFACE('',#2865,0.00294999999999994);
#2607=CYLINDRICAL_SURFACE('',#2870,0.00294999999999995);
#2608=CYLINDRICAL_SURFACE('',#2875,0.00295);
#2609=CYLINDRICAL_SURFACE('',#2880,0.00294999999999989);
#2610=CYLINDRICAL_SURFACE('',#2885,0.00295);
#2611=CYLINDRICAL_SURFACE('',#2890,0.00295);
#2612=CYLINDRICAL_SURFACE('',#2896,0.0035);
#2613=CYLINDRICAL_SURFACE('',#2902,0.00295);
#2614=CYLINDRICAL_SURFACE('',#2907,0.00295);
#2615=CYLINDRICAL_SURFACE('',#2912,0.00295);
#2616=CYLINDRICAL_SURFACE('',#2917,0.00295);
#2617=CYLINDRICAL_SURFACE('',#2922,0.00295);
#2618=CYLINDRICAL_SURFACE('',#2927,0.00295);
#2619=CYLINDRICAL_SURFACE('',#2932,0.00295);
#2620=CYLINDRICAL_SURFACE('',#2937,0.00295);
#2621=CYLINDRICAL_SURFACE('',#2942,0.00295);
#2622=CYLINDRICAL_SURFACE('',#2947,0.00295);
#2623=CYLINDRICAL_SURFACE('',#2952,0.0057);
#2624=CYLINDRICAL_SURFACE('',#2959,0.01);
#2625=CYLINDRICAL_SURFACE('',#2963,0.00475);
#2626=CYLINDRICAL_SURFACE('',#3002,0.0165);
#2627=CYLINDRICAL_SURFACE('',#3005,0.0235);
#2628=CYLINDRICAL_SURFACE('',#3013,0.0026);
#2629=CYLINDRICAL_SURFACE('',#3014,0.0026);
#2630=CYLINDRICAL_SURFACE('',#3015,0.0026);
#2631=CYLINDRICAL_SURFACE('',#3018,0.0026);
#2632=CYLINDRICAL_SURFACE('',#3019,0.005);
#2633=CYLINDRICAL_SURFACE('',#3022,0.005);
#2634=CYLINDRICAL_SURFACE('',#3025,0.005);
#2635=CYLINDRICAL_SURFACE('',#3028,0.005);
#2636=CYLINDRICAL_SURFACE('',#3031,0.005);
#2637=CYLINDRICAL_SURFACE('',#3034,0.005);
#2638=CYLINDRICAL_SURFACE('',#3041,0.0165);
#2639=CYLINDRICAL_SURFACE('',#3044,0.0235);
#2640=CYLINDRICAL_SURFACE('',#3048,0.0025);
#2641=CYLINDRICAL_SURFACE('',#3051,0.0025);
#2642=CYLINDRICAL_SURFACE('',#3054,0.00405);
#2643=CYLINDRICAL_SURFACE('',#3058,0.0025);
#2644=CYLINDRICAL_SURFACE('',#3060,0.0025);
#2645=CYLINDRICAL_SURFACE('',#3068,0.0025);
#2646=CYLINDRICAL_SURFACE('',#3070,0.0025);
#2647=CYLINDRICAL_SURFACE('',#3076,0.0025);
#2648=CYLINDRICAL_SURFACE('',#3078,0.0025);
#2649=CYLINDRICAL_SURFACE('',#3084,0.0025);
#2650=CYLINDRICAL_SURFACE('',#3086,0.0025);
#2651=CYLINDRICAL_SURFACE('',#3092,0.0025);
#2652=CYLINDRICAL_SURFACE('',#3095,0.0025);
#2653=CYLINDRICAL_SURFACE('',#3097,0.0025);
#2654=CYLINDRICAL_SURFACE('',#3103,0.0025);
#2655=CYLINDRICAL_SURFACE('',#3105,0.0025);
#2656=CYLINDRICAL_SURFACE('',#3113,0.0025);
#2657=CYLINDRICAL_SURFACE('',#3115,0.0025);
#2658=CYLINDRICAL_SURFACE('',#3121,0.0025);
#2659=CYLINDRICAL_SURFACE('',#3123,0.0025);
#2660=CYLINDRICAL_SURFACE('',#3129,0.0025);
#2661=CYLINDRICAL_SURFACE('',#3131,0.0025);
#2662=CYLINDRICAL_SURFACE('',#3137,0.0025);
#2663=CYLINDRICAL_SURFACE('',#3140,0.0025);
#2664=CYLINDRICAL_SURFACE('',#3142,0.0025);
#2665=ADVANCED_FACE('',(#2420,#2421),#2600,.F.);
#2666=ADVANCED_FACE('',(#2422),#2601,.F.);
#2667=ADVANCED_FACE('',(#2423),#44,.T.);
#2668=ADVANCED_FACE('',(#2424),#45,.F.);
#2669=ADVANCED_FACE('',(#2425),#46,.F.);
#2670=ADVANCED_FACE('',(#2426),#2602,.F.);
#2671=ADVANCED_FACE('',(#2427),#47,.F.);
#2672=ADVANCED_FACE('',(#2428),#48,.F.);
#2673=ADVANCED_FACE('',(#2429),#2603,.F.);
#2674=ADVANCED_FACE('',(#2430),#49,.F.);
#2675=ADVANCED_FACE('',(#2431),#50,.F.);
#2676=ADVANCED_FACE('',(#2432),#2604,.F.);
#2677=ADVANCED_FACE('',(#2433),#51,.F.);
#2678=ADVANCED_FACE('',(#2434),#52,.F.);
#2679=ADVANCED_FACE('',(#2435),#2605,.F.);
#2680=ADVANCED_FACE('',(#2436),#53,.F.);
#2681=ADVANCED_FACE('',(#2437),#54,.F.);
#2682=ADVANCED_FACE('',(#2438),#2606,.F.);
#2683=ADVANCED_FACE('',(#2439),#55,.F.);
#2684=ADVANCED_FACE('',(#2440),#56,.F.);
#2685=ADVANCED_FACE('',(#2441),#2607,.F.);
#2686=ADVANCED_FACE('',(#2442),#57,.F.);
#2687=ADVANCED_FACE('',(#2443),#58,.F.);
#2688=ADVANCED_FACE('',(#2444),#2608,.F.);
#2689=ADVANCED_FACE('',(#2445),#59,.F.);
#2690=ADVANCED_FACE('',(#2446),#60,.F.);
#2691=ADVANCED_FACE('',(#2447),#2609,.F.);
#2692=ADVANCED_FACE('',(#2448),#61,.F.);
#2693=ADVANCED_FACE('',(#2449),#62,.F.);
#2694=ADVANCED_FACE('',(#2450),#2610,.F.);
#2695=ADVANCED_FACE('',(#2451),#63,.F.);
#2696=ADVANCED_FACE('',(#2452),#64,.F.);
#2697=ADVANCED_FACE('',(#2453),#2611,.F.);
#2698=ADVANCED_FACE('',(#2454),#65,.F.);
#2699=ADVANCED_FACE('',(#2455),#66,.F.);
#2700=ADVANCED_FACE('',(#2456),#67,.F.);
#2701=ADVANCED_FACE('',(#2457),#2612,.F.);
#2702=ADVANCED_FACE('',(#2458),#68,.T.);
#2703=ADVANCED_FACE('',(#2459),#69,.T.);
#2704=ADVANCED_FACE('',(#2460),#70,.T.);
#2705=ADVANCED_FACE('',(#2461),#2613,.F.);
#2706=ADVANCED_FACE('',(#2462),#71,.T.);
#2707=ADVANCED_FACE('',(#2463),#72,.T.);
#2708=ADVANCED_FACE('',(#2464),#2614,.F.);
#2709=ADVANCED_FACE('',(#2465),#73,.T.);
#2710=ADVANCED_FACE('',(#2466),#74,.T.);
#2711=ADVANCED_FACE('',(#2467),#2615,.F.);
#2712=ADVANCED_FACE('',(#2468),#75,.T.);
#2713=ADVANCED_FACE('',(#2469),#76,.T.);
#2714=ADVANCED_FACE('',(#2470),#2616,.F.);
#2715=ADVANCED_FACE('',(#2471),#77,.T.);
#2716=ADVANCED_FACE('',(#2472),#78,.T.);
#2717=ADVANCED_FACE('',(#2473),#2617,.F.);
#2718=ADVANCED_FACE('',(#2474),#79,.T.);
#2719=ADVANCED_FACE('',(#2475),#80,.T.);
#2720=ADVANCED_FACE('',(#2476),#2618,.F.);
#2721=ADVANCED_FACE('',(#2477),#81,.T.);
#2722=ADVANCED_FACE('',(#2478),#82,.T.);
#2723=ADVANCED_FACE('',(#2479),#2619,.F.);
#2724=ADVANCED_FACE('',(#2480),#83,.T.);
#2725=ADVANCED_FACE('',(#2481),#84,.T.);
#2726=ADVANCED_FACE('',(#2482),#2620,.F.);
#2727=ADVANCED_FACE('',(#2483),#85,.T.);
#2728=ADVANCED_FACE('',(#2484),#86,.T.);
#2729=ADVANCED_FACE('',(#2485),#2621,.F.);
#2730=ADVANCED_FACE('',(#2486),#87,.T.);
#2731=ADVANCED_FACE('',(#2487),#88,.T.);
#2732=ADVANCED_FACE('',(#2488),#2622,.F.);
#2733=ADVANCED_FACE('',(#2489),#89,.T.);
#2734=ADVANCED_FACE('',(#2490),#90,.T.);
#2735=ADVANCED_FACE('',(#2491,#2492),#2623,.T.);
#2736=ADVANCED_FACE('',(#2493),#91,.F.);
#2737=ADVANCED_FACE('',(#2494,#2495),#92,.F.);
#2738=ADVANCED_FACE('',(#2496,#2497),#93,.F.);
#2739=ADVANCED_FACE('',(#2498,#2499),#2624,.T.);
#2740=ADVANCED_FACE('',(#2500,#2501),#94,.F.);
#2741=ADVANCED_FACE('',(#2502,#2503),#2625,.F.);
#2742=ADVANCED_FACE('',(#2504,#2505),#95,.T.);
#2743=ADVANCED_FACE('',(#2506),#96,.F.);
#2744=ADVANCED_FACE('',(#2507),#97,.F.);
#2745=ADVANCED_FACE('',(#2508),#98,.T.);
#2746=ADVANCED_FACE('',(#2509),#99,.F.);
#2747=ADVANCED_FACE('',(#2510,#2511),#100,.T.);
#2748=ADVANCED_FACE('',(#2512,#2513,#2514,#2515),#101,.T.);
#2749=ADVANCED_FACE('',(#2516,#2517,#2518,#2519),#102,.T.);
#2750=ADVANCED_FACE('',(#2520),#2626,.F.);
#2751=ADVANCED_FACE('',(#2521),#2627,.T.);
#2752=ADVANCED_FACE('',(#2522),#103,.F.);
#2753=ADVANCED_FACE('',(#2523),#104,.T.);
#2754=ADVANCED_FACE('',(#2524),#105,.T.);
#2755=ADVANCED_FACE('',(#2525),#106,.T.);
#2756=ADVANCED_FACE('',(#2526),#107,.T.);
#2757=ADVANCED_FACE('',(#2527,#2528),#2628,.F.);
#2758=ADVANCED_FACE('',(#2529,#2530),#2629,.F.);
#2759=ADVANCED_FACE('',(#2531,#2532),#2630,.F.);
#2760=ADVANCED_FACE('',(#2533),#108,.F.);
#2761=ADVANCED_FACE('',(#2534),#109,.F.);
#2762=ADVANCED_FACE('',(#2535,#2536),#2631,.F.);
#2763=ADVANCED_FACE('',(#2537),#2632,.T.);
#2764=ADVANCED_FACE('',(#2538),#2633,.F.);
#2765=ADVANCED_FACE('',(#2539),#2634,.T.);
#2766=ADVANCED_FACE('',(#2540),#2635,.F.);
#2767=ADVANCED_FACE('',(#2541),#2636,.T.);
#2768=ADVANCED_FACE('',(#2542),#2637,.T.);
#2769=ADVANCED_FACE('',(#2543,#2544),#110,.T.);
#2770=ADVANCED_FACE('',(#2545,#2546),#111,.T.);
#2771=ADVANCED_FACE('',(#2547),#2638,.F.);
#2772=ADVANCED_FACE('',(#2548),#2639,.T.);
#2773=ADVANCED_FACE('',(#2549),#112,.F.);
#2774=ADVANCED_FACE('',(#2550),#2640,.T.);
#2775=ADVANCED_FACE('',(#2551),#2641,.T.);
#2776=ADVANCED_FACE('',(#2552,#2553),#2642,.F.);
#2777=ADVANCED_FACE('',(#2554),#16,.T.);
#2778=ADVANCED_FACE('',(#2555),#2643,.T.);
#2779=ADVANCED_FACE('',(#2556),#2644,.T.);
#2780=ADVANCED_FACE('',(#2557),#17,.T.);
#2781=ADVANCED_FACE('',(#2558),#18,.T.);
#2782=ADVANCED_FACE('',(#2559),#19,.T.);
#2783=ADVANCED_FACE('',(#2560),#2645,.T.);
#2784=ADVANCED_FACE('',(#2561),#2646,.T.);
#2785=ADVANCED_FACE('',(#2562),#12,.T.);
#2786=ADVANCED_FACE('',(#2563),#20,.T.);
#2787=ADVANCED_FACE('',(#2564),#2647,.T.);
#2788=ADVANCED_FACE('',(#2565),#2648,.T.);
#2789=ADVANCED_FACE('',(#2566),#13,.T.);
#2790=ADVANCED_FACE('',(#2567),#21,.T.);
#2791=ADVANCED_FACE('',(#2568),#2649,.T.);
#2792=ADVANCED_FACE('',(#2569),#2650,.T.);
#2793=ADVANCED_FACE('',(#2570),#22,.T.);
#2794=ADVANCED_FACE('',(#2571),#23,.T.);
#2795=ADVANCED_FACE('',(#2572),#2651,.T.);
#2796=ADVANCED_FACE('',(#2573),#24,.T.);
#2797=ADVANCED_FACE('',(#2574),#2652,.T.);
#2798=ADVANCED_FACE('',(#2575),#2653,.T.);
#2799=ADVANCED_FACE('',(#2576),#25,.T.);
#2800=ADVANCED_FACE('',(#2577),#26,.T.);
#2801=ADVANCED_FACE('',(#2578),#2654,.T.);
#2802=ADVANCED_FACE('',(#2579),#2655,.T.);
#2803=ADVANCED_FACE('',(#2580),#27,.T.);
#2804=ADVANCED_FACE('',(#2581),#28,.T.);
#2805=ADVANCED_FACE('',(#2582),#29,.T.);
#2806=ADVANCED_FACE('',(#2583),#2656,.T.);
#2807=ADVANCED_FACE('',(#2584),#2657,.T.);
#2808=ADVANCED_FACE('',(#2585),#14,.T.);
#2809=ADVANCED_FACE('',(#2586),#30,.T.);
#2810=ADVANCED_FACE('',(#2587),#2658,.T.);
#2811=ADVANCED_FACE('',(#2588),#2659,.T.);
#2812=ADVANCED_FACE('',(#2589),#15,.T.);
#2813=ADVANCED_FACE('',(#2590),#31,.T.);
#2814=ADVANCED_FACE('',(#2591),#2660,.T.);
#2815=ADVANCED_FACE('',(#2592),#2661,.T.);
#2816=ADVANCED_FACE('',(#2593),#32,.T.);
#2817=ADVANCED_FACE('',(#2594),#33,.T.);
#2818=ADVANCED_FACE('',(#2595),#2662,.T.);
#2819=ADVANCED_FACE('',(#2596),#34,.T.);
#2820=ADVANCED_FACE('',(#2597),#2663,.T.);
#2821=ADVANCED_FACE('',(#2598),#2664,.T.);
#2822=ADVANCED_FACE('',(#2599),#35,.T.);
#2823=CLOSED_SHELL('',(#2665,#2666,#2667,#2668,#2669,#2670,#2671,#2672,
#2673,#2674,#2675,#2676,#2677,#2678,#2679,#2680,#2681,#2682,#2683,#2684,
#2685,#2686,#2687,#2688,#2689,#2690,#2691,#2692,#2693,#2694,#2695,#2696,
#2697,#2698,#2699,#2700,#2701,#2702,#2703,#2704,#2705,#2706,#2707,#2708,
#2709,#2710,#2711,#2712,#2713,#2714,#2715,#2716,#2717,#2718,#2719,#2720,
#2721,#2722,#2723,#2724,#2725,#2726,#2727,#2728,#2729,#2730,#2731,#2732,
#2733,#2734,#2735,#2736,#2737,#2738,#2739,#2740,#2741,#2742,#2743,#2744,
#2745,#2746,#2747,#2748,#2749,#2750,#2751,#2752,#2753,#2754,#2755,#2756,
#2757,#2758,#2759,#2760,#2761,#2762,#2763,#2764,#2765,#2766,#2767,#2768,
#2769,#2770,#2771,#2772,#2773,#2774,#2775,#2776,#2777,#2778,#2779,#2780,
#2781,#2782,#2783,#2784,#2785,#2786,#2787,#2788,#2789,#2790,#2791,#2792,
#2793,#2794,#2795,#2796,#2797,#2798,#2799,#2800,#2801,#2802,#2803,#2804,
#2805,#2806,#2807,#2808,#2809,#2810,#2811,#2812,#2813,#2814,#2815,#2816,
#2817,#2818,#2819,#2820,#2821,#2822));
#2824=STYLED_ITEM('',(#2825),#2832);
#2825=PRESENTATION_STYLE_ASSIGNMENT((#2826));
#2826=SURFACE_STYLE_USAGE(.BOTH.,#2827);
#2827=SURFACE_SIDE_STYLE('',(#2828));
#2828=SURFACE_STYLE_FILL_AREA(#2829);
#2829=FILL_AREA_STYLE('',(#2830));
#2830=FILL_AREA_STYLE_COLOUR('',#2831);
#2831=COLOUR_RGB('',0.647058823529412,0.647058823529412,0.647058823529412);
#2832=MANIFOLD_SOLID_BREP('Part 2',#2823);
#2833=SHAPE_DEFINITION_REPRESENTATION(#4876,#2834);
#2834=SHAPE_REPRESENTATION('Part 2',(#2835),#4871);
#2835=AXIS2_PLACEMENT_3D('',#4013,#3145,#3146);
#2836=AXIS2_PLACEMENT_3D('',#4014,#3147,#3148);
#2837=AXIS2_PLACEMENT_3D('',#4015,#3149,#3150);
#2838=AXIS2_PLACEMENT_3D('',#4017,#3151,#3152);
#2839=AXIS2_PLACEMENT_3D('',#4019,#3153,#3154);
#2840=AXIS2_PLACEMENT_3D('',#4020,#3155,#3156);
#2841=AXIS2_PLACEMENT_3D('',#4025,#3158,#3159);
#2842=AXIS2_PLACEMENT_3D('',#4028,#3161,#3162);
#2843=AXIS2_PLACEMENT_3D('',#4034,#3166,#3167);
#2844=AXIS2_PLACEMENT_3D('',#4040,#3171,#3172);
#2845=AXIS2_PLACEMENT_3D('',#4046,#3176,#3177);
#2846=AXIS2_PLACEMENT_3D('',#4047,#3178,#3179);
#2847=AXIS2_PLACEMENT_3D('',#4051,#3181,#3182);
#2848=AXIS2_PLACEMENT_3D('',#4052,#3183,#3184);
#2849=AXIS2_PLACEMENT_3D('',#4058,#3188,#3189);
#2850=AXIS2_PLACEMENT_3D('',#4064,#3193,#3194);
#2851=AXIS2_PLACEMENT_3D('',#4065,#3195,#3196);
#2852=AXIS2_PLACEMENT_3D('',#4069,#3198,#3199);
#2853=AXIS2_PLACEMENT_3D('',#4070,#3200,#3201);
#2854=AXIS2_PLACEMENT_3D('',#4076,#3205,#3206);
#2855=AXIS2_PLACEMENT_3D('',#4082,#3210,#3211);
#2856=AXIS2_PLACEMENT_3D('',#4083,#3212,#3213);
#2857=AXIS2_PLACEMENT_3D('',#4087,#3215,#3216);
#2858=AXIS2_PLACEMENT_3D('',#4088,#3217,#3218);
#2859=AXIS2_PLACEMENT_3D('',#4094,#3222,#3223);
#2860=AXIS2_PLACEMENT_3D('',#4100,#3227,#3228);
#2861=AXIS2_PLACEMENT_3D('',#4101,#3229,#3230);
#2862=AXIS2_PLACEMENT_3D('',#4105,#3232,#3233);
#2863=AXIS2_PLACEMENT_3D('',#4106,#3234,#3235);
#2864=AXIS2_PLACEMENT_3D('',#4112,#3239,#3240);
#2865=AXIS2_PLACEMENT_3D('',#4118,#3244,#3245);
#2866=AXIS2_PLACEMENT_3D('',#4119,#3246,#3247);
#2867=AXIS2_PLACEMENT_3D('',#4123,#3249,#3250);
#2868=AXIS2_PLACEMENT_3D('',#4124,#3251,#3252);
#2869=AXIS2_PLACEMENT_3D('',#4130,#3256,#3257);
#2870=AXIS2_PLACEMENT_3D('',#4136,#3261,#3262);
#2871=AXIS2_PLACEMENT_3D('',#4137,#3263,#3264);
#2872=AXIS2_PLACEMENT_3D('',#4141,#3266,#3267);
#2873=AXIS2_PLACEMENT_3D('',#4142,#3268,#3269);
#2874=AXIS2_PLACEMENT_3D('',#4148,#3273,#3274);
#2875=AXIS2_PLACEMENT_3D('',#4154,#3278,#3279);
#2876=AXIS2_PLACEMENT_3D('',#4155,#3280,#3281);
#2877=AXIS2_PLACEMENT_3D('',#4159,#3283,#3284);
#2878=AXIS2_PLACEMENT_3D('',#4160,#3285,#3286);
#2879=AXIS2_PLACEMENT_3D('',#4166,#3290,#3291);
#2880=AXIS2_PLACEMENT_3D('',#4172,#3295,#3296);
#2881=AXIS2_PLACEMENT_3D('',#4173,#3297,#3298);
#2882=AXIS2_PLACEMENT_3D('',#4177,#3300,#3301);
#2883=AXIS2_PLACEMENT_3D('',#4178,#3302,#3303);
#2884=AXIS2_PLACEMENT_3D('',#4184,#3307,#3308);
#2885=AXIS2_PLACEMENT_3D('',#4190,#3312,#3313);
#2886=AXIS2_PLACEMENT_3D('',#4191,#3314,#3315);
#2887=AXIS2_PLACEMENT_3D('',#4195,#3317,#3318);
#2888=AXIS2_PLACEMENT_3D('',#4196,#3319,#3320);
#2889=AXIS2_PLACEMENT_3D('',#4202,#3324,#3325);
#2890=AXIS2_PLACEMENT_3D('',#4208,#3329,#3330);
#2891=AXIS2_PLACEMENT_3D('',#4209,#3331,#3332);
#2892=AXIS2_PLACEMENT_3D('',#4213,#3334,#3335);
#2893=AXIS2_PLACEMENT_3D('',#4214,#3336,#3337);
#2894=AXIS2_PLACEMENT_3D('',#4220,#3341,#3342);
#2895=AXIS2_PLACEMENT_3D('',#4226,#3346,#3347);
#2896=AXIS2_PLACEMENT_3D('',#4232,#3351,#3352);
#2897=AXIS2_PLACEMENT_3D('',#4233,#3353,#3354);
#2898=AXIS2_PLACEMENT_3D('',#4237,#3356,#3357);
#2899=AXIS2_PLACEMENT_3D('',#4238,#3358,#3359);
#2900=AXIS2_PLACEMENT_3D('',#4244,#3363,#3364);
#2901=AXIS2_PLACEMENT_3D('',#4250,#3368,#3369);
#2902=AXIS2_PLACEMENT_3D('',#4256,#3373,#3374);
#2903=AXIS2_PLACEMENT_3D('',#4257,#3375,#3376);
#2904=AXIS2_PLACEMENT_3D('',#4261,#3378,#3379);
#2905=AXIS2_PLACEMENT_3D('',#4262,#3380,#3381);
#2906=AXIS2_PLACEMENT_3D('',#4268,#3385,#3386);
#2907=AXIS2_PLACEMENT_3D('',#4274,#3390,#3391);
#2908=AXIS2_PLACEMENT_3D('',#4275,#3392,#3393);
#2909=AXIS2_PLACEMENT_3D('',#4279,#3395,#3396);
#2910=AXIS2_PLACEMENT_3D('',#4280,#3397,#3398);
#2911=AXIS2_PLACEMENT_3D('',#4286,#3402,#3403);
#2912=AXIS2_PLACEMENT_3D('',#4292,#3407,#3408);
#2913=AXIS2_PLACEMENT_3D('',#4293,#3409,#3410);
#2914=AXIS2_PLACEMENT_3D('',#4297,#3412,#3413);
#2915=AXIS2_PLACEMENT_3D('',#4298,#3414,#3415);
#2916=AXIS2_PLACEMENT_3D('',#4304,#3419,#3420);
#2917=AXIS2_PLACEMENT_3D('',#4310,#3424,#3425);
#2918=AXIS2_PLACEMENT_3D('',#4311,#3426,#3427);
#2919=AXIS2_PLACEMENT_3D('',#4315,#3429,#3430);
#2920=AXIS2_PLACEMENT_3D('',#4316,#3431,#3432);
#2921=AXIS2_PLACEMENT_3D('',#4322,#3436,#3437);
#2922=AXIS2_PLACEMENT_3D('',#4328,#3441,#3442);
#2923=AXIS2_PLACEMENT_3D('',#4329,#3443,#3444);
#2924=AXIS2_PLACEMENT_3D('',#4333,#3446,#3447);
#2925=AXIS2_PLACEMENT_3D('',#4334,#3448,#3449);
#2926=AXIS2_PLACEMENT_3D('',#4340,#3453,#3454);
#2927=AXIS2_PLACEMENT_3D('',#4346,#3458,#3459);
#2928=AXIS2_PLACEMENT_3D('',#4347,#3460,#3461);
#2929=AXIS2_PLACEMENT_3D('',#4351,#3463,#3464);
#2930=AXIS2_PLACEMENT_3D('',#4352,#3465,#3466);
#2931=AXIS2_PLACEMENT_3D('',#4358,#3470,#3471);
#2932=AXIS2_PLACEMENT_3D('',#4364,#3475,#3476);
#2933=AXIS2_PLACEMENT_3D('',#4365,#3477,#3478);
#2934=AXIS2_PLACEMENT_3D('',#4369,#3480,#3481);
#2935=AXIS2_PLACEMENT_3D('',#4370,#3482,#3483);
#2936=AXIS2_PLACEMENT_3D('',#4376,#3487,#3488);
#2937=AXIS2_PLACEMENT_3D('',#4382,#3492,#3493);
#2938=AXIS2_PLACEMENT_3D('',#4383,#3494,#3495);
#2939=AXIS2_PLACEMENT_3D('',#4387,#3497,#3498);
#2940=AXIS2_PLACEMENT_3D('',#4388,#3499,#3500);
#2941=AXIS2_PLACEMENT_3D('',#4394,#3504,#3505);
#2942=AXIS2_PLACEMENT_3D('',#4400,#3509,#3510);
#2943=AXIS2_PLACEMENT_3D('',#4401,#3511,#3512);
#2944=AXIS2_PLACEMENT_3D('',#4405,#3514,#3515);
#2945=AXIS2_PLACEMENT_3D('',#4406,#3516,#3517);
#2946=AXIS2_PLACEMENT_3D('',#4412,#3521,#3522);
#2947=AXIS2_PLACEMENT_3D('',#4418,#3526,#3527);
#2948=AXIS2_PLACEMENT_3D('',#4419,#3528,#3529);
#2949=AXIS2_PLACEMENT_3D('',#4423,#3531,#3532);
#2950=AXIS2_PLACEMENT_3D('',#4424,#3533,#3534);
#2951=AXIS2_PLACEMENT_3D('',#4430,#3538,#3539);
#2952=AXIS2_PLACEMENT_3D('',#4436,#3543,#3544);
#2953=AXIS2_PLACEMENT_3D('',#4437,#3545,#3546);
#2954=AXIS2_PLACEMENT_3D('',#4439,#3547,#3548);
#2955=AXIS2_PLACEMENT_3D('',#4441,#3549,#3550);
#2956=AXIS2_PLACEMENT_3D('',#4444,#3553,#3554);
#2957=AXIS2_PLACEMENT_3D('',#4445,#3555,#3556);
#2958=AXIS2_PLACEMENT_3D('',#4446,#3557,#3558);
#2959=AXIS2_PLACEMENT_3D('',#4448,#3559,#3560);
#2960=AXIS2_PLACEMENT_3D('',#4464,#3561,#3562);
#2961=AXIS2_PLACEMENT_3D('',#4480,#3563,#3564);
#2962=AXIS2_PLACEMENT_3D('',#4481,#3565,#3566);
#2963=AXIS2_PLACEMENT_3D('',#4482,#3567,#3568);
#2964=AXIS2_PLACEMENT_3D('',#4483,#3569,#3570);
#2965=AXIS2_PLACEMENT_3D('',#4485,#3571,#3572);
#2966=AXIS2_PLACEMENT_3D('',#4487,#3573,#3574);
#2967=AXIS2_PLACEMENT_3D('',#4488,#3575,#3576);
#2968=AXIS2_PLACEMENT_3D('',#4494,#3580,#3581);
#2969=AXIS2_PLACEMENT_3D('',#4500,#3585,#3586);
#2970=AXIS2_PLACEMENT_3D('',#4506,#3589,#3590);
#2971=AXIS2_PLACEMENT_3D('',#4510,#3592,#3593);
#2972=AXIS2_PLACEMENT_3D('',#4518,#3597,#3598);
#2973=AXIS2_PLACEMENT_3D('',#4523,#3601,#3602);
#2974=AXIS2_PLACEMENT_3D('',#4526,#3604,#3605);
#2975=AXIS2_PLACEMENT_3D('',#4527,#3606,#3607);
#2976=AXIS2_PLACEMENT_3D('',#4536,#3611,#3612);
#2977=AXIS2_PLACEMENT_3D('',#4541,#3615,#3616);
#2978=AXIS2_PLACEMENT_3D('',#4549,#3620,#3621);
#2979=AXIS2_PLACEMENT_3D('',#4552,#3623,#3624);
#2980=AXIS2_PLACEMENT_3D('',#4561,#3629,#3630);
#2981=AXIS2_PLACEMENT_3D('',#4570,#3635,#3636);
#2982=AXIS2_PLACEMENT_3D('',#4572,#3637,#3638);
#2983=AXIS2_PLACEMENT_3D('',#4579,#3641,#3642);
#2984=AXIS2_PLACEMENT_3D('',#4581,#3643,#3644);
#2985=AXIS2_PLACEMENT_3D('',#4585,#3646,#3647);
#2986=AXIS2_PLACEMENT_3D('',#4589,#3649,#3650);
#2987=AXIS2_PLACEMENT_3D('',#4593,#3652,#3653);
#2988=AXIS2_PLACEMENT_3D('',#4597,#3655,#3656);
#2989=AXIS2_PLACEMENT_3D('',#4601,#3658,#3659);
#2990=AXIS2_PLACEMENT_3D('',#4603,#3660,#3661);
#2991=AXIS2_PLACEMENT_3D('',#4606,#3663,#3664);
#2992=AXIS2_PLACEMENT_3D('',#4615,#3669,#3670);
#2993=AXIS2_PLACEMENT_3D('',#4617,#3671,#3672);
#2994=AXIS2_PLACEMENT_3D('',#4624,#3675,#3676);
#2995=AXIS2_PLACEMENT_3D('',#4626,#3677,#3678);
#2996=AXIS2_PLACEMENT_3D('',#4630,#3680,#3681);
#2997=AXIS2_PLACEMENT_3D('',#4634,#3683,#3684);
#2998=AXIS2_PLACEMENT_3D('',#4638,#3686,#3687);
#2999=AXIS2_PLACEMENT_3D('',#4642,#3689,#3690);
#3000=AXIS2_PLACEMENT_3D('',#4646,#3692,#3693);
#3001=AXIS2_PLACEMENT_3D('',#4648,#3694,#3695);
#3002=AXIS2_PLACEMENT_3D('',#4651,#3697,#3698);
#3003=AXIS2_PLACEMENT_3D('',#4652,#3699,#3700);
#3004=AXIS2_PLACEMENT_3D('',#4653,#3701,#3702);
#3005=AXIS2_PLACEMENT_3D('',#4654,#3703,#3704);
#3006=AXIS2_PLACEMENT_3D('',#4655,#3705,#3706);
#3007=AXIS2_PLACEMENT_3D('',#4656,#3707,#3708);
#3008=AXIS2_PLACEMENT_3D('',#4657,#3709,#3710);
#3009=AXIS2_PLACEMENT_3D('',#4660,#3713,#3714);
#3010=AXIS2_PLACEMENT_3D('',#4662,#3716,#3717);
#3011=AXIS2_PLACEMENT_3D('',#4664,#3719,#3720);
#3012=AXIS2_PLACEMENT_3D('',#4673,#3725,#3726);
#3013=AXIS2_PLACEMENT_3D('',#4682,#3731,#3732);
#3014=AXIS2_PLACEMENT_3D('',#4691,#3733,#3734);
#3015=AXIS2_PLACEMENT_3D('',#4692,#3735,#3736);
#3016=AXIS2_PLACEMENT_3D('',#4693,#3737,#3738);
#3017=AXIS2_PLACEMENT_3D('',#4694,#3739,#3740);
#3018=AXIS2_PLACEMENT_3D('',#4703,#3745,#3746);
#3019=AXIS2_PLACEMENT_3D('',#4712,#3747,#3748);
#3020=AXIS2_PLACEMENT_3D('',#4713,#3749,#3750);
#3021=AXIS2_PLACEMENT_3D('',#4717,#3752,#3753);
#3022=AXIS2_PLACEMENT_3D('',#4718,#3754,#3755);
#3023=AXIS2_PLACEMENT_3D('',#4719,#3756,#3757);
#3024=AXIS2_PLACEMENT_3D('',#4720,#3758,#3759);
#3025=AXIS2_PLACEMENT_3D('',#4721,#3760,#3761);
#3026=AXIS2_PLACEMENT_3D('',#4725,#3763,#3764);
#3027=AXIS2_PLACEMENT_3D('',#4726,#3765,#3766);
#3028=AXIS2_PLACEMENT_3D('',#4727,#3767,#3768);
#3029=AXIS2_PLACEMENT_3D('',#4728,#3769,#3770);
#3030=AXIS2_PLACEMENT_3D('',#4729,#3771,#3772);
#3031=AXIS2_PLACEMENT_3D('',#4730,#3773,#3774);
#3032=AXIS2_PLACEMENT_3D('',#4731,#3775,#3776);
#3033=AXIS2_PLACEMENT_3D('',#4732,#3777,#3778);
#3034=AXIS2_PLACEMENT_3D('',#4733,#3779,#3780);
#3035=AXIS2_PLACEMENT_3D('',#4734,#3781,#3782);
#3036=AXIS2_PLACEMENT_3D('',#4735,#3783,#3784);
#3037=AXIS2_PLACEMENT_3D('',#4736,#3785,#3786);
#3038=AXIS2_PLACEMENT_3D('',#4737,#3787,#3788);
#3039=AXIS2_PLACEMENT_3D('',#4747,#3793,#3794);
#3040=AXIS2_PLACEMENT_3D('',#4748,#3795,#3796);
#3041=AXIS2_PLACEMENT_3D('',#4758,#3801,#3802);
#3042=AXIS2_PLACEMENT_3D('',#4759,#3803,#3804);
#3043=AXIS2_PLACEMENT_3D('',#4760,#3805,#3806);
#3044=AXIS2_PLACEMENT_3D('',#4761,#3807,#3808);
#3045=AXIS2_PLACEMENT_3D('',#4762,#3809,#3810);
#3046=AXIS2_PLACEMENT_3D('',#4763,#3811,#3812);
#3047=AXIS2_PLACEMENT_3D('',#4764,#3813,#3814);
#3048=AXIS2_PLACEMENT_3D('',#4773,#3819,#3820);
#3049=AXIS2_PLACEMENT_3D('',#4774,#3821,#3822);
#3050=AXIS2_PLACEMENT_3D('',#4775,#3823,#3824);
#3051=AXIS2_PLACEMENT_3D('',#4776,#3825,#3826);
#3052=AXIS2_PLACEMENT_3D('',#4777,#3827,#3828);
#3053=AXIS2_PLACEMENT_3D('',#4778,#3829,#3830);
#3054=AXIS2_PLACEMENT_3D('',#4779,#3831,#3832);
#3055=AXIS2_PLACEMENT_3D('',#4780,#3833,#3834);
#3056=AXIS2_PLACEMENT_3D('',#4781,#3835,#3836);
#3057=AXIS2_PLACEMENT_3D('',#4782,#3837,#3838);
#3058=AXIS2_PLACEMENT_3D('',#4783,#3839,#3840);
#3059=AXIS2_PLACEMENT_3D('',#4784,#3841,#3842);
#3060=AXIS2_PLACEMENT_3D('',#4785,#3843,#3844);
#3061=AXIS2_PLACEMENT_3D('',#4786,#3845,#3846);
#3062=AXIS2_PLACEMENT_3D('',#4787,#3847,#3848);
#3063=AXIS2_PLACEMENT_3D('',#4788,#3849,#3850);
#3064=AXIS2_PLACEMENT_3D('',#4789,#3851,#3852);
#3065=AXIS2_PLACEMENT_3D('',#4790,#3853,#3854);
#3066=AXIS2_PLACEMENT_3D('',#4791,#3855,#3856);
#3067=AXIS2_PLACEMENT_3D('',#4792,#3857,#3858);
#3068=AXIS2_PLACEMENT_3D('',#4793,#3859,#3860);
#3069=AXIS2_PLACEMENT_3D('',#4794,#3861,#3862);
#3070=AXIS2_PLACEMENT_3D('',#4795,#3863,#3864);
#3071=AXIS2_PLACEMENT_3D('',#4796,#3865,#3866);
#3072=AXIS2_PLACEMENT_3D('',#4797,#3867,#3868);
#3073=AXIS2_PLACEMENT_3D('',#4798,#3869,#3870);
#3074=AXIS2_PLACEMENT_3D('',#4799,#3871,#3872);
#3075=AXIS2_PLACEMENT_3D('',#4800,#3873,#3874);
#3076=AXIS2_PLACEMENT_3D('',#4801,#3875,#3876);
#3077=AXIS2_PLACEMENT_3D('',#4802,#3877,#3878);
#3078=AXIS2_PLACEMENT_3D('',#4803,#3879,#3880);
#3079=AXIS2_PLACEMENT_3D('',#4804,#3881,#3882);
#3080=AXIS2_PLACEMENT_3D('',#4805,#3883,#3884);
#3081=AXIS2_PLACEMENT_3D('',#4806,#3885,#3886);
#3082=AXIS2_PLACEMENT_3D('',#4807,#3887,#3888);
#3083=AXIS2_PLACEMENT_3D('',#4808,#3889,#3890);
#3084=AXIS2_PLACEMENT_3D('',#4809,#3891,#3892);
#3085=AXIS2_PLACEMENT_3D('',#4810,#3893,#3894);
#3086=AXIS2_PLACEMENT_3D('',#4811,#3895,#3896);
#3087=AXIS2_PLACEMENT_3D('',#4812,#3897,#3898);
#3088=AXIS2_PLACEMENT_3D('',#4813,#3899,#3900);
#3089=AXIS2_PLACEMENT_3D('',#4814,#3901,#3902);
#3090=AXIS2_PLACEMENT_3D('',#4815,#3903,#3904);
#3091=AXIS2_PLACEMENT_3D('',#4816,#3905,#3906);
#3092=AXIS2_PLACEMENT_3D('',#4817,#3907,#3908);
#3093=AXIS2_PLACEMENT_3D('',#4818,#3909,#3910);
#3094=AXIS2_PLACEMENT_3D('',#4819,#3911,#3912);
#3095=AXIS2_PLACEMENT_3D('',#4820,#3913,#3914);
#3096=AXIS2_PLACEMENT_3D('',#4821,#3915,#3916);
#3097=AXIS2_PLACEMENT_3D('',#4822,#3917,#3918);
#3098=AXIS2_PLACEMENT_3D('',#4823,#3919,#3920);
#3099=AXIS2_PLACEMENT_3D('',#4824,#3921,#3922);
#3100=AXIS2_PLACEMENT_3D('',#4825,#3923,#3924);
#3101=AXIS2_PLACEMENT_3D('',#4826,#3925,#3926);
#3102=AXIS2_PLACEMENT_3D('',#4827,#3927,#3928);
#3103=AXIS2_PLACEMENT_3D('',#4828,#3929,#3930);
#3104=AXIS2_PLACEMENT_3D('',#4829,#3931,#3932);
#3105=AXIS2_PLACEMENT_3D('',#4830,#3933,#3934);
#3106=AXIS2_PLACEMENT_3D('',#4831,#3935,#3936);
#3107=AXIS2_PLACEMENT_3D('',#4832,#3937,#3938);
#3108=AXIS2_PLACEMENT_3D('',#4833,#3939,#3940);
#3109=AXIS2_PLACEMENT_3D('',#4834,#3941,#3942);
#3110=AXIS2_PLACEMENT_3D('',#4835,#3943,#3944);
#3111=AXIS2_PLACEMENT_3D('',#4836,#3945,#3946);
#3112=AXIS2_PLACEMENT_3D('',#4837,#3947,#3948);
#3113=AXIS2_PLACEMENT_3D('',#4838,#3949,#3950);
#3114=AXIS2_PLACEMENT_3D('',#4839,#3951,#3952);
#3115=AXIS2_PLACEMENT_3D('',#4840,#3953,#3954);
#3116=AXIS2_PLACEMENT_3D('',#4841,#3955,#3956);
#3117=AXIS2_PLACEMENT_3D('',#4842,#3957,#3958);
#3118=AXIS2_PLACEMENT_3D('',#4843,#3959,#3960);
#3119=AXIS2_PLACEMENT_3D('',#4844,#3961,#3962);
#3120=AXIS2_PLACEMENT_3D('',#4845,#3963,#3964);
#3121=AXIS2_PLACEMENT_3D('',#4846,#3965,#3966);
#3122=AXIS2_PLACEMENT_3D('',#4847,#3967,#3968);
#3123=AXIS2_PLACEMENT_3D('',#4848,#3969,#3970);
#3124=AXIS2_PLACEMENT_3D('',#4849,#3971,#3972);
#3125=AXIS2_PLACEMENT_3D('',#4850,#3973,#3974);
#3126=AXIS2_PLACEMENT_3D('',#4851,#3975,#3976);
#3127=AXIS2_PLACEMENT_3D('',#4852,#3977,#3978);
#3128=AXIS2_PLACEMENT_3D('',#4853,#3979,#3980);
#3129=AXIS2_PLACEMENT_3D('',#4854,#3981,#3982);
#3130=AXIS2_PLACEMENT_3D('',#4855,#3983,#3984);
#3131=AXIS2_PLACEMENT_3D('',#4856,#3985,#3986);
#3132=AXIS2_PLACEMENT_3D('',#4857,#3987,#3988);
#3133=AXIS2_PLACEMENT_3D('',#4858,#3989,#3990);
#3134=AXIS2_PLACEMENT_3D('',#4859,#3991,#3992);
#3135=AXIS2_PLACEMENT_3D('',#4860,#3993,#3994);
#3136=AXIS2_PLACEMENT_3D('',#4861,#3995,#3996);
#3137=AXIS2_PLACEMENT_3D('',#4862,#3997,#3998);
#3138=AXIS2_PLACEMENT_3D('',#4863,#3999,#4000);
#3139=AXIS2_PLACEMENT_3D('',#4864,#4001,#4002);
#3140=AXIS2_PLACEMENT_3D('',#4865,#4003,#4004);
#3141=AXIS2_PLACEMENT_3D('',#4866,#4005,#4006);
#3142=AXIS2_PLACEMENT_3D('',#4867,#4007,#4008);
#3143=AXIS2_PLACEMENT_3D('',#4868,#4009,#4010);
#3144=AXIS2_PLACEMENT_3D('',#4869,#4011,#4012);
#3145=DIRECTION('',(0.,0.,1.));
#3146=DIRECTION('',(1.,0.,0.));
#3147=DIRECTION('',(0.,1.,0.));
#3148=DIRECTION('',(1.,0.,0.));
#3149=DIRECTION('',(0.,-1.,0.));
#3150=DIRECTION('',(-1.,0.,0.));
#3151=DIRECTION('',(0.,-1.,0.));
#3152=DIRECTION('',(-1.,0.,0.));
#3153=DIRECTION('',(0.,1.,0.));
#3154=DIRECTION('',(1.,0.,0.));
#3155=DIRECTION('',(0.,-1.,0.));
#3156=DIRECTION('',(-1.,0.,0.));
#3157=DIRECTION('',(0.,1.,0.));
#3158=DIRECTION('',(0.,-1.,0.));
#3159=DIRECTION('',(-1.,0.,0.));
#3160=DIRECTION('',(0.,1.,0.));
#3161=DIRECTION('',(-1.,0.,0.));
#3162=DIRECTION('',(0.,1.,0.));
#3163=DIRECTION('',(0.,0.,1.));
#3164=DIRECTION('',(0.,1.,0.));
#3165=DIRECTION('',(0.,0.,1.));
#3166=DIRECTION('',(-0.621147780278294,0.,0.783693457325853));
#3167=DIRECTION('',(0.783693457325853,0.,0.621147780278294));
#3168=DIRECTION('',(0.783693457325853,0.,0.621147780278294));
#3169=DIRECTION('',(0.,1.,0.));
#3170=DIRECTION('',(0.783693457325853,0.,0.621147780278294));
#3171=DIRECTION('',(0.989272332962994,0.,0.146083028562371));
#3172=DIRECTION('',(0.146083028562371,0.,-0.989272332962994));
#3173=DIRECTION('',(0.146083028562371,0.,-0.989272332962994));
#3174=DIRECTION('',(0.,1.,0.));
#3175=DIRECTION('',(0.146083028562371,0.,-0.989272332962994));
#3176=DIRECTION('',(0.,1.,0.));
#3177=DIRECTION('',(1.,0.,0.));
#3178=DIRECTION('',(0.,-1.,0.));
#3179=DIRECTION('',(-1.,0.,0.));
#3180=DIRECTION('',(0.,1.,0.));
#3181=DIRECTION('',(0.,-1.,0.));
#3182=DIRECTION('',(-1.,0.,0.));
#3183=DIRECTION('',(-0.406736643075802,0.,0.9135454576426));
#3184=DIRECTION('',(0.9135454576426,0.,0.406736643075802));
#3185=DIRECTION('',(0.9135454576426,0.,0.406736643075802));
#3186=DIRECTION('',(0.,1.,0.));
#3187=DIRECTION('',(0.9135454576426,0.,0.406736643075802));
#3188=DIRECTION('',(0.994521895368272,0.,-0.10452846326767));
#3189=DIRECTION('',(-0.10452846326767,0.,-0.994521895368272));
#3190=DIRECTION('',(-0.10452846326767,0.,-0.994521895368272));
#3191=DIRECTION('',(0.,1.,0.));
#3192=DIRECTION('',(-0.10452846326767,0.,-0.994521895368272));
#3193=DIRECTION('',(0.,1.,0.));
#3194=DIRECTION('',(1.,0.,0.));
#3195=DIRECTION('',(0.,-1.,0.));
#3196=DIRECTION('',(-1.,0.,0.));
#3197=DIRECTION('',(0.,1.,0.));
#3198=DIRECTION('',(0.,-1.,0.));
#3199=DIRECTION('',(-1.,0.,0.));
#3200=DIRECTION('',(-0.166768746716093,0.,0.985996037070506));
#3201=DIRECTION('',(0.985996037070507,0.,0.166768746716093));
#3202=DIRECTION('',(0.985996037070507,0.,0.166768746716093));
#3203=DIRECTION('',(0.,1.,0.));
#3204=DIRECTION('',(0.985996037070507,0.,0.166768746716093));
#3205=DIRECTION('',(0.937281989491883,0.,-0.34857204732184));
#3206=DIRECTION('',(-0.348572047321839,0.,-0.937281989491882));
#3207=DIRECTION('',(-0.348572047321839,0.,-0.937281989491882));
#3208=DIRECTION('',(0.,1.,0.));
#3209=DIRECTION('',(-0.348572047321839,0.,-0.937281989491882));
#3210=DIRECTION('',(0.,1.,0.));
#3211=DIRECTION('',(1.,0.,0.));
#3212=DIRECTION('',(0.,-1.,0.));
#3213=DIRECTION('',(-1.,0.,0.));
#3214=DIRECTION('',(0.,1.,0.));
#3215=DIRECTION('',(0.,-1.,0.));
#3216=DIRECTION('',(-1.,0.,0.));
#3217=DIRECTION('',(0.0836778433322986,0.,0.996492859249506));
#3218=DIRECTION('',(0.996492859249506,0.,-0.0836778433322986));
#3219=DIRECTION('',(0.996492859249506,0.,-0.0836778433322986));
#3220=DIRECTION('',(0.,1.,0.));
#3221=DIRECTION('',(0.996492859249506,0.,-0.0836778433322986));
#3222=DIRECTION('',(0.821149209133701,0.,-0.570713567684436));
#3223=DIRECTION('',(-0.570713567684436,0.,-0.821149209133701));
#3224=DIRECTION('',(-0.570713567684436,0.,-0.821149209133701));
#3225=DIRECTION('',(0.,1.,0.));
#3226=DIRECTION('',(-0.570713567684436,0.,-0.821149209133701));
#3227=DIRECTION('',(0.,1.,0.));
#3228=DIRECTION('',(1.,0.,0.));
#3229=DIRECTION('',(0.,-1.,0.));
#3230=DIRECTION('',(-1.,0.,0.));
#3231=DIRECTION('',(0.,1.,0.));
#3232=DIRECTION('',(0.,-1.,0.));
#3233=DIRECTION('',(-1.,0.,0.));
#3234=DIRECTION('',(0.328866646738593,0.,0.944376370237478));
#3235=DIRECTION('',(0.944376370237478,0.,-0.328866646738593));
#3236=DIRECTION('',(0.944376370237478,0.,-0.328866646738593));
#3237=DIRECTION('',(0.,1.,0.));
#3238=DIRECTION('',(0.944376370237478,0.,-0.328866646738593));
#3239=DIRECTION('',(0.653420603990087,0.,-0.756995055651772));
#3240=DIRECTION('',(-0.756995055651772,0.,-0.653420603990087));
#3241=DIRECTION('',(-0.756995055651772,0.,-0.653420603990087));
#3242=DIRECTION('',(0.,1.,0.));
#3243=DIRECTION('',(-0.756995055651772,0.,-0.653420603990087));
#3244=DIRECTION('',(0.,1.,0.));
#3245=DIRECTION('',(1.,0.,0.));
#3246=DIRECTION('',(0.,-1.,0.));
#3247=DIRECTION('',(-1.,0.,0.));
#3248=DIRECTION('',(0.,1.,0.));
#3249=DIRECTION('',(0.,-1.,0.));
#3250=DIRECTION('',(-1.,0.,0.));
#3251=DIRECTION('',(0.553391549243362,0.,0.832921240710088));
#3252=DIRECTION('',(0.832921240710088,0.,-0.553391549243362));
#3253=DIRECTION('',(0.832921240710087,0.,-0.553391549243362));
#3254=DIRECTION('',(0.,1.,0.));
#3255=DIRECTION('',(0.832921240710087,0.,-0.553391549243362));
#3256=DIRECTION('',(0.444635179184923,0.,-0.895711760239416));
#3257=DIRECTION('',(-0.895711760239415,0.,-0.444635179184923));
#3258=DIRECTION('',(-0.895711760239415,0.,-0.444635179184923));
#3259=DIRECTION('',(0.,1.,0.));
#3260=DIRECTION('',(-0.895711760239415,0.,-0.444635179184923));
#3261=DIRECTION('',(0.,1.,0.));
#3262=DIRECTION('',(1.,0.,0.));
#3263=DIRECTION('',(0.,-1.,0.));
#3264=DIRECTION('',(-1.,0.,0.));
#3265=DIRECTION('',(0.,1.,0.));
#3266=DIRECTION('',(0.,-1.,0.));
#3267=DIRECTION('',(-1.,0.,0.));
#3268=DIRECTION('',(0.743144825477405,0.,0.669130606358847));
#3269=DIRECTION('',(0.669130606358847,0.,-0.743144825477405));
#3270=DIRECTION('',(0.669130606358847,0.,-0.743144825477405));
#3271=DIRECTION('',(0.,1.,0.));
#3272=DIRECTION('',(0.669130606358847,0.,-0.743144825477405));
#3273=DIRECTION('',(0.207911690817744,0.,-0.978147600733809));
#3274=DIRECTION('',(-0.978147600733809,0.,-0.207911690817744));
#3275=DIRECTION('',(-0.978147600733809,0.,-0.207911690817744));
#3276=DIRECTION('',(0.,1.,0.));
#3277=DIRECTION('',(-0.978147600733809,0.,-0.207911690817744));
#3278=DIRECTION('',(0.,1.,0.));
#3279=DIRECTION('',(1.,0.,0.));
#3280=DIRECTION('',(0.,-1.,0.));
#3281=DIRECTION('',(-1.,0.,0.));
#3282=DIRECTION('',(0.,1.,0.));
#3283=DIRECTION('',(0.,-1.,0.));
#3284=DIRECTION('',(-1.,0.,0.));
#3285=DIRECTION('',(0.886203579231212,0.,0.463296035119867));
#3286=DIRECTION('',(0.463296035119867,0.,-0.886203579231212));
#3287=DIRECTION('',(0.463296035119867,0.,-0.886203579231212));
#3288=DIRECTION('',(0.,1.,0.));
#3289=DIRECTION('',(0.463296035119867,0.,-0.886203579231212));
#3290=DIRECTION('',(-0.0418756537292198,0.,-0.999122830098858));
#3291=DIRECTION('',(-0.999122830098858,0.,0.0418756537292198));
#3292=DIRECTION('',(-0.999122830098858,0.,0.0418756537292198));
#3293=DIRECTION('',(0.,1.,0.));
#3294=DIRECTION('',(-0.999122830098858,0.,0.0418756537292198));
#3295=DIRECTION('',(0.,1.,0.));
#3296=DIRECTION('',(1.,0.,0.));
#3297=DIRECTION('',(0.,-1.,0.));
#3298=DIRECTION('',(-1.,0.,0.));
#3299=DIRECTION('',(0.,1.,0.));
#3300=DIRECTION('',(0.,-1.,0.));
#3301=DIRECTION('',(-1.,0.,0.));
#3302=DIRECTION('',(0.973578902873164,0.,0.22835087011064));
#3303=DIRECTION('',(0.22835087011064,0.,-0.973578902873164));
#3304=DIRECTION('',(0.22835087011064,0.,-0.973578902873164));
#3305=DIRECTION('',(0.,1.,0.));
#3306=DIRECTION('',(0.22835087011064,0.,-0.973578902873164));
#3307=DIRECTION('',(-0.289031796944454,0.,-0.957319497532073));
#3308=DIRECTION('',(-0.957319497532073,0.,0.289031796944454));
#3309=DIRECTION('',(-0.957319497532073,0.,0.289031796944454));
#3310=DIRECTION('',(0.,1.,0.));
#3311=DIRECTION('',(-0.957319497532073,0.,0.289031796944454));
#3312=DIRECTION('',(0.,1.,0.));
#3313=DIRECTION('',(1.,0.,0.));
#3314=DIRECTION('',(0.,-1.,0.));
#3315=DIRECTION('',(-1.,0.,0.));
#3316=DIRECTION('',(0.,1.,0.));
#3317=DIRECTION('',(0.,-1.,0.));
#3318=DIRECTION('',(-1.,0.,0.));
#3319=DIRECTION('',(0.999780683474845,0.,-0.0209424198833926));
#3320=DIRECTION('',(-0.0209424198833926,0.,-0.999780683474845));
#3321=DIRECTION('',(-0.0209424198833926,0.,-0.999780683474845));
#3322=DIRECTION('',(0.,1.,0.));
#3323=DIRECTION('',(-0.0209424198833926,0.,-0.999780683474845));
#3324=DIRECTION('',(-0.51802700937313,0.,-0.855364260160507));
#3325=DIRECTION('',(-0.855364260160507,0.,0.51802700937313));
#3326=DIRECTION('',(-0.855364260160507,0.,0.518027009373129));
#3327=DIRECTION('',(0.,1.,0.));
#3328=DIRECTION('',(-0.855364260160507,0.,0.518027009373129));
#3329=DIRECTION('',(0.,1.,0.));
#3330=DIRECTION('',(1.,0.,0.));
#3331=DIRECTION('',(0.,-1.,0.));
#3332=DIRECTION('',(-1.,0.,0.));
#3333=DIRECTION('',(0.,1.,0.));
#3334=DIRECTION('',(0.,-1.,0.));
#3335=DIRECTION('',(-1.,0.,0.));
#3336=DIRECTION('',(0.963162566797654,0.,-0.26891982061528));
#3337=DIRECTION('',(-0.26891982061528,0.,-0.963162566797654));
#3338=DIRECTION('',(-0.26891982061528,0.,-0.963162566797654));
#3339=DIRECTION('',(0.,1.,0.));
#3340=DIRECTION('',(-0.26891982061528,0.,-0.963162566797654));
#3341=DIRECTION('',(-0.71447267963281,0.,-0.699663340513359));
#3342=DIRECTION('',(-0.699663340513359,0.,0.714472679632809));
#3343=DIRECTION('',(-0.699663340513359,0.,0.71447267963281));
#3344=DIRECTION('',(0.,1.,0.));
#3345=DIRECTION('',(-0.699663340513359,0.,0.71447267963281));
#3346=DIRECTION('',(1.,0.,0.));
#3347=DIRECTION('',(0.,-1.,0.));
#3348=DIRECTION('',(0.,0.,-1.));
#3349=DIRECTION('',(0.,1.,0.));
#3350=DIRECTION('',(0.,0.,-1.));
#3351=DIRECTION('',(0.,1.,0.));
#3352=DIRECTION('',(1.,0.,0.));
#3353=DIRECTION('',(0.,-1.,0.));
#3354=DIRECTION('',(-1.,0.,0.));
#3355=DIRECTION('',(0.,1.,0.));
#3356=DIRECTION('',(0.,-1.,0.));
#3357=DIRECTION('',(-1.,0.,0.));
#3358=DIRECTION('',(1.,0.,0.));
#3359=DIRECTION('',(0.,-1.,0.));
#3360=DIRECTION('',(0.,0.,-1.));
#3361=DIRECTION('',(0.,1.,0.));
#3362=DIRECTION('',(0.,0.,-1.));
#3363=DIRECTION('',(-0.714472679632803,0.,0.699663340513366));
#3364=DIRECTION('',(0.699663340513366,0.,0.714472679632803));
#3365=DIRECTION('',(0.699663340513366,0.,0.714472679632803));
#3366=DIRECTION('',(0.,1.,0.));
#3367=DIRECTION('',(0.699663340513366,0.,0.714472679632803));
#3368=DIRECTION('',(0.963162566797658,0.,0.268919820615265));
#3369=DIRECTION('',(0.268919820615265,0.,-0.963162566797658));
#3370=DIRECTION('',(0.268919820615265,0.,-0.963162566797658));
#3371=DIRECTION('',(0.,1.,0.));
#3372=DIRECTION('',(0.268919820615265,0.,-0.963162566797658));
#3373=DIRECTION('',(0.,1.,0.));
#3374=DIRECTION('',(1.,0.,0.));
#3375=DIRECTION('',(0.,-1.,0.));
#3376=DIRECTION('',(-1.,0.,0.));
#3377=DIRECTION('',(0.,1.,0.));
#3378=DIRECTION('',(0.,-1.,0.));
#3379=DIRECTION('',(-1.,0.,0.));
#3380=DIRECTION('',(-0.518027009373129,0.,0.855364260160507));
#3381=DIRECTION('',(0.855364260160507,0.,0.518027009373129));
#3382=DIRECTION('',(0.855364260160507,0.,0.518027009373129));
#3383=DIRECTION('',(0.,1.,0.));
#3384=DIRECTION('',(0.855364260160507,0.,0.518027009373129));
#3385=DIRECTION('',(0.999780683474846,0.,0.0209424198833557));
#3386=DIRECTION('',(0.0209424198833557,0.,-0.999780683474846));
#3387=DIRECTION('',(0.0209424198833557,0.,-0.999780683474845));
#3388=DIRECTION('',(0.,1.,0.));
#3389=DIRECTION('',(0.0209424198833557,0.,-0.999780683474845));
#3390=DIRECTION('',(0.,1.,0.));
#3391=DIRECTION('',(1.,0.,0.));
#3392=DIRECTION('',(0.,-1.,0.));
#3393=DIRECTION('',(-1.,0.,0.));
#3394=DIRECTION('',(0.,1.,0.));
#3395=DIRECTION('',(0.,-1.,0.));
#3396=DIRECTION('',(-1.,0.,0.));
#3397=DIRECTION('',(-0.28903179694447,0.,0.957319497532068));
#3398=DIRECTION('',(0.957319497532068,0.,0.28903179694447));
#3399=DIRECTION('',(0.957319497532068,0.,0.28903179694447));
#3400=DIRECTION('',(0.,1.,0.));
#3401=DIRECTION('',(0.957319497532068,0.,0.28903179694447));
#3402=DIRECTION('',(0.97357890287316,0.,-0.228350870110658));
#3403=DIRECTION('',(-0.228350870110658,0.,-0.97357890287316));
#3404=DIRECTION('',(-0.228350870110658,0.,-0.97357890287316));
#3405=DIRECTION('',(0.,1.,0.));
#3406=DIRECTION('',(-0.228350870110658,0.,-0.97357890287316));
#3407=DIRECTION('',(0.,1.,0.));
#3408=DIRECTION('',(1.,0.,0.));
#3409=DIRECTION('',(0.,-1.,0.));
#3410=DIRECTION('',(-1.,0.,0.));
#3411=DIRECTION('',(0.,1.,0.));
#3412=DIRECTION('',(0.,-1.,0.));
#3413=DIRECTION('',(-1.,0.,0.));
#3414=DIRECTION('',(-0.0418756537291972,0.,0.999122830098858));
#3415=DIRECTION('',(0.999122830098859,0.,0.0418756537291972));
#3416=DIRECTION('',(0.999122830098859,0.,0.0418756537291972));
#3417=DIRECTION('',(0.,1.,0.));
#3418=DIRECTION('',(0.999122830098859,0.,0.0418756537291972));
#3419=DIRECTION('',(0.886203579231214,0.,-0.463296035119864));
#3420=DIRECTION('',(-0.463296035119864,0.,-0.886203579231214));
#3421=DIRECTION('',(-0.463296035119864,0.,-0.886203579231214));
#3422=DIRECTION('',(0.,1.,0.));
#3423=DIRECTION('',(-0.463296035119864,0.,-0.886203579231214));
#3424=DIRECTION('',(0.,1.,0.));
#3425=DIRECTION('',(1.,0.,0.));
#3426=DIRECTION('',(0.,-1.,0.));
#3427=DIRECTION('',(-1.,0.,0.));
#3428=DIRECTION('',(0.,1.,0.));
#3429=DIRECTION('',(0.,-1.,0.));
#3430=DIRECTION('',(-1.,0.,0.));
#3431=DIRECTION('',(0.207911690817762,0.,0.978147600733805));
#3432=DIRECTION('',(0.978147600733805,0.,-0.207911690817762));
#3433=DIRECTION('',(0.978147600733805,0.,-0.207911690817762));
#3434=DIRECTION('',(0.,1.,0.));
#3435=DIRECTION('',(0.978147600733805,0.,-0.207911690817762));
#3436=DIRECTION('',(0.743144825477392,0.,-0.66913060635886));
#3437=DIRECTION('',(-0.66913060635886,0.,-0.743144825477392));
#3438=DIRECTION('',(-0.66913060635886,0.,-0.743144825477392));
#3439=DIRECTION('',(0.,1.,0.));
#3440=DIRECTION('',(-0.66913060635886,0.,-0.743144825477392));
#3441=DIRECTION('',(0.,1.,0.));
#3442=DIRECTION('',(1.,0.,0.));
#3443=DIRECTION('',(0.,-1.,0.));
#3444=DIRECTION('',(-1.,0.,0.));
#3445=DIRECTION('',(0.,1.,0.));
#3446=DIRECTION('',(0.,-1.,0.));
#3447=DIRECTION('',(-1.,0.,0.));
#3448=DIRECTION('',(0.444635179184931,0.,0.895711760239411));
#3449=DIRECTION('',(0.895711760239411,0.,-0.444635179184931));
#3450=DIRECTION('',(0.895711760239411,0.,-0.444635179184931));
#3451=DIRECTION('',(0.,1.,0.));
#3452=DIRECTION('',(0.895711760239411,0.,-0.444635179184931));
#3453=DIRECTION('',(0.553391549243341,0.,-0.832921240710101));
#3454=DIRECTION('',(-0.832921240710101,0.,-0.553391549243341));
#3455=DIRECTION('',(-0.832921240710101,0.,-0.553391549243341));
#3456=DIRECTION('',(0.,1.,0.));
#3457=DIRECTION('',(-0.832921240710101,0.,-0.553391549243341));
#3458=DIRECTION('',(0.,1.,0.));
#3459=DIRECTION('',(1.,0.,0.));
#3460=DIRECTION('',(0.,-1.,0.));
#3461=DIRECTION('',(-1.,0.,0.));
#3462=DIRECTION('',(0.,1.,0.));
#3463=DIRECTION('',(0.,-1.,0.));
#3464=DIRECTION('',(-1.,0.,0.));
#3465=DIRECTION('',(0.653420603990109,0.,0.756995055651754));
#3466=DIRECTION('',(0.756995055651754,0.,-0.653420603990109));
#3467=DIRECTION('',(0.756995055651754,0.,-0.653420603990109));
#3468=DIRECTION('',(0.,1.,0.));
#3469=DIRECTION('',(0.756995055651754,0.,-0.653420603990109));
#3470=DIRECTION('',(0.328866646738579,0.,-0.944376370237482));
#3471=DIRECTION('',(-0.944376370237483,0.,-0.328866646738579));
#3472=DIRECTION('',(-0.944376370237482,0.,-0.328866646738579));
#3473=DIRECTION('',(0.,1.,0.));
#3474=DIRECTION('',(-0.944376370237482,0.,-0.328866646738579));
#3475=DIRECTION('',(0.,1.,0.));
#3476=DIRECTION('',(1.,0.,0.));
#3477=DIRECTION('',(0.,-1.,0.));
#3478=DIRECTION('',(-1.,0.,0.));
#3479=DIRECTION('',(0.,1.,0.));
#3480=DIRECTION('',(0.,-1.,0.));
#3481=DIRECTION('',(-1.,0.,0.));
#3482=DIRECTION('',(0.821149209133707,0.,0.570713567684428));
#3483=DIRECTION('',(0.570713567684428,0.,-0.821149209133707));
#3484=DIRECTION('',(0.570713567684428,0.,-0.821149209133707));
#3485=DIRECTION('',(0.,1.,0.));
#3486=DIRECTION('',(0.570713567684428,0.,-0.821149209133707));
#3487=DIRECTION('',(0.0836778433323109,0.,-0.996492859249505));
#3488=DIRECTION('',(-0.996492859249505,0.,-0.0836778433323109));
#3489=DIRECTION('',(-0.996492859249505,0.,-0.0836778433323109));
#3490=DIRECTION('',(0.,1.,0.));
#3491=DIRECTION('',(-0.996492859249505,0.,-0.0836778433323109));
#3492=DIRECTION('',(0.,1.,0.));
#3493=DIRECTION('',(1.,0.,0.));
#3494=DIRECTION('',(0.,-1.,0.));
#3495=DIRECTION('',(-1.,0.,0.));
#3496=DIRECTION('',(0.,1.,0.));
#3497=DIRECTION('',(0.,-1.,0.));
#3498=DIRECTION('',(-1.,0.,0.));
#3499=DIRECTION('',(0.937281989491893,0.,0.348572047321811));
#3500=DIRECTION('',(0.348572047321811,0.,-0.937281989491893));
#3501=DIRECTION('',(0.348572047321811,0.,-0.937281989491893));
#3502=DIRECTION('',(0.,1.,0.));
#3503=DIRECTION('',(0.348572047321811,0.,-0.937281989491893));
#3504=DIRECTION('',(-0.166768746716107,0.,-0.985996037070504));
#3505=DIRECTION('',(-0.985996037070504,0.,0.166768746716107));
#3506=DIRECTION('',(-0.985996037070504,0.,0.166768746716107));
#3507=DIRECTION('',(0.,1.,0.));
#3508=DIRECTION('',(-0.985996037070504,0.,0.166768746716107));
#3509=DIRECTION('',(0.,1.,0.));
#3510=DIRECTION('',(1.,0.,0.));
#3511=DIRECTION('',(0.,-1.,0.));
#3512=DIRECTION('',(-1.,0.,0.));
#3513=DIRECTION('',(0.,1.,0.));
#3514=DIRECTION('',(0.,-1.,0.));
#3515=DIRECTION('',(-1.,0.,0.));
#3516=DIRECTION('',(0.994521895368274,0.,0.104528463267648));
#3517=DIRECTION('',(0.104528463267648,0.,-0.994521895368274));
#3518=DIRECTION('',(0.104528463267648,0.,-0.994521895368274));
#3519=DIRECTION('',(0.,1.,0.));
#3520=DIRECTION('',(0.104528463267648,0.,-0.994521895368274));
#3521=DIRECTION('',(-0.406736643075805,0.,-0.913545457642599));
#3522=DIRECTION('',(-0.913545457642599,0.,0.406736643075805));
#3523=DIRECTION('',(-0.913545457642599,0.,0.406736643075805));
#3524=DIRECTION('',(0.,1.,0.));
#3525=DIRECTION('',(-0.913545457642599,0.,0.406736643075805));
#3526=DIRECTION('',(0.,1.,0.));
#3527=DIRECTION('',(1.,0.,0.));
#3528=DIRECTION('',(0.,-1.,0.));
#3529=DIRECTION('',(-1.,0.,0.));
#3530=DIRECTION('',(0.,1.,0.));
#3531=DIRECTION('',(0.,-1.,0.));
#3532=DIRECTION('',(-1.,0.,0.));
#3533=DIRECTION('',(0.989272332962987,0.,-0.146083028562418));
#3534=DIRECTION('',(-0.146083028562418,0.,-0.989272332962987));
#3535=DIRECTION('',(-0.146083028562418,0.,-0.989272332962987));
#3536=DIRECTION('',(0.,1.,0.));
#3537=DIRECTION('',(-0.146083028562418,0.,-0.989272332962987));
#3538=DIRECTION('',(-0.621147780278316,0.,-0.783693457325836));
#3539=DIRECTION('',(-0.783693457325836,0.,0.621147780278316));
#3540=DIRECTION('',(-0.783693457325836,0.,0.621147780278316));
#3541=DIRECTION('',(0.,1.,0.));
#3542=DIRECTION('',(-0.783693457325836,0.,0.621147780278316));
#3543=DIRECTION('',(0.,1.,0.));
#3544=DIRECTION('',(1.,0.,0.));
#3545=DIRECTION('',(0.,-1.,0.));
#3546=DIRECTION('',(-1.,0.,0.));
#3547=DIRECTION('',(0.,-1.,0.));
#3548=DIRECTION('',(-1.,0.,0.));
#3549=DIRECTION('',(-1.,0.,0.));
#3550=DIRECTION('',(0.,1.,0.));
#3551=DIRECTION('',(0.,0.,1.));
#3552=DIRECTION('',(0.,0.,1.));
#3553=DIRECTION('',(0.,-1.,0.));
#3554=DIRECTION('',(1.,0.,0.));
#3555=DIRECTION('',(0.,-1.,0.));
#3556=DIRECTION('',(1.,0.,0.));
#3557=DIRECTION('',(0.,-1.,0.));
#3558=DIRECTION('',(-1.,0.,0.));
#3559=DIRECTION('',(0.,1.,0.));
#3560=DIRECTION('',(1.,0.,0.));
#3561=DIRECTION('',(0.,-1.,0.));
#3562=DIRECTION('',(-1.,0.,0.));
#3563=DIRECTION('',(0.,-1.,0.));
#3564=DIRECTION('',(-1.,0.,0.));
#3565=DIRECTION('',(0.,-1.,0.));
#3566=DIRECTION('',(1.,0.,0.));
#3567=DIRECTION('',(0.,-1.,0.));
#3568=DIRECTION('',(-1.,0.,0.));
#3569=DIRECTION('',(0.,-1.,0.));
#3570=DIRECTION('',(-1.,0.,0.));
#3571=DIRECTION('',(0.,-1.,0.));
#3572=DIRECTION('',(-1.,0.,0.));
#3573=DIRECTION('',(0.,-1.,0.));
#3574=DIRECTION('',(1.,0.,0.));
#3575=DIRECTION('',(0.,-1.,0.));
#3576=DIRECTION('',(1.,0.,0.));
#3577=DIRECTION('',(-1.7347234759768E-16,0.,-1.));
#3578=DIRECTION('',(1.,0.,0.));
#3579=DIRECTION('',(-1.7347234759768E-16,0.,-1.));
#3580=DIRECTION('',(0.,-1.,0.));
#3581=DIRECTION('',(1.,0.,0.));
#3582=DIRECTION('',(1.,0.,0.));
#3583=DIRECTION('',(-1.7347234759768E-16,0.,-1.));
#3584=DIRECTION('',(-1.7347234759768E-16,0.,-1.));
#3585=DIRECTION('',(1.,0.,-1.7347234759768E-16));
#3586=DIRECTION('',(-1.7347234759768E-16,0.,-1.));
#3587=DIRECTION('',(1.7347234759768E-16,-1.22464679914735E-16,1.));
#3588=DIRECTION('',(-2.12442355226076E-32,-1.,-1.22464679914735E-16));
#3589=DIRECTION('',(1.,0.,-1.7347234759768E-16));
#3590=DIRECTION('',(-1.7347234759768E-16,0.,-1.));
#3591=DIRECTION('',(-1.7347234759768E-16,0.,-1.));
#3592=DIRECTION('',(1.,0.,-1.7347234759768E-16));
#3593=DIRECTION('',(-1.7347234759768E-16,0.,-1.));
#3594=DIRECTION('',(1.36067985715738E-32,-1.,7.8437853410106E-17));
#3595=DIRECTION('',(1.7347234759768E-16,7.8437853410106E-17,1.));
#3596=DIRECTION('',(1.36067985715738E-32,-1.,7.8437853410106E-17));
#3597=DIRECTION('',(1.,0.,-1.7347234759768E-16));
#3598=DIRECTION('',(-1.7347234759768E-16,0.,-1.));
#3599=DIRECTION('',(-1.7347234759768E-16,0.,-1.));
#3600=DIRECTION('',(-1.7347234759768E-16,0.,-1.));
#3601=DIRECTION('',(1.,0.,-1.7347234759768E-16));
#3602=DIRECTION('',(-1.7347234759768E-16,0.,-1.));
#3603=DIRECTION('',(-2.12442355226076E-32,-1.,-1.22464679914735E-16));
#3604=DIRECTION('',(1.,0.,-1.7347234759768E-16));
#3605=DIRECTION('',(-1.7347234759768E-16,0.,-1.));
#3606=DIRECTION('',(1.,0.,-1.7347234759768E-16));
#3607=DIRECTION('',(-1.7347234759768E-16,0.,-1.));
#3608=DIRECTION('',(-2.12442355226077E-32,-1.,-1.22464679914735E-16));
#3609=DIRECTION('',(-1.7347234759768E-16,1.22464679914735E-16,-1.));
#3610=DIRECTION('',(-2.12442355226077E-32,-1.,-1.22464679914735E-16));
#3611=DIRECTION('',(1.,0.,-1.7347234759768E-16));
#3612=DIRECTION('',(-1.7347234759768E-16,0.,-1.));
#3613=DIRECTION('',(-1.7347234759768E-16,0.,-1.));
#3614=DIRECTION('',(-1.7347234759768E-16,0.,-1.));
#3615=DIRECTION('',(1.,0.,-1.7347234759768E-16));
#3616=DIRECTION('',(-1.7347234759768E-16,0.,-1.));
#3617=DIRECTION('',(1.36067985715738E-32,-1.,7.8437853410106E-17));
#3618=DIRECTION('',(-1.7347234759768E-16,-7.8437853410106E-17,-1.));
#3619=DIRECTION('',(1.36067985715738E-32,-1.,7.8437853410106E-17));
#3620=DIRECTION('',(1.,0.,-1.7347234759768E-16));
#3621=DIRECTION('',(-1.7347234759768E-16,0.,-1.));
#3622=DIRECTION('',(-1.7347234759768E-16,0.,-1.));
#3623=DIRECTION('',(0.,-1.,0.));
#3624=DIRECTION('',(1.,0.,0.));
#3625=DIRECTION('',(1.,0.,0.));
#3626=DIRECTION('',(-1.7347234759768E-16,0.,-1.));
#3627=DIRECTION('',(1.,0.,0.));
#3628=DIRECTION('',(-1.7347234759768E-16,0.,-1.));
#3629=DIRECTION('',(0.,1.22464679914735E-16,-1.));
#3630=DIRECTION('',(0.,1.,1.22464679914735E-16));
#3631=DIRECTION('',(-4.33680868994202E-17,-1.,-1.22464679914735E-16));
#3632=DIRECTION('',(-1.,0.,0.));
#3633=DIRECTION('',(1.7347234759768E-16,-1.,-1.22464679914735E-16));
#3634=DIRECTION('',(-1.,0.,0.));
#3635=DIRECTION('',(0.,1.22464679914735E-16,-1.));
#3636=DIRECTION('',(0.,1.,1.22464679914735E-16));
#3637=DIRECTION('',(0.,1.22464679914735E-16,-1.));
#3638=DIRECTION('',(0.,1.,1.22464679914735E-16));
#3639=DIRECTION('',(1.,0.,0.));
#3640=DIRECTION('',(-2.12442355226076E-32,-1.,-1.22464679914735E-16));
#3641=DIRECTION('',(0.,1.22464679914735E-16,-1.));
#3642=DIRECTION('',(0.,1.,1.22464679914735E-16));
#3643=DIRECTION('',(0.,1.22464679914735E-16,-1.));
#3644=DIRECTION('',(0.,1.,1.22464679914735E-16));
#3645=DIRECTION('',(0.,-1.,-1.22464679914735E-16));
#3646=DIRECTION('',(0.,1.22464679914735E-16,-1.));
#3647=DIRECTION('',(0.,1.,1.22464679914735E-16));
#3648=DIRECTION('',(-1.,0.,0.));
#3649=DIRECTION('',(0.,1.22464679914735E-16,-1.));
#3650=DIRECTION('',(0.,1.,1.22464679914735E-16));
#3651=DIRECTION('',(-1.,0.,0.));
#3652=DIRECTION('',(0.,1.22464679914735E-16,-1.));
#3653=DIRECTION('',(0.,1.,1.22464679914735E-16));
#3654=DIRECTION('',(-1.,0.,0.));
#3655=DIRECTION('',(0.,1.22464679914735E-16,-1.));
#3656=DIRECTION('',(0.,1.,1.22464679914735E-16));
#3657=DIRECTION('',(0.,-1.,-1.22464679914735E-16));
#3658=DIRECTION('',(0.,1.22464679914735E-16,-1.));
#3659=DIRECTION('',(0.,1.,1.22464679914735E-16));
#3660=DIRECTION('',(0.,1.22464679914735E-16,-1.));
#3661=DIRECTION('',(0.,1.,1.22464679914735E-16));
#3662=DIRECTION('',(-2.12442355226077E-32,-1.,-1.22464679914735E-16));
#3663=DIRECTION('',(0.,-1.22464679914735E-16,1.));
#3664=DIRECTION('',(0.,-1.,-1.22464679914735E-16));
#3665=DIRECTION('',(-4.33680868994202E-17,-1.,-1.22464679914735E-16));
#3666=DIRECTION('',(-1.,0.,0.));
#3667=DIRECTION('',(1.7347234759768E-16,-1.,-1.22464679914735E-16));
#3668=DIRECTION('',(-1.,0.,0.));
#3669=DIRECTION('',(0.,1.22464679914735E-16,-1.));
#3670=DIRECTION('',(0.,1.,1.22464679914735E-16));
#3671=DIRECTION('',(0.,1.22464679914735E-16,-1.));
#3672=DIRECTION('',(0.,1.,1.22464679914735E-16));
#3673=DIRECTION('',(1.,0.,0.));
#3674=DIRECTION('',(-2.12442355226077E-32,-1.,-1.22464679914735E-16));
#3675=DIRECTION('',(0.,-1.22464679914735E-16,1.));
#3676=DIRECTION('',(0.,-1.,-1.22464679914735E-16));
#3677=DIRECTION('',(0.,-1.22464679914735E-16,1.));
#3678=DIRECTION('',(0.,-1.,-1.22464679914735E-16));
#3679=DIRECTION('',(0.,-1.,-1.22464679914735E-16));
#3680=DIRECTION('',(0.,-1.22464679914735E-16,1.));
#3681=DIRECTION('',(0.,-1.,-1.22464679914735E-16));
#3682=DIRECTION('',(-1.,0.,0.));
#3683=DIRECTION('',(0.,1.22464679914735E-16,-1.));
#3684=DIRECTION('',(0.,1.,1.22464679914735E-16));
#3685=DIRECTION('',(-1.,0.,0.));
#3686=DIRECTION('',(0.,1.22464679914735E-16,-1.));
#3687=DIRECTION('',(0.,1.,1.22464679914735E-16));
#3688=DIRECTION('',(-1.,0.,0.));
#3689=DIRECTION('',(0.,-1.22464679914735E-16,1.));
#3690=DIRECTION('',(0.,-1.,-1.22464679914735E-16));
#3691=DIRECTION('',(0.,-1.,-1.22464679914735E-16));
#3692=DIRECTION('',(0.,-1.22464679914735E-16,1.));
#3693=DIRECTION('',(0.,-1.,-1.22464679914735E-16));
#3694=DIRECTION('',(0.,-1.22464679914735E-16,1.));
#3695=DIRECTION('',(0.,-1.,-1.22464679914735E-16));
#3696=DIRECTION('',(-2.12442355226076E-32,-1.,-1.22464679914735E-16));
#3697=DIRECTION('',(1.,0.,0.));
#3698=DIRECTION('',(0.,-1.,0.));
#3699=DIRECTION('',(1.,0.,-1.7347234759768E-16));
#3700=DIRECTION('',(-1.7347234759768E-16,0.,-1.));
#3701=DIRECTION('',(1.,0.,-1.7347234759768E-16));
#3702=DIRECTION('',(-1.7347234759768E-16,0.,-1.));
#3703=DIRECTION('',(1.,0.,0.));
#3704=DIRECTION('',(0.,-1.,0.));
#3705=DIRECTION('',(1.,0.,-1.7347234759768E-16));
#3706=DIRECTION('',(-1.7347234759768E-16,0.,-1.));
#3707=DIRECTION('',(1.,0.,-1.7347234759768E-16));
#3708=DIRECTION('',(-1.7347234759768E-16,0.,-1.));
#3709=DIRECTION('',(1.,-4.33680868994202E-17,-5.31105888065192E-33));
#3710=DIRECTION('',(-4.33680868994202E-17,-1.,0.));
#3711=DIRECTION('',(0.,1.22464679914735E-16,-1.));
#3712=DIRECTION('',(0.,1.22464679914735E-16,-1.));
#3713=DIRECTION('',(0.,-1.,-1.22464679914735E-16));
#3714=DIRECTION('',(0.,1.22464679914735E-16,-1.));
#3715=DIRECTION('',(0.,1.22464679914735E-16,-1.));
#3716=DIRECTION('',(1.,1.7347234759768E-16,2.12442355226077E-32));
#3717=DIRECTION('',(1.7347234759768E-16,-1.,0.));
#3718=DIRECTION('',(0.,1.22464679914735E-16,-1.));
#3719=DIRECTION('',(1.,0.,0.));
#3720=DIRECTION('',(0.,-1.,0.));
#3721=DIRECTION('',(0.,1.22464679914735E-16,-1.));
#3722=DIRECTION('',(0.,-1.,-1.22464679914735E-16));
#3723=DIRECTION('',(0.,1.22464679914735E-16,-1.));
#3724=DIRECTION('',(0.,-1.,-1.22464679914735E-16));
#3725=DIRECTION('',(0.,-1.,-1.22464679914735E-16));
#3726=DIRECTION('',(0.,1.22464679914735E-16,-1.));
#3727=DIRECTION('',(0.,1.22464679914735E-16,-1.));
#3728=DIRECTION('',(-1.,0.,0.));
#3729=DIRECTION('',(0.,1.22464679914735E-16,-1.));
#3730=DIRECTION('',(-1.,0.,0.));
#3731=DIRECTION('',(0.,1.22464679914735E-16,-1.));
#3732=DIRECTION('',(0.,1.,1.22464679914735E-16));
#3733=DIRECTION('',(0.,1.22464679914735E-16,-1.));
#3734=DIRECTION('',(0.,1.,1.22464679914735E-16));
#3735=DIRECTION('',(0.,1.22464679914735E-16,-1.));
#3736=DIRECTION('',(0.,1.,1.22464679914735E-16));
#3737=DIRECTION('',(0.,-1.,-1.22464679914735E-16));
#3738=DIRECTION('',(0.,1.22464679914735E-16,-1.));
#3739=DIRECTION('',(1.,0.,0.));
#3740=DIRECTION('',(0.,-1.,0.));
#3741=DIRECTION('',(0.,1.22464679914735E-16,-1.));
#3742=DIRECTION('',(0.,-1.,-1.22464679914735E-16));
#3743=DIRECTION('',(0.,1.22464679914735E-16,-1.));
#3744=DIRECTION('',(0.,-1.,-1.22464679914735E-16));
#3745=DIRECTION('',(0.,1.22464679914735E-16,-1.));
#3746=DIRECTION('',(0.,1.,1.22464679914735E-16));
#3747=DIRECTION('',(0.,-1.22464679914735E-16,1.));
#3748=DIRECTION('',(0.,-1.,-1.22464679914735E-16));
#3749=DIRECTION('',(0.,1.22464679914735E-16,-1.));
#3750=DIRECTION('',(0.,1.,1.22464679914735E-16));
#3751=DIRECTION('',(0.,1.22464679914735E-16,-1.));
#3752=DIRECTION('',(0.,-1.22464679914735E-16,1.));
#3753=DIRECTION('',(0.,-1.,-1.22464679914735E-16));
#3754=DIRECTION('',(1.7347234759768E-16,-1.22464679914735E-16,1.));
#3755=DIRECTION('',(1.,0.,-1.7347234759768E-16));
#3756=DIRECTION('',(0.,1.22464679914735E-16,-1.));
#3757=DIRECTION('',(0.,1.,1.22464679914735E-16));
#3758=DIRECTION('',(0.,-1.22464679914735E-16,1.));
#3759=DIRECTION('',(0.,-1.,-1.22464679914735E-16));
#3760=DIRECTION('',(0.,1.22464679914735E-16,-1.));
#3761=DIRECTION('',(0.,1.,1.22464679914735E-16));
#3762=DIRECTION('',(0.,1.22464679914735E-16,-1.));
#3763=DIRECTION('',(0.,1.22464679914735E-16,-1.));
#3764=DIRECTION('',(0.,1.,1.22464679914735E-16));
#3765=DIRECTION('',(0.,-1.22464679914735E-16,1.));
#3766=DIRECTION('',(0.,-1.,-1.22464679914735E-16));
#3767=DIRECTION('',(1.7347234759768E-16,-1.22464679914735E-16,1.));
#3768=DIRECTION('',(1.,0.,-1.7347234759768E-16));
#3769=DIRECTION('',(0.,1.22464679914735E-16,-1.));
#3770=DIRECTION('',(0.,1.,1.22464679914735E-16));
#3771=DIRECTION('',(0.,-1.22464679914735E-16,1.));
#3772=DIRECTION('',(0.,-1.,-1.22464679914735E-16));
#3773=DIRECTION('',(0.,1.22464679914735E-16,-1.));
#3774=DIRECTION('',(0.,1.,1.22464679914735E-16));
#3775=DIRECTION('',(0.,1.22464679914735E-16,-1.));
#3776=DIRECTION('',(0.,1.,1.22464679914735E-16));
#3777=DIRECTION('',(0.,-1.22464679914735E-16,1.));
#3778=DIRECTION('',(0.,-1.,-1.22464679914735E-16));
#3779=DIRECTION('',(0.,-1.22464679914735E-16,1.));
#3780=DIRECTION('',(0.,-1.,-1.22464679914735E-16));
#3781=DIRECTION('',(0.,1.22464679914735E-16,-1.));
#3782=DIRECTION('',(0.,1.,1.22464679914735E-16));
#3783=DIRECTION('',(0.,-1.22464679914735E-16,1.));
#3784=DIRECTION('',(0.,-1.,-1.22464679914735E-16));
#3785=DIRECTION('',(0.,7.8437853410106E-17,1.));
#3786=DIRECTION('',(0.,-1.,7.8437853410106E-17));
#3787=DIRECTION('',(0.,7.8437853410106E-17,1.));
#3788=DIRECTION('',(0.,-1.,7.8437853410106E-17));
#3789=DIRECTION('',(-1.,0.,0.));
#3790=DIRECTION('',(1.36067985715738E-32,-1.,7.8437853410106E-17));
#3791=DIRECTION('',(1.,0.,0.));
#3792=DIRECTION('',(1.36067985715738E-32,-1.,7.8437853410106E-17));
#3793=DIRECTION('',(0.,-7.8437853410106E-17,-1.));
#3794=DIRECTION('',(0.,1.,-7.8437853410106E-17));
#3795=DIRECTION('',(0.,-7.8437853410106E-17,-1.));
#3796=DIRECTION('',(0.,1.,-7.8437853410106E-17));
#3797=DIRECTION('',(1.,0.,0.));
#3798=DIRECTION('',(1.36067985715738E-32,-1.,7.8437853410106E-17));
#3799=DIRECTION('',(1.,0.,0.));
#3800=DIRECTION('',(1.36067985715738E-32,-1.,7.8437853410106E-17));
#3801=DIRECTION('',(-1.,0.,0.));
#3802=DIRECTION('',(0.,1.,0.));
#3803=DIRECTION('',(1.,0.,-1.7347234759768E-16));
#3804=DIRECTION('',(-1.7347234759768E-16,0.,-1.));
#3805=DIRECTION('',(1.,0.,-1.7347234759768E-16));
#3806=DIRECTION('',(-1.7347234759768E-16,0.,-1.));
#3807=DIRECTION('',(-1.,0.,0.));
#3808=DIRECTION('',(0.,1.,0.));
#3809=DIRECTION('',(1.,0.,-1.7347234759768E-16));
#3810=DIRECTION('',(-1.7347234759768E-16,0.,-1.));
#3811=DIRECTION('',(1.,0.,-1.7347234759768E-16));
#3812=DIRECTION('',(-1.7347234759768E-16,0.,-1.));
#3813=DIRECTION('',(0.,1.,-7.8437853410106E-17));
#3814=DIRECTION('',(0.,7.8437853410106E-17,1.));
#3815=DIRECTION('',(1.,0.,0.));
#3816=DIRECTION('',(1.7347234759768E-16,7.8437853410106E-17,1.));
#3817=DIRECTION('',(-1.,0.,0.));
#3818=DIRECTION('',(-1.7347234759768E-16,-7.8437853410106E-17,-1.));
#3819=DIRECTION('',(1.,0.,0.));
#3820=DIRECTION('',(0.,-1.,0.));
#3821=DIRECTION('',(1.,0.,0.));
#3822=DIRECTION('',(0.,-1.,0.));
#3823=DIRECTION('',(1.,0.,0.));
#3824=DIRECTION('',(0.,-1.,0.));
#3825=DIRECTION('',(-1.,0.,0.));
#3826=DIRECTION('',(0.,1.,0.));
#3827=DIRECTION('',(-1.,0.,0.));
#3828=DIRECTION('',(0.,1.,0.));
#3829=DIRECTION('',(-1.,0.,0.));
#3830=DIRECTION('',(0.,1.,0.));
#3831=DIRECTION('',(0.,7.8437853410106E-17,1.));
#3832=DIRECTION('',(0.,-1.,7.8437853410106E-17));
#3833=DIRECTION('',(1.,0.,-1.7347234759768E-16));
#3834=DIRECTION('',(-1.7347234759768E-16,0.,-1.));
#3835=DIRECTION('',(0.,0.,-1.));
#3836=DIRECTION('',(0.,1.,0.));
#3837=DIRECTION('',(0.,-1.,0.));
#3838=DIRECTION('',(-1.,0.,0.));
#3839=DIRECTION('',(2.12442355226077E-32,1.,1.22464679914735E-16));
#3840=DIRECTION('',(0.,-1.22464679914735E-16,1.));
#3841=DIRECTION('',(0.,-1.,0.));
#3842=DIRECTION('',(-1.,0.,0.));
#3843=DIRECTION('',(1.7347234759768E-16,0.,1.));
#3844=DIRECTION('',(1.,0.,-1.7347234759768E-16));
#3845=DIRECTION('',(0.,0.,-1.));
#3846=DIRECTION('',(0.,1.,0.));
#3847=DIRECTION('',(0.,1.22464679914735E-16,-1.));
#3848=DIRECTION('',(0.,1.,1.22464679914735E-16));
#3849=DIRECTION('',(-1.,2.77555756156289E-15,-2.77555756156289E-15));
#3850=DIRECTION('',(2.77555756156289E-15,1.,0.));
#3851=DIRECTION('',(1.,0.,-1.7347234759768E-16));
#3852=DIRECTION('',(-1.7347234759768E-16,0.,-1.));
#3853=DIRECTION('',(0.,-1.,0.));
#3854=DIRECTION('',(-1.,0.,0.));
#3855=DIRECTION('',(0.,1.22464679914735E-16,-1.));
#3856=DIRECTION('',(0.,1.,1.22464679914735E-16));
#3857=DIRECTION('',(0.,-1.,0.));
#3858=DIRECTION('',(-1.,0.,0.));
#3859=DIRECTION('',(-1.36067985715738E-32,1.,-7.8437853410106E-17));
#3860=DIRECTION('',(0.,7.8437853410106E-17,1.));
#3861=DIRECTION('',(0.,-1.,0.));
#3862=DIRECTION('',(-1.,0.,0.));
#3863=DIRECTION('',(0.,1.,1.22464679914735E-16));
#3864=DIRECTION('',(0.,-1.22464679914735E-16,1.));
#3865=DIRECTION('',(0.,-1.,0.));
#3866=DIRECTION('',(-1.,0.,0.));
#3867=DIRECTION('',(1.,0.,-1.7347234759768E-16));
#3868=DIRECTION('',(-1.7347234759768E-16,0.,-1.));
#3869=DIRECTION('',(0.,0.,-1.));
#3870=DIRECTION('',(0.,1.,0.));
#3871=DIRECTION('',(0.,1.22464679914735E-16,-1.));
#3872=DIRECTION('',(0.,1.,1.22464679914735E-16));
#3873=DIRECTION('',(1.,0.,0.));
#3874=DIRECTION('',(0.,-1.,0.));
#3875=DIRECTION('',(-1.7347234759768E-16,-7.8437853410106E-17,-1.));
#3876=DIRECTION('',(-1.,0.,1.7347234759768E-16));
#3877=DIRECTION('',(0.,0.,-1.));
#3878=DIRECTION('',(0.,1.,0.));
#3879=DIRECTION('',(-1.,0.,0.));
#3880=DIRECTION('',(0.,1.,0.));
#3881=DIRECTION('',(1.,0.,0.));
#3882=DIRECTION('',(0.,-1.,0.));
#3883=DIRECTION('',(1.,0.,-1.7347234759768E-16));
#3884=DIRECTION('',(-1.7347234759768E-16,0.,-1.));
#3885=DIRECTION('',(0.,1.,0.));
#3886=DIRECTION('',(1.,0.,0.));
#3887=DIRECTION('',(0.,1.22464679914735E-16,-1.));
#3888=DIRECTION('',(0.,1.,1.22464679914735E-16));
#3889=DIRECTION('',(0.,1.,0.));
#3890=DIRECTION('',(1.,0.,0.));
#3891=DIRECTION('',(-1.36067985715738E-32,1.,-7.8437853410106E-17));
#3892=DIRECTION('',(0.,7.8437853410106E-17,1.));
#3893=DIRECTION('',(0.,1.,0.));
#3894=DIRECTION('',(1.,0.,0.));
#3895=DIRECTION('',(0.,-1.,-1.22464679914735E-16));
#3896=DIRECTION('',(0.,1.22464679914735E-16,-1.));
#3897=DIRECTION('',(0.,1.,0.));
#3898=DIRECTION('',(1.,0.,0.));
#3899=DIRECTION('',(1.,0.,-1.7347234759768E-16));
#3900=DIRECTION('',(-1.7347234759768E-16,0.,-1.));
#3901=DIRECTION('',(0.,0.,1.));
#3902=DIRECTION('',(0.,-1.,0.));
#3903=DIRECTION('',(0.,1.22464679914735E-16,-1.));
#3904=DIRECTION('',(0.,1.,1.22464679914735E-16));
#3905=DIRECTION('',(-1.,0.,2.08166817117216E-15));
#3906=DIRECTION('',(2.08166817117216E-15,0.,1.));
#3907=DIRECTION('',(-1.7347234759768E-16,0.,-1.));
#3908=DIRECTION('',(-1.,0.,1.7347234759768E-16));
#3909=DIRECTION('',(0.,1.22464679914735E-16,-1.));
#3910=DIRECTION('',(0.,1.,1.22464679914735E-16));
#3911=DIRECTION('',(0.,1.,0.));
#3912=DIRECTION('',(1.,0.,0.));
#3913=DIRECTION('',(-1.7347234759768E-16,0.,-1.));
#3914=DIRECTION('',(-1.,0.,1.7347234759768E-16));
#3915=DIRECTION('',(0.,0.,1.));
#3916=DIRECTION('',(0.,-1.,0.));
#3917=DIRECTION('',(-2.12442355226076E-32,-1.,-1.22464679914735E-16));
#3918=DIRECTION('',(0.,1.22464679914735E-16,-1.));
#3919=DIRECTION('',(0.,1.,0.));
#3920=DIRECTION('',(1.,0.,0.));
#3921=DIRECTION('',(1.,0.,-1.7347234759768E-16));
#3922=DIRECTION('',(-1.7347234759768E-16,0.,-1.));
#3923=DIRECTION('',(0.,-1.,0.));
#3924=DIRECTION('',(-1.,0.,0.));
#3925=DIRECTION('',(1.,0.,-1.7347234759768E-16));
#3926=DIRECTION('',(-1.7347234759768E-16,0.,-1.));
#3927=DIRECTION('',(0.,0.,-1.));
#3928=DIRECTION('',(0.,1.,0.));
#3929=DIRECTION('',(2.12442355226077E-32,1.,1.22464679914735E-16));
#3930=DIRECTION('',(0.,-1.22464679914735E-16,1.));
#3931=DIRECTION('',(0.,-1.,0.));
#3932=DIRECTION('',(-1.,0.,0.));
#3933=DIRECTION('',(-1.7347234759768E-16,0.,-1.));
#3934=DIRECTION('',(-1.,0.,1.7347234759768E-16));
#3935=DIRECTION('',(0.,0.,-1.));
#3936=DIRECTION('',(0.,1.,0.));
#3937=DIRECTION('',(0.,-1.22464679914735E-16,1.));
#3938=DIRECTION('',(0.,-1.,-1.22464679914735E-16));
#3939=DIRECTION('',(-1.,2.77555756156289E-15,0.));
#3940=DIRECTION('',(2.77555756156289E-15,1.,0.));
#3941=DIRECTION('',(1.,0.,-1.7347234759768E-16));
#3942=DIRECTION('',(-1.7347234759768E-16,0.,-1.));
#3943=DIRECTION('',(0.,-1.,0.));
#3944=DIRECTION('',(-1.,0.,0.));
#3945=DIRECTION('',(0.,-1.22464679914735E-16,1.));
#3946=DIRECTION('',(0.,-1.,-1.22464679914735E-16));
#3947=DIRECTION('',(0.,-1.,0.));
#3948=DIRECTION('',(-1.,0.,0.));
#3949=DIRECTION('',(1.36067985715738E-32,-1.,7.8437853410106E-17));
#3950=DIRECTION('',(0.,-7.8437853410106E-17,-1.));
#3951=DIRECTION('',(0.,-1.,0.));
#3952=DIRECTION('',(-1.,0.,0.));
#3953=DIRECTION('',(0.,1.,1.22464679914735E-16));
#3954=DIRECTION('',(0.,-1.22464679914735E-16,1.));
#3955=DIRECTION('',(0.,-1.,0.));
#3956=DIRECTION('',(-1.,0.,0.));
#3957=DIRECTION('',(1.,0.,-1.7347234759768E-16));
#3958=DIRECTION('',(-1.7347234759768E-16,0.,-1.));
#3959=DIRECTION('',(0.,0.,-1.));
#3960=DIRECTION('',(0.,1.,0.));
#3961=DIRECTION('',(0.,-1.22464679914735E-16,1.));
#3962=DIRECTION('',(0.,-1.,-1.22464679914735E-16));
#3963=DIRECTION('',(1.,0.,0.));
#3964=DIRECTION('',(0.,-1.,0.));
#3965=DIRECTION('',(-1.7347234759768E-16,-7.8437853410106E-17,-1.));
#3966=DIRECTION('',(-1.,0.,1.7347234759768E-16));
#3967=DIRECTION('',(0.,0.,-1.));
#3968=DIRECTION('',(0.,1.,0.));
#3969=DIRECTION('',(-1.,0.,0.));
#3970=DIRECTION('',(0.,1.,0.));
#3971=DIRECTION('',(1.,0.,0.));
#3972=DIRECTION('',(0.,-1.,0.));
#3973=DIRECTION('',(1.,0.,-1.7347234759768E-16));
#3974=DIRECTION('',(-1.7347234759768E-16,0.,-1.));
#3975=DIRECTION('',(0.,1.,0.));
#3976=DIRECTION('',(1.,0.,0.));
#3977=DIRECTION('',(0.,-1.22464679914735E-16,1.));
#3978=DIRECTION('',(0.,-1.,-1.22464679914735E-16));
#3979=DIRECTION('',(0.,1.,0.));
#3980=DIRECTION('',(1.,0.,0.));
#3981=DIRECTION('',(1.36067985715738E-32,-1.,7.8437853410106E-17));
#3982=DIRECTION('',(0.,-7.8437853410106E-17,-1.));
#3983=DIRECTION('',(0.,1.,0.));
#3984=DIRECTION('',(1.,0.,0.));
#3985=DIRECTION('',(0.,-1.,-1.22464679914735E-16));
#3986=DIRECTION('',(0.,1.22464679914735E-16,-1.));
#3987=DIRECTION('',(0.,1.,0.));
#3988=DIRECTION('',(1.,0.,0.));
#3989=DIRECTION('',(1.,0.,-1.7347234759768E-16));
#3990=DIRECTION('',(-1.7347234759768E-16,0.,-1.));
#3991=DIRECTION('',(0.,0.,1.));
#3992=DIRECTION('',(0.,-1.,0.));
#3993=DIRECTION('',(0.,-1.22464679914735E-16,1.));
#3994=DIRECTION('',(0.,-1.,-1.22464679914735E-16));
#3995=DIRECTION('',(-1.,0.,0.));
#3996=DIRECTION('',(0.,1.,0.));
#3997=DIRECTION('',(1.7347234759768E-16,0.,1.));
#3998=DIRECTION('',(1.,0.,-1.7347234759768E-16));
#3999=DIRECTION('',(0.,-1.22464679914735E-16,1.));
#4000=DIRECTION('',(0.,-1.,-1.22464679914735E-16));
#4001=DIRECTION('',(0.,1.,0.));
#4002=DIRECTION('',(1.,0.,0.));
#4003=DIRECTION('',(1.7347234759768E-16,0.,1.));
#4004=DIRECTION('',(1.,0.,-1.7347234759768E-16));
#4005=DIRECTION('',(0.,0.,1.));
#4006=DIRECTION('',(0.,-1.,0.));
#4007=DIRECTION('',(-2.12442355226076E-32,-1.,-1.22464679914735E-16));
#4008=DIRECTION('',(0.,1.22464679914735E-16,-1.));
#4009=DIRECTION('',(0.,1.,0.));
#4010=DIRECTION('',(1.,0.,0.));
#4011=DIRECTION('',(1.,0.,-1.7347234759768E-16));
#4012=DIRECTION('',(-1.7347234759768E-16,0.,-1.));
#4013=CARTESIAN_POINT('',(0.,0.,0.));
#4014=CARTESIAN_POINT('',(0.,-0.00945,9.18485099360515E-20));
#4015=CARTESIAN_POINT('',(0.,-0.00645,9.18485099360515E-20));
#4016=CARTESIAN_POINT('',(-0.0015,-0.00645,9.18485099360515E-20));
#4017=CARTESIAN_POINT('',(0.,-0.00745,9.18485099360515E-20));
#4018=CARTESIAN_POINT('',(-0.0015,-0.00745,9.18485099360515E-20));
#4019=CARTESIAN_POINT('',(2.16840434497101E-19,-0.00645,-8.89045781438114E-18));
#4020=CARTESIAN_POINT('',(2.16840434497101E-19,-0.00225,-8.89045781438114E-18));
#4021=CARTESIAN_POINT('',(0.000923122792544681,-0.00225,0.00337606935797897));
#4022=CARTESIAN_POINT('',(-0.00100167851087164,-0.00225,0.00335360107360103));
#4023=CARTESIAN_POINT('',(0.000923122792544681,-0.00645,0.00337606935797897));
#4024=CARTESIAN_POINT('',(0.000923122792544681,-0.00645,0.00337606935797897));
#4025=CARTESIAN_POINT('',(2.16840434497101E-19,-0.00645,-8.89045781438114E-18));
#4026=CARTESIAN_POINT('',(-0.00100167851087164,-0.00645,0.00335360107360103));
#4027=CARTESIAN_POINT('',(-0.00100167851087164,-0.00645,0.00335360107360103));
#4028=CARTESIAN_POINT('',(0.000923122792544681,-0.00645,0.00308895797363167));
#4029=CARTESIAN_POINT('',(0.000923122792544681,-0.00225,0.00308895797363167));
#4030=CARTESIAN_POINT('',(0.000923122792544681,-0.00225,0.00280184658928438));
#4031=CARTESIAN_POINT('',(0.000923122792544681,-0.00645,0.00280184658928438));
#4032=CARTESIAN_POINT('',(0.000923122792544681,-0.00645,0.00280184658928438));
#4033=CARTESIAN_POINT('',(0.000923122792544681,-0.00645,0.00308895797363167));
#4034=CARTESIAN_POINT('',(0.00102711170477457,-0.00645,0.00288426718550265));
#4035=CARTESIAN_POINT('',(0.00102711170477457,-0.00225,0.00288426718550265));
#4036=CARTESIAN_POINT('',(0.00113110061700446,-0.00225,0.00296668778172091));
#4037=CARTESIAN_POINT('',(0.00113110061700446,-0.00645,0.00296668778172091));
#4038=CARTESIAN_POINT('',(0.00113110061700446,-0.00645,0.00296668778172091));
#4039=CARTESIAN_POINT('',(0.00102711170477457,-0.00645,0.00288426718550265));
#4040=CARTESIAN_POINT('',(0.00115017173758808,-0.00645,0.00283753840593338));
#4041=CARTESIAN_POINT('',(0.00115017173758808,-0.00225,0.00283753840593338));
#4042=CARTESIAN_POINT('',(0.00116924285817171,-0.00225,0.00270838903014587));
#4043=CARTESIAN_POINT('',(0.00116924285817171,-0.00645,0.00270838903014587));
#4044=CARTESIAN_POINT('',(0.00116924285817171,-0.00645,0.00270838903014587));
#4045=CARTESIAN_POINT('',(0.00115017173758808,-0.00645,0.00283753840593338));
#4046=CARTESIAN_POINT('',(1.31188462870746E-17,-0.00645,2.32019264911898E-17));
#4047=CARTESIAN_POINT('',(1.31188462870746E-17,-0.00225,2.32019264911898E-17));
#4048=CARTESIAN_POINT('',(0.00159091210465518,-0.00225,0.00248425012332929));
#4049=CARTESIAN_POINT('',(0.00159091210465518,-0.00645,0.00248425012332929));
#4050=CARTESIAN_POINT('',(0.00159091210465518,-0.00645,0.00248425012332929));
#4051=CARTESIAN_POINT('',(1.31188462870746E-17,-0.00645,2.32019264911898E-17));
#4052=CARTESIAN_POINT('',(0.00171213118275871,-0.00645,0.00253822033410764));
#4053=CARTESIAN_POINT('',(0.00171213118275871,-0.00225,0.00253822033410764));
#4054=CARTESIAN_POINT('',(0.00183335026086225,-0.00225,0.00259219054488599));
#4055=CARTESIAN_POINT('',(0.00183335026086225,-0.00645,0.00259219054488599));
#4056=CARTESIAN_POINT('',(0.00183335026086225,-0.00645,0.00259219054488599));
#4057=CARTESIAN_POINT('',(0.00171213118275871,-0.00645,0.00253822033410764));
#4058=CARTESIAN_POINT('',(0.00181970408343139,-0.00645,0.00246235583940187));
#4059=CARTESIAN_POINT('',(0.00181970408343139,-0.00225,0.00246235583940187));
#4060=CARTESIAN_POINT('',(0.00180605790600055,-0.00225,0.00233252113391776));
#4061=CARTESIAN_POINT('',(0.00180605790600055,-0.00645,0.00233252113391776));
#4062=CARTESIAN_POINT('',(0.00180605790600055,-0.00645,0.00233252113391776));
#4063=CARTESIAN_POINT('',(0.00181970408343139,-0.00645,0.00246235583940187));
#4064=CARTESIAN_POINT('',(4.28259858131774E-17,-0.00645,3.94649590784723E-17));
#4065=CARTESIAN_POINT('',(4.28259858131774E-17,-0.00225,3.94649590784723E-17));
#4066=CARTESIAN_POINT('',(0.00215873855826476,-0.00225,0.00201055908569258));
#4067=CARTESIAN_POINT('',(0.00215873855826476,-0.00645,0.00201055908569258));
#4068=CARTESIAN_POINT('',(0.00215873855826476,-0.00645,0.00201055908569258));
#4069=CARTESIAN_POINT('',(4.28259858131774E-17,-0.00645,3.94649590784723E-17));
#4070=CARTESIAN_POINT('',(0.00228957116175211,-0.00645,0.00203268776419926));
#4071=CARTESIAN_POINT('',(0.00228957116175211,-0.00225,0.00203268776419926));
#4072=CARTESIAN_POINT('',(0.00242040376523946,-0.00225,0.00205481644270593));
#4073=CARTESIAN_POINT('',(0.00242040376523946,-0.00645,0.00205481644270593));
#4074=CARTESIAN_POINT('',(0.00242040376523946,-0.00645,0.00205481644270593));
#4075=CARTESIAN_POINT('',(0.00228957116175211,-0.00645,0.00203268776419926));
#4076=CARTESIAN_POINT('',(0.00237489772930923,-0.00645,0.00193245439956942));
#4077=CARTESIAN_POINT('',(0.00237489772930923,-0.00225,0.00193245439956942));
#4078=CARTESIAN_POINT('',(0.00232939169337901,-0.00225,0.00181009235643292));
#4079=CARTESIAN_POINT('',(0.00232939169337901,-0.00645,0.00181009235643292));
#4080=CARTESIAN_POINT('',(0.00232939169337901,-0.00645,0.00181009235643292));
#4081=CARTESIAN_POINT('',(0.00237489772930923,-0.00645,0.00193245439956942));
#4082=CARTESIAN_POINT('',(2.75387351811318E-17,-0.00645,2.21177243187043E-17));
#4083=CARTESIAN_POINT('',(2.75387351811318E-17,-0.00225,2.21177243187043E-17));
#4084=CARTESIAN_POINT('',(0.00259092352897351,-0.00225,0.00141053722638272));
#4085=CARTESIAN_POINT('',(0.00259092352897351,-0.00645,0.00141053722638272));
#4086=CARTESIAN_POINT('',(0.00259092352897351,-0.00645,0.00141053722638272));
#4087=CARTESIAN_POINT('',(2.75387351811318E-17,-0.00645,2.21177243187043E-17));
#4088=CARTESIAN_POINT('',(0.00272314896419891,-0.00645,0.00139943394636356));
#4089=CARTESIAN_POINT('',(0.00272314896419891,-0.00225,0.00139943394636356));
#4090=CARTESIAN_POINT('',(0.0028553743994243,-0.00225,0.00138833066634441));
#4091=CARTESIAN_POINT('',(0.0028553743994243,-0.00645,0.00138833066634441));
#4092=CARTESIAN_POINT('',(0.0028553743994243,-0.00645,0.00138833066634441));
#4093=CARTESIAN_POINT('',(0.00272314896419891,-0.00645,0.00139943394636356));
#4094=CARTESIAN_POINT('',(0.00278086781659169,-0.00645,0.0012811297427419));
#4095=CARTESIAN_POINT('',(0.00278086781659169,-0.00225,0.0012811297427419));
#4096=CARTESIAN_POINT('',(0.00270636123375909,-0.00225,0.0011739288191394));
#4097=CARTESIAN_POINT('',(0.00270636123375909,-0.00645,0.0011739288191394));
#4098=CARTESIAN_POINT('',(0.00270636123375909,-0.00645,0.0011739288191394));
#4099=CARTESIAN_POINT('',(0.00278086781659169,-0.00645,0.0012811297427419));
#4100=CARTESIAN_POINT('',(7.28583859910259E-17,-0.00645,2.53161207275365E-17));
#4101=CARTESIAN_POINT('',(7.28583859910259E-17,-0.00225,2.53161207275365E-17));
#4102=CARTESIAN_POINT('',(0.00286031124560666,-0.00225,0.000721886125546201));
#4103=CARTESIAN_POINT('',(0.00286031124560666,-0.00645,0.000721886125546201));
#4104=CARTESIAN_POINT('',(0.00286031124560666,-0.00645,0.000721886125546201));
#4105=CARTESIAN_POINT('',(7.28583859910259E-17,-0.00645,2.53161207275365E-17));
#4106=CARTESIAN_POINT('',(0.00298562130218376,-0.00645,0.00067824854691982));
#4107=CARTESIAN_POINT('',(0.00298562130218376,-0.00225,0.00067824854691982));
#4108=CARTESIAN_POINT('',(0.00311093135876086,-0.00225,0.000634610968293439));
#4109=CARTESIAN_POINT('',(0.00311093135876086,-0.00645,0.000634610968293439));
#4110=CARTESIAN_POINT('',(0.00311093135876086,-0.00645,0.000634610968293439));
#4111=CARTESIAN_POINT('',(0.00298562130218376,-0.00645,0.00067824854691982));
#4112=CARTESIAN_POINT('',(0.00301210575164128,-0.00645,0.000549306992512297));
#4113=CARTESIAN_POINT('',(0.00301210575164128,-0.00225,0.000549306992512297));
#4114=CARTESIAN_POINT('',(0.00291328014452171,-0.00225,0.000464003016731156));
#4115=CARTESIAN_POINT('',(0.00291328014452171,-0.00645,0.000464003016731156));
#4116=CARTESIAN_POINT('',(0.00291328014452171,-0.00645,0.000464003016731156));
#4117=CARTESIAN_POINT('',(0.00301210575164128,-0.00645,0.000549306992512297));
#4118=CARTESIAN_POINT('',(6.28837260041593E-17,-0.00645,6.69579544804524E-18));
#4119=CARTESIAN_POINT('',(6.28837260041593E-17,-0.00225,6.69579544804524E-18));
#4120=CARTESIAN_POINT('',(0.00294997508718943,-0.00225,-1.21237354698495E-5));
#4121=CARTESIAN_POINT('',(0.00294997508718943,-0.00645,-1.21237354698495E-5));
#4122=CARTESIAN_POINT('',(0.00294997508718943,-0.00645,-1.21237354698495E-5));
#4123=CARTESIAN_POINT('',(6.28837260041593E-17,-0.00645,6.69579544804524E-18));
#4124=CARTESIAN_POINT('',(0.00306049607340534,-0.00645,-8.55537031505693E-5));
#4125=CARTESIAN_POINT('',(0.00306049607340534,-0.00225,-8.55537031505693E-5));
#4126=CARTESIAN_POINT('',(0.00317101705962125,-0.00225,-0.000158983670831289));
#4127=CARTESIAN_POINT('',(0.00317101705962125,-0.00645,-0.000158983670831289));
#4128=CARTESIAN_POINT('',(0.00317101705962125,-0.00645,-0.000158983670831289));
#4129=CARTESIAN_POINT('',(0.00306049607340534,-0.00645,-8.55537031505693E-5));
#4130=CARTESIAN_POINT('',(0.00305408200456519,-0.00645,-0.000217030736266661));
#4131=CARTESIAN_POINT('',(0.00305408200456519,-0.00225,-0.000217030736266661));
#4132=CARTESIAN_POINT('',(0.00293714694950913,-0.00225,-0.000275077801702034));
#4133=CARTESIAN_POINT('',(0.00293714694950913,-0.00645,-0.000275077801702034));
#4134=CARTESIAN_POINT('',(0.00293714694950913,-0.00645,-0.000275077801702034));
#4135=CARTESIAN_POINT('',(0.00305408200456519,-0.00645,-0.000217030736266661));
#4136=CARTESIAN_POINT('',(5.50774703622636E-17,-0.00645,-1.00288700954909E-17));
#4137=CARTESIAN_POINT('',(5.50774703622636E-17,-0.00225,-1.00288700954909E-17));
#4138=CARTESIAN_POINT('',(0.00285428114479463,-0.00225,-0.000745371817598346));
#4139=CARTESIAN_POINT('',(0.00285428114479463,-0.00645,-0.000745371817598346));
#4140=CARTESIAN_POINT('',(0.00285428114479463,-0.00645,-0.000745371817598346));
#4141=CARTESIAN_POINT('',(5.50774703622636E-17,-0.00645,-1.00288700954909E-17));
#4142=CARTESIAN_POINT('',(0.00294306862061765,-0.00645,-0.000843980299407495));
#4143=CARTESIAN_POINT('',(0.00294306862061765,-0.00225,-0.000843980299407495));
#4144=CARTESIAN_POINT('',(0.00303185609644068,-0.00225,-0.000942588781216644));
#4145=CARTESIAN_POINT('',(0.00303185609644068,-0.00645,-0.000942588781216644));
#4146=CARTESIAN_POINT('',(0.00303185609644068,-0.00645,-0.000942588781216644));
#4147=CARTESIAN_POINT('',(0.00294306862061765,-0.00645,-0.000843980299407495));
#4148=CARTESIAN_POINT('',(0.00290415905301435,-0.00645,-0.000969731625702769));
#4149=CARTESIAN_POINT('',(0.00290415905301435,-0.00225,-0.000969731625702769));
#4150=CARTESIAN_POINT('',(0.00277646200958804,-0.00225,-0.000996874470188896));
#4151=CARTESIAN_POINT('',(0.00277646200958804,-0.00645,-0.000996874470188896));
#4152=CARTESIAN_POINT('',(0.00277646200958804,-0.00645,-0.000996874470188896));
#4153=CARTESIAN_POINT('',(0.00290415905301435,-0.00645,-0.000969731625702769));
#4154=CARTESIAN_POINT('',(2.21177243187043E-17,-0.00645,-1.25767452008318E-17));
#4155=CARTESIAN_POINT('',(2.21177243187043E-17,-0.00225,-1.25767452008318E-17));
#4156=CARTESIAN_POINT('',(0.00257924222076063,-0.00225,-0.00143178544714135));
#4157=CARTESIAN_POINT('',(0.00257924222076063,-0.00645,-0.00143178544714135));
#4158=CARTESIAN_POINT('',(0.00257924222076063,-0.00645,-0.00143178544714135));
#4159=CARTESIAN_POINT('',(2.21177243187043E-17,-0.00645,-1.25767452008318E-17));
#4160=CARTESIAN_POINT('',(0.00264071734254731,-0.00645,-0.00154937650951023));
#4161=CARTESIAN_POINT('',(0.00264071734254731,-0.00225,-0.00154937650951023));
#4162=CARTESIAN_POINT('',(0.002702192464334,-0.00225,-0.00166696757187911));
#4163=CARTESIAN_POINT('',(0.002702192464334,-0.00645,-0.00166696757187911));
#4164=CARTESIAN_POINT('',(0.002702192464334,-0.00645,-0.00166696757187911));
#4165=CARTESIAN_POINT('',(0.00264071734254731,-0.00645,-0.00154937650951023));
#4166=CARTESIAN_POINT('',(0.00257175710741276,-0.00645,-0.00166150071067252));
#4167=CARTESIAN_POINT('',(0.00257175710741276,-0.00225,-0.00166150071067252));
#4168=CARTESIAN_POINT('',(0.00244132175049154,-0.00225,-0.00165603384946594));
#4169=CARTESIAN_POINT('',(0.00244132175049154,-0.00645,-0.00165603384946594));
#4170=CARTESIAN_POINT('',(0.00244132175049154,-0.00645,-0.00165603384946594));
#4171=CARTESIAN_POINT('',(0.00257175710741276,-0.00645,-0.00166150071067252));
#4172=CARTESIAN_POINT('',(9.10729824887824E-17,-0.00645,-6.94973592563208E-17));
#4173=CARTESIAN_POINT('',(9.10729824887824E-17,-0.00225,-6.94973592563208E-17));
#4174=CARTESIAN_POINT('',(0.0021421400222069,-0.00225,-0.00202823473130193));
#4175=CARTESIAN_POINT('',(0.0021421400222069,-0.00645,-0.00202823473130193));
#4176=CARTESIAN_POINT('',(0.0021421400222069,-0.00645,-0.00202823473130193));
#4177=CARTESIAN_POINT('',(9.10729824887824E-17,-0.00645,-6.94973592563208E-17));
#4178=CARTESIAN_POINT('',(0.0021724400819657,-0.00645,-0.00215741969531223));
#4179=CARTESIAN_POINT('',(0.0021724400819657,-0.00225,-0.00215741969531223));
#4180=CARTESIAN_POINT('',(0.0022027401417245,-0.00225,-0.00228660465932253));
#4181=CARTESIAN_POINT('',(0.0022027401417245,-0.00645,-0.00228660465932253));
#4182=CARTESIAN_POINT('',(0.0022027401417245,-0.00645,-0.00228660465932253));
#4183=CARTESIAN_POINT('',(0.0021724400819657,-0.00645,-0.00215741969531223));
#4184=CARTESIAN_POINT('',(0.0020777622044914,-0.00645,-0.00224887159541856));
#4185=CARTESIAN_POINT('',(0.0020777622044914,-0.00225,-0.00224887159541856));
#4186=CARTESIAN_POINT('',(0.0019527842672583,-0.00225,-0.00221113853151459));
#4187=CARTESIAN_POINT('',(0.0019527842672583,-0.00645,-0.00221113853151459));
#4188=CARTESIAN_POINT('',(0.0019527842672583,-0.00645,-0.00221113853151459));
#4189=CARTESIAN_POINT('',(0.0020777622044914,-0.00645,-0.00224887159541856));
#4190=CARTESIAN_POINT('',(9.64939933512099E-18,-0.00645,-5.63785129692462E-18));
#4191=CARTESIAN_POINT('',(9.64939933512099E-18,-0.00225,-5.63785129692462E-18));
#4192=CARTESIAN_POINT('',(0.001570439287818,-0.00225,-0.00249724256796926));
#4193=CARTESIAN_POINT('',(0.001570439287818,-0.00645,-0.00249724256796926));
#4194=CARTESIAN_POINT('',(0.001570439287818,-0.00645,-0.00249724256796926));
#4195=CARTESIAN_POINT('',(9.64939933512099E-18,-0.00645,-5.63785129692462E-18));
#4196=CARTESIAN_POINT('',(0.00156766042135845,-0.00645,-0.00262990426722315));
#4197=CARTESIAN_POINT('',(0.00156766042135845,-0.00225,-0.00262990426722315));
#4198=CARTESIAN_POINT('',(0.00156488155489889,-0.00225,-0.00276256596647704));
#4199=CARTESIAN_POINT('',(0.00156488155489889,-0.00645,-0.00276256596647704));
#4200=CARTESIAN_POINT('',(0.00156488155489889,-0.00645,-0.00276256596647704));
#4201=CARTESIAN_POINT('',(0.00156766042135845,-0.00645,-0.00262990426722315));
#4202=CARTESIAN_POINT('',(0.00145321386078698,-0.00645,-0.00269493760705326));
#4203=CARTESIAN_POINT('',(0.00145321386078698,-0.00225,-0.00269493760705326));
#4204=CARTESIAN_POINT('',(0.00134154616667507,-0.00225,-0.0026273092476295));
#4205=CARTESIAN_POINT('',(0.00134154616667507,-0.00645,-0.0026273092476295));
#4206=CARTESIAN_POINT('',(0.00134154616667507,-0.00645,-0.0026273092476295));
#4207=CARTESIAN_POINT('',(0.00145321386078698,-0.00645,-0.00269493760705326));
#4208=CARTESIAN_POINT('',(3.30681662608079E-18,-0.00645,-1.56125112837912E-17));
#4209=CARTESIAN_POINT('',(3.30681662608079E-18,-0.00225,-1.56125112837912E-17));
#4210=CARTESIAN_POINT('',(0.000900062077303803,-0.00225,-0.00280933946987536));
#4211=CARTESIAN_POINT('',(0.000900062077303803,-0.00645,-0.00280933946987536));
#4212=CARTESIAN_POINT('',(0.000900062077303803,-0.00645,-0.00280933946987536));
#4213=CARTESIAN_POINT('',(3.30681662608079E-18,-0.00645,-1.56125112837912E-17));
#4214=CARTESIAN_POINT('',(0.000864378891025508,-0.00645,-0.00293714228191312));
#4215=CARTESIAN_POINT('',(0.000864378891025508,-0.00225,-0.00293714228191312));
#4216=CARTESIAN_POINT('',(0.000828695704747213,-0.00225,-0.00306494509395087));
#4217=CARTESIAN_POINT('',(0.000828695704747213,-0.00645,-0.00306494509395087));
#4218=CARTESIAN_POINT('',(0.000828695704747213,-0.00645,-0.00306494509395087));
#4219=CARTESIAN_POINT('',(0.000864378891025508,-0.00645,-0.00293714228191312));
#4220=CARTESIAN_POINT('',(0.000739347852373607,-0.00645,-0.00297370607111173));
#4221=CARTESIAN_POINT('',(0.000739347852373607,-0.00225,-0.00297370607111173));
#4222=CARTESIAN_POINT('',(0.00065,-0.00225,-0.00288246704827259));
#4223=CARTESIAN_POINT('',(0.00065,-0.00645,-0.00288246704827259));
#4224=CARTESIAN_POINT('',(0.00065,-0.00645,-0.00288246704827259));
#4225=CARTESIAN_POINT('',(0.000739347852373607,-0.00645,-0.00297370607111173));
#4226=CARTESIAN_POINT('',(0.00065,-0.00645,-0.00316079015303806));
#4227=CARTESIAN_POINT('',(0.00065,-0.00225,-0.00316079015303806));
#4228=CARTESIAN_POINT('',(0.00065,-0.00225,-0.00343911325780353));
#4229=CARTESIAN_POINT('',(0.00065,-0.00645,-0.00343911325780353));
#4230=CARTESIAN_POINT('',(0.00065,-0.00645,-0.00343911325780353));
#4231=CARTESIAN_POINT('',(0.00065,-0.00645,-0.00316079015303806));
#4232=CARTESIAN_POINT('',(2.16840434497101E-18,-0.00645,2.81892564846231E-18));
#4233=CARTESIAN_POINT('',(2.16840434497101E-18,-0.00225,2.81892564846231E-18));
#4234=CARTESIAN_POINT('',(-0.000564679200615905,-0.00225,-0.00345414785444859));
#4235=CARTESIAN_POINT('',(-0.000564679200615905,-0.00645,-0.00345414785444859));
#4236=CARTESIAN_POINT('',(-0.000564679200615905,-0.00645,-0.00345414785444859));
#4237=CARTESIAN_POINT('',(2.16840434497101E-18,-0.00645,2.81892564846231E-18));
#4238=CARTESIAN_POINT('',(-0.000564679200615904,-0.00645,-0.003174799505536));
#4239=CARTESIAN_POINT('',(-0.000564679200615904,-0.00225,-0.003174799505536));
#4240=CARTESIAN_POINT('',(-0.000564679200615904,-0.00225,-0.00289545115662341));
#4241=CARTESIAN_POINT('',(-0.000564679200615904,-0.00645,-0.00289545115662341));
#4242=CARTESIAN_POINT('',(-0.000564679200615904,-0.00645,-0.00289545115662341));
#4243=CARTESIAN_POINT('',(-0.000564679200615904,-0.00645,-0.003174799505536));
#4244=CARTESIAN_POINT('',(-0.000657518089376542,-0.00645,-0.00299025510844726));
#4245=CARTESIAN_POINT('',(-0.000657518089376542,-0.00225,-0.00299025510844726));
#4246=CARTESIAN_POINT('',(-0.000750356978137179,-0.00225,-0.00308505906027111));
#4247=CARTESIAN_POINT('',(-0.000750356978137179,-0.00645,-0.00308505906027111));
#4248=CARTESIAN_POINT('',(-0.000750356978137179,-0.00645,-0.00308505906027111));
#4249=CARTESIAN_POINT('',(-0.000657518089376542,-0.00645,-0.00299025510844726));
#4250=CARTESIAN_POINT('',(-0.00100911051508427,-0.00645,-0.00215830803000588));
#4251=CARTESIAN_POINT('',(-0.00100911051508427,-0.00225,-0.00215830803000588));
#4252=CARTESIAN_POINT('',(-0.000820571874100824,-0.00225,-0.00283357756192321));
#4253=CARTESIAN_POINT('',(-0.000820571874100824,-0.00645,-0.00283357756192321));
#4254=CARTESIAN_POINT('',(-0.000820571874100824,-0.00645,-0.00283357756192321));
#4255=CARTESIAN_POINT('',(-0.00100911051508427,-0.00645,-0.00215830803000588));
#4256=CARTESIAN_POINT('',(0.,-0.00645,0.));
#4257=CARTESIAN_POINT('',(0.,-0.00225,0.));
#4258=CARTESIAN_POINT('',(-0.00126700818658816,-0.00225,-0.00266405522749033));
#4259=CARTESIAN_POINT('',(-0.00126700818658816,-0.00645,-0.00266405522749033));
#4260=CARTESIAN_POINT('',(-0.00126700818658816,-0.00645,-0.00266405522749033));
#4261=CARTESIAN_POINT('',(0.,-0.00645,0.));
#4262=CARTESIAN_POINT('',(-0.00149400612345477,-0.00645,-0.00280153006463961));
#4263=CARTESIAN_POINT('',(-0.00149400612345477,-0.00225,-0.00280153006463961));
#4264=CARTESIAN_POINT('',(-0.00149400612345477,-0.00225,-0.00280153006463961));
#4265=CARTESIAN_POINT('',(-0.00149400612345477,-0.00645,-0.00280153006463961));
#4266=CARTESIAN_POINT('',(-0.00149400612345477,-0.00645,-0.00280153006463961));
#4267=CARTESIAN_POINT('',(-0.00149400612345477,-0.00645,-0.00280153006463961));
#4268=CARTESIAN_POINT('',(-0.00151415683307763,-0.00645,-0.00183954523425922));
#4269=CARTESIAN_POINT('',(-0.00151415683307763,-0.00225,-0.00183954523425922));
#4270=CARTESIAN_POINT('',(-0.00149947418389737,-0.00225,-0.00254048758544995));
#4271=CARTESIAN_POINT('',(-0.00149947418389737,-0.00645,-0.00254048758544995));
#4272=CARTESIAN_POINT('',(-0.00149947418389737,-0.00645,-0.00254048758544995));
#4273=CARTESIAN_POINT('',(-0.00151415683307763,-0.00645,-0.00183954523425922));
#4274=CARTESIAN_POINT('',(0.,-0.00645,0.));
#4275=CARTESIAN_POINT('',(0.,-0.00225,0.));
#4276=CARTESIAN_POINT('',(-0.00188972638846693,-0.00225,-0.00226526691070428));
#4277=CARTESIAN_POINT('',(-0.00188972638846693,-0.00645,-0.00226526691070428));
#4278=CARTESIAN_POINT('',(-0.00188972638846693,-0.00645,-0.00226526691070428));
#4279=CARTESIAN_POINT('',(0.,-0.00645,0.));
#4280=CARTESIAN_POINT('',(-0.00214378136946553,-0.00645,-0.00234197063173997));
#4281=CARTESIAN_POINT('',(-0.00214378136946553,-0.00225,-0.00234197063173997));
#4282=CARTESIAN_POINT('',(-0.00214378136946553,-0.00225,-0.00234197063173997));
#4283=CARTESIAN_POINT('',(-0.00214378136946553,-0.00645,-0.00234197063173997));
#4284=CARTESIAN_POINT('',(-0.00214378136946553,-0.00645,-0.00234197063173997));
#4285=CARTESIAN_POINT('',(-0.00214378136946553,-0.00645,-0.00234197063173997));
#4286=CARTESIAN_POINT('',(-0.00192406310856942,-0.00645,-0.00140519704606993));
#4287=CARTESIAN_POINT('',(-0.00192406310856942,-0.00225,-0.00140519704606993));
#4288=CARTESIAN_POINT('',(-0.00208415901603935,-0.00225,-0.00208776943072311));
#4289=CARTESIAN_POINT('',(-0.00208415901603935,-0.00645,-0.00208776943072311));
#4290=CARTESIAN_POINT('',(-0.00208415901603935,-0.00645,-0.00208776943072311));
#4291=CARTESIAN_POINT('',(-0.00192406310856942,-0.00645,-0.00140519704606993));
#4292=CARTESIAN_POINT('',(0.,-0.00645,0.));
#4293=CARTESIAN_POINT('',(0.,-0.00225,0.));
#4294=CARTESIAN_POINT('',(-0.00239370613143082,-0.00225,-0.00172414354284975));
#4295=CARTESIAN_POINT('',(-0.00239370613143082,-0.00645,-0.00172414354284975));
#4296=CARTESIAN_POINT('',(-0.00239370613143082,-0.00645,-0.00172414354284975));
#4297=CARTESIAN_POINT('',(0.,-0.00645,0.));
#4298=CARTESIAN_POINT('',(-0.00265885494775641,-0.00645,-0.00173525657088261));
#4299=CARTESIAN_POINT('',(-0.00265885494775641,-0.00225,-0.00173525657088261));
#4300=CARTESIAN_POINT('',(-0.00265885494775641,-0.00225,-0.00173525657088261));
#4301=CARTESIAN_POINT('',(-0.00265885494775641,-0.00645,-0.00173525657088261));
#4302=CARTESIAN_POINT('',(-0.00265885494775641,-0.00645,-0.00173525657088261));
#4303=CARTESIAN_POINT('',(-0.00265885494775641,-0.00645,-0.00173525657088261));
#4304=CARTESIAN_POINT('',(-0.00221307342274067,-0.00645,-0.000882555159522842));
#4305=CARTESIAN_POINT('',(-0.00221307342274067,-0.00225,-0.000882555159522842));
#4306=CARTESIAN_POINT('',(-0.0025378884722029,-0.00225,-0.00150386904438506));
#4307=CARTESIAN_POINT('',(-0.0025378884722029,-0.00645,-0.00150386904438506));
#4308=CARTESIAN_POINT('',(-0.0025378884722029,-0.00645,-0.00150386904438506));
#4309=CARTESIAN_POINT('',(-0.00221307342274067,-0.00645,-0.000882555159522842));
#4310=CARTESIAN_POINT('',(0.,-0.00645,0.));
#4311=CARTESIAN_POINT('',(0.,-0.00225,0.));
#4312=CARTESIAN_POINT('',(-0.00274728051472157,-0.00225,-0.00107468589524158));
#4313=CARTESIAN_POINT('',(-0.00274728051472157,-0.00645,-0.00107468589524158));
#4314=CARTESIAN_POINT('',(-0.00274728051472157,-0.00645,-0.00107468589524158));
#4315=CARTESIAN_POINT('',(0.,-0.00645,0.));
#4316=CARTESIAN_POINT('',(-0.00300686289109527,-0.00645,-0.00101950995784945));
#4317=CARTESIAN_POINT('',(-0.00300686289109527,-0.00225,-0.00101950995784945));
#4318=CARTESIAN_POINT('',(-0.00300686289109527,-0.00225,-0.00101950995784945));
#4319=CARTESIAN_POINT('',(-0.00300686289109527,-0.00645,-0.00101950995784945));
#4320=CARTESIAN_POINT('',(-0.00300686289109527,-0.00645,-0.00101950995784945));
#4321=CARTESIAN_POINT('',(-0.00300686289109527,-0.00645,-0.00101950995784945));
#4322=CARTESIAN_POINT('',(-0.00236302819464641,-0.00645,-0.0003044590864921));
#4323=CARTESIAN_POINT('',(-0.00236302819464641,-0.00225,-0.0003044590864921));
#4324=CARTESIAN_POINT('',(-0.00283215306195703,-0.00225,-0.000825475035144855));
#4325=CARTESIAN_POINT('',(-0.00283215306195703,-0.00645,-0.000825475035144855));
#4326=CARTESIAN_POINT('',(-0.00283215306195703,-0.00645,-0.000825475035144855));
#4327=CARTESIAN_POINT('',(-0.00236302819464641,-0.00645,-0.0003044590864921));
#4328=CARTESIAN_POINT('',(0.,-0.00645,0.));
#4329=CARTESIAN_POINT('',(0.,-0.00225,0.));
#4330=CARTESIAN_POINT('',(-0.0029282331594814,-0.00225,-0.000357701780417128));
#4331=CARTESIAN_POINT('',(-0.0029282331594814,-0.00645,-0.000357701780417128));
#4332=CARTESIAN_POINT('',(-0.0029282331594814,-0.00645,-0.000357701780417128));
#4333=CARTESIAN_POINT('',(0.,-0.00645,0.));
#4334=CARTESIAN_POINT('',(-0.00316593858051846,-0.00645,-0.000239703784669264));
#4335=CARTESIAN_POINT('',(-0.00316593858051846,-0.00225,-0.000239703784669264));
#4336=CARTESIAN_POINT('',(-0.00316593858051846,-0.00225,-0.000239703784669264));
#4337=CARTESIAN_POINT('',(-0.00316593858051846,-0.00645,-0.000239703784669264));
#4338=CARTESIAN_POINT('',(-0.00316593858051846,-0.00645,-0.000239703784669264));
#4339=CARTESIAN_POINT('',(-0.00316593858051846,-0.00645,-0.000239703784669264));
#4340=CARTESIAN_POINT('',(-0.00236450521447274,-0.00645,0.000292767270665135));
#4341=CARTESIAN_POINT('',(-0.00236450521447274,-0.00225,0.000292767270665135));
#4342=CARTESIAN_POINT('',(-0.00294846305889805,-0.00225,-9.52133935616774E-5));
#4343=CARTESIAN_POINT('',(-0.00294846305889805,-0.00645,-9.52133935616774E-5));
#4344=CARTESIAN_POINT('',(-0.00294846305889805,-0.00645,-9.52133935616774E-5));
#4345=CARTESIAN_POINT('',(-0.00236450521447274,-0.00645,0.000292767270665135));
#4346=CARTESIAN_POINT('',(0.,-0.00645,0.));
#4347=CARTESIAN_POINT('',(0.,-0.00225,0.));
#4348=CARTESIAN_POINT('',(-0.00292519414554278,-0.00225,0.000381758052806056));
#4349=CARTESIAN_POINT('',(-0.00292519414554278,-0.00645,0.000381758052806056));
#4350=CARTESIAN_POINT('',(-0.00292519414554278,-0.00645,0.000381758052806056));
#4351=CARTESIAN_POINT('',(0.,-0.00645,0.));
#4352=CARTESIAN_POINT('',(-0.00312608670542005,-0.00645,0.000555163858870545));
#4353=CARTESIAN_POINT('',(-0.00312608670542005,-0.00225,0.000555163858870545));
#4354=CARTESIAN_POINT('',(-0.00312608670542005,-0.00225,0.000555163858870545));
#4355=CARTESIAN_POINT('',(-0.00312608670542005,-0.00645,0.000555163858870545));
#4356=CARTESIAN_POINT('',(-0.00312608670542005,-0.00645,0.000555163858870545));
#4357=CARTESIAN_POINT('',(-0.00312608670542005,-0.00645,0.000555163858870545));
#4358=CARTESIAN_POINT('',(-0.00221741167563186,-0.00645,0.000871597983483777));
#4359=CARTESIAN_POINT('',(-0.00221741167563186,-0.00225,0.000871597983483777));
#4360=CARTESIAN_POINT('',(-0.00287951027815991,-0.00225,0.000641030855709348));
#4361=CARTESIAN_POINT('',(-0.00287951027815991,-0.00645,0.000641030855709348));
#4362=CARTESIAN_POINT('',(-0.00287951027815991,-0.00645,0.000641030855709348));
#4363=CARTESIAN_POINT('',(-0.00221741167563186,-0.00645,0.000871597983483777));
#4364=CARTESIAN_POINT('',(0.,-0.00645,0.));
#4365=CARTESIAN_POINT('',(0.,-0.00225,0.));
#4366=CARTESIAN_POINT('',(-0.00273835442532817,-0.00225,0.00109723062356353));
#4367=CARTESIAN_POINT('',(-0.00273835442532817,-0.00645,0.00109723062356353));
#4368=CARTESIAN_POINT('',(-0.00273835442532817,-0.00645,0.00109723062356353));
#4369=CARTESIAN_POINT('',(0.,-0.00645,0.));
#4370=CARTESIAN_POINT('',(-0.00288981130567741,-0.00645,0.00131514851540767));
#4371=CARTESIAN_POINT('',(-0.00288981130567741,-0.00225,0.00131514851540767));
#4372=CARTESIAN_POINT('',(-0.00288981130567741,-0.00225,0.00131514851540767));
#4373=CARTESIAN_POINT('',(-0.00288981130567741,-0.00645,0.00131514851540767));
#4374=CARTESIAN_POINT('',(-0.00288981130567741,-0.00645,0.00131514851540767));
#4375=CARTESIAN_POINT('',(-0.00288981130567741,-0.00645,0.00131514851540767));
#4376=CARTESIAN_POINT('',(-0.00193099000614135,-0.00645,0.00139566298948698));
#4377=CARTESIAN_POINT('',(-0.00193099000614135,-0.00225,0.00139566298948698));
#4378=CARTESIAN_POINT('',(-0.00262962727654696,-0.00225,0.00133699677876958));
#4379=CARTESIAN_POINT('',(-0.00262962727654696,-0.00645,0.00133699677876958));
#4380=CARTESIAN_POINT('',(-0.00262962727654696,-0.00645,0.00133699677876958));
#4381=CARTESIAN_POINT('',(-0.00193099000614135,-0.00645,0.00139566298948698));
#4382=CARTESIAN_POINT('',(0.,-0.00645,0.));
#4383=CARTESIAN_POINT('',(0.,-0.00225,0.));
#4384=CARTESIAN_POINT('',(-0.0023794538256071,-0.00225,0.00174376015891055));
#4385=CARTESIAN_POINT('',(-0.0023794538256071,-0.00645,0.00174376015891055));
#4386=CARTESIAN_POINT('',(-0.0023794538256071,-0.00645,0.00174376015891055));
#4387=CARTESIAN_POINT('',(0.,-0.00645,0.));
#4388=CARTESIAN_POINT('',(-0.00247195843361653,-0.00645,0.00199249755394382));
#4389=CARTESIAN_POINT('',(-0.00247195843361653,-0.00225,0.00199249755394382));
#4390=CARTESIAN_POINT('',(-0.00247195843361653,-0.00225,0.00199249755394382));
#4391=CARTESIAN_POINT('',(-0.00247195843361653,-0.00645,0.00199249755394382));
#4392=CARTESIAN_POINT('',(-0.00247195843361653,-0.00645,0.00199249755394382));
#4393=CARTESIAN_POINT('',(-0.00247195843361653,-0.00645,0.00199249755394382));
#4394=CARTESIAN_POINT('',(-0.0015232371328805,-0.00645,0.00183203335697129));
#4395=CARTESIAN_POINT('',(-0.0015232371328805,-0.00225,0.00183203335697129));
#4396=CARTESIAN_POINT('',(-0.00221451512205594,-0.00225,0.00194895427708952));
#4397=CARTESIAN_POINT('',(-0.00221451512205594,-0.00645,0.00194895427708952));
#4398=CARTESIAN_POINT('',(-0.00221451512205594,-0.00645,0.00194895427708952));
#4399=CARTESIAN_POINT('',(-0.0015232371328805,-0.00645,0.00183203335697129));
#4400=CARTESIAN_POINT('',(0.,-0.00645,0.));
#4401=CARTESIAN_POINT('',(0.,-0.00225,0.));
#4402=CARTESIAN_POINT('',(-0.00187104339100411,-0.00225,0.00228072283037196));
#4403=CARTESIAN_POINT('',(-0.00187104339100411,-0.00645,0.00228072283037196));
#4404=CARTESIAN_POINT('',(-0.00187104339100411,-0.00645,0.00228072283037196));
#4405=CARTESIAN_POINT('',(0.,-0.00645,0.));
#4406=CARTESIAN_POINT('',(-0.00189878332194433,-0.00645,0.00254465064327228));
#4407=CARTESIAN_POINT('',(-0.00189878332194433,-0.00225,0.00254465064327228));
#4408=CARTESIAN_POINT('',(-0.00189878332194433,-0.00225,0.00254465064327228));
#4409=CARTESIAN_POINT('',(-0.00189878332194433,-0.00645,0.00254465064327228));
#4410=CARTESIAN_POINT('',(-0.00189878332194433,-0.00645,0.00254465064327228));
#4411=CARTESIAN_POINT('',(-0.00189878332194433,-0.00645,0.00254465064327228));
#4412=CARTESIAN_POINT('',(-0.00101977366848647,-0.00645,0.00215329033088972));
#4413=CARTESIAN_POINT('',(-0.00101977366848647,-0.00225,0.00215329033088972));
#4414=CARTESIAN_POINT('',(-0.00166025683802925,-0.00225,0.0024384518104275));
#4415=CARTESIAN_POINT('',(-0.00166025683802925,-0.00645,0.0024384518104275));
#4416=CARTESIAN_POINT('',(-0.00166025683802925,-0.00645,0.0024384518104275));
#4417=CARTESIAN_POINT('',(-0.00101977366848647,-0.00645,0.00215329033088972));
#4418=CARTESIAN_POINT('',(0.,-0.00645,0.));
#4419=CARTESIAN_POINT('',(0.,-0.00225,0.));
#4420=CARTESIAN_POINT('',(-0.00124506841892808,-0.00225,0.00267437929848927));
#4421=CARTESIAN_POINT('',(-0.00124506841892808,-0.00645,0.00267437929848927));
#4422=CARTESIAN_POINT('',(-0.00124506841892808,-0.00645,0.00267437929848927));
#4423=CARTESIAN_POINT('',(0.,-0.00645,0.));
#4424=CARTESIAN_POINT('',(-0.00120630067091781,-0.00645,0.00293691397411352));
#4425=CARTESIAN_POINT('',(-0.00120630067091781,-0.00225,0.00293691397411352));
#4426=CARTESIAN_POINT('',(-0.00120630067091781,-0.00225,0.00293691397411352));
#4427=CARTESIAN_POINT('',(-0.00120630067091781,-0.00645,0.00293691397411352));
#4428=CARTESIAN_POINT('',(-0.00120630067091781,-0.00645,0.00293691397411352));
#4429=CARTESIAN_POINT('',(-0.00120630067091781,-0.00645,0.00293691397411352));
#4430=CARTESIAN_POINT('',(-0.000452234074036226,-0.00645,0.00233924815407047));
#4431=CARTESIAN_POINT('',(-0.000452234074036226,-0.00225,0.00233924815407047));
#4432=CARTESIAN_POINT('',(-0.00100167851087164,-0.00225,0.00277473244851787));
#4433=CARTESIAN_POINT('',(-0.00100167851087164,-0.00645,0.00277473244851787));
#4434=CARTESIAN_POINT('',(-0.00100167851087164,-0.00645,0.00277473244851787));
#4435=CARTESIAN_POINT('',(-0.000452234074036226,-0.00645,0.00233924815407047));
#4436=CARTESIAN_POINT('',(0.,-0.00645,3.49024337756995E-19));
#4437=CARTESIAN_POINT('',(0.,-0.00645,3.49024337756995E-19));
#4438=CARTESIAN_POINT('',(-0.0057,-0.00645,3.49024337756995E-19));
#4439=CARTESIAN_POINT('',(0.,-0.00225,3.49024337756995E-19));
#4440=CARTESIAN_POINT('',(-0.0057,-0.00225,3.49024337756995E-19));
#4441=CARTESIAN_POINT('',(-0.00100167851087164,-0.00645,0.00306416676105945));
#4442=CARTESIAN_POINT('',(-0.00100167851087164,-0.00225,0.00306416676105945));
#4443=CARTESIAN_POINT('',(-0.00100167851087164,-0.00645,0.00306416676105945));
#4444=CARTESIAN_POINT('',(-0.00085,-0.00225,0.));
#4445=CARTESIAN_POINT('',(0.,-0.00645,0.));
#4446=CARTESIAN_POINT('',(0.,-0.00645,6.12323399573677E-19));
#4447=CARTESIAN_POINT('',(-0.01,-0.00645,6.12323399573677E-19));
#4448=CARTESIAN_POINT('',(0.,-0.00945,6.12323399573677E-19));
#4449=CARTESIAN_POINT('',(-0.0075,-0.00945,-0.00661437827766147));
#4450=CARTESIAN_POINT('',(-0.00793026243485445,-0.00945,-0.00612650653432519));
#4451=CARTESIAN_POINT('',(-0.00867638758387204,-0.00966200790340982,-0.00508758697059515));
#4452=CARTESIAN_POINT('',(-0.00970626098771815,-0.0105036432888843,-0.00288088331079782));
#4453=CARTESIAN_POINT('',(-0.01,-0.0113763889593361,-0.00114722345349508));
#4454=CARTESIAN_POINT('',(-0.01,-0.01195,2.34704687555049E-18));
#4455=CARTESIAN_POINT('',(-0.0075,-0.00945,-0.00661437827766147));
#4456=CARTESIAN_POINT('',(-0.01,-0.01195,2.34704687555049E-18));
#4457=CARTESIAN_POINT('',(-0.0075,-0.00945,0.00661437827766148));
#4458=CARTESIAN_POINT('',(-0.00793026243485445,-0.00945,0.00612650653432519));
#4459=CARTESIAN_POINT('',(-0.00867638758387204,-0.00966200790340983,0.00508758697059516));
#4460=CARTESIAN_POINT('',(-0.00970626098771814,-0.0105036432888842,0.00288088331079781));
#4461=CARTESIAN_POINT('',(-0.01,-0.0113763889593362,0.00114722345349515));
#4462=CARTESIAN_POINT('',(-0.01,-0.01195,2.34704687555049E-18));
#4463=CARTESIAN_POINT('',(-0.0075,-0.00945,0.00661437827766148));
#4464=CARTESIAN_POINT('',(0.,-0.00945,6.12323399573677E-19));
#4465=CARTESIAN_POINT('',(0.0075,-0.00945,0.00661437827766148));
#4466=CARTESIAN_POINT('',(0.0075,-0.00945,0.00661437827766148));
#4467=CARTESIAN_POINT('',(0.00793026243485445,-0.00945,0.00612650653432519));
#4468=CARTESIAN_POINT('',(0.00867638758387204,-0.00966200790341164,0.00508758697059607));
#4469=CARTESIAN_POINT('',(0.00970626098771814,-0.0105036432888752,0.00288088331079328));
#4470=CARTESIAN_POINT('',(0.01,-0.011376388959376,0.00114722345351507));
#4471=CARTESIAN_POINT('',(0.01,-0.01195,-1.12240007640313E-18));
#4472=CARTESIAN_POINT('',(0.01,-0.01195,-1.12240007640313E-18));
#4473=CARTESIAN_POINT('',(0.0075,-0.00945,-0.00661437827766148));
#4474=CARTESIAN_POINT('',(0.00793026243485445,-0.00945,-0.00612650653432519));
#4475=CARTESIAN_POINT('',(0.00867638758387204,-0.00966200790341159,-0.00508758697059604));
#4476=CARTESIAN_POINT('',(0.00970626098771814,-0.0105036432888754,-0.0028808833107934));
#4477=CARTESIAN_POINT('',(0.01,-0.0113763889593749,-0.00114722345351451));
#4478=CARTESIAN_POINT('',(0.01,-0.01195,-1.12240007640313E-18));
#4479=CARTESIAN_POINT('',(0.0075,-0.00945,-0.00661437827766148));
#4480=CARTESIAN_POINT('',(0.,-0.00945,6.12323399573677E-19));
#4481=CARTESIAN_POINT('',(0.,-0.00645,0.));
#4482=CARTESIAN_POINT('',(0.,-0.00745,2.90853614797496E-19));
#4483=CARTESIAN_POINT('',(0.,-0.00745,2.90853614797496E-19));
#4484=CARTESIAN_POINT('',(-0.00475,-0.00745,2.90853614797496E-19));
#4485=CARTESIAN_POINT('',(0.,-0.01645,2.90853614797496E-19));
#4486=CARTESIAN_POINT('',(-0.00475,-0.01645,2.90853614797496E-19));
#4487=CARTESIAN_POINT('',(0.,-0.00745,0.));
#4488=CARTESIAN_POINT('',(-3.46944695195361E-18,-0.00945,-6.93889390390723E-18));
#4489=CARTESIAN_POINT('',(0.0075,-0.00945,-0.0435));
#4490=CARTESIAN_POINT('',(0.0075,-0.00945,-0.0435));
#4491=CARTESIAN_POINT('',(-6.93889390390723E-18,-0.00945,-0.0435));
#4492=CARTESIAN_POINT('',(-0.0075,-0.00945,-0.0435));
#4493=CARTESIAN_POINT('',(-0.0075,-0.00945,-5.63785129692462E-18));
#4494=CARTESIAN_POINT('',(-3.46944695195361E-18,-0.00945,-6.93889390390723E-18));
#4495=CARTESIAN_POINT('',(1.7347234759768E-18,-0.00945,0.025));
#4496=CARTESIAN_POINT('',(-0.0075,-0.00945,0.025));
#4497=CARTESIAN_POINT('',(0.0075,-0.00945,0.025));
#4498=CARTESIAN_POINT('',(0.0075,-0.00945,-6.88719207408929E-19));
#4499=CARTESIAN_POINT('',(-0.0075,-0.00945,-5.63785129692462E-18));
#4500=CARTESIAN_POINT('',(0.01,-0.01645,-5.20417042793042E-18));
#4501=CARTESIAN_POINT('',(0.01,-0.07795,-1.27357482426866E-17));
#4502=CARTESIAN_POINT('',(0.01,-0.07795,0.046));
#4503=CARTESIAN_POINT('',(0.01,-0.07795,0.044));
#4504=CARTESIAN_POINT('',(0.01,-0.01645,0.044));
#4505=CARTESIAN_POINT('',(0.01,-0.03295,0.044));
#4506=CARTESIAN_POINT('',(0.01,-0.03295,0.025));
#4507=CARTESIAN_POINT('',(0.01,-0.01395,0.025));
#4508=CARTESIAN_POINT('',(0.01,-0.01395,-5.20417042793042E-18));
#4509=CARTESIAN_POINT('',(0.01,-0.01395,-0.0435));
#4510=CARTESIAN_POINT('',(0.01,-0.03295,-0.0435));
#4511=CARTESIAN_POINT('',(0.01,-0.03295,-0.0625));
#4512=CARTESIAN_POINT('',(0.01,-0.01645,-0.0625));
#4513=CARTESIAN_POINT('',(0.01,-0.13045,-0.0625));
#4514=CARTESIAN_POINT('',(0.01,-0.13045,-0.0645));
#4515=CARTESIAN_POINT('',(0.01,-0.13045,-0.0645));
#4516=CARTESIAN_POINT('',(0.01,-0.01645,-0.0645));
#4517=CARTESIAN_POINT('',(0.01,-0.03295,-0.0645));
#4518=CARTESIAN_POINT('',(0.01,-0.03295,-0.0435));
#4519=CARTESIAN_POINT('',(0.01,-0.01195,-0.0435));
#4520=CARTESIAN_POINT('',(0.01,-0.01195,-1.12240007640313E-18));
#4521=CARTESIAN_POINT('',(0.01,-0.01195,0.025));
#4522=CARTESIAN_POINT('',(0.01,-0.01195,0.025));
#4523=CARTESIAN_POINT('',(0.01,-0.03295,0.025));
#4524=CARTESIAN_POINT('',(0.01,-0.03295,0.046));
#4525=CARTESIAN_POINT('',(0.01,-0.01645,0.046));
#4526=CARTESIAN_POINT('',(-0.01,-0.01645,-1.7347234759768E-18));
#4527=CARTESIAN_POINT('',(-0.01,-0.03295,0.025));
#4528=CARTESIAN_POINT('',(-0.01,-0.01395,0.025));
#4529=CARTESIAN_POINT('',(-0.01,-0.03295,0.044));
#4530=CARTESIAN_POINT('',(-0.01,-0.07795,0.044));
#4531=CARTESIAN_POINT('',(-0.01,-0.07795,0.044));
#4532=CARTESIAN_POINT('',(-0.01,-0.07795,0.0485));
#4533=CARTESIAN_POINT('',(-0.01,-0.07795,0.046));
#4534=CARTESIAN_POINT('',(-0.01,-0.03295,0.046));
#4535=CARTESIAN_POINT('',(-0.01,-0.03295,0.046));
#4536=CARTESIAN_POINT('',(-0.01,-0.03295,0.025));
#4537=CARTESIAN_POINT('',(-0.01,-0.01195,0.025));
#4538=CARTESIAN_POINT('',(-0.01,-0.01195,-1.7347234759768E-18));
#4539=CARTESIAN_POINT('',(-0.01,-0.01195,-1.7347234759768E-18));
#4540=CARTESIAN_POINT('',(-0.01,-0.01195,-0.0435));
#4541=CARTESIAN_POINT('',(-0.01,-0.03295,-0.0435));
#4542=CARTESIAN_POINT('',(-0.01,-0.03295,-0.0645));
#4543=CARTESIAN_POINT('',(-0.01,-0.13045,-0.0645));
#4544=CARTESIAN_POINT('',(-0.01,-0.13045,-0.0645));
#4545=CARTESIAN_POINT('',(-0.01,-0.13045,7.20719181277528E-18));
#4546=CARTESIAN_POINT('',(-0.01,-0.13045,-0.0625));
#4547=CARTESIAN_POINT('',(-0.01,-0.03295,-0.0625));
#4548=CARTESIAN_POINT('',(-0.01,-0.03295,-0.0625));
#4549=CARTESIAN_POINT('',(-0.01,-0.03295,-0.0435));
#4550=CARTESIAN_POINT('',(-0.01,-0.01395,-0.0435));
#4551=CARTESIAN_POINT('',(-0.01,-0.01395,0.025));
#4552=CARTESIAN_POINT('',(-3.46944695195361E-18,-0.01645,-6.93889390390723E-18));
#4553=CARTESIAN_POINT('',(-6.93889390390723E-18,-0.01645,-0.0435));
#4554=CARTESIAN_POINT('',(0.0075,-0.01645,-0.0435));
#4555=CARTESIAN_POINT('',(-0.0075,-0.01645,-0.0435));
#4556=CARTESIAN_POINT('',(0.0075,-0.01645,-8.23993651088983E-18));
#4557=CARTESIAN_POINT('',(0.0075,-0.01645,0.025));
#4558=CARTESIAN_POINT('',(1.7347234759768E-18,-0.01645,0.025));
#4559=CARTESIAN_POINT('',(-0.0075,-0.01645,0.025));
#4560=CARTESIAN_POINT('',(-0.0075,-0.01645,-0.0435));
#4561=CARTESIAN_POINT('',(1.7347234759768E-18,-0.03295,0.0415));
#4562=CARTESIAN_POINT('',(0.01,-0.11295,0.0415));
#4563=CARTESIAN_POINT('',(0.01,-0.09295,0.0415));
#4564=CARTESIAN_POINT('',(0.01,-0.13295,0.0415));
#4565=CARTESIAN_POINT('',(-1.7347234759768E-18,-0.09295,0.0415));
#4566=CARTESIAN_POINT('',(-0.01,-0.09295,0.0415));
#4567=CARTESIAN_POINT('',(-0.01,-0.11295,0.0415));
#4568=CARTESIAN_POINT('',(-0.01,-0.13295,0.0415));
#4569=CARTESIAN_POINT('',(-5.20417042793042E-18,-0.13295,0.0415));
#4570=CARTESIAN_POINT('',(-0.005,-0.08795,0.0415));
#4571=CARTESIAN_POINT('',(-0.005,-0.08535,0.0415));
#4572=CARTESIAN_POINT('',(0.005,-0.08795,0.0415));
#4573=CARTESIAN_POINT('',(0.005,-0.08535,0.0415));
#4574=CARTESIAN_POINT('',(1.7347234759768E-18,-0.03295,0.0415));
#4575=CARTESIAN_POINT('',(-0.0075,-0.03295,0.0415));
#4576=CARTESIAN_POINT('',(0.0075,-0.03295,0.0415));
#4577=CARTESIAN_POINT('',(0.0075,-0.03295,0.0415));
#4578=CARTESIAN_POINT('',(0.0075,-0.07795,0.0415));
#4579=CARTESIAN_POINT('',(0.015,-0.07795,0.0415));
#4580=CARTESIAN_POINT('',(0.015,-0.08545,0.0415));
#4581=CARTESIAN_POINT('',(0.015,-0.08795,0.0415));
#4582=CARTESIAN_POINT('',(0.0175,-0.08795,0.0415));
#4583=CARTESIAN_POINT('',(0.0175,-0.03295,0.0415));
#4584=CARTESIAN_POINT('',(0.0175,-0.13795,0.0415));
#4585=CARTESIAN_POINT('',(0.015,-0.13795,0.0415));
#4586=CARTESIAN_POINT('',(0.015,-0.14045,0.0415));
#4587=CARTESIAN_POINT('',(1.7347234759768E-18,-0.14045,0.0415));
#4588=CARTESIAN_POINT('',(0.00571414284285429,-0.14045,0.0415));
#4589=CARTESIAN_POINT('',(0.005,-0.13795,0.0415));
#4590=CARTESIAN_POINT('',(0.00428585715714574,-0.14045,0.0415));
#4591=CARTESIAN_POINT('',(1.7347234759768E-18,-0.14045,0.0415));
#4592=CARTESIAN_POINT('',(-0.00428585715714571,-0.14045,0.0415));
#4593=CARTESIAN_POINT('',(-0.005,-0.13795,0.0415));
#4594=CARTESIAN_POINT('',(-0.00571414284285427,-0.14045,0.0415));
#4595=CARTESIAN_POINT('',(1.7347234759768E-18,-0.14045,0.0415));
#4596=CARTESIAN_POINT('',(-0.015,-0.14045,0.0415));
#4597=CARTESIAN_POINT('',(-0.015,-0.13795,0.0415));
#4598=CARTESIAN_POINT('',(-0.0175,-0.13795,0.0415));
#4599=CARTESIAN_POINT('',(-0.0175,-0.08795,0.0415));
#4600=CARTESIAN_POINT('',(-0.0175,-0.08795,0.0415));
#4601=CARTESIAN_POINT('',(-0.015,-0.08795,0.0415));
#4602=CARTESIAN_POINT('',(-0.015,-0.08545,0.0415));
#4603=CARTESIAN_POINT('',(-0.015,-0.07795,0.0415));
#4604=CARTESIAN_POINT('',(-0.0075,-0.07795,0.0415));
#4605=CARTESIAN_POINT('',(-0.0075,-0.03295,0.0415));
#4606=CARTESIAN_POINT('',(1.7347234759768E-18,-0.03295,0.0485));
#4607=CARTESIAN_POINT('',(0.01,-0.11295,0.0485));
#4608=CARTESIAN_POINT('',(0.01,-0.09295,0.0485));
#4609=CARTESIAN_POINT('',(0.01,-0.13295,0.0485));
#4610=CARTESIAN_POINT('',(-5.20417042793042E-18,-0.13295,0.0485));
#4611=CARTESIAN_POINT('',(-0.01,-0.13295,0.0485));
#4612=CARTESIAN_POINT('',(-0.01,-0.11295,0.0485));
#4613=CARTESIAN_POINT('',(-0.01,-0.09295,0.0485));
#4614=CARTESIAN_POINT('',(-1.7347234759768E-18,-0.09295,0.0485));
#4615=CARTESIAN_POINT('',(-0.005,-0.08795,0.0485));
#4616=CARTESIAN_POINT('',(-0.005,-0.08535,0.0485));
#4617=CARTESIAN_POINT('',(0.005,-0.08795,0.0485));
#4618=CARTESIAN_POINT('',(0.005,-0.08535,0.0485));
#4619=CARTESIAN_POINT('',(1.7347234759768E-18,-0.03295,0.0485));
#4620=CARTESIAN_POINT('',(0.0075,-0.03295,0.0485));
#4621=CARTESIAN_POINT('',(-0.0075,-0.03295,0.0485));
#4622=CARTESIAN_POINT('',(-0.0075,-0.07795,0.0485));
#4623=CARTESIAN_POINT('',(-0.0075,-0.07795,0.0485));
#4624=CARTESIAN_POINT('',(-0.015,-0.07795,0.0485));
#4625=CARTESIAN_POINT('',(-0.015,-0.08545,0.0485));
#4626=CARTESIAN_POINT('',(-0.015,-0.08795,0.0485));
#4627=CARTESIAN_POINT('',(-0.0175,-0.08795,0.0485));
#4628=CARTESIAN_POINT('',(-0.0175,-0.13795,0.0485));
#4629=CARTESIAN_POINT('',(-0.0175,-0.13795,0.0485));
#4630=CARTESIAN_POINT('',(-0.015,-0.13795,0.0485));
#4631=CARTESIAN_POINT('',(-0.015,-0.14045,0.0485));
#4632=CARTESIAN_POINT('',(1.7347234759768E-18,-0.14045,0.0485));
#4633=CARTESIAN_POINT('',(-0.00571414284285427,-0.14045,0.0485));
#4634=CARTESIAN_POINT('',(-0.005,-0.13795,0.0485));
#4635=CARTESIAN_POINT('',(-0.00428585715714571,-0.14045,0.0485));
#4636=CARTESIAN_POINT('',(1.7347234759768E-18,-0.14045,0.0485));
#4637=CARTESIAN_POINT('',(0.00428585715714574,-0.14045,0.0485));
#4638=CARTESIAN_POINT('',(0.005,-0.13795,0.0485));
#4639=CARTESIAN_POINT('',(0.00571414284285429,-0.14045,0.0485));
#4640=CARTESIAN_POINT('',(1.7347234759768E-18,-0.14045,0.0485));
#4641=CARTESIAN_POINT('',(0.015,-0.14045,0.0485));
#4642=CARTESIAN_POINT('',(0.015,-0.13795,0.0485));
#4643=CARTESIAN_POINT('',(0.0175,-0.13795,0.0485));
#4644=CARTESIAN_POINT('',(0.0175,-0.03295,0.0485));
#4645=CARTESIAN_POINT('',(0.0175,-0.08795,0.0485));
#4646=CARTESIAN_POINT('',(0.015,-0.08795,0.0485));
#4647=CARTESIAN_POINT('',(0.015,-0.08545,0.0485));
#4648=CARTESIAN_POINT('',(0.015,-0.07795,0.0485));
#4649=CARTESIAN_POINT('',(0.0075,-0.07795,0.0485));
#4650=CARTESIAN_POINT('',(0.0075,-0.03295,0.0485));
#4651=CARTESIAN_POINT('',(0.,-0.03295,0.025));
#4652=CARTESIAN_POINT('',(0.0075,-0.03295,0.025));
#4653=CARTESIAN_POINT('',(-0.0075,-0.03295,0.025));
#4654=CARTESIAN_POINT('',(0.,-0.03295,0.025));
#4655=CARTESIAN_POINT('',(0.0075,-0.03295,0.025));
#4656=CARTESIAN_POINT('',(-0.0075,-0.03295,0.025));
#4657=CARTESIAN_POINT('',(0.01,-0.11295,0.0485));
#4658=CARTESIAN_POINT('',(0.01,-0.13295,0.0485));
#4659=CARTESIAN_POINT('',(0.01,-0.09295,0.0485));
#4660=CARTESIAN_POINT('',(-1.7347234759768E-18,-0.09295,0.0485));
#4661=CARTESIAN_POINT('',(-0.01,-0.09295,0.0485));
#4662=CARTESIAN_POINT('',(-0.01,-0.11295,0.0485));
#4663=CARTESIAN_POINT('',(-0.01,-0.13295,0.0485));
#4664=CARTESIAN_POINT('',(0.02,-0.11295,0.0485));
#4665=CARTESIAN_POINT('',(0.02,-0.13795,0.0485));
#4666=CARTESIAN_POINT('',(0.02,-0.13795,0.046));
#4667=CARTESIAN_POINT('',(0.02,-0.13795,0.044));
#4668=CARTESIAN_POINT('',(0.02,-0.11295,0.044));
#4669=CARTESIAN_POINT('',(0.02,-0.08795,0.044));
#4670=CARTESIAN_POINT('',(0.02,-0.08795,0.0485));
#4671=CARTESIAN_POINT('',(0.02,-0.08795,0.046));
#4672=CARTESIAN_POINT('',(0.02,-0.11295,0.046));
#4673=CARTESIAN_POINT('',(-6.93889390390723E-18,-0.14295,0.0485));
#4674=CARTESIAN_POINT('',(-0.015,-0.14295,0.0415));
#4675=CARTESIAN_POINT('',(-0.015,-0.14295,0.046));
#4676=CARTESIAN_POINT('',(-0.015,-0.14295,0.044));
#4677=CARTESIAN_POINT('',(-6.93889390390723E-18,-0.14295,0.044));
#4678=CARTESIAN_POINT('',(0.015,-0.14295,0.044));
#4679=CARTESIAN_POINT('',(0.015,-0.14295,0.0485));
#4680=CARTESIAN_POINT('',(0.015,-0.14295,0.046));
#4681=CARTESIAN_POINT('',(-6.93889390390723E-18,-0.14295,0.046));
#4682=CARTESIAN_POINT('',(0.005,-0.13795,0.0485));
#4683=CARTESIAN_POINT('',(0.00428585715714574,-0.14045,0.0485));
#4684=CARTESIAN_POINT('',(0.00475303422542918,-0.140583452463864,0.0485));
#4685=CARTESIAN_POINT('',(0.00524696013771669,-0.140583454074072,0.0485));
#4686=CARTESIAN_POINT('',(0.00571414284285429,-0.14045,0.0485));
#4687=CARTESIAN_POINT('',(0.00571414284285429,-0.14045,0.0415));
#4688=CARTESIAN_POINT('',(0.00524696577457086,-0.140583452463864,0.0415));
#4689=CARTESIAN_POINT('',(0.00475303986228334,-0.140583454074072,0.0415));
#4690=CARTESIAN_POINT('',(0.00428585715714574,-0.14045,0.0415));
#4691=CARTESIAN_POINT('',(0.005,-0.08795,0.0485));
#4692=CARTESIAN_POINT('',(-0.005,-0.08795,0.0485));
#4693=CARTESIAN_POINT('',(-5.20417042793042E-18,-0.13295,0.0485));
#4694=CARTESIAN_POINT('',(-0.02,-0.11295,0.0485));
#4695=CARTESIAN_POINT('',(-0.02,-0.08795,0.0485));
#4696=CARTESIAN_POINT('',(-0.02,-0.08795,0.046));
#4697=CARTESIAN_POINT('',(-0.02,-0.08795,0.044));
#4698=CARTESIAN_POINT('',(-0.02,-0.13795,0.044));
#4699=CARTESIAN_POINT('',(-0.02,-0.13795,0.044));
#4700=CARTESIAN_POINT('',(-0.02,-0.13795,0.0485));
#4701=CARTESIAN_POINT('',(-0.02,-0.13795,0.046));
#4702=CARTESIAN_POINT('',(-0.02,-0.08795,0.046));
#4703=CARTESIAN_POINT('',(-0.005,-0.13795,0.0485));
#4704=CARTESIAN_POINT('',(-0.00571414284285427,-0.14045,0.0485));
#4705=CARTESIAN_POINT('',(-0.00524696577457083,-0.140583452463864,0.0485));
#4706=CARTESIAN_POINT('',(-0.00475303986228331,-0.140583454074072,0.0485));
#4707=CARTESIAN_POINT('',(-0.00428585715714571,-0.14045,0.0485));
#4708=CARTESIAN_POINT('',(-0.00428585715714571,-0.14045,0.0415));
#4709=CARTESIAN_POINT('',(-0.00475303422542915,-0.140583452463864,0.0415));
#4710=CARTESIAN_POINT('',(-0.00524696013771667,-0.140583454074072,0.0415));
#4711=CARTESIAN_POINT('',(-0.00571414284285427,-0.14045,0.0415));
#4712=CARTESIAN_POINT('',(0.015,-0.08795,0.0485));
#4713=CARTESIAN_POINT('',(0.015,-0.08795,0.044));
#4714=CARTESIAN_POINT('',(0.015,-0.08295,0.044));
#4715=CARTESIAN_POINT('',(0.015,-0.08295,0.0415));
#4716=CARTESIAN_POINT('',(0.015,-0.08295,0.046));
#4717=CARTESIAN_POINT('',(0.015,-0.08795,0.046));
#4718=CARTESIAN_POINT('',(0.015,-0.07795,0.0485));
#4719=CARTESIAN_POINT('',(0.015,-0.07795,0.044));
#4720=CARTESIAN_POINT('',(0.015,-0.07795,0.046));
#4721=CARTESIAN_POINT('',(-0.015,-0.08795,0.0485));
#4722=CARTESIAN_POINT('',(-0.015,-0.08295,0.0485));
#4723=CARTESIAN_POINT('',(-0.015,-0.08295,0.044));
#4724=CARTESIAN_POINT('',(-0.015,-0.08295,0.046));
#4725=CARTESIAN_POINT('',(-0.015,-0.08795,0.044));
#4726=CARTESIAN_POINT('',(-0.015,-0.08795,0.046));
#4727=CARTESIAN_POINT('',(-0.015,-0.07795,0.0485));
#4728=CARTESIAN_POINT('',(-0.015,-0.07795,0.044));
#4729=CARTESIAN_POINT('',(-0.015,-0.07795,0.046));
#4730=CARTESIAN_POINT('',(0.015,-0.13795,0.0485));
#4731=CARTESIAN_POINT('',(0.015,-0.13795,0.044));
#4732=CARTESIAN_POINT('',(0.015,-0.13795,0.046));
#4733=CARTESIAN_POINT('',(-0.015,-0.13795,0.0485));
#4734=CARTESIAN_POINT('',(-0.015,-0.13795,0.044));
#4735=CARTESIAN_POINT('',(-0.015,-0.13795,0.046));
#4736=CARTESIAN_POINT('',(-6.93889390390723E-18,-0.03295,-0.06));
#4737=CARTESIAN_POINT('',(0.,-0.12295,-0.06));
#4738=CARTESIAN_POINT('',(0.,-0.127,-0.06));
#4739=CARTESIAN_POINT('',(0.01,-0.13045,-0.06));
#4740=CARTESIAN_POINT('',(-0.0075,-0.13045,-0.06));
#4741=CARTESIAN_POINT('',(0.0075,-0.13045,-0.06));
#4742=CARTESIAN_POINT('',(0.0075,-0.03295,-0.06));
#4743=CARTESIAN_POINT('',(0.0075,-0.03295,-0.06));
#4744=CARTESIAN_POINT('',(-6.93889390390723E-18,-0.03295,-0.06));
#4745=CARTESIAN_POINT('',(-0.0075,-0.03295,-0.06));
#4746=CARTESIAN_POINT('',(-0.0075,-0.13045,-0.06));
#4747=CARTESIAN_POINT('',(-6.93889390390723E-18,-0.03295,-0.067));
#4748=CARTESIAN_POINT('',(0.,-0.12295,-0.067));
#4749=CARTESIAN_POINT('',(0.,-0.1189,-0.067));
#4750=CARTESIAN_POINT('',(-6.93889390390723E-18,-0.03295,-0.067));
#4751=CARTESIAN_POINT('',(-0.0075,-0.03295,-0.067));
#4752=CARTESIAN_POINT('',(0.0075,-0.03295,-0.067));
#4753=CARTESIAN_POINT('',(0.0075,-0.03295,-0.067));
#4754=CARTESIAN_POINT('',(0.0075,-0.13045,-0.067));
#4755=CARTESIAN_POINT('',(-0.01,-0.13045,-0.067));
#4756=CARTESIAN_POINT('',(-0.0075,-0.13045,-0.067));
#4757=CARTESIAN_POINT('',(-0.0075,-0.03295,-0.067));
#4758=CARTESIAN_POINT('',(0.,-0.03295,-0.0435));
#4759=CARTESIAN_POINT('',(0.0075,-0.03295,-0.0435));
#4760=CARTESIAN_POINT('',(-0.0075,-0.03295,-0.0435));
#4761=CARTESIAN_POINT('',(0.,-0.03295,-0.0435));
#4762=CARTESIAN_POINT('',(0.0075,-0.03295,-0.0435));
#4763=CARTESIAN_POINT('',(-0.0075,-0.03295,-0.0435));
#4764=CARTESIAN_POINT('',(-6.93889390390723E-18,-0.13295,-0.06));
#4765=CARTESIAN_POINT('',(0.01,-0.13295,-0.0645));
#4766=CARTESIAN_POINT('',(-0.0075,-0.13295,-0.0645));
#4767=CARTESIAN_POINT('',(0.0075,-0.13295,-0.0645));
#4768=CARTESIAN_POINT('',(0.0075,-0.13295,-0.0625));
#4769=CARTESIAN_POINT('',(0.0075,-0.13295,-0.0625));
#4770=CARTESIAN_POINT('',(-0.01,-0.13295,-0.0625));
#4771=CARTESIAN_POINT('',(-0.0075,-0.13295,-0.0625));
#4772=CARTESIAN_POINT('',(-0.0075,-0.13295,-0.06));
#4773=CARTESIAN_POINT('',(-6.93889390390723E-18,-0.13045,-0.0625));
#4774=CARTESIAN_POINT('',(0.0075,-0.13045,-0.0625));
#4775=CARTESIAN_POINT('',(-0.0075,-0.13045,-0.0625));
#4776=CARTESIAN_POINT('',(-6.93889390390723E-18,-0.13045,-0.0645));
#4777=CARTESIAN_POINT('',(0.0075,-0.13045,-0.0645));
#4778=CARTESIAN_POINT('',(-0.0075,-0.13045,-0.0645));
#4779=CARTESIAN_POINT('',(0.,-0.12295,-0.085));
#4780=CARTESIAN_POINT('',(-0.0075,-0.03295,0.025));
#4781=CARTESIAN_POINT('',(-0.0075,-0.01395,0.025));
#4782=CARTESIAN_POINT('',(-0.0075,-0.03295,0.044));
#4783=CARTESIAN_POINT('',(-0.0075,-0.01645,0.044));
#4784=CARTESIAN_POINT('',(-0.0075,-0.07795,0.044));
#4785=CARTESIAN_POINT('',(-0.0075,-0.01395,-5.63785129692462E-18));
#4786=CARTESIAN_POINT('',(-0.0075,-0.01395,-0.0435));
#4787=CARTESIAN_POINT('',(-0.015,-0.07795,0.044));
#4788=CARTESIAN_POINT('',(-0.015,-0.08545,0.044));
#4789=CARTESIAN_POINT('',(-0.0075,-0.03295,-0.0435));
#4790=CARTESIAN_POINT('',(-0.0075,-0.03295,-0.0625));
#4791=CARTESIAN_POINT('',(-0.015,-0.08795,0.044));
#4792=CARTESIAN_POINT('',(-0.0175,-0.08795,0.044));
#4793=CARTESIAN_POINT('',(-0.0075,-0.03295,-0.0625));
#4794=CARTESIAN_POINT('',(-0.0075,-0.13045,-0.0625));
#4795=CARTESIAN_POINT('',(-0.0175,-0.11295,0.044));
#4796=CARTESIAN_POINT('',(-0.0175,-0.13795,0.044));
#4797=CARTESIAN_POINT('',(-0.0075,-0.13045,-0.0625));
#4798=CARTESIAN_POINT('',(-0.0075,-0.13045,-0.0625));
#4799=CARTESIAN_POINT('',(-0.015,-0.13795,0.044));
#4800=CARTESIAN_POINT('',(-0.015,-0.14045,0.044));
#4801=CARTESIAN_POINT('',(-0.0075,-0.13045,-0.06));
#4802=CARTESIAN_POINT('',(-0.0075,-0.13045,-0.0645));
#4803=CARTESIAN_POINT('',(1.7347234759768E-18,-0.14045,0.044));
#4804=CARTESIAN_POINT('',(0.015,-0.14045,0.044));
#4805=CARTESIAN_POINT('',(-0.0075,-0.13045,-0.0645));
#4806=CARTESIAN_POINT('',(-0.0075,-0.13045,-0.0645));
#4807=CARTESIAN_POINT('',(0.015,-0.13795,0.044));
#4808=CARTESIAN_POINT('',(0.0175,-0.13795,0.044));
#4809=CARTESIAN_POINT('',(-0.0075,-0.01645,-0.0645));
#4810=CARTESIAN_POINT('',(-0.0075,-0.03295,-0.0645));
#4811=CARTESIAN_POINT('',(0.0175,-0.03295,0.044));
#4812=CARTESIAN_POINT('',(0.0175,-0.08795,0.044));
#4813=CARTESIAN_POINT('',(-0.0075,-0.03295,-0.0435));
#4814=CARTESIAN_POINT('',(-0.0075,-0.01195,-0.0435));
#4815=CARTESIAN_POINT('',(0.015,-0.08795,0.044));
#4816=CARTESIAN_POINT('',(0.015,-0.08545,0.044));
#4817=CARTESIAN_POINT('',(-0.0075,-0.01195,-2.16840434497101E-18));
#4818=CARTESIAN_POINT('',(0.015,-0.07795,0.044));
#4819=CARTESIAN_POINT('',(0.0075,-0.07795,0.044));
#4820=CARTESIAN_POINT('',(-0.0075,-0.01195,-2.16840434497101E-18));
#4821=CARTESIAN_POINT('',(-0.0075,-0.01195,0.025));
#4822=CARTESIAN_POINT('',(0.0075,-0.03295,0.044));
#4823=CARTESIAN_POINT('',(0.0075,-0.03295,0.044));
#4824=CARTESIAN_POINT('',(-0.0075,-0.03295,0.025));
#4825=CARTESIAN_POINT('',(-0.0075,-0.03295,0.046));
#4826=CARTESIAN_POINT('',(0.0075,-0.03295,0.025));
#4827=CARTESIAN_POINT('',(0.0075,-0.01395,0.025));
#4828=CARTESIAN_POINT('',(-0.0075,-0.03295,0.046));
#4829=CARTESIAN_POINT('',(-0.0075,-0.07795,0.046));
#4830=CARTESIAN_POINT('',(0.0075,-0.01395,-4.77048955893622E-18));
#4831=CARTESIAN_POINT('',(0.0075,-0.01395,-0.0435));
#4832=CARTESIAN_POINT('',(-0.015,-0.07795,0.046));
#4833=CARTESIAN_POINT('',(-0.015,-0.08545,0.046));
#4834=CARTESIAN_POINT('',(0.0075,-0.03295,-0.0435));
#4835=CARTESIAN_POINT('',(0.0075,-0.03295,-0.0625));
#4836=CARTESIAN_POINT('',(-0.015,-0.08795,0.046));
#4837=CARTESIAN_POINT('',(-0.0175,-0.08795,0.046));
#4838=CARTESIAN_POINT('',(0.0075,-0.01645,-0.0625));
#4839=CARTESIAN_POINT('',(0.0075,-0.13045,-0.0625));
#4840=CARTESIAN_POINT('',(-0.0175,-0.03295,0.046));
#4841=CARTESIAN_POINT('',(-0.0175,-0.13795,0.046));
#4842=CARTESIAN_POINT('',(0.0075,-0.13045,-0.0625));
#4843=CARTESIAN_POINT('',(0.0075,-0.13045,-0.0625));
#4844=CARTESIAN_POINT('',(-0.015,-0.13795,0.046));
#4845=CARTESIAN_POINT('',(-0.015,-0.14045,0.046));
#4846=CARTESIAN_POINT('',(0.0075,-0.13045,-0.06));
#4847=CARTESIAN_POINT('',(0.0075,-0.13045,-0.0645));
#4848=CARTESIAN_POINT('',(-6.93889390390723E-18,-0.14045,0.046));
#4849=CARTESIAN_POINT('',(0.015,-0.14045,0.046));
#4850=CARTESIAN_POINT('',(0.0075,-0.13045,-0.0645));
#4851=CARTESIAN_POINT('',(0.0075,-0.13045,-0.0645));
#4852=CARTESIAN_POINT('',(0.015,-0.13795,0.046));
#4853=CARTESIAN_POINT('',(0.0175,-0.13795,0.046));
#4854=CARTESIAN_POINT('',(0.0075,-0.03295,-0.0645));
#4855=CARTESIAN_POINT('',(0.0075,-0.03295,-0.0645));
#4856=CARTESIAN_POINT('',(0.0175,-0.11295,0.046));
#4857=CARTESIAN_POINT('',(0.0175,-0.08795,0.046));
#4858=CARTESIAN_POINT('',(0.0075,-0.03295,-0.0435));
#4859=CARTESIAN_POINT('',(0.0075,-0.01195,-0.0435));
#4860=CARTESIAN_POINT('',(0.015,-0.08795,0.046));
#4861=CARTESIAN_POINT('',(0.015,-0.08545,0.046));
#4862=CARTESIAN_POINT('',(0.0075,-0.01195,-8.23993651088983E-18));
#4863=CARTESIAN_POINT('',(0.015,-0.07795,0.046));
#4864=CARTESIAN_POINT('',(0.0075,-0.07795,0.046));
#4865=CARTESIAN_POINT('',(0.0075,-0.01195,-8.23993651088983E-18));
#4866=CARTESIAN_POINT('',(0.0075,-0.01195,0.025));
#4867=CARTESIAN_POINT('',(0.0075,-0.01645,0.046));
#4868=CARTESIAN_POINT('',(0.0075,-0.03295,0.046));
#4869=CARTESIAN_POINT('',(0.0075,-0.03295,0.025));
#4870=MECHANICAL_DESIGN_GEOMETRIC_PRESENTATION_REPRESENTATION('',(#2824),
#4871);
#4871=(
GEOMETRIC_REPRESENTATION_CONTEXT(3)
GLOBAL_UNCERTAINTY_ASSIGNED_CONTEXT((#4872))
GLOBAL_UNIT_ASSIGNED_CONTEXT((#4875,#4874,#4873))
REPRESENTATION_CONTEXT('Part 2','TOP_LEVEL_ASSEMBLY_PART')
);
#4872=UNCERTAINTY_MEASURE_WITH_UNIT(LENGTH_MEASURE(2.E-5),#4875,
'DISTANCE_ACCURACY_VALUE','Maximum Tolerance applied to model');
#4873=(
NAMED_UNIT(*)
SI_UNIT($,.STERADIAN.)
SOLID_ANGLE_UNIT()
);
#4874=(
NAMED_UNIT(*)
PLANE_ANGLE_UNIT()
SI_UNIT($,.RADIAN.)
);
#4875=(
LENGTH_UNIT()
NAMED_UNIT(*)
SI_UNIT($,.METRE.)
);
#4876=PRODUCT_DEFINITION_SHAPE('','',#4877);
#4877=PRODUCT_DEFINITION('','',#4879,#4878);
#4878=PRODUCT_DEFINITION_CONTEXT('',#4885,'design');
#4879=PRODUCT_DEFINITION_FORMATION_WITH_SPECIFIED_SOURCE('','',#4881,
 .NOT_KNOWN.);
#4880=PRODUCT_RELATED_PRODUCT_CATEGORY('','',(#4881));
#4881=PRODUCT('Part 2','Part 2','Part 2',(#4883));
#4882=PRODUCT_CATEGORY('','');
#4883=PRODUCT_CONTEXT('',#4885,'mechanical');
#4884=APPLICATION_PROTOCOL_DEFINITION('international standard',
'ap242_managed_model_based_3d_engineering',2020,#4885);
#4885=APPLICATION_CONTEXT('managed model based 3d engineering');
ENDSEC;
END-ISO-10303-21;
